bfsNr,date,muniDescription,PERS_WAGEN
4001,2025-09-30,Incorporation of Rohr (AG) into Aarau,10780
4001,2024-09-30,Incorporation of Rohr (AG) into Aarau,10717
4001,2023-09-30,Incorporation of Rohr (AG) into Aarau,10647
4001,2022-09-30,Incorporation of Rohr (AG) into Aarau,10556
4001,2021-09-30,Incorporation of Rohr (AG) into Aarau,10618
4001,2020-09-30,Incorporation of Rohr (AG) into Aarau,10582
4001,2019-09-30,Incorporation of Rohr (AG) into Aarau,10666
4001,2018-09-30,Incorporation of Rohr (AG) into Aarau,10584
4001,2017-09-30,Incorporation of Rohr (AG) into Aarau,10603
4001,2016-09-30,Incorporation of Rohr (AG) into Aarau,10593
4001,2015-09-30,Incorporation of Rohr (AG) into Aarau,10406
4001,2014-09-30,Incorporation of Rohr (AG) into Aarau,10142
4001,2013-09-30,Incorporation of Rohr (AG) into Aarau,10110
4001,2012-09-30,Incorporation of Rohr (AG) into Aarau,10016
4001,2011-09-30,Incorporation of Rohr (AG) into Aarau,9927
4001,2010-09-30,Incorporation of Rohr (AG) into Aarau,9672
4001,2009-09-30,Initial recording of the municipality Aarau,7901
4001,2008-09-30,Initial recording of the municipality Aarau,7847
4001,2007-09-30,Initial recording of the municipality Aarau,7808
4001,2006-09-30,Initial recording of the municipality Aarau,7784
4001,2005-09-30,Initial recording of the municipality Aarau,7721
4001,2004-09-30,Initial recording of the municipality Aarau,7767
4001,2003-09-30,Initial recording of the municipality Aarau,7622
4001,2002-09-30,Initial recording of the municipality Aarau,7473
4001,2001-09-30,Initial recording of the municipality Aarau,7357
4001,2000-09-30,Initial recording of the municipality Aarau,7230
4001,1999-09-30,Initial recording of the municipality Aarau,7151
4001,1998-09-30,Initial recording of the municipality Aarau,7203
4001,1997-09-30,Initial recording of the municipality Aarau,7184
4001,1996-09-30,Initial recording of the municipality Aarau,7197
4001,1995-09-30,Initial recording of the municipality Aarau,7124
4001,1994-09-30,Initial recording of the municipality Aarau,7093
4001,1993-09-30,Initial recording of the municipality Aarau,7081
4001,1992-09-30,Initial recording of the municipality Aarau,7062
4001,1991-09-30,Initial recording of the municipality Aarau,7147
4001,1990-09-30,Initial recording of the municipality Aarau,7044
4001,1989-09-30,Initial recording of the municipality Aarau,6754
4001,1988-09-30,Initial recording of the municipality Aarau,6600
4001,1987-09-30,Initial recording of the municipality Aarau,6485
4001,1986-09-30,Initial recording of the municipality Aarau,6385
4001,1985-09-30,Initial recording of the municipality Aarau,6286
4001,1984-09-30,Initial recording of the municipality Aarau,6172
4001,1983-09-30,Initial recording of the municipality Aarau,5977
4001,1982-09-30,Initial recording of the municipality Aarau,5873
4001,1981-09-30,Initial recording of the municipality Aarau,5772
4001,1980-09-30,Initial recording of the municipality Aarau,5757
4001,1979-09-30,Initial recording of the municipality Aarau,5665
4001,1978-09-30,Initial recording of the municipality Aarau,5450
4001,1977-09-30,Initial recording of the municipality Aarau,5287
4001,1976-09-30,Initial recording of the municipality Aarau,5337
4271,2025-09-30,Initial recording of the municipality Aarburg,4976
4271,2024-09-30,Initial recording of the municipality Aarburg,4934
4271,2023-09-30,Initial recording of the municipality Aarburg,4864
4271,2022-09-30,Initial recording of the municipality Aarburg,4757
4271,2021-09-30,Initial recording of the municipality Aarburg,4719
4271,2020-09-30,Initial recording of the municipality Aarburg,4577
4271,2019-09-30,Initial recording of the municipality Aarburg,4503
4271,2018-09-30,Initial recording of the municipality Aarburg,4417
4271,2017-09-30,Initial recording of the municipality Aarburg,4308
4271,2016-09-30,Initial recording of the municipality Aarburg,4162
4271,2015-09-30,Initial recording of the municipality Aarburg,4109
4271,2014-09-30,Initial recording of the municipality Aarburg,3963
4271,2013-09-30,Initial recording of the municipality Aarburg,3892
4271,2012-09-30,Initial recording of the municipality Aarburg,3789
4271,2011-09-30,Initial recording of the municipality Aarburg,3773
4271,2010-09-30,Initial recording of the municipality Aarburg,3614
4271,2009-09-30,Initial recording of the municipality Aarburg,3453
4271,2008-09-30,Initial recording of the municipality Aarburg,3367
4271,2007-09-30,Initial recording of the municipality Aarburg,3307
4271,2006-09-30,Initial recording of the municipality Aarburg,3291
4271,2005-09-30,Initial recording of the municipality Aarburg,3278
4271,2004-09-30,Initial recording of the municipality Aarburg,3213
4271,2003-09-30,Initial recording of the municipality Aarburg,3150
4271,2002-09-30,Initial recording of the municipality Aarburg,3130
4271,2001-09-30,Initial recording of the municipality Aarburg,3062
4271,2000-09-30,Initial recording of the municipality Aarburg,3020
4271,1999-09-30,Initial recording of the municipality Aarburg,2997
4271,1998-09-30,Initial recording of the municipality Aarburg,2897
4271,1997-09-30,Initial recording of the municipality Aarburg,2862
4271,1996-09-30,Initial recording of the municipality Aarburg,2876
4271,1995-09-30,Initial recording of the municipality Aarburg,2795
4271,1994-09-30,Initial recording of the municipality Aarburg,2731
4271,1993-09-30,Initial recording of the municipality Aarburg,2614
4271,1992-09-30,Initial recording of the municipality Aarburg,2542
4271,1991-09-30,Initial recording of the municipality Aarburg,2481
4271,1990-09-30,Initial recording of the municipality Aarburg,2376
4271,1989-09-30,Initial recording of the municipality Aarburg,2285
4271,1988-09-30,Initial recording of the municipality Aarburg,2276
4271,1987-09-30,Initial recording of the municipality Aarburg,2178
4271,1986-09-30,Initial recording of the municipality Aarburg,2147
4271,1985-09-30,Initial recording of the municipality Aarburg,2110
4271,1984-09-30,Initial recording of the municipality Aarburg,2039
4271,1983-09-30,Initial recording of the municipality Aarburg,1960
4271,1982-09-30,Initial recording of the municipality Aarburg,1870
4271,1981-09-30,Initial recording of the municipality Aarburg,1772
4271,1980-09-30,Initial recording of the municipality Aarburg,1705
4271,1979-09-30,Initial recording of the municipality Aarburg,1649
4271,1978-09-30,Initial recording of the municipality Aarburg,1611
4271,1977-09-30,Initial recording of the municipality Aarburg,1523
4271,1976-09-30,Initial recording of the municipality Aarburg,1533
4221,2025-09-30,Initial recording of the municipality Abtwil,744
4221,2024-09-30,Initial recording of the municipality Abtwil,725
4221,2023-09-30,Initial recording of the municipality Abtwil,697
4221,2022-09-30,Initial recording of the municipality Abtwil,689
4221,2021-09-30,Initial recording of the municipality Abtwil,640
4221,2020-09-30,Initial recording of the municipality Abtwil,623
4221,2019-09-30,Initial recording of the municipality Abtwil,628
4221,2018-09-30,Initial recording of the municipality Abtwil,621
4221,2017-09-30,Initial recording of the municipality Abtwil,613
4221,2016-09-30,Initial recording of the municipality Abtwil,626
4221,2015-09-30,Initial recording of the municipality Abtwil,617
4221,2014-09-30,Initial recording of the municipality Abtwil,610
4221,2013-09-30,Initial recording of the municipality Abtwil,604
4221,2012-09-30,Initial recording of the municipality Abtwil,576
4221,2011-09-30,Initial recording of the municipality Abtwil,566
4221,2010-09-30,Initial recording of the municipality Abtwil,526
4221,2009-09-30,Initial recording of the municipality Abtwil,445
4221,2008-09-30,Initial recording of the municipality Abtwil,414
4221,2007-09-30,Initial recording of the municipality Abtwil,417
4221,2006-09-30,Initial recording of the municipality Abtwil,401
4221,2005-09-30,Initial recording of the municipality Abtwil,412
4221,2004-09-30,Initial recording of the municipality Abtwil,393
4221,2003-09-30,Initial recording of the municipality Abtwil,377
4221,2002-09-30,Initial recording of the municipality Abtwil,369
4221,2001-09-30,Initial recording of the municipality Abtwil,350
4221,2000-09-30,Initial recording of the municipality Abtwil,333
4221,1999-09-30,Initial recording of the municipality Abtwil,315
4221,1998-09-30,Initial recording of the municipality Abtwil,301
4221,1997-09-30,Initial recording of the municipality Abtwil,285
4221,1996-09-30,Initial recording of the municipality Abtwil,261
4221,1995-09-30,Initial recording of the municipality Abtwil,233
4221,1994-09-30,Initial recording of the municipality Abtwil,185
4221,1993-09-30,Initial recording of the municipality Abtwil,161
4221,1992-09-30,Initial recording of the municipality Abtwil,163
4221,1991-09-30,Initial recording of the municipality Abtwil,162
4221,1990-09-30,Initial recording of the municipality Abtwil,159
4221,1989-09-30,Initial recording of the municipality Abtwil,157
4221,1988-09-30,Initial recording of the municipality Abtwil,152
4221,1987-09-30,Initial recording of the municipality Abtwil,153
4221,1986-09-30,Initial recording of the municipality Abtwil,157
4221,1985-09-30,Initial recording of the municipality Abtwil,147
4221,1984-09-30,Initial recording of the municipality Abtwil,144
4221,1983-09-30,Initial recording of the municipality Abtwil,131
4221,1982-09-30,Initial recording of the municipality Abtwil,123
4221,1981-09-30,Initial recording of the municipality Abtwil,122
4221,1980-09-30,Initial recording of the municipality Abtwil,116
4221,1979-09-30,Initial recording of the municipality Abtwil,111
4221,1978-09-30,Initial recording of the municipality Abtwil,102
4221,1977-09-30,Initial recording of the municipality Abtwil,87
4221,1976-09-30,Initial recording of the municipality Abtwil,82
4191,2025-09-30,Initial recording of the municipality Ammerswil,501
4191,2024-09-30,Initial recording of the municipality Ammerswil,506
4191,2023-09-30,Initial recording of the municipality Ammerswil,497
4191,2022-09-30,Initial recording of the municipality Ammerswil,495
4191,2021-09-30,Initial recording of the municipality Ammerswil,477
4191,2020-09-30,Initial recording of the municipality Ammerswil,483
4191,2019-09-30,Initial recording of the municipality Ammerswil,471
4191,2018-09-30,Initial recording of the municipality Ammerswil,451
4191,2017-09-30,Initial recording of the municipality Ammerswil,432
4191,2016-09-30,Initial recording of the municipality Ammerswil,431
4191,2015-09-30,Initial recording of the municipality Ammerswil,427
4191,2014-09-30,Initial recording of the municipality Ammerswil,447
4191,2013-09-30,Initial recording of the municipality Ammerswil,440
4191,2012-09-30,Initial recording of the municipality Ammerswil,444
4191,2011-09-30,Initial recording of the municipality Ammerswil,421
4191,2010-09-30,Initial recording of the municipality Ammerswil,364
4191,2009-09-30,Initial recording of the municipality Ammerswil,302
4191,2008-09-30,Initial recording of the municipality Ammerswil,309
4191,2007-09-30,Initial recording of the municipality Ammerswil,308
4191,2006-09-30,Initial recording of the municipality Ammerswil,319
4191,2005-09-30,Initial recording of the municipality Ammerswil,338
4191,2004-09-30,Initial recording of the municipality Ammerswil,352
4191,2003-09-30,Initial recording of the municipality Ammerswil,365
4191,2002-09-30,Initial recording of the municipality Ammerswil,383
4191,2001-09-30,Initial recording of the municipality Ammerswil,367
4191,2000-09-30,Initial recording of the municipality Ammerswil,356
4191,1999-09-30,Initial recording of the municipality Ammerswil,328
4191,1998-09-30,Initial recording of the municipality Ammerswil,304
4191,1997-09-30,Initial recording of the municipality Ammerswil,283
4191,1996-09-30,Initial recording of the municipality Ammerswil,246
4191,1995-09-30,Initial recording of the municipality Ammerswil,214
4191,1994-09-30,Initial recording of the municipality Ammerswil,214
4191,1993-09-30,Initial recording of the municipality Ammerswil,218
4191,1992-09-30,Initial recording of the municipality Ammerswil,220
4191,1991-09-30,Initial recording of the municipality Ammerswil,212
4191,1990-09-30,Initial recording of the municipality Ammerswil,210
4191,1989-09-30,Initial recording of the municipality Ammerswil,199
4191,1988-09-30,Initial recording of the municipality Ammerswil,199
4191,1987-09-30,Initial recording of the municipality Ammerswil,200
4191,1986-09-30,Initial recording of the municipality Ammerswil,200
4191,1985-09-30,Initial recording of the municipality Ammerswil,193
4191,1984-09-30,Initial recording of the municipality Ammerswil,184
4191,1983-09-30,Initial recording of the municipality Ammerswil,167
4191,1982-09-30,Initial recording of the municipality Ammerswil,158
4191,1981-09-30,Initial recording of the municipality Ammerswil,145
4191,1980-09-30,Initial recording of the municipality Ammerswil,136
4191,1979-09-30,Initial recording of the municipality Ammerswil,127
4191,1978-09-30,Initial recording of the municipality Ammerswil,117
4191,1977-09-30,Initial recording of the municipality Ammerswil,114
4191,1976-09-30,Initial recording of the municipality Ammerswil,98
4222,2025-09-30,Initial recording of the municipality Aristau,1056
4222,2024-09-30,Initial recording of the municipality Aristau,1023
4222,2023-09-30,Initial recording of the municipality Aristau,1047
4222,2022-09-30,Initial recording of the municipality Aristau,1034
4222,2021-09-30,Initial recording of the municipality Aristau,1029
4222,2020-09-30,Initial recording of the municipality Aristau,1038
4222,2019-09-30,Initial recording of the municipality Aristau,1013
4222,2018-09-30,Initial recording of the municipality Aristau,1017
4222,2017-09-30,Initial recording of the municipality Aristau,970
4222,2016-09-30,Initial recording of the municipality Aristau,954
4222,2015-09-30,Initial recording of the municipality Aristau,932
4222,2014-09-30,Initial recording of the municipality Aristau,922
4222,2013-09-30,Initial recording of the municipality Aristau,898
4222,2012-09-30,Initial recording of the municipality Aristau,860
4222,2011-09-30,Initial recording of the municipality Aristau,837
4222,2010-09-30,Initial recording of the municipality Aristau,823
4222,2009-09-30,Initial recording of the municipality Aristau,805
4222,2008-09-30,Initial recording of the municipality Aristau,801
4222,2007-09-30,Initial recording of the municipality Aristau,771
4222,2006-09-30,Initial recording of the municipality Aristau,765
4222,2005-09-30,Initial recording of the municipality Aristau,746
4222,2004-09-30,Initial recording of the municipality Aristau,711
4222,2003-09-30,Initial recording of the municipality Aristau,695
4222,2002-09-30,Initial recording of the municipality Aristau,685
4222,2001-09-30,Initial recording of the municipality Aristau,677
4222,2000-09-30,Initial recording of the municipality Aristau,669
4222,1999-09-30,Initial recording of the municipality Aristau,642
4222,1998-09-30,Initial recording of the municipality Aristau,625
4222,1997-09-30,Initial recording of the municipality Aristau,604
4222,1996-09-30,Initial recording of the municipality Aristau,575
4222,1995-09-30,Initial recording of the municipality Aristau,573
4222,1994-09-30,Initial recording of the municipality Aristau,537
4222,1993-09-30,Initial recording of the municipality Aristau,501
4222,1992-09-30,Initial recording of the municipality Aristau,481
4222,1991-09-30,Initial recording of the municipality Aristau,439
4222,1990-09-30,Initial recording of the municipality Aristau,431
4222,1989-09-30,Initial recording of the municipality Aristau,450
4222,1988-09-30,Initial recording of the municipality Aristau,418
4222,1987-09-30,Initial recording of the municipality Aristau,389
4222,1986-09-30,Initial recording of the municipality Aristau,355
4222,1985-09-30,Initial recording of the municipality Aristau,329
4222,1984-09-30,Initial recording of the municipality Aristau,316
4222,1983-09-30,Initial recording of the municipality Aristau,313
4222,1982-09-30,Initial recording of the municipality Aristau,303
4222,1981-09-30,Initial recording of the municipality Aristau,281
4222,1980-09-30,Initial recording of the municipality Aristau,244
4222,1979-09-30,Initial recording of the municipality Aristau,214
4222,1978-09-30,Initial recording of the municipality Aristau,212
4222,1977-09-30,Initial recording of the municipality Aristau,204
4222,1976-09-30,Initial recording of the municipality Aristau,175
4061,2025-09-30,Separation of Arni-Islisberg into Arni (AG) and Islisberg,1164
4061,2024-09-30,Separation of Arni-Islisberg into Arni (AG) and Islisberg,1163
4061,2023-09-30,Separation of Arni-Islisberg into Arni (AG) and Islisberg,1109
4061,2022-09-30,Separation of Arni-Islisberg into Arni (AG) and Islisberg,1118
4061,2021-09-30,Separation of Arni-Islisberg into Arni (AG) and Islisberg,1104
4061,2020-09-30,Separation of Arni-Islisberg into Arni (AG) and Islisberg,1096
4061,2019-09-30,Separation of Arni-Islisberg into Arni (AG) and Islisberg,1105
4061,2018-09-30,Separation of Arni-Islisberg into Arni (AG) and Islisberg,1107
4061,2017-09-30,Separation of Arni-Islisberg into Arni (AG) and Islisberg,1122
4061,2016-09-30,Separation of Arni-Islisberg into Arni (AG) and Islisberg,1066
4061,2015-09-30,Separation of Arni-Islisberg into Arni (AG) and Islisberg,1061
4061,2014-09-30,Separation of Arni-Islisberg into Arni (AG) and Islisberg,1058
4061,2013-09-30,Separation of Arni-Islisberg into Arni (AG) and Islisberg,1059
4061,2012-09-30,Separation of Arni-Islisberg into Arni (AG) and Islisberg,1038
4061,2011-09-30,Separation of Arni-Islisberg into Arni (AG) and Islisberg,1028
4061,2010-09-30,Separation of Arni-Islisberg into Arni (AG) and Islisberg,964
4061,2009-09-30,Separation of Arni-Islisberg into Arni (AG) and Islisberg,1018
4061,2008-09-30,Separation of Arni-Islisberg into Arni (AG) and Islisberg,996
4061,2007-09-30,Separation of Arni-Islisberg into Arni (AG) and Islisberg,967
4061,2006-09-30,Separation of Arni-Islisberg into Arni (AG) and Islisberg,912
4061,2005-09-30,Separation of Arni-Islisberg into Arni (AG) and Islisberg,903
4061,2004-09-30,Separation of Arni-Islisberg into Arni (AG) and Islisberg,871
4061,2003-09-30,Separation of Arni-Islisberg into Arni (AG) and Islisberg,852
4061,2002-09-30,Separation of Arni-Islisberg into Arni (AG) and Islisberg,773
4061,2001-09-30,Separation of Arni-Islisberg into Arni (AG) and Islisberg,708
4061,2000-09-30,Separation of Arni-Islisberg into Arni (AG) and Islisberg,693
4061,1999-09-30,Separation of Arni-Islisberg into Arni (AG) and Islisberg,660
4061,1998-09-30,Separation of Arni-Islisberg into Arni (AG) and Islisberg,642
4061,1997-09-30,Separation of Arni-Islisberg into Arni (AG) and Islisberg,630
4061,1996-09-30,Separation of Arni-Islisberg into Arni (AG) and Islisberg,606
4061,1995-09-30,Separation of Arni-Islisberg into Arni (AG) and Islisberg,587
4061,1994-09-30,Separation of Arni-Islisberg into Arni (AG) and Islisberg,582
4061,1993-09-30,Separation of Arni-Islisberg into Arni (AG) and Islisberg,552
4061,1992-09-30,Separation of Arni-Islisberg into Arni (AG) and Islisberg,551
4061,1991-09-30,Separation of Arni-Islisberg into Arni (AG) and Islisberg,536
4061,1990-09-30,Separation of Arni-Islisberg into Arni (AG) and Islisberg,497
4061,1989-09-30,Separation of Arni-Islisberg into Arni (AG) and Islisberg,480
4061,1988-09-30,Separation of Arni-Islisberg into Arni (AG) and Islisberg,451
4061,1987-09-30,Separation of Arni-Islisberg into Arni (AG) and Islisberg,426
4061,1986-09-30,Separation of Arni-Islisberg into Arni (AG) and Islisberg,412
4061,1985-09-30,Separation of Arni-Islisberg into Arni (AG) and Islisberg,379
4061,1984-09-30,Separation of Arni-Islisberg into Arni (AG) and Islisberg,370
4061,1983-09-30,Separation of Arni-Islisberg into Arni (AG) and Islisberg,340
4061,1982-09-30,Initial recording of the municipality Arni-Islisberg,389
4061,1981-09-30,Initial recording of the municipality Arni-Islisberg,362
4061,1980-09-30,Initial recording of the municipality Arni-Islisberg,345
4061,1979-09-30,Initial recording of the municipality Arni-Islisberg,316
4061,1978-09-30,Initial recording of the municipality Arni-Islisberg,293
4061,1977-09-30,Initial recording of the municipality Arni-Islisberg,258
4061,1976-09-30,Initial recording of the municipality Arni-Islisberg,271
4272,2018-09-30,Initial recording of the municipality Attelwil,216
4272,2017-09-30,Initial recording of the municipality Attelwil,207
4272,2016-09-30,Initial recording of the municipality Attelwil,205
4272,2015-09-30,Initial recording of the municipality Attelwil,203
4272,2014-09-30,Initial recording of the municipality Attelwil,199
4272,2013-09-30,Initial recording of the municipality Attelwil,202
4272,2012-09-30,Initial recording of the municipality Attelwil,196
4272,2011-09-30,Initial recording of the municipality Attelwil,199
4272,2010-09-30,Initial recording of the municipality Attelwil,201
4272,2009-09-30,Initial recording of the municipality Attelwil,195
4272,2008-09-30,Initial recording of the municipality Attelwil,200
4272,2007-09-30,Initial recording of the municipality Attelwil,184
4272,2006-09-30,Initial recording of the municipality Attelwil,190
4272,2005-09-30,Initial recording of the municipality Attelwil,193
4272,2004-09-30,Initial recording of the municipality Attelwil,175
4272,2003-09-30,Initial recording of the municipality Attelwil,173
4272,2002-09-30,Initial recording of the municipality Attelwil,166
4272,2001-09-30,Initial recording of the municipality Attelwil,165
4272,2000-09-30,Initial recording of the municipality Attelwil,160
4272,1999-09-30,Initial recording of the municipality Attelwil,148
4272,1998-09-30,Initial recording of the municipality Attelwil,145
4272,1997-09-30,Initial recording of the municipality Attelwil,141
4272,1996-09-30,Initial recording of the municipality Attelwil,141
4272,1995-09-30,Initial recording of the municipality Attelwil,146
4272,1994-09-30,Initial recording of the municipality Attelwil,144
4272,1993-09-30,Initial recording of the municipality Attelwil,134
4272,1992-09-30,Initial recording of the municipality Attelwil,131
4272,1991-09-30,Initial recording of the municipality Attelwil,135
4272,1990-09-30,Initial recording of the municipality Attelwil,127
4272,1989-09-30,Initial recording of the municipality Attelwil,134
4272,1988-09-30,Initial recording of the municipality Attelwil,124
4272,1987-09-30,Initial recording of the municipality Attelwil,112
4272,1986-09-30,Initial recording of the municipality Attelwil,120
4272,1985-09-30,Initial recording of the municipality Attelwil,121
4272,1984-09-30,Initial recording of the municipality Attelwil,120
4272,1983-09-30,Initial recording of the municipality Attelwil,116
4272,1982-09-30,Initial recording of the municipality Attelwil,114
4272,1981-09-30,Initial recording of the municipality Attelwil,112
4272,1980-09-30,Initial recording of the municipality Attelwil,104
4272,1979-09-30,Initial recording of the municipality Attelwil,98
4272,1978-09-30,Initial recording of the municipality Attelwil,99
4272,1977-09-30,Initial recording of the municipality Attelwil,86
4272,1976-09-30,Initial recording of the municipality Attelwil,65
4091,2025-09-30,Initial recording of the municipality Auenstein,1177
4091,2024-09-30,Initial recording of the municipality Auenstein,1191
4091,2023-09-30,Initial recording of the municipality Auenstein,1203
4091,2022-09-30,Initial recording of the municipality Auenstein,1168
4091,2021-09-30,Initial recording of the municipality Auenstein,1176
4091,2020-09-30,Initial recording of the municipality Auenstein,1157
4091,2019-09-30,Initial recording of the municipality Auenstein,1173
4091,2018-09-30,Initial recording of the municipality Auenstein,1133
4091,2017-09-30,Initial recording of the municipality Auenstein,1111
4091,2016-09-30,Initial recording of the municipality Auenstein,1112
4091,2015-09-30,Initial recording of the municipality Auenstein,1107
4091,2014-09-30,Initial recording of the municipality Auenstein,1115
4091,2013-09-30,Initial recording of the municipality Auenstein,1090
4091,2012-09-30,Initial recording of the municipality Auenstein,1075
4091,2011-09-30,Initial recording of the municipality Auenstein,1079
4091,2010-09-30,Initial recording of the municipality Auenstein,1104
4091,2009-09-30,Initial recording of the municipality Auenstein,1103
4091,2008-09-30,Initial recording of the municipality Auenstein,1057
4091,2007-09-30,Initial recording of the municipality Auenstein,1024
4091,2006-09-30,Initial recording of the municipality Auenstein,1002
4091,2005-09-30,Initial recording of the municipality Auenstein,998
4091,2004-09-30,Initial recording of the municipality Auenstein,969
4091,2003-09-30,Initial recording of the municipality Auenstein,947
4091,2002-09-30,Initial recording of the municipality Auenstein,931
4091,2001-09-30,Initial recording of the municipality Auenstein,897
4091,2000-09-30,Initial recording of the municipality Auenstein,899
4091,1999-09-30,Initial recording of the municipality Auenstein,871
4091,1998-09-30,Initial recording of the municipality Auenstein,839
4091,1997-09-30,Initial recording of the municipality Auenstein,804
4091,1996-09-30,Initial recording of the municipality Auenstein,801
4091,1995-09-30,Initial recording of the municipality Auenstein,770
4091,1994-09-30,Initial recording of the municipality Auenstein,745
4091,1993-09-30,Initial recording of the municipality Auenstein,751
4091,1992-09-30,Initial recording of the municipality Auenstein,719
4091,1991-09-30,Initial recording of the municipality Auenstein,700
4091,1990-09-30,Initial recording of the municipality Auenstein,694
4091,1989-09-30,Initial recording of the municipality Auenstein,650
4091,1988-09-30,Initial recording of the municipality Auenstein,638
4091,1987-09-30,Initial recording of the municipality Auenstein,620
4091,1986-09-30,Initial recording of the municipality Auenstein,603
4091,1985-09-30,Initial recording of the municipality Auenstein,575
4091,1984-09-30,Initial recording of the municipality Auenstein,564
4091,1983-09-30,Initial recording of the municipality Auenstein,558
4091,1982-09-30,Initial recording of the municipality Auenstein,534
4091,1981-09-30,Initial recording of the municipality Auenstein,535
4091,1980-09-30,Initial recording of the municipality Auenstein,510
4091,1979-09-30,Initial recording of the municipality Auenstein,485
4091,1978-09-30,Initial recording of the municipality Auenstein,450
4091,1977-09-30,Initial recording of the municipality Auenstein,440
4091,1976-09-30,Initial recording of the municipality Auenstein,397
4223,2025-09-30,Initial recording of the municipality Auw,1418
4223,2024-09-30,Initial recording of the municipality Auw,1374
4223,2023-09-30,Initial recording of the municipality Auw,1360
4223,2022-09-30,Initial recording of the municipality Auw,1364
4223,2021-09-30,Initial recording of the municipality Auw,1344
4223,2020-09-30,Initial recording of the municipality Auw,1283
4223,2019-09-30,Initial recording of the municipality Auw,1266
4223,2018-09-30,Initial recording of the municipality Auw,1235
4223,2017-09-30,Initial recording of the municipality Auw,1225
4223,2016-09-30,Initial recording of the municipality Auw,1189
4223,2015-09-30,Initial recording of the municipality Auw,1127
4223,2014-09-30,Initial recording of the municipality Auw,1091
4223,2013-09-30,Initial recording of the municipality Auw,1079
4223,2012-09-30,Initial recording of the municipality Auw,1033
4223,2011-09-30,Initial recording of the municipality Auw,1013
4223,2010-09-30,Initial recording of the municipality Auw,966
4223,2009-09-30,Initial recording of the municipality Auw,928
4223,2008-09-30,Initial recording of the municipality Auw,909
4223,2007-09-30,Initial recording of the municipality Auw,917
4223,2006-09-30,Initial recording of the municipality Auw,886
4223,2005-09-30,Initial recording of the municipality Auw,895
4223,2004-09-30,Initial recording of the municipality Auw,836
4223,2003-09-30,Initial recording of the municipality Auw,801
4223,2002-09-30,Initial recording of the municipality Auw,741
4223,2001-09-30,Initial recording of the municipality Auw,704
4223,2000-09-30,Initial recording of the municipality Auw,650
4223,1999-09-30,Initial recording of the municipality Auw,651
4223,1998-09-30,Initial recording of the municipality Auw,613
4223,1997-09-30,Initial recording of the municipality Auw,606
4223,1996-09-30,Initial recording of the municipality Auw,589
4223,1995-09-30,Initial recording of the municipality Auw,568
4223,1994-09-30,Initial recording of the municipality Auw,535
4223,1993-09-30,Initial recording of the municipality Auw,509
4223,1992-09-30,Initial recording of the municipality Auw,491
4223,1991-09-30,Initial recording of the municipality Auw,497
4223,1990-09-30,Initial recording of the municipality Auw,479
4223,1989-09-30,Initial recording of the municipality Auw,451
4223,1988-09-30,Initial recording of the municipality Auw,429
4223,1987-09-30,Initial recording of the municipality Auw,425
4223,1986-09-30,Initial recording of the municipality Auw,405
4223,1985-09-30,Initial recording of the municipality Auw,384
4223,1984-09-30,Initial recording of the municipality Auw,354
4223,1983-09-30,Initial recording of the municipality Auw,341
4223,1982-09-30,Initial recording of the municipality Auw,335
4223,1981-09-30,Initial recording of the municipality Auw,312
4223,1980-09-30,Initial recording of the municipality Auw,304
4223,1979-09-30,Initial recording of the municipality Auw,296
4223,1978-09-30,Initial recording of the municipality Auw,266
4223,1977-09-30,Initial recording of the municipality Auw,247
4223,1976-09-30,Initial recording of the municipality Auw,229
4323,2021-09-30,Name change from Zurzach to Bad Zurzach,2552
4323,2020-09-30,Name change from Zurzach to Bad Zurzach,2586
4323,2019-09-30,Name change from Zurzach to Bad Zurzach,2579
4323,2018-09-30,Name change from Zurzach to Bad Zurzach,2551
4323,2017-09-30,Name change from Zurzach to Bad Zurzach,2482
4323,2016-09-30,Name change from Zurzach to Bad Zurzach,2468
4323,2015-09-30,Name change from Zurzach to Bad Zurzach,2432
4323,2014-09-30,Name change from Zurzach to Bad Zurzach,2394
4323,2013-09-30,Name change from Zurzach to Bad Zurzach,2356
4323,2012-09-30,Name change from Zurzach to Bad Zurzach,2332
4323,2011-09-30,Name change from Zurzach to Bad Zurzach,2270
4323,2010-09-30,Name change from Zurzach to Bad Zurzach,2224
4323,2009-09-30,Name change from Zurzach to Bad Zurzach,2140
4323,2008-09-30,Name change from Zurzach to Bad Zurzach,2106
4323,2007-09-30,Name change from Zurzach to Bad Zurzach,2090
4323,2006-09-30,Initial recording of the municipality Zurzach,2084
4323,2005-09-30,Initial recording of the municipality Zurzach,2093
4323,2004-09-30,Initial recording of the municipality Zurzach,2064
4323,2003-09-30,Initial recording of the municipality Zurzach,2019
4323,2002-09-30,Initial recording of the municipality Zurzach,1981
4323,2001-09-30,Initial recording of the municipality Zurzach,1916
4323,2000-09-30,Initial recording of the municipality Zurzach,1889
4323,1999-09-30,Initial recording of the municipality Zurzach,1824
4323,1998-09-30,Initial recording of the municipality Zurzach,1768
4323,1997-09-30,Initial recording of the municipality Zurzach,1748
4323,1996-09-30,Initial recording of the municipality Zurzach,1737
4323,1995-09-30,Initial recording of the municipality Zurzach,1713
4323,1994-09-30,Initial recording of the municipality Zurzach,1725
4323,1993-09-30,Initial recording of the municipality Zurzach,1729
4323,1992-09-30,Initial recording of the municipality Zurzach,1674
4323,1991-09-30,Initial recording of the municipality Zurzach,1698
4323,1990-09-30,Initial recording of the municipality Zurzach,1606
4323,1989-09-30,Initial recording of the municipality Zurzach,1529
4323,1988-09-30,Initial recording of the municipality Zurzach,1448
4323,1987-09-30,Initial recording of the municipality Zurzach,1380
4323,1986-09-30,Initial recording of the municipality Zurzach,1320
4323,1985-09-30,Initial recording of the municipality Zurzach,1258
4323,1984-09-30,Initial recording of the municipality Zurzach,1203
4323,1983-09-30,Initial recording of the municipality Zurzach,1176
4323,1982-09-30,Initial recording of the municipality Zurzach,1138
4323,1981-09-30,Initial recording of the municipality Zurzach,1079
4323,1980-09-30,Initial recording of the municipality Zurzach,1044
4323,1979-09-30,Initial recording of the municipality Zurzach,1001
4323,1978-09-30,Initial recording of the municipality Zurzach,946
4323,1977-09-30,Initial recording of the municipality Zurzach,886
4323,1976-09-30,Initial recording of the municipality Zurzach,858
4021,2025-09-30,Incorporation of Turgi into Baden,11619
4021,2024-09-30,Incorporation of Turgi into Baden,11534
4021,2023-09-30,Incorporation of Dättwil into Baden,9979
4021,2022-09-30,Incorporation of Dättwil into Baden,9864
4021,2021-09-30,Incorporation of Dättwil into Baden,9899
4021,2020-09-30,Incorporation of Dättwil into Baden,9858
4021,2019-09-30,Incorporation of Dättwil into Baden,9775
4021,2018-09-30,Incorporation of Dättwil into Baden,9749
4021,2017-09-30,Incorporation of Dättwil into Baden,9886
4021,2016-09-30,Incorporation of Dättwil into Baden,9918
4021,2015-09-30,Incorporation of Dättwil into Baden,9894
4021,2014-09-30,Incorporation of Dättwil into Baden,9801
4021,2013-09-30,Incorporation of Dättwil into Baden,9783
4021,2012-09-30,Incorporation of Dättwil into Baden,9717
4021,2011-09-30,Incorporation of Dättwil into Baden,9541
4021,2010-09-30,Incorporation of Dättwil into Baden,9375
4021,2009-09-30,Incorporation of Dättwil into Baden,9235
4021,2008-09-30,Incorporation of Dättwil into Baden,9125
4021,2007-09-30,Incorporation of Dättwil into Baden,8965
4021,2006-09-30,Incorporation of Dättwil into Baden,8908
4021,2005-09-30,Incorporation of Dättwil into Baden,8707
4021,2004-09-30,Incorporation of Dättwil into Baden,8631
4021,2003-09-30,Incorporation of Dättwil into Baden,8643
4021,2002-09-30,Incorporation of Dättwil into Baden,8602
4021,2001-09-30,Incorporation of Dättwil into Baden,8493
4021,2000-09-30,Incorporation of Dättwil into Baden,8383
4021,1999-09-30,Incorporation of Dättwil into Baden,8189
4021,1998-09-30,Incorporation of Dättwil into Baden,7989
4021,1997-09-30,Incorporation of Dättwil into Baden,7708
4021,1996-09-30,Incorporation of Dättwil into Baden,7603
4021,1995-09-30,Incorporation of Dättwil into Baden,7356
4021,1994-09-30,Incorporation of Dättwil into Baden,7239
4021,1993-09-30,Incorporation of Dättwil into Baden,7148
4021,1992-09-30,Incorporation of Dättwil into Baden,7061
4021,1991-09-30,Incorporation of Dättwil into Baden,7047
4021,1990-09-30,Incorporation of Dättwil into Baden,6867
4021,1989-09-30,Incorporation of Dättwil into Baden,6601
4021,1988-09-30,Incorporation of Dättwil into Baden,6308
4021,1987-09-30,Incorporation of Dättwil into Baden,6022
4021,1986-09-30,Incorporation of Dättwil into Baden,5925
4021,1985-09-30,Incorporation of Dättwil into Baden,5728
4021,1984-09-30,Incorporation of Dättwil into Baden,5586
4021,1983-09-30,Incorporation of Dättwil into Baden,5443
4021,1982-09-30,Incorporation of Dättwil into Baden,5261
4021,1981-09-30,Incorporation of Dättwil into Baden,5105
4021,1980-09-30,Incorporation of Dättwil into Baden,4912
4021,1979-09-30,Incorporation of Dättwil into Baden,4648
4021,1978-09-30,Incorporation of Dättwil into Baden,4458
4021,1977-09-30,Incorporation of Dättwil into Baden,4292
4021,1976-09-30,Incorporation of Dättwil into Baden,4364
4301,2021-09-30,Initial recording of the municipality Baldingen,197
4301,2020-09-30,Initial recording of the municipality Baldingen,200
4301,2019-09-30,Initial recording of the municipality Baldingen,198
4301,2018-09-30,Initial recording of the municipality Baldingen,210
4301,2017-09-30,Initial recording of the municipality Baldingen,211
4301,2016-09-30,Initial recording of the municipality Baldingen,212
4301,2015-09-30,Initial recording of the municipality Baldingen,214
4301,2014-09-30,Initial recording of the municipality Baldingen,207
4301,2013-09-30,Initial recording of the municipality Baldingen,210
4301,2012-09-30,Initial recording of the municipality Baldingen,208
4301,2011-09-30,Initial recording of the municipality Baldingen,194
4301,2010-09-30,Initial recording of the municipality Baldingen,182
4301,2009-09-30,Initial recording of the municipality Baldingen,171
4301,2008-09-30,Initial recording of the municipality Baldingen,169
4301,2007-09-30,Initial recording of the municipality Baldingen,152
4301,2006-09-30,Initial recording of the municipality Baldingen,151
4301,2005-09-30,Initial recording of the municipality Baldingen,144
4301,2004-09-30,Initial recording of the municipality Baldingen,150
4301,2003-09-30,Initial recording of the municipality Baldingen,134
4301,2002-09-30,Initial recording of the municipality Baldingen,134
4301,2001-09-30,Initial recording of the municipality Baldingen,130
4301,2000-09-30,Initial recording of the municipality Baldingen,127
4301,1999-09-30,Initial recording of the municipality Baldingen,133
4301,1998-09-30,Initial recording of the municipality Baldingen,133
4301,1997-09-30,Initial recording of the municipality Baldingen,134
4301,1996-09-30,Initial recording of the municipality Baldingen,133
4301,1995-09-30,Initial recording of the municipality Baldingen,135
4301,1994-09-30,Initial recording of the municipality Baldingen,127
4301,1993-09-30,Initial recording of the municipality Baldingen,119
4301,1992-09-30,Initial recording of the municipality Baldingen,127
4301,1991-09-30,Initial recording of the municipality Baldingen,120
4301,1990-09-30,Initial recording of the municipality Baldingen,106
4301,1989-09-30,Initial recording of the municipality Baldingen,107
4301,1988-09-30,Initial recording of the municipality Baldingen,109
4301,1987-09-30,Initial recording of the municipality Baldingen,111
4301,1986-09-30,Initial recording of the municipality Baldingen,108
4301,1985-09-30,Initial recording of the municipality Baldingen,96
4301,1984-09-30,Initial recording of the municipality Baldingen,79
4301,1983-09-30,Initial recording of the municipality Baldingen,71
4301,1982-09-30,Initial recording of the municipality Baldingen,66
4301,1981-09-30,Initial recording of the municipality Baldingen,55
4301,1980-09-30,Initial recording of the municipality Baldingen,52
4301,1979-09-30,Initial recording of the municipality Baldingen,62
4301,1978-09-30,Initial recording of the municipality Baldingen,56
4301,1977-09-30,Initial recording of the municipality Baldingen,55
4301,1976-09-30,Initial recording of the municipality Baldingen,49
4224,2025-09-30,Initial recording of the municipality Beinwil (Freiamt),821
4224,2024-09-30,Initial recording of the municipality Beinwil (Freiamt),839
4224,2023-09-30,Initial recording of the municipality Beinwil (Freiamt),831
4224,2022-09-30,Initial recording of the municipality Beinwil (Freiamt),810
4224,2021-09-30,Initial recording of the municipality Beinwil (Freiamt),778
4224,2020-09-30,Initial recording of the municipality Beinwil (Freiamt),780
4224,2019-09-30,Initial recording of the municipality Beinwil (Freiamt),786
4224,2018-09-30,Initial recording of the municipality Beinwil (Freiamt),761
4224,2017-09-30,Initial recording of the municipality Beinwil (Freiamt),742
4224,2016-09-30,Initial recording of the municipality Beinwil (Freiamt),710
4224,2015-09-30,Initial recording of the municipality Beinwil (Freiamt),740
4224,2014-09-30,Initial recording of the municipality Beinwil (Freiamt),714
4224,2013-09-30,Initial recording of the municipality Beinwil (Freiamt),671
4224,2012-09-30,Initial recording of the municipality Beinwil (Freiamt),660
4224,2011-09-30,Initial recording of the municipality Beinwil (Freiamt),659
4224,2010-09-30,Initial recording of the municipality Beinwil (Freiamt),642
4224,2009-09-30,Initial recording of the municipality Beinwil (Freiamt),667
4224,2008-09-30,Initial recording of the municipality Beinwil (Freiamt),654
4224,2007-09-30,Initial recording of the municipality Beinwil (Freiamt),624
4224,2006-09-30,Initial recording of the municipality Beinwil (Freiamt),592
4224,2005-09-30,Initial recording of the municipality Beinwil (Freiamt),575
4224,2004-09-30,Initial recording of the municipality Beinwil (Freiamt),577
4224,2003-09-30,Initial recording of the municipality Beinwil (Freiamt),554
4224,2002-09-30,Initial recording of the municipality Beinwil (Freiamt),526
4224,2001-09-30,Initial recording of the municipality Beinwil (Freiamt),524
4224,2000-09-30,Initial recording of the municipality Beinwil (Freiamt),515
4224,1999-09-30,Initial recording of the municipality Beinwil (Freiamt),488
4224,1998-09-30,Initial recording of the municipality Beinwil (Freiamt),474
4224,1997-09-30,Initial recording of the municipality Beinwil (Freiamt),474
4224,1996-09-30,Initial recording of the municipality Beinwil (Freiamt),460
4224,1995-09-30,Initial recording of the municipality Beinwil (Freiamt),444
4224,1994-09-30,Initial recording of the municipality Beinwil (Freiamt),432
4224,1993-09-30,Initial recording of the municipality Beinwil (Freiamt),416
4224,1992-09-30,Initial recording of the municipality Beinwil (Freiamt),408
4224,1991-09-30,Initial recording of the municipality Beinwil (Freiamt),387
4224,1990-09-30,Initial recording of the municipality Beinwil (Freiamt),363
4224,1989-09-30,Initial recording of the municipality Beinwil (Freiamt),346
4224,1988-09-30,Initial recording of the municipality Beinwil (Freiamt),338
4224,1987-09-30,Initial recording of the municipality Beinwil (Freiamt),328
4224,1986-09-30,Initial recording of the municipality Beinwil (Freiamt),310
4224,1985-09-30,Initial recording of the municipality Beinwil (Freiamt),294
4224,1984-09-30,Initial recording of the municipality Beinwil (Freiamt),285
4224,1983-09-30,Initial recording of the municipality Beinwil (Freiamt),271
4224,1982-09-30,Initial recording of the municipality Beinwil (Freiamt),266
4224,1981-09-30,Initial recording of the municipality Beinwil (Freiamt),266
4224,1980-09-30,Initial recording of the municipality Beinwil (Freiamt),250
4224,1979-09-30,Initial recording of the municipality Beinwil (Freiamt),249
4224,1978-09-30,Initial recording of the municipality Beinwil (Freiamt),261
4224,1977-09-30,Initial recording of the municipality Beinwil (Freiamt),251
4224,1976-09-30,Initial recording of the municipality Beinwil (Freiamt),231
4131,2025-09-30,Initial recording of the municipality Beinwil am See,2455
4131,2024-09-30,Initial recording of the municipality Beinwil am See,2380
4131,2023-09-30,Initial recording of the municipality Beinwil am See,2333
4131,2022-09-30,Initial recording of the municipality Beinwil am See,2275
4131,2021-09-30,Initial recording of the municipality Beinwil am See,2245
4131,2020-09-30,Initial recording of the municipality Beinwil am See,2238
4131,2019-09-30,Initial recording of the municipality Beinwil am See,2187
4131,2018-09-30,Initial recording of the municipality Beinwil am See,2075
4131,2017-09-30,Initial recording of the municipality Beinwil am See,1995
4131,2016-09-30,Initial recording of the municipality Beinwil am See,1950
4131,2015-09-30,Initial recording of the municipality Beinwil am See,1900
4131,2014-09-30,Initial recording of the municipality Beinwil am See,1866
4131,2013-09-30,Initial recording of the municipality Beinwil am See,1816
4131,2012-09-30,Initial recording of the municipality Beinwil am See,1798
4131,2011-09-30,Initial recording of the municipality Beinwil am See,1725
4131,2010-09-30,Initial recording of the municipality Beinwil am See,1685
4131,2009-09-30,Initial recording of the municipality Beinwil am See,1634
4131,2008-09-30,Initial recording of the municipality Beinwil am See,1598
4131,2007-09-30,Initial recording of the municipality Beinwil am See,1593
4131,2006-09-30,Initial recording of the municipality Beinwil am See,1559
4131,2005-09-30,Initial recording of the municipality Beinwil am See,1519
4131,2004-09-30,Initial recording of the municipality Beinwil am See,1449
4131,2003-09-30,Initial recording of the municipality Beinwil am See,1440
4131,2002-09-30,Initial recording of the municipality Beinwil am See,1440
4131,2001-09-30,Initial recording of the municipality Beinwil am See,1386
4131,2000-09-30,Initial recording of the municipality Beinwil am See,1358
4131,1999-09-30,Initial recording of the municipality Beinwil am See,1312
4131,1998-09-30,Initial recording of the municipality Beinwil am See,1282
4131,1997-09-30,Initial recording of the municipality Beinwil am See,1262
4131,1996-09-30,Initial recording of the municipality Beinwil am See,1247
4131,1995-09-30,Initial recording of the municipality Beinwil am See,1231
4131,1994-09-30,Initial recording of the municipality Beinwil am See,1181
4131,1993-09-30,Initial recording of the municipality Beinwil am See,1131
4131,1992-09-30,Initial recording of the municipality Beinwil am See,1133
4131,1991-09-30,Initial recording of the municipality Beinwil am See,1134
4131,1990-09-30,Initial recording of the municipality Beinwil am See,1105
4131,1989-09-30,Initial recording of the municipality Beinwil am See,1078
4131,1988-09-30,Initial recording of the municipality Beinwil am See,1073
4131,1987-09-30,Initial recording of the municipality Beinwil am See,1017
4131,1986-09-30,Initial recording of the municipality Beinwil am See,994
4131,1985-09-30,Initial recording of the municipality Beinwil am See,953
4131,1984-09-30,Initial recording of the municipality Beinwil am See,914
4131,1983-09-30,Initial recording of the municipality Beinwil am See,901
4131,1982-09-30,Initial recording of the municipality Beinwil am See,858
4131,1981-09-30,Initial recording of the municipality Beinwil am See,850
4131,1980-09-30,Initial recording of the municipality Beinwil am See,805
4131,1979-09-30,Initial recording of the municipality Beinwil am See,755
4131,1978-09-30,Initial recording of the municipality Beinwil am See,734
4131,1977-09-30,Initial recording of the municipality Beinwil am See,726
4131,1976-09-30,Initial recording of the municipality Beinwil am See,676
4022,2025-09-30,Initial recording of the municipality Bellikon,1063
4022,2024-09-30,Initial recording of the municipality Bellikon,1073
4022,2023-09-30,Initial recording of the municipality Bellikon,1049
4022,2022-09-30,Initial recording of the municipality Bellikon,1063
4022,2021-09-30,Initial recording of the municipality Bellikon,1054
4022,2020-09-30,Initial recording of the municipality Bellikon,1042
4022,2019-09-30,Initial recording of the municipality Bellikon,1059
4022,2018-09-30,Initial recording of the municipality Bellikon,1069
4022,2017-09-30,Initial recording of the municipality Bellikon,1036
4022,2016-09-30,Initial recording of the municipality Bellikon,1040
4022,2015-09-30,Initial recording of the municipality Bellikon,1037
4022,2014-09-30,Initial recording of the municipality Bellikon,1019
4022,2013-09-30,Initial recording of the municipality Bellikon,1020
4022,2012-09-30,Initial recording of the municipality Bellikon,1018
4022,2011-09-30,Initial recording of the municipality Bellikon,1025
4022,2010-09-30,Initial recording of the municipality Bellikon,976
4022,2009-09-30,Initial recording of the municipality Bellikon,942
4022,2008-09-30,Initial recording of the municipality Bellikon,931
4022,2007-09-30,Initial recording of the municipality Bellikon,904
4022,2006-09-30,Initial recording of the municipality Bellikon,908
4022,2005-09-30,Initial recording of the municipality Bellikon,890
4022,2004-09-30,Initial recording of the municipality Bellikon,875
4022,2003-09-30,Initial recording of the municipality Bellikon,818
4022,2002-09-30,Initial recording of the municipality Bellikon,778
4022,2001-09-30,Initial recording of the municipality Bellikon,779
4022,2000-09-30,Initial recording of the municipality Bellikon,763
4022,1999-09-30,Initial recording of the municipality Bellikon,741
4022,1998-09-30,Initial recording of the municipality Bellikon,736
4022,1997-09-30,Initial recording of the municipality Bellikon,717
4022,1996-09-30,Initial recording of the municipality Bellikon,707
4022,1995-09-30,Initial recording of the municipality Bellikon,677
4022,1994-09-30,Initial recording of the municipality Bellikon,631
4022,1993-09-30,Initial recording of the municipality Bellikon,591
4022,1992-09-30,Initial recording of the municipality Bellikon,569
4022,1991-09-30,Initial recording of the municipality Bellikon,547
4022,1990-09-30,Initial recording of the municipality Bellikon,546
4022,1989-09-30,Initial recording of the municipality Bellikon,520
4022,1988-09-30,Initial recording of the municipality Bellikon,500
4022,1987-09-30,Initial recording of the municipality Bellikon,477
4022,1986-09-30,Initial recording of the municipality Bellikon,492
4022,1985-09-30,Initial recording of the municipality Bellikon,467
4022,1984-09-30,Initial recording of the municipality Bellikon,465
4022,1983-09-30,Initial recording of the municipality Bellikon,451
4022,1982-09-30,Initial recording of the municipality Bellikon,430
4022,1981-09-30,Initial recording of the municipality Bellikon,405
4022,1980-09-30,Initial recording of the municipality Bellikon,403
4022,1979-09-30,Initial recording of the municipality Bellikon,390
4022,1978-09-30,Initial recording of the municipality Bellikon,358
4022,1977-09-30,Initial recording of the municipality Bellikon,311
4022,1976-09-30,Initial recording of the municipality Bellikon,287
4225,2011-09-30,Initial recording of the municipality Benzenschwil,321
4225,2010-09-30,Initial recording of the municipality Benzenschwil,302
4225,2009-09-30,Initial recording of the municipality Benzenschwil,292
4225,2008-09-30,Initial recording of the municipality Benzenschwil,283
4225,2007-09-30,Initial recording of the municipality Benzenschwil,278
4225,2006-09-30,Initial recording of the municipality Benzenschwil,271
4225,2005-09-30,Initial recording of the municipality Benzenschwil,266
4225,2004-09-30,Initial recording of the municipality Benzenschwil,268
4225,2003-09-30,Initial recording of the municipality Benzenschwil,266
4225,2002-09-30,Initial recording of the municipality Benzenschwil,258
4225,2001-09-30,Initial recording of the municipality Benzenschwil,261
4225,2000-09-30,Initial recording of the municipality Benzenschwil,258
4225,1999-09-30,Initial recording of the municipality Benzenschwil,245
4225,1998-09-30,Initial recording of the municipality Benzenschwil,242
4225,1997-09-30,Initial recording of the municipality Benzenschwil,227
4225,1996-09-30,Initial recording of the municipality Benzenschwil,226
4225,1995-09-30,Initial recording of the municipality Benzenschwil,230
4225,1994-09-30,Initial recording of the municipality Benzenschwil,220
4225,1993-09-30,Initial recording of the municipality Benzenschwil,213
4225,1992-09-30,Initial recording of the municipality Benzenschwil,210
4225,1991-09-30,Initial recording of the municipality Benzenschwil,212
4225,1990-09-30,Initial recording of the municipality Benzenschwil,200
4225,1989-09-30,Initial recording of the municipality Benzenschwil,182
4225,1988-09-30,Initial recording of the municipality Benzenschwil,168
4225,1987-09-30,Initial recording of the municipality Benzenschwil,163
4225,1986-09-30,Initial recording of the municipality Benzenschwil,163
4225,1985-09-30,Initial recording of the municipality Benzenschwil,167
4225,1984-09-30,Initial recording of the municipality Benzenschwil,161
4225,1983-09-30,Initial recording of the municipality Benzenschwil,155
4225,1982-09-30,Initial recording of the municipality Benzenschwil,157
4225,1981-09-30,Initial recording of the municipality Benzenschwil,140
4225,1980-09-30,Initial recording of the municipality Benzenschwil,135
4225,1979-09-30,Initial recording of the municipality Benzenschwil,138
4225,1978-09-30,Initial recording of the municipality Benzenschwil,121
4225,1977-09-30,Initial recording of the municipality Benzenschwil,108
4225,1976-09-30,Initial recording of the municipality Benzenschwil,92
4023,2025-09-30,Initial recording of the municipality Bergdietikon,1704
4023,2024-09-30,Initial recording of the municipality Bergdietikon,1714
4023,2023-09-30,Initial recording of the municipality Bergdietikon,1718
4023,2022-09-30,Initial recording of the municipality Bergdietikon,1721
4023,2021-09-30,Initial recording of the municipality Bergdietikon,1738
4023,2020-09-30,Initial recording of the municipality Bergdietikon,1711
4023,2019-09-30,Initial recording of the municipality Bergdietikon,1706
4023,2018-09-30,Initial recording of the municipality Bergdietikon,1727
4023,2017-09-30,Initial recording of the municipality Bergdietikon,1718
4023,2016-09-30,Initial recording of the municipality Bergdietikon,1684
4023,2015-09-30,Initial recording of the municipality Bergdietikon,1661
4023,2014-09-30,Initial recording of the municipality Bergdietikon,1646
4023,2013-09-30,Initial recording of the municipality Bergdietikon,1531
4023,2012-09-30,Initial recording of the municipality Bergdietikon,1514
4023,2011-09-30,Initial recording of the municipality Bergdietikon,1505
4023,2010-09-30,Initial recording of the municipality Bergdietikon,1485
4023,2009-09-30,Initial recording of the municipality Bergdietikon,1474
4023,2008-09-30,Initial recording of the municipality Bergdietikon,1436
4023,2007-09-30,Initial recording of the municipality Bergdietikon,1392
4023,2006-09-30,Initial recording of the municipality Bergdietikon,1409
4023,2005-09-30,Initial recording of the municipality Bergdietikon,1433
4023,2004-09-30,Initial recording of the municipality Bergdietikon,1427
4023,2003-09-30,Initial recording of the municipality Bergdietikon,1395
4023,2002-09-30,Initial recording of the municipality Bergdietikon,1407
4023,2001-09-30,Initial recording of the municipality Bergdietikon,1414
4023,2000-09-30,Initial recording of the municipality Bergdietikon,1404
4023,1999-09-30,Initial recording of the municipality Bergdietikon,1384
4023,1998-09-30,Initial recording of the municipality Bergdietikon,1349
4023,1997-09-30,Initial recording of the municipality Bergdietikon,1296
4023,1996-09-30,Initial recording of the municipality Bergdietikon,1288
4023,1995-09-30,Initial recording of the municipality Bergdietikon,1303
4023,1994-09-30,Initial recording of the municipality Bergdietikon,1267
4023,1993-09-30,Initial recording of the municipality Bergdietikon,1248
4023,1992-09-30,Initial recording of the municipality Bergdietikon,1206
4023,1991-09-30,Initial recording of the municipality Bergdietikon,1212
4023,1990-09-30,Initial recording of the municipality Bergdietikon,1171
4023,1989-09-30,Initial recording of the municipality Bergdietikon,1144
4023,1988-09-30,Initial recording of the municipality Bergdietikon,1111
4023,1987-09-30,Initial recording of the municipality Bergdietikon,1071
4023,1986-09-30,Initial recording of the municipality Bergdietikon,1028
4023,1985-09-30,Initial recording of the municipality Bergdietikon,1010
4023,1984-09-30,Initial recording of the municipality Bergdietikon,994
4023,1983-09-30,Initial recording of the municipality Bergdietikon,952
4023,1982-09-30,Initial recording of the municipality Bergdietikon,882
4023,1981-09-30,Initial recording of the municipality Bergdietikon,810
4023,1980-09-30,Initial recording of the municipality Bergdietikon,752
4023,1979-09-30,Initial recording of the municipality Bergdietikon,676
4023,1978-09-30,Initial recording of the municipality Bergdietikon,620
4023,1977-09-30,Initial recording of the municipality Bergdietikon,548
4023,1976-09-30,Initial recording of the municipality Bergdietikon,500
4062,2025-09-30,Initial recording of the municipality Berikon,2769
4062,2024-09-30,Initial recording of the municipality Berikon,2767
4062,2023-09-30,Initial recording of the municipality Berikon,2718
4062,2022-09-30,Initial recording of the municipality Berikon,2709
4062,2021-09-30,Initial recording of the municipality Berikon,2749
4062,2020-09-30,Initial recording of the municipality Berikon,2711
4062,2019-09-30,Initial recording of the municipality Berikon,2732
4062,2018-09-30,Initial recording of the municipality Berikon,2736
4062,2017-09-30,Initial recording of the municipality Berikon,2689
4062,2016-09-30,Initial recording of the municipality Berikon,2692
4062,2015-09-30,Initial recording of the municipality Berikon,2671
4062,2014-09-30,Initial recording of the municipality Berikon,2623
4062,2013-09-30,Initial recording of the municipality Berikon,2622
4062,2012-09-30,Initial recording of the municipality Berikon,2616
4062,2011-09-30,Initial recording of the municipality Berikon,2647
4062,2010-09-30,Initial recording of the municipality Berikon,2622
4062,2009-09-30,Initial recording of the municipality Berikon,2620
4062,2008-09-30,Initial recording of the municipality Berikon,2553
4062,2007-09-30,Initial recording of the municipality Berikon,2537
4062,2006-09-30,Initial recording of the municipality Berikon,2535
4062,2005-09-30,Initial recording of the municipality Berikon,2548
4062,2004-09-30,Initial recording of the municipality Berikon,2577
4062,2003-09-30,Initial recording of the municipality Berikon,2522
4062,2002-09-30,Initial recording of the municipality Berikon,2494
4062,2001-09-30,Initial recording of the municipality Berikon,2509
4062,2000-09-30,Initial recording of the municipality Berikon,2492
4062,1999-09-30,Initial recording of the municipality Berikon,2401
4062,1998-09-30,Initial recording of the municipality Berikon,2374
4062,1997-09-30,Initial recording of the municipality Berikon,2332
4062,1996-09-30,Initial recording of the municipality Berikon,2226
4062,1995-09-30,Initial recording of the municipality Berikon,2165
4062,1994-09-30,Initial recording of the municipality Berikon,2085
4062,1993-09-30,Initial recording of the municipality Berikon,1944
4062,1992-09-30,Initial recording of the municipality Berikon,1946
4062,1991-09-30,Initial recording of the municipality Berikon,1930
4062,1990-09-30,Initial recording of the municipality Berikon,1936
4062,1989-09-30,Initial recording of the municipality Berikon,1856
4062,1988-09-30,Initial recording of the municipality Berikon,1784
4062,1987-09-30,Initial recording of the municipality Berikon,1691
4062,1986-09-30,Initial recording of the municipality Berikon,1543
4062,1985-09-30,Initial recording of the municipality Berikon,1419
4062,1984-09-30,Initial recording of the municipality Berikon,1300
4062,1983-09-30,Initial recording of the municipality Berikon,1189
4062,1982-09-30,Initial recording of the municipality Berikon,1087
4062,1981-09-30,Initial recording of the municipality Berikon,986
4062,1980-09-30,Initial recording of the municipality Berikon,919
4062,1979-09-30,Initial recording of the municipality Berikon,832
4062,1978-09-30,Initial recording of the municipality Berikon,746
4062,1977-09-30,Initial recording of the municipality Berikon,689
4062,1976-09-30,Initial recording of the municipality Berikon,691
4226,2025-09-30,Initial recording of the municipality Besenbüren,481
4226,2024-09-30,Initial recording of the municipality Besenbüren,435
4226,2023-09-30,Initial recording of the municipality Besenbüren,440
4226,2022-09-30,Initial recording of the municipality Besenbüren,442
4226,2021-09-30,Initial recording of the municipality Besenbüren,444
4226,2020-09-30,Initial recording of the municipality Besenbüren,438
4226,2019-09-30,Initial recording of the municipality Besenbüren,440
4226,2018-09-30,Initial recording of the municipality Besenbüren,432
4226,2017-09-30,Initial recording of the municipality Besenbüren,413
4226,2016-09-30,Initial recording of the municipality Besenbüren,420
4226,2015-09-30,Initial recording of the municipality Besenbüren,396
4226,2014-09-30,Initial recording of the municipality Besenbüren,393
4226,2013-09-30,Initial recording of the municipality Besenbüren,382
4226,2012-09-30,Initial recording of the municipality Besenbüren,376
4226,2011-09-30,Initial recording of the municipality Besenbüren,366
4226,2010-09-30,Initial recording of the municipality Besenbüren,358
4226,2009-09-30,Initial recording of the municipality Besenbüren,362
4226,2008-09-30,Initial recording of the municipality Besenbüren,360
4226,2007-09-30,Initial recording of the municipality Besenbüren,362
4226,2006-09-30,Initial recording of the municipality Besenbüren,343
4226,2005-09-30,Initial recording of the municipality Besenbüren,354
4226,2004-09-30,Initial recording of the municipality Besenbüren,344
4226,2003-09-30,Initial recording of the municipality Besenbüren,317
4226,2002-09-30,Initial recording of the municipality Besenbüren,305
4226,2001-09-30,Initial recording of the municipality Besenbüren,295
4226,2000-09-30,Initial recording of the municipality Besenbüren,278
4226,1999-09-30,Initial recording of the municipality Besenbüren,246
4226,1998-09-30,Initial recording of the municipality Besenbüren,224
4226,1997-09-30,Initial recording of the municipality Besenbüren,217
4226,1996-09-30,Initial recording of the municipality Besenbüren,224
4226,1995-09-30,Initial recording of the municipality Besenbüren,206
4226,1994-09-30,Initial recording of the municipality Besenbüren,195
4226,1993-09-30,Initial recording of the municipality Besenbüren,188
4226,1992-09-30,Initial recording of the municipality Besenbüren,185
4226,1991-09-30,Initial recording of the municipality Besenbüren,170
4226,1990-09-30,Initial recording of the municipality Besenbüren,185
4226,1989-09-30,Initial recording of the municipality Besenbüren,175
4226,1988-09-30,Initial recording of the municipality Besenbüren,165
4226,1987-09-30,Initial recording of the municipality Besenbüren,159
4226,1986-09-30,Initial recording of the municipality Besenbüren,149
4226,1985-09-30,Initial recording of the municipality Besenbüren,144
4226,1984-09-30,Initial recording of the municipality Besenbüren,134
4226,1983-09-30,Initial recording of the municipality Besenbüren,126
4226,1982-09-30,Initial recording of the municipality Besenbüren,127
4226,1981-09-30,Initial recording of the municipality Besenbüren,115
4226,1980-09-30,Initial recording of the municipality Besenbüren,103
4226,1979-09-30,Initial recording of the municipality Besenbüren,100
4226,1978-09-30,Initial recording of the municipality Besenbüren,85
4226,1977-09-30,Initial recording of the municipality Besenbüren,84
4226,1976-09-30,Initial recording of the municipality Besenbüren,77
4227,2025-09-30,Initial recording of the municipality Bettwil,542
4227,2024-09-30,Initial recording of the municipality Bettwil,514
4227,2023-09-30,Initial recording of the municipality Bettwil,508
4227,2022-09-30,Initial recording of the municipality Bettwil,500
4227,2021-09-30,Initial recording of the municipality Bettwil,481
4227,2020-09-30,Initial recording of the municipality Bettwil,474
4227,2019-09-30,Initial recording of the municipality Bettwil,452
4227,2018-09-30,Initial recording of the municipality Bettwil,461
4227,2017-09-30,Initial recording of the municipality Bettwil,457
4227,2016-09-30,Initial recording of the municipality Bettwil,436
4227,2015-09-30,Initial recording of the municipality Bettwil,410
4227,2014-09-30,Initial recording of the municipality Bettwil,405
4227,2013-09-30,Initial recording of the municipality Bettwil,403
4227,2012-09-30,Initial recording of the municipality Bettwil,385
4227,2011-09-30,Initial recording of the municipality Bettwil,375
4227,2010-09-30,Initial recording of the municipality Bettwil,364
4227,2009-09-30,Initial recording of the municipality Bettwil,359
4227,2008-09-30,Initial recording of the municipality Bettwil,360
4227,2007-09-30,Initial recording of the municipality Bettwil,360
4227,2006-09-30,Initial recording of the municipality Bettwil,336
4227,2005-09-30,Initial recording of the municipality Bettwil,331
4227,2004-09-30,Initial recording of the municipality Bettwil,325
4227,2003-09-30,Initial recording of the municipality Bettwil,330
4227,2002-09-30,Initial recording of the municipality Bettwil,328
4227,2001-09-30,Initial recording of the municipality Bettwil,303
4227,2000-09-30,Initial recording of the municipality Bettwil,296
4227,1999-09-30,Initial recording of the municipality Bettwil,296
4227,1998-09-30,Initial recording of the municipality Bettwil,296
4227,1997-09-30,Initial recording of the municipality Bettwil,282
4227,1996-09-30,Initial recording of the municipality Bettwil,295
4227,1995-09-30,Initial recording of the municipality Bettwil,273
4227,1994-09-30,Initial recording of the municipality Bettwil,259
4227,1993-09-30,Initial recording of the municipality Bettwil,250
4227,1992-09-30,Initial recording of the municipality Bettwil,246
4227,1991-09-30,Initial recording of the municipality Bettwil,243
4227,1990-09-30,Initial recording of the municipality Bettwil,237
4227,1989-09-30,Initial recording of the municipality Bettwil,215
4227,1988-09-30,Initial recording of the municipality Bettwil,203
4227,1987-09-30,Initial recording of the municipality Bettwil,191
4227,1986-09-30,Initial recording of the municipality Bettwil,184
4227,1985-09-30,Initial recording of the municipality Bettwil,178
4227,1984-09-30,Initial recording of the municipality Bettwil,156
4227,1983-09-30,Initial recording of the municipality Bettwil,144
4227,1982-09-30,Initial recording of the municipality Bettwil,128
4227,1981-09-30,Initial recording of the municipality Bettwil,123
4227,1980-09-30,Initial recording of the municipality Bettwil,111
4227,1979-09-30,Initial recording of the municipality Bettwil,110
4227,1978-09-30,Initial recording of the municipality Bettwil,110
4227,1977-09-30,Initial recording of the municipality Bettwil,102
4227,1976-09-30,Initial recording of the municipality Bettwil,99
4002,2025-09-30,Initial recording of the municipality Biberstein,981
4002,2024-09-30,Initial recording of the municipality Biberstein,989
4002,2023-09-30,Initial recording of the municipality Biberstein,980
4002,2022-09-30,Initial recording of the municipality Biberstein,982
4002,2021-09-30,Initial recording of the municipality Biberstein,960
4002,2020-09-30,Initial recording of the municipality Biberstein,936
4002,2019-09-30,Initial recording of the municipality Biberstein,945
4002,2018-09-30,Initial recording of the municipality Biberstein,932
4002,2017-09-30,Initial recording of the municipality Biberstein,921
4002,2016-09-30,Initial recording of the municipality Biberstein,917
4002,2015-09-30,Initial recording of the municipality Biberstein,885
4002,2014-09-30,Initial recording of the municipality Biberstein,924
4002,2013-09-30,Initial recording of the municipality Biberstein,891
4002,2012-09-30,Initial recording of the municipality Biberstein,887
4002,2011-09-30,Initial recording of the municipality Biberstein,859
4002,2010-09-30,Initial recording of the municipality Biberstein,819
4002,2009-09-30,Initial recording of the municipality Biberstein,808
4002,2008-09-30,Initial recording of the municipality Biberstein,754
4002,2007-09-30,Initial recording of the municipality Biberstein,739
4002,2006-09-30,Initial recording of the municipality Biberstein,704
4002,2005-09-30,Initial recording of the municipality Biberstein,678
4002,2004-09-30,Initial recording of the municipality Biberstein,657
4002,2003-09-30,Initial recording of the municipality Biberstein,613
4002,2002-09-30,Initial recording of the municipality Biberstein,586
4002,2001-09-30,Initial recording of the municipality Biberstein,574
4002,2000-09-30,Initial recording of the municipality Biberstein,555
4002,1999-09-30,Initial recording of the municipality Biberstein,519
4002,1998-09-30,Initial recording of the municipality Biberstein,512
4002,1997-09-30,Initial recording of the municipality Biberstein,500
4002,1996-09-30,Initial recording of the municipality Biberstein,501
4002,1995-09-30,Initial recording of the municipality Biberstein,468
4002,1994-09-30,Initial recording of the municipality Biberstein,454
4002,1993-09-30,Initial recording of the municipality Biberstein,449
4002,1992-09-30,Initial recording of the municipality Biberstein,438
4002,1991-09-30,Initial recording of the municipality Biberstein,425
4002,1990-09-30,Initial recording of the municipality Biberstein,416
4002,1989-09-30,Initial recording of the municipality Biberstein,431
4002,1988-09-30,Initial recording of the municipality Biberstein,424
4002,1987-09-30,Initial recording of the municipality Biberstein,433
4002,1986-09-30,Initial recording of the municipality Biberstein,425
4002,1985-09-30,Initial recording of the municipality Biberstein,394
4002,1984-09-30,Initial recording of the municipality Biberstein,375
4002,1983-09-30,Initial recording of the municipality Biberstein,358
4002,1982-09-30,Initial recording of the municipality Biberstein,322
4002,1981-09-30,Initial recording of the municipality Biberstein,301
4002,1980-09-30,Initial recording of the municipality Biberstein,286
4002,1979-09-30,Initial recording of the municipality Biberstein,283
4002,1978-09-30,Initial recording of the municipality Biberstein,247
4002,1977-09-30,Initial recording of the municipality Biberstein,219
4002,1976-09-30,Initial recording of the municipality Biberstein,212
4024,2025-09-30,Initial recording of the municipality Birmenstorf (AG),1781
4024,2024-09-30,Initial recording of the municipality Birmenstorf (AG),1790
4024,2023-09-30,Initial recording of the municipality Birmenstorf (AG),1789
4024,2022-09-30,Initial recording of the municipality Birmenstorf (AG),1792
4024,2021-09-30,Initial recording of the municipality Birmenstorf (AG),1806
4024,2020-09-30,Initial recording of the municipality Birmenstorf (AG),1786
4024,2019-09-30,Initial recording of the municipality Birmenstorf (AG),1782
4024,2018-09-30,Initial recording of the municipality Birmenstorf (AG),1770
4024,2017-09-30,Initial recording of the municipality Birmenstorf (AG),1736
4024,2016-09-30,Initial recording of the municipality Birmenstorf (AG),1754
4024,2015-09-30,Initial recording of the municipality Birmenstorf (AG),1751
4024,2014-09-30,Initial recording of the municipality Birmenstorf (AG),1713
4024,2013-09-30,Initial recording of the municipality Birmenstorf (AG),1649
4024,2012-09-30,Initial recording of the municipality Birmenstorf (AG),1568
4024,2011-09-30,Initial recording of the municipality Birmenstorf (AG),1563
4024,2010-09-30,Initial recording of the municipality Birmenstorf (AG),1481
4024,2009-09-30,Initial recording of the municipality Birmenstorf (AG),1463
4024,2008-09-30,Initial recording of the municipality Birmenstorf (AG),1456
4024,2007-09-30,Initial recording of the municipality Birmenstorf (AG),1428
4024,2006-09-30,Initial recording of the municipality Birmenstorf (AG),1398
4024,2005-09-30,Initial recording of the municipality Birmenstorf (AG),1355
4024,2004-09-30,Initial recording of the municipality Birmenstorf (AG),1332
4024,2003-09-30,Initial recording of the municipality Birmenstorf (AG),1296
4024,2002-09-30,Initial recording of the municipality Birmenstorf (AG),1283
4024,2001-09-30,Initial recording of the municipality Birmenstorf (AG),1260
4024,2000-09-30,Initial recording of the municipality Birmenstorf (AG),1227
4024,1999-09-30,Initial recording of the municipality Birmenstorf (AG),1204
4024,1998-09-30,Initial recording of the municipality Birmenstorf (AG),1149
4024,1997-09-30,Initial recording of the municipality Birmenstorf (AG),1086
4024,1996-09-30,Initial recording of the municipality Birmenstorf (AG),1023
4024,1995-09-30,Initial recording of the municipality Birmenstorf (AG),1012
4024,1994-09-30,Initial recording of the municipality Birmenstorf (AG),980
4024,1993-09-30,Initial recording of the municipality Birmenstorf (AG),973
4024,1992-09-30,Initial recording of the municipality Birmenstorf (AG),939
4024,1991-09-30,Initial recording of the municipality Birmenstorf (AG),929
4024,1990-09-30,Initial recording of the municipality Birmenstorf (AG),916
4024,1989-09-30,Initial recording of the municipality Birmenstorf (AG),878
4024,1988-09-30,Initial recording of the municipality Birmenstorf (AG),831
4024,1987-09-30,Initial recording of the municipality Birmenstorf (AG),776
4024,1986-09-30,Initial recording of the municipality Birmenstorf (AG),743
4024,1985-09-30,Initial recording of the municipality Birmenstorf (AG),688
4024,1984-09-30,Initial recording of the municipality Birmenstorf (AG),624
4024,1983-09-30,Initial recording of the municipality Birmenstorf (AG),627
4024,1982-09-30,Initial recording of the municipality Birmenstorf (AG),575
4024,1981-09-30,Initial recording of the municipality Birmenstorf (AG),527
4024,1980-09-30,Initial recording of the municipality Birmenstorf (AG),515
4024,1979-09-30,Initial recording of the municipality Birmenstorf (AG),474
4024,1978-09-30,Initial recording of the municipality Birmenstorf (AG),458
4024,1977-09-30,Initial recording of the municipality Birmenstorf (AG),425
4024,1976-09-30,Initial recording of the municipality Birmenstorf (AG),441
4092,2025-09-30,Initial recording of the municipality Birr,2797
4092,2024-09-30,Initial recording of the municipality Birr,2714
4092,2023-09-30,Initial recording of the municipality Birr,2587
4092,2022-09-30,Initial recording of the municipality Birr,2558
4092,2021-09-30,Initial recording of the municipality Birr,2472
4092,2020-09-30,Initial recording of the municipality Birr,2523
4092,2019-09-30,Initial recording of the municipality Birr,2470
4092,2018-09-30,Initial recording of the municipality Birr,2387
4092,2017-09-30,Initial recording of the municipality Birr,2410
4092,2016-09-30,Initial recording of the municipality Birr,2396
4092,2015-09-30,Initial recording of the municipality Birr,2366
4092,2014-09-30,Initial recording of the municipality Birr,2293
4092,2013-09-30,Initial recording of the municipality Birr,2251
4092,2012-09-30,Initial recording of the municipality Birr,2173
4092,2011-09-30,Initial recording of the municipality Birr,2129
4092,2010-09-30,Initial recording of the municipality Birr,2084
4092,2009-09-30,Initial recording of the municipality Birr,1472
4092,2008-09-30,Initial recording of the municipality Birr,1497
4092,2007-09-30,Initial recording of the municipality Birr,1531
4092,2006-09-30,Initial recording of the municipality Birr,1570
4092,2005-09-30,Initial recording of the municipality Birr,1655
4092,2004-09-30,Initial recording of the municipality Birr,1718
4092,2003-09-30,Initial recording of the municipality Birr,1774
4092,2002-09-30,Initial recording of the municipality Birr,1847
4092,2001-09-30,Initial recording of the municipality Birr,1746
4092,2000-09-30,Initial recording of the municipality Birr,1722
4092,1999-09-30,Initial recording of the municipality Birr,1673
4092,1998-09-30,Initial recording of the municipality Birr,1658
4092,1997-09-30,Initial recording of the municipality Birr,1614
4092,1996-09-30,Initial recording of the municipality Birr,1605
4092,1995-09-30,Initial recording of the municipality Birr,1578
4092,1994-09-30,Initial recording of the municipality Birr,1573
4092,1993-09-30,Initial recording of the municipality Birr,1577
4092,1992-09-30,Initial recording of the municipality Birr,1591
4092,1991-09-30,Initial recording of the municipality Birr,1602
4092,1990-09-30,Initial recording of the municipality Birr,1562
4092,1989-09-30,Initial recording of the municipality Birr,1520
4092,1988-09-30,Initial recording of the municipality Birr,1427
4092,1987-09-30,Initial recording of the municipality Birr,1351
4092,1986-09-30,Initial recording of the municipality Birr,1257
4092,1985-09-30,Initial recording of the municipality Birr,1207
4092,1984-09-30,Initial recording of the municipality Birr,1146
4092,1983-09-30,Initial recording of the municipality Birr,1122
4092,1982-09-30,Initial recording of the municipality Birr,1037
4092,1981-09-30,Initial recording of the municipality Birr,1013
4092,1980-09-30,Initial recording of the municipality Birr,982
4092,1979-09-30,Initial recording of the municipality Birr,940
4092,1978-09-30,Initial recording of the municipality Birr,899
4092,1977-09-30,Initial recording of the municipality Birr,893
4092,1976-09-30,Initial recording of the municipality Birr,840
4093,2025-09-30,Initial recording of the municipality Birrhard,700
4093,2024-09-30,Initial recording of the municipality Birrhard,702
4093,2023-09-30,Initial recording of the municipality Birrhard,604
4093,2022-09-30,Initial recording of the municipality Birrhard,568
4093,2021-09-30,Initial recording of the municipality Birrhard,569
4093,2020-09-30,Initial recording of the municipality Birrhard,558
4093,2019-09-30,Initial recording of the municipality Birrhard,549
4093,2018-09-30,Initial recording of the municipality Birrhard,534
4093,2017-09-30,Initial recording of the municipality Birrhard,518
4093,2016-09-30,Initial recording of the municipality Birrhard,520
4093,2015-09-30,Initial recording of the municipality Birrhard,528
4093,2014-09-30,Initial recording of the municipality Birrhard,478
4093,2013-09-30,Initial recording of the municipality Birrhard,472
4093,2012-09-30,Initial recording of the municipality Birrhard,458
4093,2011-09-30,Initial recording of the municipality Birrhard,432
4093,2010-09-30,Initial recording of the municipality Birrhard,429
4093,2009-09-30,Initial recording of the municipality Birrhard,427
4093,2008-09-30,Initial recording of the municipality Birrhard,411
4093,2007-09-30,Initial recording of the municipality Birrhard,416
4093,2006-09-30,Initial recording of the municipality Birrhard,405
4093,2005-09-30,Initial recording of the municipality Birrhard,413
4093,2004-09-30,Initial recording of the municipality Birrhard,410
4093,2003-09-30,Initial recording of the municipality Birrhard,396
4093,2002-09-30,Initial recording of the municipality Birrhard,396
4093,2001-09-30,Initial recording of the municipality Birrhard,388
4093,2000-09-30,Initial recording of the municipality Birrhard,375
4093,1999-09-30,Initial recording of the municipality Birrhard,374
4093,1998-09-30,Initial recording of the municipality Birrhard,365
4093,1997-09-30,Initial recording of the municipality Birrhard,340
4093,1996-09-30,Initial recording of the municipality Birrhard,338
4093,1995-09-30,Initial recording of the municipality Birrhard,332
4093,1994-09-30,Initial recording of the municipality Birrhard,317
4093,1993-09-30,Initial recording of the municipality Birrhard,300
4093,1992-09-30,Initial recording of the municipality Birrhard,293
4093,1991-09-30,Initial recording of the municipality Birrhard,288
4093,1990-09-30,Initial recording of the municipality Birrhard,279
4093,1989-09-30,Initial recording of the municipality Birrhard,253
4093,1988-09-30,Initial recording of the municipality Birrhard,239
4093,1987-09-30,Initial recording of the municipality Birrhard,253
4093,1986-09-30,Initial recording of the municipality Birrhard,247
4093,1985-09-30,Initial recording of the municipality Birrhard,239
4093,1984-09-30,Initial recording of the municipality Birrhard,234
4093,1983-09-30,Initial recording of the municipality Birrhard,227
4093,1982-09-30,Initial recording of the municipality Birrhard,214
4093,1981-09-30,Initial recording of the municipality Birrhard,211
4093,1980-09-30,Initial recording of the municipality Birrhard,195
4093,1979-09-30,Initial recording of the municipality Birrhard,169
4093,1978-09-30,Initial recording of the municipality Birrhard,142
4093,1977-09-30,Initial recording of the municipality Birrhard,134
4093,1976-09-30,Initial recording of the municipality Birrhard,121
4132,2025-09-30,Initial recording of the municipality Birrwil,1021
4132,2024-09-30,Initial recording of the municipality Birrwil,1007
4132,2023-09-30,Initial recording of the municipality Birrwil,983
4132,2022-09-30,Initial recording of the municipality Birrwil,982
4132,2021-09-30,Initial recording of the municipality Birrwil,928
4132,2020-09-30,Initial recording of the municipality Birrwil,881
4132,2019-09-30,Initial recording of the municipality Birrwil,864
4132,2018-09-30,Initial recording of the municipality Birrwil,878
4132,2017-09-30,Initial recording of the municipality Birrwil,869
4132,2016-09-30,Initial recording of the municipality Birrwil,850
4132,2015-09-30,Initial recording of the municipality Birrwil,807
4132,2014-09-30,Initial recording of the municipality Birrwil,740
4132,2013-09-30,Initial recording of the municipality Birrwil,713
4132,2012-09-30,Initial recording of the municipality Birrwil,676
4132,2011-09-30,Initial recording of the municipality Birrwil,652
4132,2010-09-30,Initial recording of the municipality Birrwil,625
4132,2009-09-30,Initial recording of the municipality Birrwil,619
4132,2008-09-30,Initial recording of the municipality Birrwil,610
4132,2007-09-30,Initial recording of the municipality Birrwil,605
4132,2006-09-30,Initial recording of the municipality Birrwil,603
4132,2005-09-30,Initial recording of the municipality Birrwil,595
4132,2004-09-30,Initial recording of the municipality Birrwil,594
4132,2003-09-30,Initial recording of the municipality Birrwil,605
4132,2002-09-30,Initial recording of the municipality Birrwil,601
4132,2001-09-30,Initial recording of the municipality Birrwil,592
4132,2000-09-30,Initial recording of the municipality Birrwil,596
4132,1999-09-30,Initial recording of the municipality Birrwil,579
4132,1998-09-30,Initial recording of the municipality Birrwil,557
4132,1997-09-30,Initial recording of the municipality Birrwil,530
4132,1996-09-30,Initial recording of the municipality Birrwil,502
4132,1995-09-30,Initial recording of the municipality Birrwil,476
4132,1994-09-30,Initial recording of the municipality Birrwil,470
4132,1993-09-30,Initial recording of the municipality Birrwil,443
4132,1992-09-30,Initial recording of the municipality Birrwil,452
4132,1991-09-30,Initial recording of the municipality Birrwil,445
4132,1990-09-30,Initial recording of the municipality Birrwil,444
4132,1989-09-30,Initial recording of the municipality Birrwil,451
4132,1988-09-30,Initial recording of the municipality Birrwil,433
4132,1987-09-30,Initial recording of the municipality Birrwil,425
4132,1986-09-30,Initial recording of the municipality Birrwil,417
4132,1985-09-30,Initial recording of the municipality Birrwil,393
4132,1984-09-30,Initial recording of the municipality Birrwil,404
4132,1983-09-30,Initial recording of the municipality Birrwil,382
4132,1982-09-30,Initial recording of the municipality Birrwil,353
4132,1981-09-30,Initial recording of the municipality Birrwil,349
4132,1980-09-30,Initial recording of the municipality Birrwil,318
4132,1979-09-30,Initial recording of the municipality Birrwil,299
4132,1978-09-30,Initial recording of the municipality Birrwil,293
4132,1977-09-30,Initial recording of the municipality Birrwil,268
4132,1976-09-30,Initial recording of the municipality Birrwil,245
4192,2025-09-30,Initial recording of the municipality Boniswil,1140
4192,2024-09-30,Initial recording of the municipality Boniswil,1137
4192,2023-09-30,Initial recording of the municipality Boniswil,1126
4192,2022-09-30,Initial recording of the municipality Boniswil,1097
4192,2021-09-30,Initial recording of the municipality Boniswil,1078
4192,2020-09-30,Initial recording of the municipality Boniswil,1012
4192,2019-09-30,Initial recording of the municipality Boniswil,957
4192,2018-09-30,Initial recording of the municipality Boniswil,933
4192,2017-09-30,Initial recording of the municipality Boniswil,959
4192,2016-09-30,Initial recording of the municipality Boniswil,955
4192,2015-09-30,Initial recording of the municipality Boniswil,960
4192,2014-09-30,Initial recording of the municipality Boniswil,963
4192,2013-09-30,Initial recording of the municipality Boniswil,929
4192,2012-09-30,Initial recording of the municipality Boniswil,939
4192,2011-09-30,Initial recording of the municipality Boniswil,910
4192,2010-09-30,Initial recording of the municipality Boniswil,889
4192,2009-09-30,Initial recording of the municipality Boniswil,891
4192,2008-09-30,Initial recording of the municipality Boniswil,887
4192,2007-09-30,Initial recording of the municipality Boniswil,879
4192,2006-09-30,Initial recording of the municipality Boniswil,857
4192,2005-09-30,Initial recording of the municipality Boniswil,843
4192,2004-09-30,Initial recording of the municipality Boniswil,814
4192,2003-09-30,Initial recording of the municipality Boniswil,808
4192,2002-09-30,Initial recording of the municipality Boniswil,816
4192,2001-09-30,Initial recording of the municipality Boniswil,788
4192,2000-09-30,Initial recording of the municipality Boniswil,783
4192,1999-09-30,Initial recording of the municipality Boniswil,761
4192,1998-09-30,Initial recording of the municipality Boniswil,734
4192,1997-09-30,Initial recording of the municipality Boniswil,726
4192,1996-09-30,Initial recording of the municipality Boniswil,714
4192,1995-09-30,Initial recording of the municipality Boniswil,703
4192,1994-09-30,Initial recording of the municipality Boniswil,680
4192,1993-09-30,Initial recording of the municipality Boniswil,629
4192,1992-09-30,Initial recording of the municipality Boniswil,612
4192,1991-09-30,Initial recording of the municipality Boniswil,581
4192,1990-09-30,Initial recording of the municipality Boniswil,577
4192,1989-09-30,Initial recording of the municipality Boniswil,534
4192,1988-09-30,Initial recording of the municipality Boniswil,514
4192,1987-09-30,Initial recording of the municipality Boniswil,478
4192,1986-09-30,Initial recording of the municipality Boniswil,449
4192,1985-09-30,Initial recording of the municipality Boniswil,472
4192,1984-09-30,Initial recording of the municipality Boniswil,445
4192,1983-09-30,Initial recording of the municipality Boniswil,418
4192,1982-09-30,Initial recording of the municipality Boniswil,416
4192,1981-09-30,Initial recording of the municipality Boniswil,409
4192,1980-09-30,Initial recording of the municipality Boniswil,388
4192,1979-09-30,Initial recording of the municipality Boniswil,346
4192,1978-09-30,Initial recording of the municipality Boniswil,335
4192,1977-09-30,Initial recording of the municipality Boniswil,313
4192,1976-09-30,Initial recording of the municipality Boniswil,291
4228,2025-09-30,Initial recording of the municipality Boswil,2069
4228,2024-09-30,Initial recording of the municipality Boswil,2082
4228,2023-09-30,Initial recording of the municipality Boswil,2059
4228,2022-09-30,Initial recording of the municipality Boswil,1993
4228,2021-09-30,Initial recording of the municipality Boswil,1965
4228,2020-09-30,Initial recording of the municipality Boswil,1889
4228,2019-09-30,Initial recording of the municipality Boswil,1880
4228,2018-09-30,Initial recording of the municipality Boswil,1816
4228,2017-09-30,Initial recording of the municipality Boswil,1800
4228,2016-09-30,Initial recording of the municipality Boswil,1802
4228,2015-09-30,Initial recording of the municipality Boswil,1791
4228,2014-09-30,Initial recording of the municipality Boswil,1725
4228,2013-09-30,Initial recording of the municipality Boswil,1668
4228,2012-09-30,Initial recording of the municipality Boswil,1608
4228,2011-09-30,Initial recording of the municipality Boswil,1580
4228,2010-09-30,Initial recording of the municipality Boswil,1552
4228,2009-09-30,Initial recording of the municipality Boswil,1510
4228,2008-09-30,Initial recording of the municipality Boswil,1463
4228,2007-09-30,Initial recording of the municipality Boswil,1414
4228,2006-09-30,Initial recording of the municipality Boswil,1381
4228,2005-09-30,Initial recording of the municipality Boswil,1371
4228,2004-09-30,Initial recording of the municipality Boswil,1326
4228,2003-09-30,Initial recording of the municipality Boswil,1345
4228,2002-09-30,Initial recording of the municipality Boswil,1341
4228,2001-09-30,Initial recording of the municipality Boswil,1324
4228,2000-09-30,Initial recording of the municipality Boswil,1300
4228,1999-09-30,Initial recording of the municipality Boswil,1266
4228,1998-09-30,Initial recording of the municipality Boswil,1209
4228,1997-09-30,Initial recording of the municipality Boswil,1190
4228,1996-09-30,Initial recording of the municipality Boswil,1136
4228,1995-09-30,Initial recording of the municipality Boswil,1110
4228,1994-09-30,Initial recording of the municipality Boswil,1080
4228,1993-09-30,Initial recording of the municipality Boswil,1048
4228,1992-09-30,Initial recording of the municipality Boswil,1038
4228,1991-09-30,Initial recording of the municipality Boswil,1025
4228,1990-09-30,Initial recording of the municipality Boswil,963
4228,1989-09-30,Initial recording of the municipality Boswil,887
4228,1988-09-30,Initial recording of the municipality Boswil,882
4228,1987-09-30,Initial recording of the municipality Boswil,848
4228,1986-09-30,Initial recording of the municipality Boswil,833
4228,1985-09-30,Initial recording of the municipality Boswil,795
4228,1984-09-30,Initial recording of the municipality Boswil,759
4228,1983-09-30,Initial recording of the municipality Boswil,727
4228,1982-09-30,Initial recording of the municipality Boswil,692
4228,1981-09-30,Initial recording of the municipality Boswil,664
4228,1980-09-30,Initial recording of the municipality Boswil,633
4228,1979-09-30,Initial recording of the municipality Boswil,616
4228,1978-09-30,Initial recording of the municipality Boswil,571
4228,1977-09-30,Initial recording of the municipality Boswil,537
4228,1976-09-30,Initial recording of the municipality Boswil,513
4273,2025-09-30,Initial recording of the municipality Bottenwil,622
4273,2024-09-30,Initial recording of the municipality Bottenwil,591
4273,2023-09-30,Initial recording of the municipality Bottenwil,600
4273,2022-09-30,Initial recording of the municipality Bottenwil,604
4273,2021-09-30,Initial recording of the municipality Bottenwil,604
4273,2020-09-30,Initial recording of the municipality Bottenwil,592
4273,2019-09-30,Initial recording of the municipality Bottenwil,587
4273,2018-09-30,Initial recording of the municipality Bottenwil,579
4273,2017-09-30,Initial recording of the municipality Bottenwil,567
4273,2016-09-30,Initial recording of the municipality Bottenwil,566
4273,2015-09-30,Initial recording of the municipality Bottenwil,567
4273,2014-09-30,Initial recording of the municipality Bottenwil,554
4273,2013-09-30,Initial recording of the municipality Bottenwil,554
4273,2012-09-30,Initial recording of the municipality Bottenwil,555
4273,2011-09-30,Initial recording of the municipality Bottenwil,554
4273,2010-09-30,Initial recording of the municipality Bottenwil,545
4273,2009-09-30,Initial recording of the municipality Bottenwil,537
4273,2008-09-30,Initial recording of the municipality Bottenwil,545
4273,2007-09-30,Initial recording of the municipality Bottenwil,543
4273,2006-09-30,Initial recording of the municipality Bottenwil,521
4273,2005-09-30,Initial recording of the municipality Bottenwil,514
4273,2004-09-30,Initial recording of the municipality Bottenwil,525
4273,2003-09-30,Initial recording of the municipality Bottenwil,518
4273,2002-09-30,Initial recording of the municipality Bottenwil,492
4273,2001-09-30,Initial recording of the municipality Bottenwil,479
4273,2000-09-30,Initial recording of the municipality Bottenwil,488
4273,1999-09-30,Initial recording of the municipality Bottenwil,486
4273,1998-09-30,Initial recording of the municipality Bottenwil,459
4273,1997-09-30,Initial recording of the municipality Bottenwil,436
4273,1996-09-30,Initial recording of the municipality Bottenwil,437
4273,1995-09-30,Initial recording of the municipality Bottenwil,423
4273,1994-09-30,Initial recording of the municipality Bottenwil,416
4273,1993-09-30,Initial recording of the municipality Bottenwil,377
4273,1992-09-30,Initial recording of the municipality Bottenwil,376
4273,1991-09-30,Initial recording of the municipality Bottenwil,384
4273,1990-09-30,Initial recording of the municipality Bottenwil,373
4273,1989-09-30,Initial recording of the municipality Bottenwil,362
4273,1988-09-30,Initial recording of the municipality Bottenwil,330
4273,1987-09-30,Initial recording of the municipality Bottenwil,335
4273,1986-09-30,Initial recording of the municipality Bottenwil,320
4273,1985-09-30,Initial recording of the municipality Bottenwil,311
4273,1984-09-30,Initial recording of the municipality Bottenwil,299
4273,1983-09-30,Initial recording of the municipality Bottenwil,283
4273,1982-09-30,Initial recording of the municipality Bottenwil,269
4273,1981-09-30,Initial recording of the municipality Bottenwil,263
4273,1980-09-30,Initial recording of the municipality Bottenwil,243
4273,1979-09-30,Initial recording of the municipality Bottenwil,222
4273,1978-09-30,Initial recording of the municipality Bottenwil,216
4273,1977-09-30,Initial recording of the municipality Bottenwil,198
4273,1976-09-30,Initial recording of the municipality Bottenwil,179
4063,2025-09-30,Incorporation of Hermetschwil-Staffeln into Bremgarten (AG),5093
4063,2024-09-30,Incorporation of Hermetschwil-Staffeln into Bremgarten (AG),5067
4063,2023-09-30,Incorporation of Hermetschwil-Staffeln into Bremgarten (AG),5043
4063,2022-09-30,Incorporation of Hermetschwil-Staffeln into Bremgarten (AG),4972
4063,2021-09-30,Incorporation of Hermetschwil-Staffeln into Bremgarten (AG),4884
4063,2020-09-30,Incorporation of Hermetschwil-Staffeln into Bremgarten (AG),4749
4063,2019-09-30,Incorporation of Hermetschwil-Staffeln into Bremgarten (AG),4618
4063,2018-09-30,Incorporation of Hermetschwil-Staffeln into Bremgarten (AG),4516
4063,2017-09-30,Incorporation of Hermetschwil-Staffeln into Bremgarten (AG),4434
4063,2016-09-30,Incorporation of Hermetschwil-Staffeln into Bremgarten (AG),4496
4063,2015-09-30,Incorporation of Hermetschwil-Staffeln into Bremgarten (AG),4426
4063,2014-09-30,Incorporation of Hermetschwil-Staffeln into Bremgarten (AG),4428
4063,2013-09-30,Initial recording of the municipality Bremgarten (AG),3627
4063,2012-09-30,Initial recording of the municipality Bremgarten (AG),3550
4063,2011-09-30,Initial recording of the municipality Bremgarten (AG),3460
4063,2010-09-30,Initial recording of the municipality Bremgarten (AG),3428
4063,2009-09-30,Initial recording of the municipality Bremgarten (AG),3284
4063,2008-09-30,Initial recording of the municipality Bremgarten (AG),3290
4063,2007-09-30,Initial recording of the municipality Bremgarten (AG),3276
4063,2006-09-30,Initial recording of the municipality Bremgarten (AG),3271
4063,2005-09-30,Initial recording of the municipality Bremgarten (AG),3204
4063,2004-09-30,Initial recording of the municipality Bremgarten (AG),3134
4063,2003-09-30,Initial recording of the municipality Bremgarten (AG),3078
4063,2002-09-30,Initial recording of the municipality Bremgarten (AG),2928
4063,2001-09-30,Initial recording of the municipality Bremgarten (AG),2817
4063,2000-09-30,Initial recording of the municipality Bremgarten (AG),2681
4063,1999-09-30,Initial recording of the municipality Bremgarten (AG),2611
4063,1998-09-30,Initial recording of the municipality Bremgarten (AG),2581
4063,1997-09-30,Initial recording of the municipality Bremgarten (AG),2534
4063,1996-09-30,Initial recording of the municipality Bremgarten (AG),2538
4063,1995-09-30,Initial recording of the municipality Bremgarten (AG),2494
4063,1994-09-30,Initial recording of the municipality Bremgarten (AG),2455
4063,1993-09-30,Initial recording of the municipality Bremgarten (AG),2413
4063,1992-09-30,Initial recording of the municipality Bremgarten (AG),2356
4063,1991-09-30,Initial recording of the municipality Bremgarten (AG),2358
4063,1990-09-30,Initial recording of the municipality Bremgarten (AG),2292
4063,1989-09-30,Initial recording of the municipality Bremgarten (AG),2203
4063,1988-09-30,Initial recording of the municipality Bremgarten (AG),2071
4063,1987-09-30,Initial recording of the municipality Bremgarten (AG),1925
4063,1986-09-30,Initial recording of the municipality Bremgarten (AG),1845
4063,1985-09-30,Initial recording of the municipality Bremgarten (AG),1829
4063,1984-09-30,Initial recording of the municipality Bremgarten (AG),1863
4063,1983-09-30,Initial recording of the municipality Bremgarten (AG),1789
4063,1982-09-30,Initial recording of the municipality Bremgarten (AG),1779
4063,1981-09-30,Initial recording of the municipality Bremgarten (AG),1726
4063,1980-09-30,Initial recording of the municipality Bremgarten (AG),1685
4063,1979-09-30,Initial recording of the municipality Bremgarten (AG),1600
4063,1978-09-30,Initial recording of the municipality Bremgarten (AG),1531
4063,1977-09-30,Initial recording of the municipality Bremgarten (AG),1459
4063,1976-09-30,Initial recording of the municipality Bremgarten (AG),1494
4274,2025-09-30,Initial recording of the municipality Brittnau,2726
4274,2024-09-30,Initial recording of the municipality Brittnau,2710
4274,2023-09-30,Initial recording of the municipality Brittnau,2659
4274,2022-09-30,Initial recording of the municipality Brittnau,2608
4274,2021-09-30,Initial recording of the municipality Brittnau,2546
4274,2020-09-30,Initial recording of the municipality Brittnau,2463
4274,2019-09-30,Initial recording of the municipality Brittnau,2391
4274,2018-09-30,Initial recording of the municipality Brittnau,2355
4274,2017-09-30,Initial recording of the municipality Brittnau,2311
4274,2016-09-30,Initial recording of the municipality Brittnau,2280
4274,2015-09-30,Initial recording of the municipality Brittnau,2269
4274,2014-09-30,Initial recording of the municipality Brittnau,2240
4274,2013-09-30,Initial recording of the municipality Brittnau,2184
4274,2012-09-30,Initial recording of the municipality Brittnau,2091
4274,2011-09-30,Initial recording of the municipality Brittnau,2026
4274,2010-09-30,Initial recording of the municipality Brittnau,1990
4274,2009-09-30,Initial recording of the municipality Brittnau,1991
4274,2008-09-30,Initial recording of the municipality Brittnau,1997
4274,2007-09-30,Initial recording of the municipality Brittnau,2003
4274,2006-09-30,Initial recording of the municipality Brittnau,1962
4274,2005-09-30,Initial recording of the municipality Brittnau,1945
4274,2004-09-30,Initial recording of the municipality Brittnau,1934
4274,2003-09-30,Initial recording of the municipality Brittnau,1862
4274,2002-09-30,Initial recording of the municipality Brittnau,1845
4274,2001-09-30,Initial recording of the municipality Brittnau,1804
4274,2000-09-30,Initial recording of the municipality Brittnau,1769
4274,1999-09-30,Initial recording of the municipality Brittnau,1716
4274,1998-09-30,Initial recording of the municipality Brittnau,1663
4274,1997-09-30,Initial recording of the municipality Brittnau,1591
4274,1996-09-30,Initial recording of the municipality Brittnau,1550
4274,1995-09-30,Initial recording of the municipality Brittnau,1484
4274,1994-09-30,Initial recording of the municipality Brittnau,1455
4274,1993-09-30,Initial recording of the municipality Brittnau,1373
4274,1992-09-30,Initial recording of the municipality Brittnau,1341
4274,1991-09-30,Initial recording of the municipality Brittnau,1321
4274,1990-09-30,Initial recording of the municipality Brittnau,1276
4274,1989-09-30,Initial recording of the municipality Brittnau,1247
4274,1988-09-30,Initial recording of the municipality Brittnau,1209
4274,1987-09-30,Initial recording of the municipality Brittnau,1145
4274,1986-09-30,Initial recording of the municipality Brittnau,1081
4274,1985-09-30,Initial recording of the municipality Brittnau,1034
4274,1984-09-30,Initial recording of the municipality Brittnau,993
4274,1983-09-30,Initial recording of the municipality Brittnau,949
4274,1982-09-30,Initial recording of the municipality Brittnau,914
4274,1981-09-30,Initial recording of the municipality Brittnau,907
4274,1980-09-30,Initial recording of the municipality Brittnau,873
4274,1979-09-30,Initial recording of the municipality Brittnau,797
4274,1978-09-30,Initial recording of the municipality Brittnau,758
4274,1977-09-30,Initial recording of the municipality Brittnau,721
4274,1976-09-30,Initial recording of the municipality Brittnau,699
4095,2025-09-30,Incorporation of Schinznach-Bad into Brugg,6630
4095,2024-09-30,Incorporation of Schinznach-Bad into Brugg,6644
4095,2023-09-30,Incorporation of Schinznach-Bad into Brugg,6549
4095,2022-09-30,Incorporation of Schinznach-Bad into Brugg,6546
4095,2021-09-30,Incorporation of Schinznach-Bad into Brugg,6496
4095,2020-09-30,Incorporation of Schinznach-Bad into Brugg,6400
4095,2019-09-30,Incorporation of Umiken into Brugg,5396
4095,2018-09-30,Incorporation of Umiken into Brugg,5351
4095,2017-09-30,Incorporation of Umiken into Brugg,5432
4095,2016-09-30,Incorporation of Umiken into Brugg,5476
4095,2015-09-30,Incorporation of Umiken into Brugg,5537
4095,2014-09-30,Incorporation of Umiken into Brugg,5385
4095,2013-09-30,Incorporation of Umiken into Brugg,5298
4095,2012-09-30,Incorporation of Umiken into Brugg,5157
4095,2011-09-30,Incorporation of Umiken into Brugg,5126
4095,2010-09-30,Incorporation of Umiken into Brugg,5067
4095,2009-09-30,Incorporation of Lauffohr into Brugg,4441
4095,2008-09-30,Incorporation of Lauffohr into Brugg,4390
4095,2007-09-30,Incorporation of Lauffohr into Brugg,4371
4095,2006-09-30,Incorporation of Lauffohr into Brugg,4374
4095,2005-09-30,Incorporation of Lauffohr into Brugg,4379
4095,2004-09-30,Incorporation of Lauffohr into Brugg,4386
4095,2003-09-30,Incorporation of Lauffohr into Brugg,4383
4095,2002-09-30,Incorporation of Lauffohr into Brugg,4336
4095,2001-09-30,Incorporation of Lauffohr into Brugg,4280
4095,2000-09-30,Incorporation of Lauffohr into Brugg,4217
4095,1999-09-30,Incorporation of Lauffohr into Brugg,4119
4095,1998-09-30,Incorporation of Lauffohr into Brugg,4015
4095,1997-09-30,Incorporation of Lauffohr into Brugg,3968
4095,1996-09-30,Incorporation of Lauffohr into Brugg,3946
4095,1995-09-30,Incorporation of Lauffohr into Brugg,3915
4095,1994-09-30,Incorporation of Lauffohr into Brugg,3861
4095,1993-09-30,Incorporation of Lauffohr into Brugg,3883
4095,1992-09-30,Incorporation of Lauffohr into Brugg,3847
4095,1991-09-30,Incorporation of Lauffohr into Brugg,3856
4095,1990-09-30,Incorporation of Lauffohr into Brugg,3807
4095,1989-09-30,Incorporation of Lauffohr into Brugg,3679
4095,1988-09-30,Incorporation of Lauffohr into Brugg,3630
4095,1987-09-30,Incorporation of Lauffohr into Brugg,3514
4095,1986-09-30,Incorporation of Lauffohr into Brugg,3406
4095,1985-09-30,Incorporation of Lauffohr into Brugg,3268
4095,1984-09-30,Incorporation of Lauffohr into Brugg,3230
4095,1983-09-30,Incorporation of Lauffohr into Brugg,3191
4095,1982-09-30,Incorporation of Lauffohr into Brugg,3135
4095,1981-09-30,Incorporation of Lauffohr into Brugg,2990
4095,1980-09-30,Incorporation of Lauffohr into Brugg,2954
4095,1979-09-30,Incorporation of Lauffohr into Brugg,2847
4095,1978-09-30,Incorporation of Lauffohr into Brugg,2742
4095,1977-09-30,Incorporation of Lauffohr into Brugg,2620
4095,1976-09-30,Incorporation of Lauffohr into Brugg,2561
4193,2025-09-30,Initial recording of the municipality Brunegg,663
4193,2024-09-30,Initial recording of the municipality Brunegg,641
4193,2023-09-30,Initial recording of the municipality Brunegg,620
4193,2022-09-30,Initial recording of the municipality Brunegg,604
4193,2021-09-30,Initial recording of the municipality Brunegg,604
4193,2020-09-30,Initial recording of the municipality Brunegg,604
4193,2019-09-30,Initial recording of the municipality Brunegg,596
4193,2018-09-30,Initial recording of the municipality Brunegg,571
4193,2017-09-30,Initial recording of the municipality Brunegg,540
4193,2016-09-30,Initial recording of the municipality Brunegg,524
4193,2015-09-30,Initial recording of the municipality Brunegg,520
4193,2014-09-30,Initial recording of the municipality Brunegg,494
4193,2013-09-30,Initial recording of the municipality Brunegg,493
4193,2012-09-30,Initial recording of the municipality Brunegg,477
4193,2011-09-30,Initial recording of the municipality Brunegg,475
4193,2010-09-30,Initial recording of the municipality Brunegg,457
4193,2009-09-30,Initial recording of the municipality Brunegg,437
4193,2008-09-30,Initial recording of the municipality Brunegg,397
4193,2007-09-30,Initial recording of the municipality Brunegg,356
4193,2006-09-30,Initial recording of the municipality Brunegg,325
4193,2005-09-30,Initial recording of the municipality Brunegg,313
4193,2004-09-30,Initial recording of the municipality Brunegg,333
4193,2003-09-30,Initial recording of the municipality Brunegg,321
4193,2002-09-30,Initial recording of the municipality Brunegg,319
4193,2001-09-30,Initial recording of the municipality Brunegg,354
4193,2000-09-30,Initial recording of the municipality Brunegg,338
4193,1999-09-30,Initial recording of the municipality Brunegg,312
4193,1998-09-30,Initial recording of the municipality Brunegg,297
4193,1997-09-30,Initial recording of the municipality Brunegg,286
4193,1996-09-30,Initial recording of the municipality Brunegg,265
4193,1995-09-30,Initial recording of the municipality Brunegg,263
4193,1994-09-30,Initial recording of the municipality Brunegg,255
4193,1993-09-30,Initial recording of the municipality Brunegg,246
4193,1992-09-30,Initial recording of the municipality Brunegg,231
4193,1991-09-30,Initial recording of the municipality Brunegg,221
4193,1990-09-30,Initial recording of the municipality Brunegg,213
4193,1989-09-30,Initial recording of the municipality Brunegg,188
4193,1988-09-30,Initial recording of the municipality Brunegg,177
4193,1987-09-30,Initial recording of the municipality Brunegg,181
4193,1986-09-30,Initial recording of the municipality Brunegg,178
4193,1985-09-30,Initial recording of the municipality Brunegg,166
4193,1984-09-30,Initial recording of the municipality Brunegg,166
4193,1983-09-30,Initial recording of the municipality Brunegg,155
4193,1982-09-30,Initial recording of the municipality Brunegg,150
4193,1981-09-30,Initial recording of the municipality Brunegg,143
4193,1980-09-30,Initial recording of the municipality Brunegg,146
4193,1979-09-30,Initial recording of the municipality Brunegg,140
4193,1978-09-30,Initial recording of the municipality Brunegg,119
4193,1977-09-30,Initial recording of the municipality Brunegg,119
4193,1976-09-30,Initial recording of the municipality Brunegg,107
4003,2025-09-30,Initial recording of the municipality Buchs (AG),4325
4003,2024-09-30,Initial recording of the municipality Buchs (AG),4310
4003,2023-09-30,Initial recording of the municipality Buchs (AG),4290
4003,2022-09-30,Initial recording of the municipality Buchs (AG),4270
4003,2021-09-30,Initial recording of the municipality Buchs (AG),4226
4003,2020-09-30,Initial recording of the municipality Buchs (AG),4231
4003,2019-09-30,Initial recording of the municipality Buchs (AG),4191
4003,2018-09-30,Initial recording of the municipality Buchs (AG),4160
4003,2017-09-30,Initial recording of the municipality Buchs (AG),4097
4003,2016-09-30,Initial recording of the municipality Buchs (AG),4058
4003,2015-09-30,Initial recording of the municipality Buchs (AG),3989
4003,2014-09-30,Initial recording of the municipality Buchs (AG),3910
4003,2013-09-30,Initial recording of the municipality Buchs (AG),3851
4003,2012-09-30,Initial recording of the municipality Buchs (AG),3842
4003,2011-09-30,Initial recording of the municipality Buchs (AG),3760
4003,2010-09-30,Initial recording of the municipality Buchs (AG),3619
4003,2009-09-30,Initial recording of the municipality Buchs (AG),3490
4003,2008-09-30,Initial recording of the municipality Buchs (AG),3376
4003,2007-09-30,Initial recording of the municipality Buchs (AG),3322
4003,2006-09-30,Initial recording of the municipality Buchs (AG),3326
4003,2005-09-30,Initial recording of the municipality Buchs (AG),3321
4003,2004-09-30,Initial recording of the municipality Buchs (AG),3362
4003,2003-09-30,Initial recording of the municipality Buchs (AG),3311
4003,2002-09-30,Initial recording of the municipality Buchs (AG),3198
4003,2001-09-30,Initial recording of the municipality Buchs (AG),3101
4003,2000-09-30,Initial recording of the municipality Buchs (AG),3006
4003,1999-09-30,Initial recording of the municipality Buchs (AG),2875
4003,1998-09-30,Initial recording of the municipality Buchs (AG),2780
4003,1997-09-30,Initial recording of the municipality Buchs (AG),2746
4003,1996-09-30,Initial recording of the municipality Buchs (AG),2773
4003,1995-09-30,Initial recording of the municipality Buchs (AG),2718
4003,1994-09-30,Initial recording of the municipality Buchs (AG),2604
4003,1993-09-30,Initial recording of the municipality Buchs (AG),2597
4003,1992-09-30,Initial recording of the municipality Buchs (AG),2604
4003,1991-09-30,Initial recording of the municipality Buchs (AG),2585
4003,1990-09-30,Initial recording of the municipality Buchs (AG),2520
4003,1989-09-30,Initial recording of the municipality Buchs (AG),2386
4003,1988-09-30,Initial recording of the municipality Buchs (AG),2353
4003,1987-09-30,Initial recording of the municipality Buchs (AG),2278
4003,1986-09-30,Initial recording of the municipality Buchs (AG),2244
4003,1985-09-30,Initial recording of the municipality Buchs (AG),2204
4003,1984-09-30,Initial recording of the municipality Buchs (AG),2143
4003,1983-09-30,Initial recording of the municipality Buchs (AG),2155
4003,1982-09-30,Initial recording of the municipality Buchs (AG),2130
4003,1981-09-30,Initial recording of the municipality Buchs (AG),2105
4003,1980-09-30,Initial recording of the municipality Buchs (AG),2072
4003,1979-09-30,Initial recording of the municipality Buchs (AG),2008
4003,1978-09-30,Initial recording of the municipality Buchs (AG),1956
4003,1977-09-30,Initial recording of the municipality Buchs (AG),1864
4003,1976-09-30,Initial recording of the municipality Buchs (AG),1828
4133,2022-09-30,Initial recording of the municipality Burg (AG),689
4133,2021-09-30,Initial recording of the municipality Burg (AG),643
4133,2020-09-30,Initial recording of the municipality Burg (AG),654
4133,2019-09-30,Initial recording of the municipality Burg (AG),649
4133,2018-09-30,Initial recording of the municipality Burg (AG),666
4133,2017-09-30,Initial recording of the municipality Burg (AG),659
4133,2016-09-30,Initial recording of the municipality Burg (AG),656
4133,2015-09-30,Initial recording of the municipality Burg (AG),629
4133,2014-09-30,Initial recording of the municipality Burg (AG),635
4133,2013-09-30,Initial recording of the municipality Burg (AG),644
4133,2012-09-30,Initial recording of the municipality Burg (AG),653
4133,2011-09-30,Initial recording of the municipality Burg (AG),647
4133,2010-09-30,Initial recording of the municipality Burg (AG),638
4133,2009-09-30,Initial recording of the municipality Burg (AG),620
4133,2008-09-30,Initial recording of the municipality Burg (AG),638
4133,2007-09-30,Initial recording of the municipality Burg (AG),625
4133,2006-09-30,Initial recording of the municipality Burg (AG),585
4133,2005-09-30,Initial recording of the municipality Burg (AG),567
4133,2004-09-30,Initial recording of the municipality Burg (AG),548
4133,2003-09-30,Initial recording of the municipality Burg (AG),522
4133,2002-09-30,Initial recording of the municipality Burg (AG),498
4133,2001-09-30,Initial recording of the municipality Burg (AG),490
4133,2000-09-30,Initial recording of the municipality Burg (AG),504
4133,1999-09-30,Initial recording of the municipality Burg (AG),493
4133,1998-09-30,Initial recording of the municipality Burg (AG),492
4133,1997-09-30,Initial recording of the municipality Burg (AG),522
4133,1996-09-30,Initial recording of the municipality Burg (AG),505
4133,1995-09-30,Initial recording of the municipality Burg (AG),522
4133,1994-09-30,Initial recording of the municipality Burg (AG),521
4133,1993-09-30,Initial recording of the municipality Burg (AG),485
4133,1992-09-30,Initial recording of the municipality Burg (AG),485
4133,1991-09-30,Initial recording of the municipality Burg (AG),482
4133,1990-09-30,Initial recording of the municipality Burg (AG),481
4133,1989-09-30,Initial recording of the municipality Burg (AG),476
4133,1988-09-30,Initial recording of the municipality Burg (AG),430
4133,1987-09-30,Initial recording of the municipality Burg (AG),410
4133,1986-09-30,Initial recording of the municipality Burg (AG),391
4133,1985-09-30,Initial recording of the municipality Burg (AG),366
4133,1984-09-30,Initial recording of the municipality Burg (AG),364
4133,1983-09-30,Initial recording of the municipality Burg (AG),361
4133,1982-09-30,Initial recording of the municipality Burg (AG),338
4133,1981-09-30,Initial recording of the municipality Burg (AG),334
4133,1980-09-30,Initial recording of the municipality Burg (AG),304
4133,1979-09-30,Initial recording of the municipality Burg (AG),296
4133,1978-09-30,Initial recording of the municipality Burg (AG),271
4133,1977-09-30,Initial recording of the municipality Burg (AG),240
4133,1976-09-30,Initial recording of the municipality Burg (AG),242
4230,2025-09-30,Initial recording of the municipality Buttwil,873
4230,2024-09-30,Initial recording of the municipality Buttwil,860
4230,2023-09-30,Initial recording of the municipality Buttwil,891
4230,2022-09-30,Initial recording of the municipality Buttwil,881
4230,2021-09-30,Initial recording of the municipality Buttwil,871
4230,2020-09-30,Initial recording of the municipality Buttwil,871
4230,2019-09-30,Initial recording of the municipality Buttwil,862
4230,2018-09-30,Initial recording of the municipality Buttwil,856
4230,2017-09-30,Initial recording of the municipality Buttwil,824
4230,2016-09-30,Initial recording of the municipality Buttwil,827
4230,2015-09-30,Initial recording of the municipality Buttwil,787
4230,2014-09-30,Initial recording of the municipality Buttwil,773
4230,2013-09-30,Initial recording of the municipality Buttwil,772
4230,2012-09-30,Initial recording of the municipality Buttwil,790
4230,2011-09-30,Initial recording of the municipality Buttwil,754
4230,2010-09-30,Initial recording of the municipality Buttwil,752
4230,2009-09-30,Initial recording of the municipality Buttwil,757
4230,2008-09-30,Initial recording of the municipality Buttwil,746
4230,2007-09-30,Initial recording of the municipality Buttwil,714
4230,2006-09-30,Initial recording of the municipality Buttwil,705
4230,2005-09-30,Initial recording of the municipality Buttwil,726
4230,2004-09-30,Initial recording of the municipality Buttwil,709
4230,2003-09-30,Initial recording of the municipality Buttwil,697
4230,2002-09-30,Initial recording of the municipality Buttwil,679
4230,2001-09-30,Initial recording of the municipality Buttwil,658
4230,2000-09-30,Initial recording of the municipality Buttwil,627
4230,1999-09-30,Initial recording of the municipality Buttwil,642
4230,1998-09-30,Initial recording of the municipality Buttwil,628
4230,1997-09-30,Initial recording of the municipality Buttwil,632
4230,1996-09-30,Initial recording of the municipality Buttwil,597
4230,1995-09-30,Initial recording of the municipality Buttwil,572
4230,1994-09-30,Initial recording of the municipality Buttwil,524
4230,1993-09-30,Initial recording of the municipality Buttwil,510
4230,1992-09-30,Initial recording of the municipality Buttwil,525
4230,1991-09-30,Initial recording of the municipality Buttwil,519
4230,1990-09-30,Initial recording of the municipality Buttwil,483
4230,1989-09-30,Initial recording of the municipality Buttwil,478
4230,1988-09-30,Initial recording of the municipality Buttwil,431
4230,1987-09-30,Initial recording of the municipality Buttwil,421
4230,1986-09-30,Initial recording of the municipality Buttwil,403
4230,1985-09-30,Initial recording of the municipality Buttwil,382
4230,1984-09-30,Initial recording of the municipality Buttwil,366
4230,1983-09-30,Initial recording of the municipality Buttwil,348
4230,1982-09-30,Initial recording of the municipality Buttwil,313
4230,1981-09-30,Initial recording of the municipality Buttwil,278
4230,1980-09-30,Initial recording of the municipality Buttwil,255
4230,1979-09-30,Initial recording of the municipality Buttwil,236
4230,1978-09-30,Initial recording of the municipality Buttwil,216
4230,1977-09-30,Initial recording of the municipality Buttwil,202
4230,1976-09-30,Initial recording of the municipality Buttwil,178
4302,2021-09-30,Initial recording of the municipality Böbikon,130
4302,2020-09-30,Initial recording of the municipality Böbikon,127
4302,2019-09-30,Initial recording of the municipality Böbikon,131
4302,2018-09-30,Initial recording of the municipality Böbikon,129
4302,2017-09-30,Initial recording of the municipality Böbikon,129
4302,2016-09-30,Initial recording of the municipality Böbikon,122
4302,2015-09-30,Initial recording of the municipality Böbikon,124
4302,2014-09-30,Initial recording of the municipality Böbikon,115
4302,2013-09-30,Initial recording of the municipality Böbikon,116
4302,2012-09-30,Initial recording of the municipality Böbikon,110
4302,2011-09-30,Initial recording of the municipality Böbikon,109
4302,2010-09-30,Initial recording of the municipality Böbikon,110
4302,2009-09-30,Initial recording of the municipality Böbikon,97
4302,2008-09-30,Initial recording of the municipality Böbikon,103
4302,2007-09-30,Initial recording of the municipality Böbikon,107
4302,2006-09-30,Initial recording of the municipality Böbikon,105
4302,2005-09-30,Initial recording of the municipality Böbikon,108
4302,2004-09-30,Initial recording of the municipality Böbikon,109
4302,2003-09-30,Initial recording of the municipality Böbikon,103
4302,2002-09-30,Initial recording of the municipality Böbikon,98
4302,2001-09-30,Initial recording of the municipality Böbikon,96
4302,2000-09-30,Initial recording of the municipality Böbikon,92
4302,1999-09-30,Initial recording of the municipality Böbikon,91
4302,1998-09-30,Initial recording of the municipality Böbikon,87
4302,1997-09-30,Initial recording of the municipality Böbikon,89
4302,1996-09-30,Initial recording of the municipality Böbikon,87
4302,1995-09-30,Initial recording of the municipality Böbikon,89
4302,1994-09-30,Initial recording of the municipality Böbikon,85
4302,1993-09-30,Initial recording of the municipality Böbikon,82
4302,1992-09-30,Initial recording of the municipality Böbikon,72
4302,1991-09-30,Initial recording of the municipality Böbikon,75
4302,1990-09-30,Initial recording of the municipality Böbikon,59
4302,1989-09-30,Initial recording of the municipality Böbikon,61
4302,1988-09-30,Initial recording of the municipality Böbikon,60
4302,1987-09-30,Initial recording of the municipality Böbikon,58
4302,1986-09-30,Initial recording of the municipality Böbikon,63
4302,1985-09-30,Initial recording of the municipality Böbikon,61
4302,1984-09-30,Initial recording of the municipality Böbikon,58
4302,1983-09-30,Initial recording of the municipality Böbikon,61
4302,1982-09-30,Initial recording of the municipality Böbikon,57
4302,1981-09-30,Initial recording of the municipality Böbikon,59
4302,1980-09-30,Initial recording of the municipality Böbikon,48
4302,1979-09-30,Initial recording of the municipality Böbikon,43
4302,1978-09-30,Initial recording of the municipality Böbikon,38
4302,1977-09-30,Initial recording of the municipality Böbikon,37
4302,1976-09-30,Initial recording of the municipality Böbikon,39
4303,2025-09-30,Initial recording of the municipality Böttstein,2641
4303,2024-09-30,Initial recording of the municipality Böttstein,2611
4303,2023-09-30,Initial recording of the municipality Böttstein,2556
4303,2022-09-30,Initial recording of the municipality Böttstein,2443
4303,2021-09-30,Initial recording of the municipality Böttstein,2395
4303,2020-09-30,Initial recording of the municipality Böttstein,2387
4303,2019-09-30,Initial recording of the municipality Böttstein,2345
4303,2018-09-30,Initial recording of the municipality Böttstein,2323
4303,2017-09-30,Initial recording of the municipality Böttstein,2333
4303,2016-09-30,Initial recording of the municipality Böttstein,2300
4303,2015-09-30,Initial recording of the municipality Böttstein,2282
4303,2014-09-30,Initial recording of the municipality Böttstein,2151
4303,2013-09-30,Initial recording of the municipality Böttstein,2143
4303,2012-09-30,Initial recording of the municipality Böttstein,2155
4303,2011-09-30,Initial recording of the municipality Böttstein,2086
4303,2010-09-30,Initial recording of the municipality Böttstein,2029
4303,2009-09-30,Initial recording of the municipality Böttstein,2034
4303,2008-09-30,Initial recording of the municipality Böttstein,2008
4303,2007-09-30,Initial recording of the municipality Böttstein,1989
4303,2006-09-30,Initial recording of the municipality Böttstein,1962
4303,2005-09-30,Initial recording of the municipality Böttstein,1945
4303,2004-09-30,Initial recording of the municipality Böttstein,1892
4303,2003-09-30,Initial recording of the municipality Böttstein,1894
4303,2002-09-30,Initial recording of the municipality Böttstein,1848
4303,2001-09-30,Initial recording of the municipality Böttstein,1793
4303,2000-09-30,Initial recording of the municipality Böttstein,1784
4303,1999-09-30,Initial recording of the municipality Böttstein,1776
4303,1998-09-30,Initial recording of the municipality Böttstein,1757
4303,1997-09-30,Initial recording of the municipality Böttstein,1719
4303,1996-09-30,Initial recording of the municipality Böttstein,1719
4303,1995-09-30,Initial recording of the municipality Böttstein,1693
4303,1994-09-30,Initial recording of the municipality Böttstein,1668
4303,1993-09-30,Initial recording of the municipality Böttstein,1635
4303,1992-09-30,Initial recording of the municipality Böttstein,1606
4303,1991-09-30,Initial recording of the municipality Böttstein,1574
4303,1990-09-30,Initial recording of the municipality Böttstein,1515
4303,1989-09-30,Initial recording of the municipality Böttstein,1400
4303,1988-09-30,Initial recording of the municipality Böttstein,1342
4303,1987-09-30,Initial recording of the municipality Böttstein,1268
4303,1986-09-30,Initial recording of the municipality Böttstein,1192
4303,1985-09-30,Initial recording of the municipality Böttstein,1116
4303,1984-09-30,Initial recording of the municipality Böttstein,1108
4303,1983-09-30,Initial recording of the municipality Böttstein,1076
4303,1982-09-30,Initial recording of the municipality Böttstein,1051
4303,1981-09-30,Initial recording of the municipality Böttstein,1019
4303,1980-09-30,Initial recording of the municipality Böttstein,965
4303,1979-09-30,Initial recording of the municipality Böttstein,932
4303,1978-09-30,Initial recording of the municipality Böttstein,868
4303,1977-09-30,Initial recording of the municipality Böttstein,805
4303,1976-09-30,Initial recording of the municipality Böttstein,800
4124,2025-09-30,"Fusion of Gallenkirch, Linn, Oberbözberg and Unterbözberg into Bözberg",1138
4124,2024-09-30,"Fusion of Gallenkirch, Linn, Oberbözberg and Unterbözberg into Bözberg",1140
4124,2023-09-30,"Fusion of Gallenkirch, Linn, Oberbözberg and Unterbözberg into Bözberg",1092
4124,2022-09-30,"Fusion of Gallenkirch, Linn, Oberbözberg and Unterbözberg into Bözberg",1085
4124,2021-09-30,"Fusion of Gallenkirch, Linn, Oberbözberg and Unterbözberg into Bözberg",1072
4124,2020-09-30,"Fusion of Gallenkirch, Linn, Oberbözberg and Unterbözberg into Bözberg",1079
4124,2019-09-30,"Fusion of Gallenkirch, Linn, Oberbözberg and Unterbözberg into Bözberg",1064
4124,2018-09-30,"Fusion of Gallenkirch, Linn, Oberbözberg and Unterbözberg into Bözberg",1048
4124,2017-09-30,"Fusion of Gallenkirch, Linn, Oberbözberg and Unterbözberg into Bözberg",1023
4124,2016-09-30,"Fusion of Gallenkirch, Linn, Oberbözberg and Unterbözberg into Bözberg",1046
4124,2015-09-30,"Fusion of Gallenkirch, Linn, Oberbözberg and Unterbözberg into Bözberg",1051
4124,2014-09-30,"Fusion of Gallenkirch, Linn, Oberbözberg and Unterbözberg into Bözberg",1042
4124,2013-09-30,"Fusion of Gallenkirch, Linn, Oberbözberg and Unterbözberg into Bözberg",1013
4094,2021-09-30,Initial recording of the municipality Bözen,581
4094,2020-09-30,Initial recording of the municipality Bözen,593
4094,2019-09-30,Initial recording of the municipality Bözen,539
4094,2018-09-30,Initial recording of the municipality Bözen,506
4094,2017-09-30,Initial recording of the municipality Bözen,517
4094,2016-09-30,Initial recording of the municipality Bözen,507
4094,2015-09-30,Initial recording of the municipality Bözen,492
4094,2014-09-30,Initial recording of the municipality Bözen,489
4094,2013-09-30,Initial recording of the municipality Bözen,494
4094,2012-09-30,Initial recording of the municipality Bözen,465
4094,2011-09-30,Initial recording of the municipality Bözen,446
4094,2010-09-30,Initial recording of the municipality Bözen,447
4094,2009-09-30,Initial recording of the municipality Bözen,413
4094,2008-09-30,Initial recording of the municipality Bözen,414
4094,2007-09-30,Initial recording of the municipality Bözen,408
4094,2006-09-30,Initial recording of the municipality Bözen,390
4094,2005-09-30,Initial recording of the municipality Bözen,389
4094,2004-09-30,Initial recording of the municipality Bözen,381
4094,2003-09-30,Initial recording of the municipality Bözen,377
4094,2002-09-30,Initial recording of the municipality Bözen,363
4094,2001-09-30,Initial recording of the municipality Bözen,350
4094,2000-09-30,Initial recording of the municipality Bözen,344
4094,1999-09-30,Initial recording of the municipality Bözen,323
4094,1998-09-30,Initial recording of the municipality Bözen,309
4094,1997-09-30,Initial recording of the municipality Bözen,301
4094,1996-09-30,Initial recording of the municipality Bözen,297
4094,1995-09-30,Initial recording of the municipality Bözen,286
4094,1994-09-30,Initial recording of the municipality Bözen,292
4094,1993-09-30,Initial recording of the municipality Bözen,278
4094,1992-09-30,Initial recording of the municipality Bözen,284
4094,1991-09-30,Initial recording of the municipality Bözen,266
4094,1990-09-30,Initial recording of the municipality Bözen,255
4094,1989-09-30,Initial recording of the municipality Bözen,238
4094,1988-09-30,Initial recording of the municipality Bözen,230
4094,1987-09-30,Initial recording of the municipality Bözen,223
4094,1986-09-30,Initial recording of the municipality Bözen,206
4094,1985-09-30,Initial recording of the municipality Bözen,208
4094,1984-09-30,Initial recording of the municipality Bözen,187
4094,1983-09-30,Initial recording of the municipality Bözen,174
4094,1982-09-30,Initial recording of the municipality Bözen,164
4094,1981-09-30,Initial recording of the municipality Bözen,151
4094,1980-09-30,Initial recording of the municipality Bözen,152
4094,1979-09-30,Initial recording of the municipality Bözen,139
4094,1978-09-30,Initial recording of the municipality Bözen,134
4094,1977-09-30,Initial recording of the municipality Bözen,130
4094,1976-09-30,Initial recording of the municipality Bözen,121
4185,2025-09-30,"Fusion of Bözen, Effingen, Elfingen and Hornussen into Böztal",1955
4185,2024-09-30,"Fusion of Bözen, Effingen, Elfingen and Hornussen into Böztal",1939
4185,2023-09-30,"Fusion of Bözen, Effingen, Elfingen and Hornussen into Böztal",1899
4185,2022-09-30,"Fusion of Bözen, Effingen, Elfingen and Hornussen into Böztal",1874
4229,2025-09-30,Initial recording of the municipality Bünzen,777
4229,2024-09-30,Initial recording of the municipality Bünzen,765
4229,2023-09-30,Initial recording of the municipality Bünzen,766
4229,2022-09-30,Initial recording of the municipality Bünzen,761
4229,2021-09-30,Initial recording of the municipality Bünzen,730
4229,2020-09-30,Initial recording of the municipality Bünzen,718
4229,2019-09-30,Initial recording of the municipality Bünzen,682
4229,2018-09-30,Initial recording of the municipality Bünzen,705
4229,2017-09-30,Initial recording of the municipality Bünzen,710
4229,2016-09-30,Initial recording of the municipality Bünzen,670
4229,2015-09-30,Initial recording of the municipality Bünzen,654
4229,2014-09-30,Initial recording of the municipality Bünzen,639
4229,2013-09-30,Initial recording of the municipality Bünzen,626
4229,2012-09-30,Initial recording of the municipality Bünzen,621
4229,2011-09-30,Initial recording of the municipality Bünzen,597
4229,2010-09-30,Initial recording of the municipality Bünzen,568
4229,2009-09-30,Initial recording of the municipality Bünzen,564
4229,2008-09-30,Initial recording of the municipality Bünzen,551
4229,2007-09-30,Initial recording of the municipality Bünzen,544
4229,2006-09-30,Initial recording of the municipality Bünzen,518
4229,2005-09-30,Initial recording of the municipality Bünzen,520
4229,2004-09-30,Initial recording of the municipality Bünzen,489
4229,2003-09-30,Initial recording of the municipality Bünzen,484
4229,2002-09-30,Initial recording of the municipality Bünzen,468
4229,2001-09-30,Initial recording of the municipality Bünzen,462
4229,2000-09-30,Initial recording of the municipality Bünzen,438
4229,1999-09-30,Initial recording of the municipality Bünzen,426
4229,1998-09-30,Initial recording of the municipality Bünzen,424
4229,1997-09-30,Initial recording of the municipality Bünzen,423
4229,1996-09-30,Initial recording of the municipality Bünzen,403
4229,1995-09-30,Initial recording of the municipality Bünzen,381
4229,1994-09-30,Initial recording of the municipality Bünzen,387
4229,1993-09-30,Initial recording of the municipality Bünzen,387
4229,1992-09-30,Initial recording of the municipality Bünzen,373
4229,1991-09-30,Initial recording of the municipality Bünzen,362
4229,1990-09-30,Initial recording of the municipality Bünzen,342
4229,1989-09-30,Initial recording of the municipality Bünzen,355
4229,1988-09-30,Initial recording of the municipality Bünzen,336
4229,1987-09-30,Initial recording of the municipality Bünzen,320
4229,1986-09-30,Initial recording of the municipality Bünzen,317
4229,1985-09-30,Initial recording of the municipality Bünzen,303
4229,1984-09-30,Initial recording of the municipality Bünzen,288
4229,1983-09-30,Initial recording of the municipality Bünzen,277
4229,1982-09-30,Initial recording of the municipality Bünzen,267
4229,1981-09-30,Initial recording of the municipality Bünzen,241
4229,1980-09-30,Initial recording of the municipality Bünzen,239
4229,1979-09-30,Initial recording of the municipality Bünzen,235
4229,1978-09-30,Initial recording of the municipality Bünzen,234
4229,1977-09-30,Initial recording of the municipality Bünzen,210
4229,1976-09-30,Initial recording of the municipality Bünzen,192
4064,2025-09-30,Initial recording of the municipality Büttikon,752
4064,2024-09-30,Initial recording of the municipality Büttikon,741
4064,2023-09-30,Initial recording of the municipality Büttikon,731
4064,2022-09-30,Initial recording of the municipality Büttikon,715
4064,2021-09-30,Initial recording of the municipality Büttikon,730
4064,2020-09-30,Initial recording of the municipality Büttikon,688
4064,2019-09-30,Initial recording of the municipality Büttikon,668
4064,2018-09-30,Initial recording of the municipality Büttikon,691
4064,2017-09-30,Initial recording of the municipality Büttikon,697
4064,2016-09-30,Initial recording of the municipality Büttikon,703
4064,2015-09-30,Initial recording of the municipality Büttikon,667
4064,2014-09-30,Initial recording of the municipality Büttikon,664
4064,2013-09-30,Initial recording of the municipality Büttikon,626
4064,2012-09-30,Initial recording of the municipality Büttikon,613
4064,2011-09-30,Initial recording of the municipality Büttikon,603
4064,2010-09-30,Initial recording of the municipality Büttikon,602
4064,2009-09-30,Initial recording of the municipality Büttikon,626
4064,2008-09-30,Initial recording of the municipality Büttikon,577
4064,2007-09-30,Initial recording of the municipality Büttikon,580
4064,2006-09-30,Initial recording of the municipality Büttikon,520
4064,2005-09-30,Initial recording of the municipality Büttikon,495
4064,2004-09-30,Initial recording of the municipality Büttikon,459
4064,2003-09-30,Initial recording of the municipality Büttikon,446
4064,2002-09-30,Initial recording of the municipality Büttikon,408
4064,2001-09-30,Initial recording of the municipality Büttikon,404
4064,2000-09-30,Initial recording of the municipality Büttikon,369
4064,1999-09-30,Initial recording of the municipality Büttikon,353
4064,1998-09-30,Initial recording of the municipality Büttikon,347
4064,1997-09-30,Initial recording of the municipality Büttikon,329
4064,1996-09-30,Initial recording of the municipality Büttikon,329
4064,1995-09-30,Initial recording of the municipality Büttikon,326
4064,1994-09-30,Initial recording of the municipality Büttikon,327
4064,1993-09-30,Initial recording of the municipality Büttikon,320
4064,1992-09-30,Initial recording of the municipality Büttikon,316
4064,1991-09-30,Initial recording of the municipality Büttikon,302
4064,1990-09-30,Initial recording of the municipality Büttikon,300
4064,1989-09-30,Initial recording of the municipality Büttikon,296
4064,1988-09-30,Initial recording of the municipality Büttikon,272
4064,1987-09-30,Initial recording of the municipality Büttikon,261
4064,1986-09-30,Initial recording of the municipality Büttikon,245
4064,1985-09-30,Initial recording of the municipality Büttikon,218
4064,1984-09-30,Initial recording of the municipality Büttikon,206
4064,1983-09-30,Initial recording of the municipality Büttikon,206
4064,1982-09-30,Initial recording of the municipality Büttikon,206
4064,1981-09-30,Initial recording of the municipality Büttikon,194
4064,1980-09-30,Initial recording of the municipality Büttikon,176
4064,1979-09-30,Initial recording of the municipality Büttikon,179
4064,1978-09-30,Initial recording of the municipality Büttikon,167
4064,1977-09-30,Initial recording of the municipality Büttikon,170
4064,1976-09-30,Initial recording of the municipality Büttikon,160
4004,2025-09-30,Initial recording of the municipality Densbüren,519
4004,2024-09-30,Initial recording of the municipality Densbüren,509
4004,2023-09-30,Initial recording of the municipality Densbüren,499
4004,2022-09-30,Initial recording of the municipality Densbüren,488
4004,2021-09-30,Initial recording of the municipality Densbüren,499
4004,2020-09-30,Initial recording of the municipality Densbüren,487
4004,2019-09-30,Initial recording of the municipality Densbüren,469
4004,2018-09-30,Initial recording of the municipality Densbüren,480
4004,2017-09-30,Initial recording of the municipality Densbüren,463
4004,2016-09-30,Initial recording of the municipality Densbüren,450
4004,2015-09-30,Initial recording of the municipality Densbüren,440
4004,2014-09-30,Initial recording of the municipality Densbüren,427
4004,2013-09-30,Initial recording of the municipality Densbüren,438
4004,2012-09-30,Initial recording of the municipality Densbüren,430
4004,2011-09-30,Initial recording of the municipality Densbüren,415
4004,2010-09-30,Initial recording of the municipality Densbüren,399
4004,2009-09-30,Initial recording of the municipality Densbüren,400
4004,2008-09-30,Initial recording of the municipality Densbüren,383
4004,2007-09-30,Initial recording of the municipality Densbüren,395
4004,2006-09-30,Initial recording of the municipality Densbüren,392
4004,2005-09-30,Initial recording of the municipality Densbüren,388
4004,2004-09-30,Initial recording of the municipality Densbüren,386
4004,2003-09-30,Initial recording of the municipality Densbüren,368
4004,2002-09-30,Initial recording of the municipality Densbüren,369
4004,2001-09-30,Initial recording of the municipality Densbüren,353
4004,2000-09-30,Initial recording of the municipality Densbüren,360
4004,1999-09-30,Initial recording of the municipality Densbüren,344
4004,1998-09-30,Initial recording of the municipality Densbüren,334
4004,1997-09-30,Initial recording of the municipality Densbüren,330
4004,1996-09-30,Initial recording of the municipality Densbüren,327
4004,1995-09-30,Initial recording of the municipality Densbüren,329
4004,1994-09-30,Initial recording of the municipality Densbüren,316
4004,1993-09-30,Initial recording of the municipality Densbüren,309
4004,1992-09-30,Initial recording of the municipality Densbüren,296
4004,1991-09-30,Initial recording of the municipality Densbüren,294
4004,1990-09-30,Initial recording of the municipality Densbüren,293
4004,1989-09-30,Initial recording of the municipality Densbüren,282
4004,1988-09-30,Initial recording of the municipality Densbüren,264
4004,1987-09-30,Initial recording of the municipality Densbüren,246
4004,1986-09-30,Initial recording of the municipality Densbüren,232
4004,1985-09-30,Initial recording of the municipality Densbüren,232
4004,1984-09-30,Initial recording of the municipality Densbüren,232
4004,1983-09-30,Initial recording of the municipality Densbüren,226
4004,1982-09-30,Initial recording of the municipality Densbüren,225
4004,1981-09-30,Initial recording of the municipality Densbüren,224
4004,1980-09-30,Initial recording of the municipality Densbüren,216
4004,1979-09-30,Initial recording of the municipality Densbüren,202
4004,1978-09-30,Initial recording of the municipality Densbüren,176
4004,1977-09-30,Initial recording of the municipality Densbüren,167
4004,1976-09-30,Initial recording of the municipality Densbüren,160
4231,2025-09-30,Initial recording of the municipality Dietwil,854
4231,2024-09-30,Initial recording of the municipality Dietwil,849
4231,2023-09-30,Initial recording of the municipality Dietwil,849
4231,2022-09-30,Initial recording of the municipality Dietwil,832
4231,2021-09-30,Initial recording of the municipality Dietwil,797
4231,2020-09-30,Initial recording of the municipality Dietwil,781
4231,2019-09-30,Initial recording of the municipality Dietwil,774
4231,2018-09-30,Initial recording of the municipality Dietwil,769
4231,2017-09-30,Initial recording of the municipality Dietwil,776
4231,2016-09-30,Initial recording of the municipality Dietwil,773
4231,2015-09-30,Initial recording of the municipality Dietwil,764
4231,2014-09-30,Initial recording of the municipality Dietwil,767
4231,2013-09-30,Initial recording of the municipality Dietwil,746
4231,2012-09-30,Initial recording of the municipality Dietwil,736
4231,2011-09-30,Initial recording of the municipality Dietwil,692
4231,2010-09-30,Initial recording of the municipality Dietwil,683
4231,2009-09-30,Initial recording of the municipality Dietwil,644
4231,2008-09-30,Initial recording of the municipality Dietwil,617
4231,2007-09-30,Initial recording of the municipality Dietwil,584
4231,2006-09-30,Initial recording of the municipality Dietwil,566
4231,2005-09-30,Initial recording of the municipality Dietwil,554
4231,2004-09-30,Initial recording of the municipality Dietwil,550
4231,2003-09-30,Initial recording of the municipality Dietwil,552
4231,2002-09-30,Initial recording of the municipality Dietwil,550
4231,2001-09-30,Initial recording of the municipality Dietwil,519
4231,2000-09-30,Initial recording of the municipality Dietwil,497
4231,1999-09-30,Initial recording of the municipality Dietwil,466
4231,1998-09-30,Initial recording of the municipality Dietwil,455
4231,1997-09-30,Initial recording of the municipality Dietwil,449
4231,1996-09-30,Initial recording of the municipality Dietwil,452
4231,1995-09-30,Initial recording of the municipality Dietwil,433
4231,1994-09-30,Initial recording of the municipality Dietwil,411
4231,1993-09-30,Initial recording of the municipality Dietwil,408
4231,1992-09-30,Initial recording of the municipality Dietwil,388
4231,1991-09-30,Initial recording of the municipality Dietwil,359
4231,1990-09-30,Initial recording of the municipality Dietwil,345
4231,1989-09-30,Initial recording of the municipality Dietwil,324
4231,1988-09-30,Initial recording of the municipality Dietwil,311
4231,1987-09-30,Initial recording of the municipality Dietwil,288
4231,1986-09-30,Initial recording of the municipality Dietwil,266
4231,1985-09-30,Initial recording of the municipality Dietwil,243
4231,1984-09-30,Initial recording of the municipality Dietwil,224
4231,1983-09-30,Initial recording of the municipality Dietwil,213
4231,1982-09-30,Initial recording of the municipality Dietwil,211
4231,1981-09-30,Initial recording of the municipality Dietwil,204
4231,1980-09-30,Initial recording of the municipality Dietwil,199
4231,1979-09-30,Initial recording of the municipality Dietwil,201
4231,1978-09-30,Initial recording of the municipality Dietwil,195
4231,1977-09-30,Initial recording of the municipality Dietwil,173
4231,1976-09-30,Initial recording of the municipality Dietwil,175
4194,2025-09-30,Initial recording of the municipality Dintikon,1579
4194,2024-09-30,Initial recording of the municipality Dintikon,1602
4194,2023-09-30,Initial recording of the municipality Dintikon,1609
4194,2022-09-30,Initial recording of the municipality Dintikon,1584
4194,2021-09-30,Initial recording of the municipality Dintikon,1549
4194,2020-09-30,Initial recording of the municipality Dintikon,1542
4194,2019-09-30,Initial recording of the municipality Dintikon,1508
4194,2018-09-30,Initial recording of the municipality Dintikon,1502
4194,2017-09-30,Initial recording of the municipality Dintikon,1482
4194,2016-09-30,Initial recording of the municipality Dintikon,1444
4194,2015-09-30,Initial recording of the municipality Dintikon,1426
4194,2014-09-30,Initial recording of the municipality Dintikon,1413
4194,2013-09-30,Initial recording of the municipality Dintikon,1375
4194,2012-09-30,Initial recording of the municipality Dintikon,1353
4194,2011-09-30,Initial recording of the municipality Dintikon,1302
4194,2010-09-30,Initial recording of the municipality Dintikon,1268
4194,2009-09-30,Initial recording of the municipality Dintikon,1206
4194,2008-09-30,Initial recording of the municipality Dintikon,1118
4194,2007-09-30,Initial recording of the municipality Dintikon,1011
4194,2006-09-30,Initial recording of the municipality Dintikon,946
4194,2005-09-30,Initial recording of the municipality Dintikon,917
4194,2004-09-30,Initial recording of the municipality Dintikon,899
4194,2003-09-30,Initial recording of the municipality Dintikon,884
4194,2002-09-30,Initial recording of the municipality Dintikon,868
4194,2001-09-30,Initial recording of the municipality Dintikon,799
4194,2000-09-30,Initial recording of the municipality Dintikon,788
4194,1999-09-30,Initial recording of the municipality Dintikon,762
4194,1998-09-30,Initial recording of the municipality Dintikon,726
4194,1997-09-30,Initial recording of the municipality Dintikon,694
4194,1996-09-30,Initial recording of the municipality Dintikon,672
4194,1995-09-30,Initial recording of the municipality Dintikon,652
4194,1994-09-30,Initial recording of the municipality Dintikon,627
4194,1993-09-30,Initial recording of the municipality Dintikon,591
4194,1992-09-30,Initial recording of the municipality Dintikon,571
4194,1991-09-30,Initial recording of the municipality Dintikon,575
4194,1990-09-30,Initial recording of the municipality Dintikon,557
4194,1989-09-30,Initial recording of the municipality Dintikon,493
4194,1988-09-30,Initial recording of the municipality Dintikon,474
4194,1987-09-30,Initial recording of the municipality Dintikon,479
4194,1986-09-30,Initial recording of the municipality Dintikon,460
4194,1985-09-30,Initial recording of the municipality Dintikon,424
4194,1984-09-30,Initial recording of the municipality Dintikon,397
4194,1983-09-30,Initial recording of the municipality Dintikon,366
4194,1982-09-30,Initial recording of the municipality Dintikon,340
4194,1981-09-30,Initial recording of the municipality Dintikon,321
4194,1980-09-30,Initial recording of the municipality Dintikon,289
4194,1979-09-30,Initial recording of the municipality Dintikon,269
4194,1978-09-30,Initial recording of the municipality Dintikon,251
4194,1977-09-30,Initial recording of the municipality Dintikon,234
4194,1976-09-30,Initial recording of the municipality Dintikon,229
4065,2025-09-30,Initial recording of the municipality Dottikon,3163
4065,2024-09-30,Initial recording of the municipality Dottikon,2515
4065,2023-09-30,Initial recording of the municipality Dottikon,2475
4065,2022-09-30,Initial recording of the municipality Dottikon,2470
4065,2021-09-30,Initial recording of the municipality Dottikon,2423
4065,2020-09-30,Initial recording of the municipality Dottikon,2393
4065,2019-09-30,Initial recording of the municipality Dottikon,2355
4065,2018-09-30,Initial recording of the municipality Dottikon,2351
4065,2017-09-30,Initial recording of the municipality Dottikon,2357
4065,2016-09-30,Initial recording of the municipality Dottikon,2344
4065,2015-09-30,Initial recording of the municipality Dottikon,2305
4065,2014-09-30,Initial recording of the municipality Dottikon,2299
4065,2013-09-30,Initial recording of the municipality Dottikon,2192
4065,2012-09-30,Initial recording of the municipality Dottikon,2631
4065,2011-09-30,Initial recording of the municipality Dottikon,2447
4065,2010-09-30,Initial recording of the municipality Dottikon,2357
4065,2009-09-30,Initial recording of the municipality Dottikon,2277
4065,2008-09-30,Initial recording of the municipality Dottikon,2253
4065,2007-09-30,Initial recording of the municipality Dottikon,2267
4065,2006-09-30,Initial recording of the municipality Dottikon,2229
4065,2005-09-30,Initial recording of the municipality Dottikon,2179
4065,2004-09-30,Initial recording of the municipality Dottikon,2130
4065,2003-09-30,Initial recording of the municipality Dottikon,2101
4065,2002-09-30,Initial recording of the municipality Dottikon,2073
4065,2001-09-30,Initial recording of the municipality Dottikon,2012
4065,2000-09-30,Initial recording of the municipality Dottikon,1930
4065,1999-09-30,Initial recording of the municipality Dottikon,1898
4065,1998-09-30,Initial recording of the municipality Dottikon,1801
4065,1997-09-30,Initial recording of the municipality Dottikon,1762
4065,1996-09-30,Initial recording of the municipality Dottikon,1733
4065,1995-09-30,Initial recording of the municipality Dottikon,1680
4065,1994-09-30,Initial recording of the municipality Dottikon,1621
4065,1993-09-30,Initial recording of the municipality Dottikon,1566
4065,1992-09-30,Initial recording of the municipality Dottikon,1504
4065,1991-09-30,Initial recording of the municipality Dottikon,1513
4065,1990-09-30,Initial recording of the municipality Dottikon,1479
4065,1989-09-30,Initial recording of the municipality Dottikon,1468
4065,1988-09-30,Initial recording of the municipality Dottikon,1401
4065,1987-09-30,Initial recording of the municipality Dottikon,1324
4065,1986-09-30,Initial recording of the municipality Dottikon,1252
4065,1985-09-30,Initial recording of the municipality Dottikon,1211
4065,1984-09-30,Initial recording of the municipality Dottikon,1162
4065,1983-09-30,Initial recording of the municipality Dottikon,1155
4065,1982-09-30,Initial recording of the municipality Dottikon,1104
4065,1981-09-30,Initial recording of the municipality Dottikon,1050
4065,1980-09-30,Initial recording of the municipality Dottikon,984
4065,1979-09-30,Initial recording of the municipality Dottikon,922
4065,1978-09-30,Initial recording of the municipality Dottikon,850
4065,1977-09-30,Initial recording of the municipality Dottikon,794
4065,1976-09-30,Initial recording of the municipality Dottikon,786
4304,2025-09-30,Initial recording of the municipality Döttingen,2861
4304,2024-09-30,Initial recording of the municipality Döttingen,2793
4304,2023-09-30,Initial recording of the municipality Döttingen,2798
4304,2022-09-30,Initial recording of the municipality Döttingen,2755
4304,2021-09-30,Initial recording of the municipality Döttingen,2698
4304,2020-09-30,Initial recording of the municipality Döttingen,2624
4304,2019-09-30,Initial recording of the municipality Döttingen,2554
4304,2018-09-30,Initial recording of the municipality Döttingen,2470
4304,2017-09-30,Initial recording of the municipality Döttingen,2408
4304,2016-09-30,Initial recording of the municipality Döttingen,2342
4304,2015-09-30,Initial recording of the municipality Döttingen,2252
4304,2014-09-30,Initial recording of the municipality Döttingen,2270
4304,2013-09-30,Initial recording of the municipality Döttingen,2209
4304,2012-09-30,Initial recording of the municipality Döttingen,2166
4304,2011-09-30,Initial recording of the municipality Döttingen,2118
4304,2010-09-30,Initial recording of the municipality Döttingen,2057
4304,2009-09-30,Initial recording of the municipality Döttingen,1994
4304,2008-09-30,Initial recording of the municipality Döttingen,1915
4304,2007-09-30,Initial recording of the municipality Döttingen,1822
4304,2006-09-30,Initial recording of the municipality Döttingen,1782
4304,2005-09-30,Initial recording of the municipality Döttingen,1785
4304,2004-09-30,Initial recording of the municipality Döttingen,1763
4304,2003-09-30,Initial recording of the municipality Döttingen,1763
4304,2002-09-30,Initial recording of the municipality Döttingen,1735
4304,2001-09-30,Initial recording of the municipality Döttingen,1699
4304,2000-09-30,Initial recording of the municipality Döttingen,1644
4304,1999-09-30,Initial recording of the municipality Döttingen,1628
4304,1998-09-30,Initial recording of the municipality Döttingen,1616
4304,1997-09-30,Initial recording of the municipality Döttingen,1603
4304,1996-09-30,Initial recording of the municipality Döttingen,1578
4304,1995-09-30,Initial recording of the municipality Döttingen,1591
4304,1994-09-30,Initial recording of the municipality Döttingen,1571
4304,1993-09-30,Initial recording of the municipality Döttingen,1518
4304,1992-09-30,Initial recording of the municipality Döttingen,1574
4304,1991-09-30,Initial recording of the municipality Döttingen,1527
4304,1990-09-30,Initial recording of the municipality Döttingen,1454
4304,1989-09-30,Initial recording of the municipality Döttingen,1425
4304,1988-09-30,Initial recording of the municipality Döttingen,1388
4304,1987-09-30,Initial recording of the municipality Döttingen,1351
4304,1986-09-30,Initial recording of the municipality Döttingen,1317
4304,1985-09-30,Initial recording of the municipality Döttingen,1277
4304,1984-09-30,Initial recording of the municipality Döttingen,1243
4304,1983-09-30,Initial recording of the municipality Döttingen,1207
4304,1982-09-30,Initial recording of the municipality Döttingen,1172
4304,1981-09-30,Initial recording of the municipality Döttingen,1148
4304,1980-09-30,Initial recording of the municipality Döttingen,1115
4304,1979-09-30,Initial recording of the municipality Döttingen,1086
4304,1978-09-30,Initial recording of the municipality Döttingen,1053
4304,1977-09-30,Initial recording of the municipality Döttingen,1018
4304,1976-09-30,Initial recording of the municipality Döttingen,978
4134,2025-09-30,Initial recording of the municipality Dürrenäsch,958
4134,2024-09-30,Initial recording of the municipality Dürrenäsch,937
4134,2023-09-30,Initial recording of the municipality Dürrenäsch,927
4134,2022-09-30,Initial recording of the municipality Dürrenäsch,923
4134,2021-09-30,Initial recording of the municipality Dürrenäsch,931
4134,2020-09-30,Initial recording of the municipality Dürrenäsch,915
4134,2019-09-30,Initial recording of the municipality Dürrenäsch,880
4134,2018-09-30,Initial recording of the municipality Dürrenäsch,901
4134,2017-09-30,Initial recording of the municipality Dürrenäsch,901
4134,2016-09-30,Initial recording of the municipality Dürrenäsch,912
4134,2015-09-30,Initial recording of the municipality Dürrenäsch,887
4134,2014-09-30,Initial recording of the municipality Dürrenäsch,888
4134,2013-09-30,Initial recording of the municipality Dürrenäsch,867
4134,2012-09-30,Initial recording of the municipality Dürrenäsch,855
4134,2011-09-30,Initial recording of the municipality Dürrenäsch,858
4134,2010-09-30,Initial recording of the municipality Dürrenäsch,837
4134,2009-09-30,Initial recording of the municipality Dürrenäsch,801
4134,2008-09-30,Initial recording of the municipality Dürrenäsch,790
4134,2007-09-30,Initial recording of the municipality Dürrenäsch,747
4134,2006-09-30,Initial recording of the municipality Dürrenäsch,741
4134,2005-09-30,Initial recording of the municipality Dürrenäsch,734
4134,2004-09-30,Initial recording of the municipality Dürrenäsch,704
4134,2003-09-30,Initial recording of the municipality Dürrenäsch,687
4134,2002-09-30,Initial recording of the municipality Dürrenäsch,675
4134,2001-09-30,Initial recording of the municipality Dürrenäsch,639
4134,2000-09-30,Initial recording of the municipality Dürrenäsch,615
4134,1999-09-30,Initial recording of the municipality Dürrenäsch,604
4134,1998-09-30,Initial recording of the municipality Dürrenäsch,574
4134,1997-09-30,Initial recording of the municipality Dürrenäsch,566
4134,1996-09-30,Initial recording of the municipality Dürrenäsch,550
4134,1995-09-30,Initial recording of the municipality Dürrenäsch,527
4134,1994-09-30,Initial recording of the municipality Dürrenäsch,500
4134,1993-09-30,Initial recording of the municipality Dürrenäsch,515
4134,1992-09-30,Initial recording of the municipality Dürrenäsch,510
4134,1991-09-30,Initial recording of the municipality Dürrenäsch,504
4134,1990-09-30,Initial recording of the municipality Dürrenäsch,504
4134,1989-09-30,Initial recording of the municipality Dürrenäsch,475
4134,1988-09-30,Initial recording of the municipality Dürrenäsch,444
4134,1987-09-30,Initial recording of the municipality Dürrenäsch,453
4134,1986-09-30,Initial recording of the municipality Dürrenäsch,425
4134,1985-09-30,Initial recording of the municipality Dürrenäsch,418
4134,1984-09-30,Initial recording of the municipality Dürrenäsch,402
4134,1983-09-30,Initial recording of the municipality Dürrenäsch,401
4134,1982-09-30,Initial recording of the municipality Dürrenäsch,371
4134,1981-09-30,Initial recording of the municipality Dürrenäsch,350
4134,1980-09-30,Initial recording of the municipality Dürrenäsch,338
4134,1979-09-30,Initial recording of the municipality Dürrenäsch,333
4134,1978-09-30,Initial recording of the municipality Dürrenäsch,331
4134,1977-09-30,Initial recording of the municipality Dürrenäsch,309
4134,1976-09-30,Initial recording of the municipality Dürrenäsch,283
4096,2021-09-30,Initial recording of the municipality Effingen,427
4096,2020-09-30,Initial recording of the municipality Effingen,435
4096,2019-09-30,Initial recording of the municipality Effingen,423
4096,2018-09-30,Initial recording of the municipality Effingen,424
4096,2017-09-30,Initial recording of the municipality Effingen,423
4096,2016-09-30,Initial recording of the municipality Effingen,424
4096,2015-09-30,Initial recording of the municipality Effingen,431
4096,2014-09-30,Initial recording of the municipality Effingen,417
4096,2013-09-30,Initial recording of the municipality Effingen,420
4096,2012-09-30,Initial recording of the municipality Effingen,413
4096,2011-09-30,Initial recording of the municipality Effingen,389
4096,2010-09-30,Initial recording of the municipality Effingen,381
4096,2009-09-30,Initial recording of the municipality Effingen,368
4096,2008-09-30,Initial recording of the municipality Effingen,375
4096,2007-09-30,Initial recording of the municipality Effingen,386
4096,2006-09-30,Initial recording of the municipality Effingen,358
4096,2005-09-30,Initial recording of the municipality Effingen,340
4096,2004-09-30,Initial recording of the municipality Effingen,340
4096,2003-09-30,Initial recording of the municipality Effingen,333
4096,2002-09-30,Initial recording of the municipality Effingen,327
4096,2001-09-30,Initial recording of the municipality Effingen,320
4096,2000-09-30,Initial recording of the municipality Effingen,315
4096,1999-09-30,Initial recording of the municipality Effingen,310
4096,1998-09-30,Initial recording of the municipality Effingen,302
4096,1997-09-30,Initial recording of the municipality Effingen,294
4096,1996-09-30,Initial recording of the municipality Effingen,291
4096,1995-09-30,Initial recording of the municipality Effingen,301
4096,1994-09-30,Initial recording of the municipality Effingen,291
4096,1993-09-30,Initial recording of the municipality Effingen,285
4096,1992-09-30,Initial recording of the municipality Effingen,282
4096,1991-09-30,Initial recording of the municipality Effingen,273
4096,1990-09-30,Initial recording of the municipality Effingen,270
4096,1989-09-30,Initial recording of the municipality Effingen,263
4096,1988-09-30,Initial recording of the municipality Effingen,240
4096,1987-09-30,Initial recording of the municipality Effingen,232
4096,1986-09-30,Initial recording of the municipality Effingen,199
4096,1985-09-30,Initial recording of the municipality Effingen,190
4096,1984-09-30,Initial recording of the municipality Effingen,184
4096,1983-09-30,Initial recording of the municipality Effingen,166
4096,1982-09-30,Initial recording of the municipality Effingen,173
4096,1981-09-30,Initial recording of the municipality Effingen,163
4096,1980-09-30,Initial recording of the municipality Effingen,163
4096,1979-09-30,Initial recording of the municipality Effingen,155
4096,1978-09-30,Initial recording of the municipality Effingen,136
4096,1977-09-30,Initial recording of the municipality Effingen,128
4096,1976-09-30,Initial recording of the municipality Effingen,113
4066,2025-09-30,Initial recording of the municipality Eggenwil,669
4066,2024-09-30,Initial recording of the municipality Eggenwil,645
4066,2023-09-30,Initial recording of the municipality Eggenwil,646
4066,2022-09-30,Initial recording of the municipality Eggenwil,648
4066,2021-09-30,Initial recording of the municipality Eggenwil,639
4066,2020-09-30,Initial recording of the municipality Eggenwil,651
4066,2019-09-30,Initial recording of the municipality Eggenwil,647
4066,2018-09-30,Initial recording of the municipality Eggenwil,654
4066,2017-09-30,Initial recording of the municipality Eggenwil,639
4066,2016-09-30,Initial recording of the municipality Eggenwil,628
4066,2015-09-30,Initial recording of the municipality Eggenwil,621
4066,2014-09-30,Initial recording of the municipality Eggenwil,604
4066,2013-09-30,Initial recording of the municipality Eggenwil,587
4066,2012-09-30,Initial recording of the municipality Eggenwil,588
4066,2011-09-30,Initial recording of the municipality Eggenwil,581
4066,2010-09-30,Initial recording of the municipality Eggenwil,559
4066,2009-09-30,Initial recording of the municipality Eggenwil,532
4066,2008-09-30,Initial recording of the municipality Eggenwil,511
4066,2007-09-30,Initial recording of the municipality Eggenwil,485
4066,2006-09-30,Initial recording of the municipality Eggenwil,486
4066,2005-09-30,Initial recording of the municipality Eggenwil,466
4066,2004-09-30,Initial recording of the municipality Eggenwil,463
4066,2003-09-30,Initial recording of the municipality Eggenwil,435
4066,2002-09-30,Initial recording of the municipality Eggenwil,401
4066,2001-09-30,Initial recording of the municipality Eggenwil,382
4066,2000-09-30,Initial recording of the municipality Eggenwil,380
4066,1999-09-30,Initial recording of the municipality Eggenwil,374
4066,1998-09-30,Initial recording of the municipality Eggenwil,354
4066,1997-09-30,Initial recording of the municipality Eggenwil,352
4066,1996-09-30,Initial recording of the municipality Eggenwil,337
4066,1995-09-30,Initial recording of the municipality Eggenwil,329
4066,1994-09-30,Initial recording of the municipality Eggenwil,333
4066,1993-09-30,Initial recording of the municipality Eggenwil,327
4066,1992-09-30,Initial recording of the municipality Eggenwil,316
4066,1991-09-30,Initial recording of the municipality Eggenwil,320
4066,1990-09-30,Initial recording of the municipality Eggenwil,305
4066,1989-09-30,Initial recording of the municipality Eggenwil,299
4066,1988-09-30,Initial recording of the municipality Eggenwil,288
4066,1987-09-30,Initial recording of the municipality Eggenwil,277
4066,1986-09-30,Initial recording of the municipality Eggenwil,266
4066,1985-09-30,Initial recording of the municipality Eggenwil,250
4066,1984-09-30,Initial recording of the municipality Eggenwil,214
4066,1983-09-30,Initial recording of the municipality Eggenwil,189
4066,1982-09-30,Initial recording of the municipality Eggenwil,178
4066,1981-09-30,Initial recording of the municipality Eggenwil,169
4066,1980-09-30,Initial recording of the municipality Eggenwil,164
4066,1979-09-30,Initial recording of the municipality Eggenwil,158
4066,1978-09-30,Initial recording of the municipality Eggenwil,163
4066,1977-09-30,Initial recording of the municipality Eggenwil,145
4066,1976-09-30,Initial recording of the municipality Eggenwil,133
4195,2025-09-30,Initial recording of the municipality Egliswil,1079
4195,2024-09-30,Initial recording of the municipality Egliswil,1073
4195,2023-09-30,Initial recording of the municipality Egliswil,1050
4195,2022-09-30,Initial recording of the municipality Egliswil,1057
4195,2021-09-30,Initial recording of the municipality Egliswil,1045
4195,2020-09-30,Initial recording of the municipality Egliswil,1030
4195,2019-09-30,Initial recording of the municipality Egliswil,1013
4195,2018-09-30,Initial recording of the municipality Egliswil,996
4195,2017-09-30,Initial recording of the municipality Egliswil,937
4195,2016-09-30,Initial recording of the municipality Egliswil,932
4195,2015-09-30,Initial recording of the municipality Egliswil,921
4195,2014-09-30,Initial recording of the municipality Egliswil,904
4195,2013-09-30,Initial recording of the municipality Egliswil,895
4195,2012-09-30,Initial recording of the municipality Egliswil,875
4195,2011-09-30,Initial recording of the municipality Egliswil,837
4195,2010-09-30,Initial recording of the municipality Egliswil,824
4195,2009-09-30,Initial recording of the municipality Egliswil,812
4195,2008-09-30,Initial recording of the municipality Egliswil,827
4195,2007-09-30,Initial recording of the municipality Egliswil,788
4195,2006-09-30,Initial recording of the municipality Egliswil,779
4195,2005-09-30,Initial recording of the municipality Egliswil,749
4195,2004-09-30,Initial recording of the municipality Egliswil,729
4195,2003-09-30,Initial recording of the municipality Egliswil,733
4195,2002-09-30,Initial recording of the municipality Egliswil,712
4195,2001-09-30,Initial recording of the municipality Egliswil,699
4195,2000-09-30,Initial recording of the municipality Egliswil,676
4195,1999-09-30,Initial recording of the municipality Egliswil,645
4195,1998-09-30,Initial recording of the municipality Egliswil,616
4195,1997-09-30,Initial recording of the municipality Egliswil,582
4195,1996-09-30,Initial recording of the municipality Egliswil,554
4195,1995-09-30,Initial recording of the municipality Egliswil,526
4195,1994-09-30,Initial recording of the municipality Egliswil,512
4195,1993-09-30,Initial recording of the municipality Egliswil,473
4195,1992-09-30,Initial recording of the municipality Egliswil,456
4195,1991-09-30,Initial recording of the municipality Egliswil,432
4195,1990-09-30,Initial recording of the municipality Egliswil,421
4195,1989-09-30,Initial recording of the municipality Egliswil,416
4195,1988-09-30,Initial recording of the municipality Egliswil,409
4195,1987-09-30,Initial recording of the municipality Egliswil,395
4195,1986-09-30,Initial recording of the municipality Egliswil,365
4195,1985-09-30,Initial recording of the municipality Egliswil,350
4195,1984-09-30,Initial recording of the municipality Egliswil,314
4195,1983-09-30,Initial recording of the municipality Egliswil,315
4195,1982-09-30,Initial recording of the municipality Egliswil,317
4195,1981-09-30,Initial recording of the municipality Egliswil,301
4195,1980-09-30,Initial recording of the municipality Egliswil,271
4195,1979-09-30,Initial recording of the municipality Egliswil,253
4195,1978-09-30,Initial recording of the municipality Egliswil,237
4195,1977-09-30,Initial recording of the municipality Egliswil,228
4195,1976-09-30,Initial recording of the municipality Egliswil,185
4049,2025-09-30,Fusion of Oberehrendingen and Unterehrendingen into Ehrendingen,2707
4049,2024-09-30,Fusion of Oberehrendingen and Unterehrendingen into Ehrendingen,2670
4049,2023-09-30,Fusion of Oberehrendingen and Unterehrendingen into Ehrendingen,2666
4049,2022-09-30,Fusion of Oberehrendingen and Unterehrendingen into Ehrendingen,2660
4049,2021-09-30,Fusion of Oberehrendingen and Unterehrendingen into Ehrendingen,2639
4049,2020-09-30,Fusion of Oberehrendingen and Unterehrendingen into Ehrendingen,2680
4049,2019-09-30,Fusion of Oberehrendingen and Unterehrendingen into Ehrendingen,2670
4049,2018-09-30,Fusion of Oberehrendingen and Unterehrendingen into Ehrendingen,2691
4049,2017-09-30,Fusion of Oberehrendingen and Unterehrendingen into Ehrendingen,2715
4049,2016-09-30,Fusion of Oberehrendingen and Unterehrendingen into Ehrendingen,2658
4049,2015-09-30,Fusion of Oberehrendingen and Unterehrendingen into Ehrendingen,2621
4049,2014-09-30,Fusion of Oberehrendingen and Unterehrendingen into Ehrendingen,2572
4049,2013-09-30,Fusion of Oberehrendingen and Unterehrendingen into Ehrendingen,2434
4049,2012-09-30,Fusion of Oberehrendingen and Unterehrendingen into Ehrendingen,2355
4049,2011-09-30,Fusion of Oberehrendingen and Unterehrendingen into Ehrendingen,2271
4049,2010-09-30,Fusion of Oberehrendingen and Unterehrendingen into Ehrendingen,2220
4049,2009-09-30,Fusion of Oberehrendingen and Unterehrendingen into Ehrendingen,2203
4049,2008-09-30,Fusion of Oberehrendingen and Unterehrendingen into Ehrendingen,2121
4049,2007-09-30,Fusion of Oberehrendingen and Unterehrendingen into Ehrendingen,2093
4049,2006-09-30,Fusion of Oberehrendingen and Unterehrendingen into Ehrendingen,2036
4161,2025-09-30,Initial recording of the municipality Eiken,1728
4161,2024-09-30,Initial recording of the municipality Eiken,1703
4161,2023-09-30,Initial recording of the municipality Eiken,1651
4161,2022-09-30,Initial recording of the municipality Eiken,1596
4161,2021-09-30,Initial recording of the municipality Eiken,1561
4161,2020-09-30,Initial recording of the municipality Eiken,1535
4161,2019-09-30,Initial recording of the municipality Eiken,1506
4161,2018-09-30,Initial recording of the municipality Eiken,1487
4161,2017-09-30,Initial recording of the municipality Eiken,1502
4161,2016-09-30,Initial recording of the municipality Eiken,1460
4161,2015-09-30,Initial recording of the municipality Eiken,1433
4161,2014-09-30,Initial recording of the municipality Eiken,1419
4161,2013-09-30,Initial recording of the municipality Eiken,1378
4161,2012-09-30,Initial recording of the municipality Eiken,1314
4161,2011-09-30,Initial recording of the municipality Eiken,1256
4161,2010-09-30,Initial recording of the municipality Eiken,1219
4161,2009-09-30,Initial recording of the municipality Eiken,1223
4161,2008-09-30,Initial recording of the municipality Eiken,1201
4161,2007-09-30,Initial recording of the municipality Eiken,1182
4161,2006-09-30,Initial recording of the municipality Eiken,1150
4161,2005-09-30,Initial recording of the municipality Eiken,1119
4161,2004-09-30,Initial recording of the municipality Eiken,1048
4161,2003-09-30,Initial recording of the municipality Eiken,1042
4161,2002-09-30,Initial recording of the municipality Eiken,1016
4161,2001-09-30,Initial recording of the municipality Eiken,980
4161,2000-09-30,Initial recording of the municipality Eiken,938
4161,1999-09-30,Initial recording of the municipality Eiken,943
4161,1998-09-30,Initial recording of the municipality Eiken,886
4161,1997-09-30,Initial recording of the municipality Eiken,881
4161,1996-09-30,Initial recording of the municipality Eiken,820
4161,1995-09-30,Initial recording of the municipality Eiken,793
4161,1994-09-30,Initial recording of the municipality Eiken,753
4161,1993-09-30,Initial recording of the municipality Eiken,732
4161,1992-09-30,Initial recording of the municipality Eiken,709
4161,1991-09-30,Initial recording of the municipality Eiken,687
4161,1990-09-30,Initial recording of the municipality Eiken,656
4161,1989-09-30,Initial recording of the municipality Eiken,626
4161,1988-09-30,Initial recording of the municipality Eiken,613
4161,1987-09-30,Initial recording of the municipality Eiken,557
4161,1986-09-30,Initial recording of the municipality Eiken,522
4161,1985-09-30,Initial recording of the municipality Eiken,467
4161,1984-09-30,Initial recording of the municipality Eiken,452
4161,1983-09-30,Initial recording of the municipality Eiken,427
4161,1982-09-30,Initial recording of the municipality Eiken,390
4161,1981-09-30,Initial recording of the municipality Eiken,401
4161,1980-09-30,Initial recording of the municipality Eiken,379
4161,1979-09-30,Initial recording of the municipality Eiken,377
4161,1978-09-30,Initial recording of the municipality Eiken,357
4161,1977-09-30,Initial recording of the municipality Eiken,332
4161,1976-09-30,Initial recording of the municipality Eiken,309
4097,2021-09-30,Initial recording of the municipality Elfingen,215
4097,2020-09-30,Initial recording of the municipality Elfingen,218
4097,2019-09-30,Initial recording of the municipality Elfingen,215
4097,2018-09-30,Initial recording of the municipality Elfingen,208
4097,2017-09-30,Initial recording of the municipality Elfingen,199
4097,2016-09-30,Initial recording of the municipality Elfingen,208
4097,2015-09-30,Initial recording of the municipality Elfingen,204
4097,2014-09-30,Initial recording of the municipality Elfingen,198
4097,2013-09-30,Initial recording of the municipality Elfingen,182
4097,2012-09-30,Initial recording of the municipality Elfingen,181
4097,2011-09-30,Initial recording of the municipality Elfingen,173
4097,2010-09-30,Initial recording of the municipality Elfingen,168
4097,2009-09-30,Initial recording of the municipality Elfingen,168
4097,2008-09-30,Initial recording of the municipality Elfingen,168
4097,2007-09-30,Initial recording of the municipality Elfingen,164
4097,2006-09-30,Initial recording of the municipality Elfingen,157
4097,2005-09-30,Initial recording of the municipality Elfingen,152
4097,2004-09-30,Initial recording of the municipality Elfingen,149
4097,2003-09-30,Initial recording of the municipality Elfingen,161
4097,2002-09-30,Initial recording of the municipality Elfingen,143
4097,2001-09-30,Initial recording of the municipality Elfingen,137
4097,2000-09-30,Initial recording of the municipality Elfingen,127
4097,1999-09-30,Initial recording of the municipality Elfingen,132
4097,1998-09-30,Initial recording of the municipality Elfingen,125
4097,1997-09-30,Initial recording of the municipality Elfingen,124
4097,1996-09-30,Initial recording of the municipality Elfingen,119
4097,1995-09-30,Initial recording of the municipality Elfingen,112
4097,1994-09-30,Initial recording of the municipality Elfingen,106
4097,1993-09-30,Initial recording of the municipality Elfingen,100
4097,1992-09-30,Initial recording of the municipality Elfingen,106
4097,1991-09-30,Initial recording of the municipality Elfingen,97
4097,1990-09-30,Initial recording of the municipality Elfingen,96
4097,1989-09-30,Initial recording of the municipality Elfingen,95
4097,1988-09-30,Initial recording of the municipality Elfingen,90
4097,1987-09-30,Initial recording of the municipality Elfingen,78
4097,1986-09-30,Initial recording of the municipality Elfingen,83
4097,1985-09-30,Initial recording of the municipality Elfingen,79
4097,1984-09-30,Initial recording of the municipality Elfingen,77
4097,1983-09-30,Initial recording of the municipality Elfingen,81
4097,1982-09-30,Initial recording of the municipality Elfingen,70
4097,1981-09-30,Initial recording of the municipality Elfingen,69
4097,1980-09-30,Initial recording of the municipality Elfingen,67
4097,1979-09-30,Initial recording of the municipality Elfingen,64
4097,1978-09-30,Initial recording of the municipality Elfingen,51
4097,1977-09-30,Initial recording of the municipality Elfingen,55
4097,1976-09-30,Initial recording of the municipality Elfingen,48
4305,2025-09-30,Incorporation of Unterendingen into Endingen,1614
4305,2024-09-30,Incorporation of Unterendingen into Endingen,1612
4305,2023-09-30,Incorporation of Unterendingen into Endingen,1587
4305,2022-09-30,Incorporation of Unterendingen into Endingen,1575
4305,2021-09-30,Incorporation of Unterendingen into Endingen,1563
4305,2020-09-30,Incorporation of Unterendingen into Endingen,1550
4305,2019-09-30,Incorporation of Unterendingen into Endingen,1512
4305,2018-09-30,Incorporation of Unterendingen into Endingen,1511
4305,2017-09-30,Incorporation of Unterendingen into Endingen,1507
4305,2016-09-30,Incorporation of Unterendingen into Endingen,1490
4305,2015-09-30,Incorporation of Unterendingen into Endingen,1432
4305,2014-09-30,Incorporation of Unterendingen into Endingen,1401
4305,2013-09-30,Initial recording of the municipality Endingen,1134
4305,2012-09-30,Initial recording of the municipality Endingen,1121
4305,2011-09-30,Initial recording of the municipality Endingen,1106
4305,2010-09-30,Initial recording of the municipality Endingen,1074
4305,2009-09-30,Initial recording of the municipality Endingen,1052
4305,2008-09-30,Initial recording of the municipality Endingen,1049
4305,2007-09-30,Initial recording of the municipality Endingen,1046
4305,2006-09-30,Initial recording of the municipality Endingen,1033
4305,2005-09-30,Initial recording of the municipality Endingen,1014
4305,2004-09-30,Initial recording of the municipality Endingen,1019
4305,2003-09-30,Initial recording of the municipality Endingen,1008
4305,2002-09-30,Initial recording of the municipality Endingen,1005
4305,2001-09-30,Initial recording of the municipality Endingen,1005
4305,2000-09-30,Initial recording of the municipality Endingen,962
4305,1999-09-30,Initial recording of the municipality Endingen,932
4305,1998-09-30,Initial recording of the municipality Endingen,911
4305,1997-09-30,Initial recording of the municipality Endingen,885
4305,1996-09-30,Initial recording of the municipality Endingen,837
4305,1995-09-30,Initial recording of the municipality Endingen,815
4305,1994-09-30,Initial recording of the municipality Endingen,797
4305,1993-09-30,Initial recording of the municipality Endingen,783
4305,1992-09-30,Initial recording of the municipality Endingen,777
4305,1991-09-30,Initial recording of the municipality Endingen,750
4305,1990-09-30,Initial recording of the municipality Endingen,723
4305,1989-09-30,Initial recording of the municipality Endingen,689
4305,1988-09-30,Initial recording of the municipality Endingen,670
4305,1987-09-30,Initial recording of the municipality Endingen,603
4305,1986-09-30,Initial recording of the municipality Endingen,610
4305,1985-09-30,Initial recording of the municipality Endingen,581
4305,1984-09-30,Initial recording of the municipality Endingen,577
4305,1983-09-30,Initial recording of the municipality Endingen,564
4305,1982-09-30,Initial recording of the municipality Endingen,561
4305,1981-09-30,Initial recording of the municipality Endingen,519
4305,1980-09-30,Initial recording of the municipality Endingen,509
4305,1979-09-30,Initial recording of the municipality Endingen,481
4305,1978-09-30,Initial recording of the municipality Endingen,453
4305,1977-09-30,Initial recording of the municipality Endingen,400
4305,1976-09-30,Initial recording of the municipality Endingen,408
4026,2025-09-30,Initial recording of the municipality Ennetbaden,1617
4026,2024-09-30,Initial recording of the municipality Ennetbaden,1602
4026,2023-09-30,Initial recording of the municipality Ennetbaden,1598
4026,2022-09-30,Initial recording of the municipality Ennetbaden,1615
4026,2021-09-30,Initial recording of the municipality Ennetbaden,1610
4026,2020-09-30,Initial recording of the municipality Ennetbaden,1579
4026,2019-09-30,Initial recording of the municipality Ennetbaden,1600
4026,2018-09-30,Initial recording of the municipality Ennetbaden,1616
4026,2017-09-30,Initial recording of the municipality Ennetbaden,1607
4026,2016-09-30,Initial recording of the municipality Ennetbaden,1560
4026,2015-09-30,Initial recording of the municipality Ennetbaden,1548
4026,2014-09-30,Initial recording of the municipality Ennetbaden,1530
4026,2013-09-30,Initial recording of the municipality Ennetbaden,1532
4026,2012-09-30,Initial recording of the municipality Ennetbaden,1532
4026,2011-09-30,Initial recording of the municipality Ennetbaden,1489
4026,2010-09-30,Initial recording of the municipality Ennetbaden,1477
4026,2009-09-30,Initial recording of the municipality Ennetbaden,1460
4026,2008-09-30,Initial recording of the municipality Ennetbaden,1462
4026,2007-09-30,Initial recording of the municipality Ennetbaden,1438
4026,2006-09-30,Initial recording of the municipality Ennetbaden,1433
4026,2005-09-30,Initial recording of the municipality Ennetbaden,1441
4026,2004-09-30,Initial recording of the municipality Ennetbaden,1475
4026,2003-09-30,Initial recording of the municipality Ennetbaden,1465
4026,2002-09-30,Initial recording of the municipality Ennetbaden,1443
4026,2001-09-30,Initial recording of the municipality Ennetbaden,1415
4026,2000-09-30,Initial recording of the municipality Ennetbaden,1382
4026,1999-09-30,Initial recording of the municipality Ennetbaden,1389
4026,1998-09-30,Initial recording of the municipality Ennetbaden,1341
4026,1997-09-30,Initial recording of the municipality Ennetbaden,1327
4026,1996-09-30,Initial recording of the municipality Ennetbaden,1317
4026,1995-09-30,Initial recording of the municipality Ennetbaden,1293
4026,1994-09-30,Initial recording of the municipality Ennetbaden,1262
4026,1993-09-30,Initial recording of the municipality Ennetbaden,1243
4026,1992-09-30,Initial recording of the municipality Ennetbaden,1244
4026,1991-09-30,Initial recording of the municipality Ennetbaden,1220
4026,1990-09-30,Initial recording of the municipality Ennetbaden,1200
4026,1989-09-30,Initial recording of the municipality Ennetbaden,1157
4026,1988-09-30,Initial recording of the municipality Ennetbaden,1106
4026,1987-09-30,Initial recording of the municipality Ennetbaden,1046
4026,1986-09-30,Initial recording of the municipality Ennetbaden,966
4026,1985-09-30,Initial recording of the municipality Ennetbaden,913
4026,1984-09-30,Initial recording of the municipality Ennetbaden,910
4026,1983-09-30,Initial recording of the municipality Ennetbaden,911
4026,1982-09-30,Initial recording of the municipality Ennetbaden,867
4026,1981-09-30,Initial recording of the municipality Ennetbaden,845
4026,1980-09-30,Initial recording of the municipality Ennetbaden,859
4026,1979-09-30,Initial recording of the municipality Ennetbaden,851
4026,1978-09-30,Initial recording of the municipality Ennetbaden,823
4026,1977-09-30,Initial recording of the municipality Ennetbaden,798
4026,1976-09-30,Initial recording of the municipality Ennetbaden,825
4005,2025-09-30,Name change from Erlinsbach to Erlinsbach (AG),2792
4005,2024-09-30,Name change from Erlinsbach to Erlinsbach (AG),2723
4005,2023-09-30,Name change from Erlinsbach to Erlinsbach (AG),2663
4005,2022-09-30,Name change from Erlinsbach to Erlinsbach (AG),2663
4005,2021-09-30,Name change from Erlinsbach to Erlinsbach (AG),2601
4005,2020-09-30,Name change from Erlinsbach to Erlinsbach (AG),2554
4005,2019-09-30,Name change from Erlinsbach to Erlinsbach (AG),2487
4005,2018-09-30,Name change from Erlinsbach to Erlinsbach (AG),2426
4005,2017-09-30,Name change from Erlinsbach to Erlinsbach (AG),2399
4005,2016-09-30,Name change from Erlinsbach to Erlinsbach (AG),2354
4005,2015-09-30,Name change from Erlinsbach to Erlinsbach (AG),2301
4005,2014-09-30,Name change from Erlinsbach to Erlinsbach (AG),2257
4005,2013-09-30,Name change from Erlinsbach to Erlinsbach (AG),2160
4005,2012-09-30,Name change from Erlinsbach to Erlinsbach (AG),2109
4005,2011-09-30,Name change from Erlinsbach to Erlinsbach (AG),2039
4005,2010-09-30,Name change from Erlinsbach to Erlinsbach (AG),1937
4005,2009-09-30,Name change from Erlinsbach to Erlinsbach (AG),1905
4005,2008-09-30,Name change from Erlinsbach to Erlinsbach (AG),1874
4005,2007-09-30,Name change from Erlinsbach to Erlinsbach (AG),1859
4005,2006-09-30,Name change from Erlinsbach to Erlinsbach (AG),1851
4005,2005-09-30,Initial recording of the municipality Erlinsbach,1826
4005,2004-09-30,Initial recording of the municipality Erlinsbach,1782
4005,2003-09-30,Initial recording of the municipality Erlinsbach,1733
4005,2002-09-30,Initial recording of the municipality Erlinsbach,1674
4005,2001-09-30,Initial recording of the municipality Erlinsbach,1650
4005,2000-09-30,Initial recording of the municipality Erlinsbach,1609
4005,1999-09-30,Initial recording of the municipality Erlinsbach,1571
4005,1998-09-30,Initial recording of the municipality Erlinsbach,1526
4005,1997-09-30,Initial recording of the municipality Erlinsbach,1476
4005,1996-09-30,Initial recording of the municipality Erlinsbach,1464
4005,1995-09-30,Initial recording of the municipality Erlinsbach,1447
4005,1994-09-30,Initial recording of the municipality Erlinsbach,1425
4005,1993-09-30,Initial recording of the municipality Erlinsbach,1428
4005,1992-09-30,Initial recording of the municipality Erlinsbach,1415
4005,1991-09-30,Initial recording of the municipality Erlinsbach,1409
4005,1990-09-30,Initial recording of the municipality Erlinsbach,1372
4005,1989-09-30,Initial recording of the municipality Erlinsbach,1333
4005,1988-09-30,Initial recording of the municipality Erlinsbach,1282
4005,1987-09-30,Initial recording of the municipality Erlinsbach,1268
4005,1986-09-30,Initial recording of the municipality Erlinsbach,1245
4005,1985-09-30,Initial recording of the municipality Erlinsbach,1198
4005,1984-09-30,Initial recording of the municipality Erlinsbach,1157
4005,1983-09-30,Initial recording of the municipality Erlinsbach,1135
4005,1982-09-30,Initial recording of the municipality Erlinsbach,1109
4005,1981-09-30,Initial recording of the municipality Erlinsbach,1101
4005,1980-09-30,Initial recording of the municipality Erlinsbach,1054
4005,1979-09-30,Initial recording of the municipality Erlinsbach,966
4005,1978-09-30,Initial recording of the municipality Erlinsbach,941
4005,1977-09-30,Initial recording of the municipality Erlinsbach,868
4005,1976-09-30,Initial recording of the municipality Erlinsbach,824
4162,2009-09-30,Initial recording of the municipality Etzgen,293
4162,2008-09-30,Initial recording of the municipality Etzgen,282
4162,2007-09-30,Initial recording of the municipality Etzgen,279
4162,2006-09-30,Initial recording of the municipality Etzgen,265
4162,2005-09-30,Initial recording of the municipality Etzgen,259
4162,2004-09-30,Initial recording of the municipality Etzgen,237
4162,2003-09-30,Initial recording of the municipality Etzgen,235
4162,2002-09-30,Initial recording of the municipality Etzgen,230
4162,2001-09-30,Initial recording of the municipality Etzgen,218
4162,2000-09-30,Initial recording of the municipality Etzgen,198
4162,1999-09-30,Initial recording of the municipality Etzgen,196
4162,1998-09-30,Initial recording of the municipality Etzgen,187
4162,1997-09-30,Initial recording of the municipality Etzgen,190
4162,1996-09-30,Initial recording of the municipality Etzgen,193
4162,1995-09-30,Initial recording of the municipality Etzgen,186
4162,1994-09-30,Initial recording of the municipality Etzgen,188
4162,1993-09-30,Initial recording of the municipality Etzgen,188
4162,1992-09-30,Initial recording of the municipality Etzgen,184
4162,1991-09-30,Initial recording of the municipality Etzgen,177
4162,1990-09-30,Initial recording of the municipality Etzgen,180
4162,1989-09-30,Initial recording of the municipality Etzgen,168
4162,1988-09-30,Initial recording of the municipality Etzgen,162
4162,1987-09-30,Initial recording of the municipality Etzgen,162
4162,1986-09-30,Initial recording of the municipality Etzgen,157
4162,1985-09-30,Initial recording of the municipality Etzgen,158
4162,1984-09-30,Initial recording of the municipality Etzgen,150
4162,1983-09-30,Initial recording of the municipality Etzgen,141
4162,1982-09-30,Initial recording of the municipality Etzgen,129
4162,1981-09-30,Initial recording of the municipality Etzgen,121
4162,1980-09-30,Initial recording of the municipality Etzgen,119
4162,1979-09-30,Initial recording of the municipality Etzgen,109
4162,1978-09-30,Initial recording of the municipality Etzgen,110
4162,1977-09-30,Initial recording of the municipality Etzgen,102
4162,1976-09-30,Initial recording of the municipality Etzgen,91
4196,2025-09-30,Initial recording of the municipality Fahrwangen,1640
4196,2024-09-30,Initial recording of the municipality Fahrwangen,1588
4196,2023-09-30,Initial recording of the municipality Fahrwangen,1545
4196,2022-09-30,Initial recording of the municipality Fahrwangen,1537
4196,2021-09-30,Initial recording of the municipality Fahrwangen,1525
4196,2020-09-30,Initial recording of the municipality Fahrwangen,1481
4196,2019-09-30,Initial recording of the municipality Fahrwangen,1437
4196,2018-09-30,Initial recording of the municipality Fahrwangen,1357
4196,2017-09-30,Initial recording of the municipality Fahrwangen,1330
4196,2016-09-30,Initial recording of the municipality Fahrwangen,1352
4196,2015-09-30,Initial recording of the municipality Fahrwangen,1314
4196,2014-09-30,Initial recording of the municipality Fahrwangen,1278
4196,2013-09-30,Initial recording of the municipality Fahrwangen,1230
4196,2012-09-30,Initial recording of the municipality Fahrwangen,1198
4196,2011-09-30,Initial recording of the municipality Fahrwangen,1161
4196,2010-09-30,Initial recording of the municipality Fahrwangen,1112
4196,2009-09-30,Initial recording of the municipality Fahrwangen,1070
4196,2008-09-30,Initial recording of the municipality Fahrwangen,1061
4196,2007-09-30,Initial recording of the municipality Fahrwangen,1040
4196,2006-09-30,Initial recording of the municipality Fahrwangen,998
4196,2005-09-30,Initial recording of the municipality Fahrwangen,976
4196,2004-09-30,Initial recording of the municipality Fahrwangen,937
4196,2003-09-30,Initial recording of the municipality Fahrwangen,937
4196,2002-09-30,Initial recording of the municipality Fahrwangen,921
4196,2001-09-30,Initial recording of the municipality Fahrwangen,908
4196,2000-09-30,Initial recording of the municipality Fahrwangen,921
4196,1999-09-30,Initial recording of the municipality Fahrwangen,900
4196,1998-09-30,Initial recording of the municipality Fahrwangen,890
4196,1997-09-30,Initial recording of the municipality Fahrwangen,867
4196,1996-09-30,Initial recording of the municipality Fahrwangen,843
4196,1995-09-30,Initial recording of the municipality Fahrwangen,836
4196,1994-09-30,Initial recording of the municipality Fahrwangen,805
4196,1993-09-30,Initial recording of the municipality Fahrwangen,761
4196,1992-09-30,Initial recording of the municipality Fahrwangen,735
4196,1991-09-30,Initial recording of the municipality Fahrwangen,740
4196,1990-09-30,Initial recording of the municipality Fahrwangen,703
4196,1989-09-30,Initial recording of the municipality Fahrwangen,658
4196,1988-09-30,Initial recording of the municipality Fahrwangen,623
4196,1987-09-30,Initial recording of the municipality Fahrwangen,605
4196,1986-09-30,Initial recording of the municipality Fahrwangen,598
4196,1985-09-30,Initial recording of the municipality Fahrwangen,565
4196,1984-09-30,Initial recording of the municipality Fahrwangen,555
4196,1983-09-30,Initial recording of the municipality Fahrwangen,530
4196,1982-09-30,Initial recording of the municipality Fahrwangen,508
4196,1981-09-30,Initial recording of the municipality Fahrwangen,475
4196,1980-09-30,Initial recording of the municipality Fahrwangen,451
4196,1979-09-30,Initial recording of the municipality Fahrwangen,425
4196,1978-09-30,Initial recording of the municipality Fahrwangen,377
4196,1977-09-30,Initial recording of the municipality Fahrwangen,366
4196,1976-09-30,Initial recording of the municipality Fahrwangen,354
4067,2025-09-30,Initial recording of the municipality Fischbach-Göslikon,1211
4067,2024-09-30,Initial recording of the municipality Fischbach-Göslikon,1140
4067,2023-09-30,Initial recording of the municipality Fischbach-Göslikon,1103
4067,2022-09-30,Initial recording of the municipality Fischbach-Göslikon,1119
4067,2021-09-30,Initial recording of the municipality Fischbach-Göslikon,1102
4067,2020-09-30,Initial recording of the municipality Fischbach-Göslikon,1056
4067,2019-09-30,Initial recording of the municipality Fischbach-Göslikon,1036
4067,2018-09-30,Initial recording of the municipality Fischbach-Göslikon,1059
4067,2017-09-30,Initial recording of the municipality Fischbach-Göslikon,1079
4067,2016-09-30,Initial recording of the municipality Fischbach-Göslikon,1072
4067,2015-09-30,Initial recording of the municipality Fischbach-Göslikon,1043
4067,2014-09-30,Initial recording of the municipality Fischbach-Göslikon,1025
4067,2013-09-30,Initial recording of the municipality Fischbach-Göslikon,1008
4067,2012-09-30,Initial recording of the municipality Fischbach-Göslikon,921
4067,2011-09-30,Initial recording of the municipality Fischbach-Göslikon,900
4067,2010-09-30,Initial recording of the municipality Fischbach-Göslikon,899
4067,2009-09-30,Initial recording of the municipality Fischbach-Göslikon,856
4067,2008-09-30,Initial recording of the municipality Fischbach-Göslikon,827
4067,2007-09-30,Initial recording of the municipality Fischbach-Göslikon,831
4067,2006-09-30,Initial recording of the municipality Fischbach-Göslikon,818
4067,2005-09-30,Initial recording of the municipality Fischbach-Göslikon,795
4067,2004-09-30,Initial recording of the municipality Fischbach-Göslikon,777
4067,2003-09-30,Initial recording of the municipality Fischbach-Göslikon,796
4067,2002-09-30,Initial recording of the municipality Fischbach-Göslikon,765
4067,2001-09-30,Initial recording of the municipality Fischbach-Göslikon,733
4067,2000-09-30,Initial recording of the municipality Fischbach-Göslikon,720
4067,1999-09-30,Initial recording of the municipality Fischbach-Göslikon,667
4067,1998-09-30,Initial recording of the municipality Fischbach-Göslikon,644
4067,1997-09-30,Initial recording of the municipality Fischbach-Göslikon,647
4067,1996-09-30,Initial recording of the municipality Fischbach-Göslikon,613
4067,1995-09-30,Initial recording of the municipality Fischbach-Göslikon,554
4067,1994-09-30,Initial recording of the municipality Fischbach-Göslikon,519
4067,1993-09-30,Initial recording of the municipality Fischbach-Göslikon,506
4067,1992-09-30,Initial recording of the municipality Fischbach-Göslikon,498
4067,1991-09-30,Initial recording of the municipality Fischbach-Göslikon,489
4067,1990-09-30,Initial recording of the municipality Fischbach-Göslikon,469
4067,1989-09-30,Initial recording of the municipality Fischbach-Göslikon,441
4067,1988-09-30,Initial recording of the municipality Fischbach-Göslikon,412
4067,1987-09-30,Initial recording of the municipality Fischbach-Göslikon,388
4067,1986-09-30,Initial recording of the municipality Fischbach-Göslikon,356
4067,1985-09-30,Initial recording of the municipality Fischbach-Göslikon,350
4067,1984-09-30,Initial recording of the municipality Fischbach-Göslikon,333
4067,1983-09-30,Initial recording of the municipality Fischbach-Göslikon,310
4067,1982-09-30,Initial recording of the municipality Fischbach-Göslikon,292
4067,1981-09-30,Initial recording of the municipality Fischbach-Göslikon,271
4067,1980-09-30,Initial recording of the municipality Fischbach-Göslikon,246
4067,1979-09-30,Initial recording of the municipality Fischbach-Göslikon,221
4067,1978-09-30,Initial recording of the municipality Fischbach-Göslikon,199
4067,1977-09-30,Initial recording of the municipality Fischbach-Göslikon,197
4067,1976-09-30,Initial recording of the municipality Fischbach-Göslikon,195
4306,2025-09-30,Initial recording of the municipality Fisibach,378
4306,2024-09-30,Initial recording of the municipality Fisibach,385
4306,2023-09-30,Initial recording of the municipality Fisibach,379
4306,2022-09-30,Initial recording of the municipality Fisibach,372
4306,2021-09-30,Initial recording of the municipality Fisibach,333
4306,2020-09-30,Initial recording of the municipality Fisibach,301
4306,2019-09-30,Initial recording of the municipality Fisibach,291
4306,2018-09-30,Initial recording of the municipality Fisibach,282
4306,2017-09-30,Initial recording of the municipality Fisibach,273
4306,2016-09-30,Initial recording of the municipality Fisibach,267
4306,2015-09-30,Initial recording of the municipality Fisibach,269
4306,2014-09-30,Initial recording of the municipality Fisibach,249
4306,2013-09-30,Initial recording of the municipality Fisibach,254
4306,2012-09-30,Initial recording of the municipality Fisibach,248
4306,2011-09-30,Initial recording of the municipality Fisibach,228
4306,2010-09-30,Initial recording of the municipality Fisibach,227
4306,2009-09-30,Initial recording of the municipality Fisibach,233
4306,2008-09-30,Initial recording of the municipality Fisibach,226
4306,2007-09-30,Initial recording of the municipality Fisibach,225
4306,2006-09-30,Initial recording of the municipality Fisibach,220
4306,2005-09-30,Initial recording of the municipality Fisibach,212
4306,2004-09-30,Initial recording of the municipality Fisibach,220
4306,2003-09-30,Initial recording of the municipality Fisibach,204
4306,2002-09-30,Initial recording of the municipality Fisibach,189
4306,2001-09-30,Initial recording of the municipality Fisibach,192
4306,2000-09-30,Initial recording of the municipality Fisibach,204
4306,1999-09-30,Initial recording of the municipality Fisibach,190
4306,1998-09-30,Initial recording of the municipality Fisibach,180
4306,1997-09-30,Initial recording of the municipality Fisibach,186
4306,1996-09-30,Initial recording of the municipality Fisibach,184
4306,1995-09-30,Initial recording of the municipality Fisibach,188
4306,1994-09-30,Initial recording of the municipality Fisibach,188
4306,1993-09-30,Initial recording of the municipality Fisibach,186
4306,1992-09-30,Initial recording of the municipality Fisibach,177
4306,1991-09-30,Initial recording of the municipality Fisibach,171
4306,1990-09-30,Initial recording of the municipality Fisibach,169
4306,1989-09-30,Initial recording of the municipality Fisibach,173
4306,1988-09-30,Initial recording of the municipality Fisibach,156
4306,1987-09-30,Initial recording of the municipality Fisibach,147
4306,1986-09-30,Initial recording of the municipality Fisibach,157
4306,1985-09-30,Initial recording of the municipality Fisibach,148
4306,1984-09-30,Initial recording of the municipality Fisibach,126
4306,1983-09-30,Initial recording of the municipality Fisibach,122
4306,1982-09-30,Initial recording of the municipality Fisibach,116
4306,1981-09-30,Initial recording of the municipality Fisibach,117
4306,1980-09-30,Initial recording of the municipality Fisibach,104
4306,1979-09-30,Initial recording of the municipality Fisibach,108
4306,1978-09-30,Initial recording of the municipality Fisibach,99
4306,1977-09-30,Initial recording of the municipality Fisibach,95
4306,1976-09-30,Initial recording of the municipality Fisibach,94
4027,2025-09-30,Initial recording of the municipality Fislisbach,3324
4027,2024-09-30,Initial recording of the municipality Fislisbach,3329
4027,2023-09-30,Initial recording of the municipality Fislisbach,3300
4027,2022-09-30,Initial recording of the municipality Fislisbach,3212
4027,2021-09-30,Initial recording of the municipality Fislisbach,3100
4027,2020-09-30,Initial recording of the municipality Fislisbach,3011
4027,2019-09-30,Initial recording of the municipality Fislisbach,3016
4027,2018-09-30,Initial recording of the municipality Fislisbach,2997
4027,2017-09-30,Initial recording of the municipality Fislisbach,3006
4027,2016-09-30,Initial recording of the municipality Fislisbach,3010
4027,2015-09-30,Initial recording of the municipality Fislisbach,2979
4027,2014-09-30,Initial recording of the municipality Fislisbach,2925
4027,2013-09-30,Initial recording of the municipality Fislisbach,2910
4027,2012-09-30,Initial recording of the municipality Fislisbach,2941
4027,2011-09-30,Initial recording of the municipality Fislisbach,2820
4027,2010-09-30,Initial recording of the municipality Fislisbach,2777
4027,2009-09-30,Initial recording of the municipality Fislisbach,2697
4027,2008-09-30,Initial recording of the municipality Fislisbach,2649
4027,2007-09-30,Initial recording of the municipality Fislisbach,2592
4027,2006-09-30,Initial recording of the municipality Fislisbach,2598
4027,2005-09-30,Initial recording of the municipality Fislisbach,2616
4027,2004-09-30,Initial recording of the municipality Fislisbach,2593
4027,2003-09-30,Initial recording of the municipality Fislisbach,2603
4027,2002-09-30,Initial recording of the municipality Fislisbach,2584
4027,2001-09-30,Initial recording of the municipality Fislisbach,2576
4027,2000-09-30,Initial recording of the municipality Fislisbach,2468
4027,1999-09-30,Initial recording of the municipality Fislisbach,2395
4027,1998-09-30,Initial recording of the municipality Fislisbach,2278
4027,1997-09-30,Initial recording of the municipality Fislisbach,2265
4027,1996-09-30,Initial recording of the municipality Fislisbach,2241
4027,1995-09-30,Initial recording of the municipality Fislisbach,2177
4027,1994-09-30,Initial recording of the municipality Fislisbach,2113
4027,1993-09-30,Initial recording of the municipality Fislisbach,2047
4027,1992-09-30,Initial recording of the municipality Fislisbach,2031
4027,1991-09-30,Initial recording of the municipality Fislisbach,2023
4027,1990-09-30,Initial recording of the municipality Fislisbach,2034
4027,1989-09-30,Initial recording of the municipality Fislisbach,2021
4027,1988-09-30,Initial recording of the municipality Fislisbach,1948
4027,1987-09-30,Initial recording of the municipality Fislisbach,1874
4027,1986-09-30,Initial recording of the municipality Fislisbach,1735
4027,1985-09-30,Initial recording of the municipality Fislisbach,1648
4027,1984-09-30,Initial recording of the municipality Fislisbach,1614
4027,1983-09-30,Initial recording of the municipality Fislisbach,1544
4027,1982-09-30,Initial recording of the municipality Fislisbach,1489
4027,1981-09-30,Initial recording of the municipality Fislisbach,1453
4027,1980-09-30,Initial recording of the municipality Fislisbach,1393
4027,1979-09-30,Initial recording of the municipality Fislisbach,1330
4027,1978-09-30,Initial recording of the municipality Fislisbach,1273
4027,1977-09-30,Initial recording of the municipality Fislisbach,1144
4027,1976-09-30,Initial recording of the municipality Fislisbach,1142
4028,2025-09-30,Initial recording of the municipality Freienwil,644
4028,2024-09-30,Initial recording of the municipality Freienwil,654
4028,2023-09-30,Initial recording of the municipality Freienwil,659
4028,2022-09-30,Initial recording of the municipality Freienwil,653
4028,2021-09-30,Initial recording of the municipality Freienwil,652
4028,2020-09-30,Initial recording of the municipality Freienwil,619
4028,2019-09-30,Initial recording of the municipality Freienwil,597
4028,2018-09-30,Initial recording of the municipality Freienwil,561
4028,2017-09-30,Initial recording of the municipality Freienwil,568
4028,2016-09-30,Initial recording of the municipality Freienwil,564
4028,2015-09-30,Initial recording of the municipality Freienwil,554
4028,2014-09-30,Initial recording of the municipality Freienwil,536
4028,2013-09-30,Initial recording of the municipality Freienwil,509
4028,2012-09-30,Initial recording of the municipality Freienwil,517
4028,2011-09-30,Initial recording of the municipality Freienwil,491
4028,2010-09-30,Initial recording of the municipality Freienwil,475
4028,2009-09-30,Initial recording of the municipality Freienwil,463
4028,2008-09-30,Initial recording of the municipality Freienwil,455
4028,2007-09-30,Initial recording of the municipality Freienwil,462
4028,2006-09-30,Initial recording of the municipality Freienwil,443
4028,2005-09-30,Initial recording of the municipality Freienwil,419
4028,2004-09-30,Initial recording of the municipality Freienwil,413
4028,2003-09-30,Initial recording of the municipality Freienwil,399
4028,2002-09-30,Initial recording of the municipality Freienwil,399
4028,2001-09-30,Initial recording of the municipality Freienwil,392
4028,2000-09-30,Initial recording of the municipality Freienwil,355
4028,1999-09-30,Initial recording of the municipality Freienwil,336
4028,1998-09-30,Initial recording of the municipality Freienwil,331
4028,1997-09-30,Initial recording of the municipality Freienwil,312
4028,1996-09-30,Initial recording of the municipality Freienwil,304
4028,1995-09-30,Initial recording of the municipality Freienwil,293
4028,1994-09-30,Initial recording of the municipality Freienwil,281
4028,1993-09-30,Initial recording of the municipality Freienwil,288
4028,1992-09-30,Initial recording of the municipality Freienwil,289
4028,1991-09-30,Initial recording of the municipality Freienwil,283
4028,1990-09-30,Initial recording of the municipality Freienwil,282
4028,1989-09-30,Initial recording of the municipality Freienwil,284
4028,1988-09-30,Initial recording of the municipality Freienwil,257
4028,1987-09-30,Initial recording of the municipality Freienwil,264
4028,1986-09-30,Initial recording of the municipality Freienwil,253
4028,1985-09-30,Initial recording of the municipality Freienwil,244
4028,1984-09-30,Initial recording of the municipality Freienwil,223
4028,1983-09-30,Initial recording of the municipality Freienwil,196
4028,1982-09-30,Initial recording of the municipality Freienwil,183
4028,1981-09-30,Initial recording of the municipality Freienwil,179
4028,1980-09-30,Initial recording of the municipality Freienwil,174
4028,1979-09-30,Initial recording of the municipality Freienwil,161
4028,1978-09-30,Initial recording of the municipality Freienwil,153
4028,1977-09-30,Initial recording of the municipality Freienwil,133
4028,1976-09-30,Initial recording of the municipality Freienwil,126
4163,2025-09-30,Initial recording of the municipality Frick,3707
4163,2024-09-30,Initial recording of the municipality Frick,3502
4163,2023-09-30,Initial recording of the municipality Frick,3428
4163,2022-09-30,Initial recording of the municipality Frick,3441
4163,2021-09-30,Initial recording of the municipality Frick,3402
4163,2020-09-30,Initial recording of the municipality Frick,3361
4163,2019-09-30,Initial recording of the municipality Frick,3355
4163,2018-09-30,Initial recording of the municipality Frick,3226
4163,2017-09-30,Initial recording of the municipality Frick,3156
4163,2016-09-30,Initial recording of the municipality Frick,3124
4163,2015-09-30,Initial recording of the municipality Frick,3092
4163,2014-09-30,Initial recording of the municipality Frick,3016
4163,2013-09-30,Initial recording of the municipality Frick,2923
4163,2012-09-30,Initial recording of the municipality Frick,2816
4163,2011-09-30,Initial recording of the municipality Frick,2708
4163,2010-09-30,Initial recording of the municipality Frick,2609
4163,2009-09-30,Initial recording of the municipality Frick,2541
4163,2008-09-30,Initial recording of the municipality Frick,2533
4163,2007-09-30,Initial recording of the municipality Frick,2503
4163,2006-09-30,Initial recording of the municipality Frick,2405
4163,2005-09-30,Initial recording of the municipality Frick,2277
4163,2004-09-30,Initial recording of the municipality Frick,2188
4163,2003-09-30,Initial recording of the municipality Frick,2159
4163,2002-09-30,Initial recording of the municipality Frick,2071
4163,2001-09-30,Initial recording of the municipality Frick,1989
4163,2000-09-30,Initial recording of the municipality Frick,1913
4163,1999-09-30,Initial recording of the municipality Frick,1849
4163,1998-09-30,Initial recording of the municipality Frick,1782
4163,1997-09-30,Initial recording of the municipality Frick,1732
4163,1996-09-30,Initial recording of the municipality Frick,1715
4163,1995-09-30,Initial recording of the municipality Frick,1691
4163,1994-09-30,Initial recording of the municipality Frick,1637
4163,1993-09-30,Initial recording of the municipality Frick,1598
4163,1992-09-30,Initial recording of the municipality Frick,1570
4163,1991-09-30,Initial recording of the municipality Frick,1536
4163,1990-09-30,Initial recording of the municipality Frick,1503
4163,1989-09-30,Initial recording of the municipality Frick,1437
4163,1988-09-30,Initial recording of the municipality Frick,1373
4163,1987-09-30,Initial recording of the municipality Frick,1304
4163,1986-09-30,Initial recording of the municipality Frick,1269
4163,1985-09-30,Initial recording of the municipality Frick,1243
4163,1984-09-30,Initial recording of the municipality Frick,1218
4163,1983-09-30,Initial recording of the municipality Frick,1180
4163,1982-09-30,Initial recording of the municipality Frick,1173
4163,1981-09-30,Initial recording of the municipality Frick,1140
4163,1980-09-30,Initial recording of the municipality Frick,1068
4163,1979-09-30,Initial recording of the municipality Frick,1011
4163,1978-09-30,Initial recording of the municipality Frick,989
4163,1977-09-30,Initial recording of the municipality Frick,962
4163,1976-09-30,Initial recording of the municipality Frick,916
4307,2025-09-30,Initial recording of the municipality Full-Reuenthal,669
4307,2024-09-30,Initial recording of the municipality Full-Reuenthal,664
4307,2023-09-30,Initial recording of the municipality Full-Reuenthal,629
4307,2022-09-30,Initial recording of the municipality Full-Reuenthal,616
4307,2021-09-30,Initial recording of the municipality Full-Reuenthal,585
4307,2020-09-30,Initial recording of the municipality Full-Reuenthal,568
4307,2019-09-30,Initial recording of the municipality Full-Reuenthal,569
4307,2018-09-30,Initial recording of the municipality Full-Reuenthal,562
4307,2017-09-30,Initial recording of the municipality Full-Reuenthal,563
4307,2016-09-30,Initial recording of the municipality Full-Reuenthal,567
4307,2015-09-30,Initial recording of the municipality Full-Reuenthal,546
4307,2014-09-30,Initial recording of the municipality Full-Reuenthal,520
4307,2013-09-30,Initial recording of the municipality Full-Reuenthal,516
4307,2012-09-30,Initial recording of the municipality Full-Reuenthal,496
4307,2011-09-30,Initial recording of the municipality Full-Reuenthal,489
4307,2010-09-30,Initial recording of the municipality Full-Reuenthal,473
4307,2009-09-30,Initial recording of the municipality Full-Reuenthal,476
4307,2008-09-30,Initial recording of the municipality Full-Reuenthal,463
4307,2007-09-30,Initial recording of the municipality Full-Reuenthal,458
4307,2006-09-30,Initial recording of the municipality Full-Reuenthal,456
4307,2005-09-30,Initial recording of the municipality Full-Reuenthal,437
4307,2004-09-30,Initial recording of the municipality Full-Reuenthal,442
4307,2003-09-30,Initial recording of the municipality Full-Reuenthal,447
4307,2002-09-30,Initial recording of the municipality Full-Reuenthal,437
4307,2001-09-30,Initial recording of the municipality Full-Reuenthal,432
4307,2000-09-30,Initial recording of the municipality Full-Reuenthal,436
4307,1999-09-30,Initial recording of the municipality Full-Reuenthal,417
4307,1998-09-30,Initial recording of the municipality Full-Reuenthal,392
4307,1997-09-30,Initial recording of the municipality Full-Reuenthal,381
4307,1996-09-30,Initial recording of the municipality Full-Reuenthal,375
4307,1995-09-30,Initial recording of the municipality Full-Reuenthal,352
4307,1994-09-30,Initial recording of the municipality Full-Reuenthal,347
4307,1993-09-30,Initial recording of the municipality Full-Reuenthal,344
4307,1992-09-30,Initial recording of the municipality Full-Reuenthal,344
4307,1991-09-30,Initial recording of the municipality Full-Reuenthal,344
4307,1990-09-30,Initial recording of the municipality Full-Reuenthal,341
4307,1989-09-30,Initial recording of the municipality Full-Reuenthal,342
4307,1988-09-30,Initial recording of the municipality Full-Reuenthal,335
4307,1987-09-30,Initial recording of the municipality Full-Reuenthal,329
4307,1986-09-30,Initial recording of the municipality Full-Reuenthal,341
4307,1985-09-30,Initial recording of the municipality Full-Reuenthal,340
4307,1984-09-30,Initial recording of the municipality Full-Reuenthal,322
4307,1983-09-30,Initial recording of the municipality Full-Reuenthal,306
4307,1982-09-30,Initial recording of the municipality Full-Reuenthal,292
4307,1981-09-30,Initial recording of the municipality Full-Reuenthal,298
4307,1980-09-30,Initial recording of the municipality Full-Reuenthal,275
4307,1979-09-30,Initial recording of the municipality Full-Reuenthal,263
4307,1978-09-30,Initial recording of the municipality Full-Reuenthal,244
4307,1977-09-30,Initial recording of the municipality Full-Reuenthal,233
4307,1976-09-30,Initial recording of the municipality Full-Reuenthal,220
4098,2012-09-30,Initial recording of the municipality Gallenkirch,91
4098,2011-09-30,Initial recording of the municipality Gallenkirch,94
4098,2010-09-30,Initial recording of the municipality Gallenkirch,86
4098,2009-09-30,Initial recording of the municipality Gallenkirch,67
4098,2008-09-30,Initial recording of the municipality Gallenkirch,62
4098,2007-09-30,Initial recording of the municipality Gallenkirch,61
4098,2006-09-30,Initial recording of the municipality Gallenkirch,60
4098,2005-09-30,Initial recording of the municipality Gallenkirch,63
4098,2004-09-30,Initial recording of the municipality Gallenkirch,65
4098,2003-09-30,Initial recording of the municipality Gallenkirch,70
4098,2002-09-30,Initial recording of the municipality Gallenkirch,70
4098,2001-09-30,Initial recording of the municipality Gallenkirch,67
4098,2000-09-30,Initial recording of the municipality Gallenkirch,62
4098,1999-09-30,Initial recording of the municipality Gallenkirch,57
4098,1998-09-30,Initial recording of the municipality Gallenkirch,47
4098,1997-09-30,Initial recording of the municipality Gallenkirch,47
4098,1996-09-30,Initial recording of the municipality Gallenkirch,39
4098,1995-09-30,Initial recording of the municipality Gallenkirch,44
4098,1994-09-30,Initial recording of the municipality Gallenkirch,41
4098,1993-09-30,Initial recording of the municipality Gallenkirch,39
4098,1992-09-30,Initial recording of the municipality Gallenkirch,41
4098,1991-09-30,Initial recording of the municipality Gallenkirch,44
4098,1990-09-30,Initial recording of the municipality Gallenkirch,41
4098,1989-09-30,Initial recording of the municipality Gallenkirch,39
4098,1988-09-30,Initial recording of the municipality Gallenkirch,35
4098,1987-09-30,Initial recording of the municipality Gallenkirch,28
4098,1986-09-30,Initial recording of the municipality Gallenkirch,28
4098,1985-09-30,Initial recording of the municipality Gallenkirch,31
4098,1984-09-30,Initial recording of the municipality Gallenkirch,28
4098,1983-09-30,Initial recording of the municipality Gallenkirch,26
4098,1982-09-30,Initial recording of the municipality Gallenkirch,25
4098,1981-09-30,Initial recording of the municipality Gallenkirch,23
4098,1980-09-30,Initial recording of the municipality Gallenkirch,24
4098,1979-09-30,Initial recording of the municipality Gallenkirch,22
4098,1978-09-30,Initial recording of the municipality Gallenkirch,23
4098,1977-09-30,Initial recording of the municipality Gallenkirch,23
4098,1976-09-30,Initial recording of the municipality Gallenkirch,19
4164,2025-09-30,Initial recording of the municipality Gansingen,711
4164,2024-09-30,Initial recording of the municipality Gansingen,720
4164,2023-09-30,Initial recording of the municipality Gansingen,709
4164,2022-09-30,Initial recording of the municipality Gansingen,699
4164,2021-09-30,Initial recording of the municipality Gansingen,684
4164,2020-09-30,Initial recording of the municipality Gansingen,703
4164,2019-09-30,Initial recording of the municipality Gansingen,699
4164,2018-09-30,Initial recording of the municipality Gansingen,685
4164,2017-09-30,Initial recording of the municipality Gansingen,682
4164,2016-09-30,Initial recording of the municipality Gansingen,663
4164,2015-09-30,Initial recording of the municipality Gansingen,645
4164,2014-09-30,Initial recording of the municipality Gansingen,641
4164,2013-09-30,Initial recording of the municipality Gansingen,626
4164,2012-09-30,Initial recording of the municipality Gansingen,622
4164,2011-09-30,Initial recording of the municipality Gansingen,591
4164,2010-09-30,Initial recording of the municipality Gansingen,573
4164,2009-09-30,Initial recording of the municipality Gansingen,560
4164,2008-09-30,Initial recording of the municipality Gansingen,560
4164,2007-09-30,Initial recording of the municipality Gansingen,554
4164,2006-09-30,Initial recording of the municipality Gansingen,553
4164,2005-09-30,Initial recording of the municipality Gansingen,533
4164,2004-09-30,Initial recording of the municipality Gansingen,525
4164,2003-09-30,Initial recording of the municipality Gansingen,523
4164,2002-09-30,Initial recording of the municipality Gansingen,505
4164,2001-09-30,Initial recording of the municipality Gansingen,483
4164,2000-09-30,Initial recording of the municipality Gansingen,480
4164,1999-09-30,Initial recording of the municipality Gansingen,473
4164,1998-09-30,Initial recording of the municipality Gansingen,454
4164,1997-09-30,Initial recording of the municipality Gansingen,450
4164,1996-09-30,Initial recording of the municipality Gansingen,439
4164,1995-09-30,Initial recording of the municipality Gansingen,425
4164,1994-09-30,Initial recording of the municipality Gansingen,424
4164,1993-09-30,Initial recording of the municipality Gansingen,422
4164,1992-09-30,Initial recording of the municipality Gansingen,422
4164,1991-09-30,Initial recording of the municipality Gansingen,394
4164,1990-09-30,Initial recording of the municipality Gansingen,384
4164,1989-09-30,Initial recording of the municipality Gansingen,359
4164,1988-09-30,Initial recording of the municipality Gansingen,349
4164,1987-09-30,Initial recording of the municipality Gansingen,340
4164,1986-09-30,Initial recording of the municipality Gansingen,309
4164,1985-09-30,Initial recording of the municipality Gansingen,295
4164,1984-09-30,Initial recording of the municipality Gansingen,286
4164,1983-09-30,Initial recording of the municipality Gansingen,267
4164,1982-09-30,Initial recording of the municipality Gansingen,241
4164,1981-09-30,Initial recording of the municipality Gansingen,225
4164,1980-09-30,Initial recording of the municipality Gansingen,210
4164,1979-09-30,Initial recording of the municipality Gansingen,213
4164,1978-09-30,Initial recording of the municipality Gansingen,209
4164,1977-09-30,Initial recording of the municipality Gansingen,181
4164,1976-09-30,Initial recording of the municipality Gansingen,174
4029,2025-09-30,Initial recording of the municipality Gebenstorf,3351
4029,2024-09-30,Initial recording of the municipality Gebenstorf,3313
4029,2023-09-30,Initial recording of the municipality Gebenstorf,3275
4029,2022-09-30,Initial recording of the municipality Gebenstorf,3239
4029,2021-09-30,Initial recording of the municipality Gebenstorf,3276
4029,2020-09-30,Initial recording of the municipality Gebenstorf,3198
4029,2019-09-30,Initial recording of the municipality Gebenstorf,3159
4029,2018-09-30,Initial recording of the municipality Gebenstorf,3142
4029,2017-09-30,Initial recording of the municipality Gebenstorf,3064
4029,2016-09-30,Initial recording of the municipality Gebenstorf,2953
4029,2015-09-30,Initial recording of the municipality Gebenstorf,2901
4029,2014-09-30,Initial recording of the municipality Gebenstorf,2805
4029,2013-09-30,Initial recording of the municipality Gebenstorf,2789
4029,2012-09-30,Initial recording of the municipality Gebenstorf,2638
4029,2011-09-30,Initial recording of the municipality Gebenstorf,2515
4029,2010-09-30,Initial recording of the municipality Gebenstorf,2355
4029,2009-09-30,Initial recording of the municipality Gebenstorf,2404
4029,2008-09-30,Initial recording of the municipality Gebenstorf,2345
4029,2007-09-30,Initial recording of the municipality Gebenstorf,2289
4029,2006-09-30,Initial recording of the municipality Gebenstorf,2249
4029,2005-09-30,Initial recording of the municipality Gebenstorf,2262
4029,2004-09-30,Initial recording of the municipality Gebenstorf,2195
4029,2003-09-30,Initial recording of the municipality Gebenstorf,2126
4029,2002-09-30,Initial recording of the municipality Gebenstorf,2083
4029,2001-09-30,Initial recording of the municipality Gebenstorf,2060
4029,2000-09-30,Initial recording of the municipality Gebenstorf,2016
4029,1999-09-30,Initial recording of the municipality Gebenstorf,1961
4029,1998-09-30,Initial recording of the municipality Gebenstorf,1940
4029,1997-09-30,Initial recording of the municipality Gebenstorf,1910
4029,1996-09-30,Initial recording of the municipality Gebenstorf,1883
4029,1995-09-30,Initial recording of the municipality Gebenstorf,1827
4029,1994-09-30,Initial recording of the municipality Gebenstorf,1826
4029,1993-09-30,Initial recording of the municipality Gebenstorf,1802
4029,1992-09-30,Initial recording of the municipality Gebenstorf,1789
4029,1991-09-30,Initial recording of the municipality Gebenstorf,1786
4029,1990-09-30,Initial recording of the municipality Gebenstorf,1753
4029,1989-09-30,Initial recording of the municipality Gebenstorf,1708
4029,1988-09-30,Initial recording of the municipality Gebenstorf,1687
4029,1987-09-30,Initial recording of the municipality Gebenstorf,1640
4029,1986-09-30,Initial recording of the municipality Gebenstorf,1536
4029,1985-09-30,Initial recording of the municipality Gebenstorf,1503
4029,1984-09-30,Initial recording of the municipality Gebenstorf,1443
4029,1983-09-30,Initial recording of the municipality Gebenstorf,1397
4029,1982-09-30,Initial recording of the municipality Gebenstorf,1327
4029,1981-09-30,Initial recording of the municipality Gebenstorf,1223
4029,1980-09-30,Initial recording of the municipality Gebenstorf,1136
4029,1979-09-30,Initial recording of the municipality Gebenstorf,1082
4029,1978-09-30,Initial recording of the municipality Gebenstorf,1016
4029,1977-09-30,Initial recording of the municipality Gebenstorf,949
4029,1976-09-30,Initial recording of the municipality Gebenstorf,923
4232,2025-09-30,Initial recording of the municipality Geltwil,175
4232,2024-09-30,Initial recording of the municipality Geltwil,166
4232,2023-09-30,Initial recording of the municipality Geltwil,154
4232,2022-09-30,Initial recording of the municipality Geltwil,158
4232,2021-09-30,Initial recording of the municipality Geltwil,149
4232,2020-09-30,Initial recording of the municipality Geltwil,149
4232,2019-09-30,Initial recording of the municipality Geltwil,149
4232,2018-09-30,Initial recording of the municipality Geltwil,148
4232,2017-09-30,Initial recording of the municipality Geltwil,135
4232,2016-09-30,Initial recording of the municipality Geltwil,128
4232,2015-09-30,Initial recording of the municipality Geltwil,127
4232,2014-09-30,Initial recording of the municipality Geltwil,119
4232,2013-09-30,Initial recording of the municipality Geltwil,115
4232,2012-09-30,Initial recording of the municipality Geltwil,105
4232,2011-09-30,Initial recording of the municipality Geltwil,107
4232,2010-09-30,Initial recording of the municipality Geltwil,95
4232,2009-09-30,Initial recording of the municipality Geltwil,62
4232,2008-09-30,Initial recording of the municipality Geltwil,66
4232,2007-09-30,Initial recording of the municipality Geltwil,68
4232,2006-09-30,Initial recording of the municipality Geltwil,73
4232,2005-09-30,Initial recording of the municipality Geltwil,74
4232,2004-09-30,Initial recording of the municipality Geltwil,78
4232,2003-09-30,Initial recording of the municipality Geltwil,78
4232,2002-09-30,Initial recording of the municipality Geltwil,84
4232,2001-09-30,Initial recording of the municipality Geltwil,69
4232,2000-09-30,Initial recording of the municipality Geltwil,60
4232,1999-09-30,Initial recording of the municipality Geltwil,57
4232,1998-09-30,Initial recording of the municipality Geltwil,60
4232,1997-09-30,Initial recording of the municipality Geltwil,60
4232,1996-09-30,Initial recording of the municipality Geltwil,57
4232,1995-09-30,Initial recording of the municipality Geltwil,54
4232,1994-09-30,Initial recording of the municipality Geltwil,58
4232,1993-09-30,Initial recording of the municipality Geltwil,60
4232,1992-09-30,Initial recording of the municipality Geltwil,59
4232,1991-09-30,Initial recording of the municipality Geltwil,60
4232,1990-09-30,Initial recording of the municipality Geltwil,62
4232,1989-09-30,Initial recording of the municipality Geltwil,63
4232,1988-09-30,Initial recording of the municipality Geltwil,61
4232,1987-09-30,Initial recording of the municipality Geltwil,58
4232,1986-09-30,Initial recording of the municipality Geltwil,43
4232,1985-09-30,Initial recording of the municipality Geltwil,43
4232,1984-09-30,Initial recording of the municipality Geltwil,40
4232,1983-09-30,Initial recording of the municipality Geltwil,42
4232,1982-09-30,Initial recording of the municipality Geltwil,38
4232,1981-09-30,Initial recording of the municipality Geltwil,41
4232,1980-09-30,Initial recording of the municipality Geltwil,45
4232,1979-09-30,Initial recording of the municipality Geltwil,31
4232,1978-09-30,Initial recording of the municipality Geltwil,29
4232,1977-09-30,Initial recording of the municipality Geltwil,28
4232,1976-09-30,Initial recording of the municipality Geltwil,27
4165,2025-09-30,Initial recording of the municipality Gipf-Oberfrick,2279
4165,2024-09-30,Initial recording of the municipality Gipf-Oberfrick,2285
4165,2023-09-30,Initial recording of the municipality Gipf-Oberfrick,2250
4165,2022-09-30,Initial recording of the municipality Gipf-Oberfrick,2245
4165,2021-09-30,Initial recording of the municipality Gipf-Oberfrick,2246
4165,2020-09-30,Initial recording of the municipality Gipf-Oberfrick,2154
4165,2019-09-30,Initial recording of the municipality Gipf-Oberfrick,2073
4165,2018-09-30,Initial recording of the municipality Gipf-Oberfrick,2046
4165,2017-09-30,Initial recording of the municipality Gipf-Oberfrick,2056
4165,2016-09-30,Initial recording of the municipality Gipf-Oberfrick,2063
4165,2015-09-30,Initial recording of the municipality Gipf-Oberfrick,2021
4165,2014-09-30,Initial recording of the municipality Gipf-Oberfrick,2007
4165,2013-09-30,Initial recording of the municipality Gipf-Oberfrick,1954
4165,2012-09-30,Initial recording of the municipality Gipf-Oberfrick,1859
4165,2011-09-30,Initial recording of the municipality Gipf-Oberfrick,1792
4165,2010-09-30,Initial recording of the municipality Gipf-Oberfrick,1774
4165,2009-09-30,Initial recording of the municipality Gipf-Oberfrick,1740
4165,2008-09-30,Initial recording of the municipality Gipf-Oberfrick,1711
4165,2007-09-30,Initial recording of the municipality Gipf-Oberfrick,1696
4165,2006-09-30,Initial recording of the municipality Gipf-Oberfrick,1671
4165,2005-09-30,Initial recording of the municipality Gipf-Oberfrick,1631
4165,2004-09-30,Initial recording of the municipality Gipf-Oberfrick,1624
4165,2003-09-30,Initial recording of the municipality Gipf-Oberfrick,1593
4165,2002-09-30,Initial recording of the municipality Gipf-Oberfrick,1542
4165,2001-09-30,Initial recording of the municipality Gipf-Oberfrick,1492
4165,2000-09-30,Initial recording of the municipality Gipf-Oberfrick,1439
4165,1999-09-30,Initial recording of the municipality Gipf-Oberfrick,1367
4165,1998-09-30,Initial recording of the municipality Gipf-Oberfrick,1275
4165,1997-09-30,Initial recording of the municipality Gipf-Oberfrick,1250
4165,1996-09-30,Initial recording of the municipality Gipf-Oberfrick,1190
4165,1995-09-30,Initial recording of the municipality Gipf-Oberfrick,1151
4165,1994-09-30,Initial recording of the municipality Gipf-Oberfrick,1076
4165,1993-09-30,Initial recording of the municipality Gipf-Oberfrick,1008
4165,1992-09-30,Initial recording of the municipality Gipf-Oberfrick,966
4165,1991-09-30,Initial recording of the municipality Gipf-Oberfrick,947
4165,1990-09-30,Initial recording of the municipality Gipf-Oberfrick,923
4165,1989-09-30,Initial recording of the municipality Gipf-Oberfrick,856
4165,1988-09-30,Initial recording of the municipality Gipf-Oberfrick,818
4165,1987-09-30,Initial recording of the municipality Gipf-Oberfrick,776
4165,1986-09-30,Initial recording of the municipality Gipf-Oberfrick,721
4165,1985-09-30,Initial recording of the municipality Gipf-Oberfrick,687
4165,1984-09-30,Initial recording of the municipality Gipf-Oberfrick,655
4165,1983-09-30,Initial recording of the municipality Gipf-Oberfrick,623
4165,1982-09-30,Initial recording of the municipality Gipf-Oberfrick,588
4165,1981-09-30,Initial recording of the municipality Gipf-Oberfrick,566
4165,1980-09-30,Initial recording of the municipality Gipf-Oberfrick,543
4165,1979-09-30,Initial recording of the municipality Gipf-Oberfrick,502
4165,1978-09-30,Initial recording of the municipality Gipf-Oberfrick,446
4165,1977-09-30,Initial recording of the municipality Gipf-Oberfrick,410
4165,1976-09-30,Initial recording of the municipality Gipf-Oberfrick,390
4135,2025-09-30,Initial recording of the municipality Gontenschwil,1617
4135,2024-09-30,Initial recording of the municipality Gontenschwil,1539
4135,2023-09-30,Initial recording of the municipality Gontenschwil,1548
4135,2022-09-30,Initial recording of the municipality Gontenschwil,1540
4135,2021-09-30,Initial recording of the municipality Gontenschwil,1545
4135,2020-09-30,Initial recording of the municipality Gontenschwil,1523
4135,2019-09-30,Initial recording of the municipality Gontenschwil,1520
4135,2018-09-30,Initial recording of the municipality Gontenschwil,1493
4135,2017-09-30,Initial recording of the municipality Gontenschwil,1464
4135,2016-09-30,Initial recording of the municipality Gontenschwil,1459
4135,2015-09-30,Initial recording of the municipality Gontenschwil,1412
4135,2014-09-30,Initial recording of the municipality Gontenschwil,1405
4135,2013-09-30,Initial recording of the municipality Gontenschwil,1419
4135,2012-09-30,Initial recording of the municipality Gontenschwil,1357
4135,2011-09-30,Initial recording of the municipality Gontenschwil,1344
4135,2010-09-30,Initial recording of the municipality Gontenschwil,1329
4135,2009-09-30,Initial recording of the municipality Gontenschwil,1310
4135,2008-09-30,Initial recording of the municipality Gontenschwil,1313
4135,2007-09-30,Initial recording of the municipality Gontenschwil,1301
4135,2006-09-30,Initial recording of the municipality Gontenschwil,1294
4135,2005-09-30,Initial recording of the municipality Gontenschwil,1251
4135,2004-09-30,Initial recording of the municipality Gontenschwil,1237
4135,2003-09-30,Initial recording of the municipality Gontenschwil,1227
4135,2002-09-30,Initial recording of the municipality Gontenschwil,1201
4135,2001-09-30,Initial recording of the municipality Gontenschwil,1189
4135,2000-09-30,Initial recording of the municipality Gontenschwil,1168
4135,1999-09-30,Initial recording of the municipality Gontenschwil,1123
4135,1998-09-30,Initial recording of the municipality Gontenschwil,1085
4135,1997-09-30,Initial recording of the municipality Gontenschwil,1054
4135,1996-09-30,Initial recording of the municipality Gontenschwil,1006
4135,1995-09-30,Initial recording of the municipality Gontenschwil,1034
4135,1994-09-30,Initial recording of the municipality Gontenschwil,1017
4135,1993-09-30,Initial recording of the municipality Gontenschwil,992
4135,1992-09-30,Initial recording of the municipality Gontenschwil,1004
4135,1991-09-30,Initial recording of the municipality Gontenschwil,979
4135,1990-09-30,Initial recording of the municipality Gontenschwil,944
4135,1989-09-30,Initial recording of the municipality Gontenschwil,905
4135,1988-09-30,Initial recording of the municipality Gontenschwil,877
4135,1987-09-30,Initial recording of the municipality Gontenschwil,858
4135,1986-09-30,Initial recording of the municipality Gontenschwil,822
4135,1985-09-30,Initial recording of the municipality Gontenschwil,814
4135,1984-09-30,Initial recording of the municipality Gontenschwil,803
4135,1983-09-30,Initial recording of the municipality Gontenschwil,785
4135,1982-09-30,Initial recording of the municipality Gontenschwil,749
4135,1981-09-30,Initial recording of the municipality Gontenschwil,741
4135,1980-09-30,Initial recording of the municipality Gontenschwil,717
4135,1979-09-30,Initial recording of the municipality Gontenschwil,694
4135,1978-09-30,Initial recording of the municipality Gontenschwil,653
4135,1977-09-30,Initial recording of the municipality Gontenschwil,611
4135,1976-09-30,Initial recording of the municipality Gontenschwil,553
4006,2025-09-30,Initial recording of the municipality Gränichen,4889
4006,2024-09-30,Initial recording of the municipality Gränichen,4835
4006,2023-09-30,Initial recording of the municipality Gränichen,4818
4006,2022-09-30,Initial recording of the municipality Gränichen,4823
4006,2021-09-30,Initial recording of the municipality Gränichen,4742
4006,2020-09-30,Initial recording of the municipality Gränichen,4641
4006,2019-09-30,Initial recording of the municipality Gränichen,4493
4006,2018-09-30,Initial recording of the municipality Gränichen,4434
4006,2017-09-30,Initial recording of the municipality Gränichen,4390
4006,2016-09-30,Initial recording of the municipality Gränichen,4350
4006,2015-09-30,Initial recording of the municipality Gränichen,4195
4006,2014-09-30,Initial recording of the municipality Gränichen,4158
4006,2013-09-30,Initial recording of the municipality Gränichen,4083
4006,2012-09-30,Initial recording of the municipality Gränichen,4011
4006,2011-09-30,Initial recording of the municipality Gränichen,3832
4006,2010-09-30,Initial recording of the municipality Gränichen,3712
4006,2009-09-30,Initial recording of the municipality Gränichen,3639
4006,2008-09-30,Initial recording of the municipality Gränichen,3516
4006,2007-09-30,Initial recording of the municipality Gränichen,3485
4006,2006-09-30,Initial recording of the municipality Gränichen,3436
4006,2005-09-30,Initial recording of the municipality Gränichen,3377
4006,2004-09-30,Initial recording of the municipality Gränichen,3354
4006,2003-09-30,Initial recording of the municipality Gränichen,3259
4006,2002-09-30,Initial recording of the municipality Gränichen,3163
4006,2001-09-30,Initial recording of the municipality Gränichen,3061
4006,2000-09-30,Initial recording of the municipality Gränichen,3026
4006,1999-09-30,Initial recording of the municipality Gränichen,2936
4006,1998-09-30,Initial recording of the municipality Gränichen,2856
4006,1997-09-30,Initial recording of the municipality Gränichen,2828
4006,1996-09-30,Initial recording of the municipality Gränichen,2814
4006,1995-09-30,Initial recording of the municipality Gränichen,2763
4006,1994-09-30,Initial recording of the municipality Gränichen,2708
4006,1993-09-30,Initial recording of the municipality Gränichen,2665
4006,1992-09-30,Initial recording of the municipality Gränichen,2609
4006,1991-09-30,Initial recording of the municipality Gränichen,2578
4006,1990-09-30,Initial recording of the municipality Gränichen,2562
4006,1989-09-30,Initial recording of the municipality Gränichen,2434
4006,1988-09-30,Initial recording of the municipality Gränichen,2332
4006,1987-09-30,Initial recording of the municipality Gränichen,2204
4006,1986-09-30,Initial recording of the municipality Gränichen,2180
4006,1985-09-30,Initial recording of the municipality Gränichen,2091
4006,1984-09-30,Initial recording of the municipality Gränichen,2046
4006,1983-09-30,Initial recording of the municipality Gränichen,1972
4006,1982-09-30,Initial recording of the municipality Gränichen,1908
4006,1981-09-30,Initial recording of the municipality Gränichen,1877
4006,1980-09-30,Initial recording of the municipality Gränichen,1766
4006,1979-09-30,Initial recording of the municipality Gränichen,1726
4006,1978-09-30,Initial recording of the municipality Gränichen,1669
4006,1977-09-30,Initial recording of the municipality Gränichen,1598
4006,1976-09-30,Initial recording of the municipality Gränichen,1497
4099,2025-09-30,Initial recording of the municipality Habsburg,299
4099,2024-09-30,Initial recording of the municipality Habsburg,300
4099,2023-09-30,Initial recording of the municipality Habsburg,294
4099,2022-09-30,Initial recording of the municipality Habsburg,298
4099,2021-09-30,Initial recording of the municipality Habsburg,293
4099,2020-09-30,Initial recording of the municipality Habsburg,298
4099,2019-09-30,Initial recording of the municipality Habsburg,295
4099,2018-09-30,Initial recording of the municipality Habsburg,294
4099,2017-09-30,Initial recording of the municipality Habsburg,291
4099,2016-09-30,Initial recording of the municipality Habsburg,278
4099,2015-09-30,Initial recording of the municipality Habsburg,271
4099,2014-09-30,Initial recording of the municipality Habsburg,274
4099,2013-09-30,Initial recording of the municipality Habsburg,273
4099,2012-09-30,Initial recording of the municipality Habsburg,276
4099,2011-09-30,Initial recording of the municipality Habsburg,267
4099,2010-09-30,Initial recording of the municipality Habsburg,270
4099,2009-09-30,Initial recording of the municipality Habsburg,275
4099,2008-09-30,Initial recording of the municipality Habsburg,258
4099,2007-09-30,Initial recording of the municipality Habsburg,244
4099,2006-09-30,Initial recording of the municipality Habsburg,248
4099,2005-09-30,Initial recording of the municipality Habsburg,241
4099,2004-09-30,Initial recording of the municipality Habsburg,243
4099,2003-09-30,Initial recording of the municipality Habsburg,233
4099,2002-09-30,Initial recording of the municipality Habsburg,213
4099,2001-09-30,Initial recording of the municipality Habsburg,210
4099,2000-09-30,Initial recording of the municipality Habsburg,213
4099,1999-09-30,Initial recording of the municipality Habsburg,210
4099,1998-09-30,Initial recording of the municipality Habsburg,202
4099,1997-09-30,Initial recording of the municipality Habsburg,194
4099,1996-09-30,Initial recording of the municipality Habsburg,201
4099,1995-09-30,Initial recording of the municipality Habsburg,193
4099,1994-09-30,Initial recording of the municipality Habsburg,175
4099,1993-09-30,Initial recording of the municipality Habsburg,171
4099,1992-09-30,Initial recording of the municipality Habsburg,154
4099,1991-09-30,Initial recording of the municipality Habsburg,148
4099,1990-09-30,Initial recording of the municipality Habsburg,142
4099,1989-09-30,Initial recording of the municipality Habsburg,136
4099,1988-09-30,Initial recording of the municipality Habsburg,136
4099,1987-09-30,Initial recording of the municipality Habsburg,126
4099,1986-09-30,Initial recording of the municipality Habsburg,125
4099,1985-09-30,Initial recording of the municipality Habsburg,122
4099,1984-09-30,Initial recording of the municipality Habsburg,110
4099,1983-09-30,Initial recording of the municipality Habsburg,102
4099,1982-09-30,Initial recording of the municipality Habsburg,103
4099,1981-09-30,Initial recording of the municipality Habsburg,101
4099,1980-09-30,Initial recording of the municipality Habsburg,92
4099,1979-09-30,Initial recording of the municipality Habsburg,86
4099,1978-09-30,Initial recording of the municipality Habsburg,74
4099,1977-09-30,Initial recording of the municipality Habsburg,75
4099,1976-09-30,Initial recording of the municipality Habsburg,64
4197,2025-09-30,Initial recording of the municipality Hallwil,687
4197,2024-09-30,Initial recording of the municipality Hallwil,703
4197,2023-09-30,Initial recording of the municipality Hallwil,695
4197,2022-09-30,Initial recording of the municipality Hallwil,691
4197,2021-09-30,Initial recording of the municipality Hallwil,658
4197,2020-09-30,Initial recording of the municipality Hallwil,641
4197,2019-09-30,Initial recording of the municipality Hallwil,596
4197,2018-09-30,Initial recording of the municipality Hallwil,612
4197,2017-09-30,Initial recording of the municipality Hallwil,585
4197,2016-09-30,Initial recording of the municipality Hallwil,578
4197,2015-09-30,Initial recording of the municipality Hallwil,540
4197,2014-09-30,Initial recording of the municipality Hallwil,548
4197,2013-09-30,Initial recording of the municipality Hallwil,528
4197,2012-09-30,Initial recording of the municipality Hallwil,511
4197,2011-09-30,Initial recording of the municipality Hallwil,495
4197,2010-09-30,Initial recording of the municipality Hallwil,501
4197,2009-09-30,Initial recording of the municipality Hallwil,496
4197,2008-09-30,Initial recording of the municipality Hallwil,500
4197,2007-09-30,Initial recording of the municipality Hallwil,478
4197,2006-09-30,Initial recording of the municipality Hallwil,466
4197,2005-09-30,Initial recording of the municipality Hallwil,441
4197,2004-09-30,Initial recording of the municipality Hallwil,453
4197,2003-09-30,Initial recording of the municipality Hallwil,460
4197,2002-09-30,Initial recording of the municipality Hallwil,456
4197,2001-09-30,Initial recording of the municipality Hallwil,467
4197,2000-09-30,Initial recording of the municipality Hallwil,442
4197,1999-09-30,Initial recording of the municipality Hallwil,430
4197,1998-09-30,Initial recording of the municipality Hallwil,415
4197,1997-09-30,Initial recording of the municipality Hallwil,388
4197,1996-09-30,Initial recording of the municipality Hallwil,377
4197,1995-09-30,Initial recording of the municipality Hallwil,359
4197,1994-09-30,Initial recording of the municipality Hallwil,346
4197,1993-09-30,Initial recording of the municipality Hallwil,327
4197,1992-09-30,Initial recording of the municipality Hallwil,313
4197,1991-09-30,Initial recording of the municipality Hallwil,313
4197,1990-09-30,Initial recording of the municipality Hallwil,302
4197,1989-09-30,Initial recording of the municipality Hallwil,280
4197,1988-09-30,Initial recording of the municipality Hallwil,261
4197,1987-09-30,Initial recording of the municipality Hallwil,250
4197,1986-09-30,Initial recording of the municipality Hallwil,235
4197,1985-09-30,Initial recording of the municipality Hallwil,227
4197,1984-09-30,Initial recording of the municipality Hallwil,210
4197,1983-09-30,Initial recording of the municipality Hallwil,208
4197,1982-09-30,Initial recording of the municipality Hallwil,194
4197,1981-09-30,Initial recording of the municipality Hallwil,186
4197,1980-09-30,Initial recording of the municipality Hallwil,188
4197,1979-09-30,Initial recording of the municipality Hallwil,189
4197,1978-09-30,Initial recording of the municipality Hallwil,178
4197,1977-09-30,Initial recording of the municipality Hallwil,177
4197,1976-09-30,Initial recording of the municipality Hallwil,167
4100,2025-09-30,Name change from Hausen bei Brugg to Hausen (AG),2366
4100,2024-09-30,Name change from Hausen bei Brugg to Hausen (AG),2316
4100,2023-09-30,Name change from Hausen bei Brugg to Hausen (AG),2303
4100,2022-09-30,Name change from Hausen bei Brugg to Hausen (AG),2333
4100,2021-09-30,Name change from Hausen bei Brugg to Hausen (AG),2358
4100,2020-09-30,Name change from Hausen bei Brugg to Hausen (AG),2289
4100,2019-09-30,Name change from Hausen bei Brugg to Hausen (AG),2274
4100,2018-09-30,Name change from Hausen bei Brugg to Hausen (AG),2245
4100,2017-09-30,Name change from Hausen bei Brugg to Hausen (AG),2214
4100,2016-09-30,Name change from Hausen bei Brugg to Hausen (AG),2188
4100,2015-09-30,Name change from Hausen bei Brugg to Hausen (AG),2100
4100,2014-09-30,Name change from Hausen bei Brugg to Hausen (AG),2033
4100,2013-09-30,Name change from Hausen bei Brugg to Hausen (AG),1937
4100,2012-09-30,Name change from Hausen bei Brugg to Hausen (AG),1865
4100,2011-09-30,Name change from Hausen bei Brugg to Hausen (AG),1782
4100,2010-09-30,Name change from Hausen bei Brugg to Hausen (AG),1685
4100,2009-09-30,Name change from Hausen bei Brugg to Hausen (AG),1651
4100,2008-09-30,Name change from Hausen bei Brugg to Hausen (AG),1633
4100,2007-09-30,Name change from Hausen bei Brugg to Hausen (AG),1608
4100,2006-09-30,Name change from Hausen bei Brugg to Hausen (AG),1566
4100,2005-09-30,Name change from Hausen bei Brugg to Hausen (AG),1508
4100,2004-09-30,Name change from Hausen bei Brugg to Hausen (AG),1484
4100,2003-09-30,Name change from Hausen bei Brugg to Hausen (AG),1454
4100,2002-09-30,Initial recording of the municipality Hausen bei Brugg,1405
4100,2001-09-30,Initial recording of the municipality Hausen bei Brugg,1378
4100,2000-09-30,Initial recording of the municipality Hausen bei Brugg,1364
4100,1999-09-30,Initial recording of the municipality Hausen bei Brugg,1346
4100,1998-09-30,Initial recording of the municipality Hausen bei Brugg,1283
4100,1997-09-30,Initial recording of the municipality Hausen bei Brugg,1248
4100,1996-09-30,Initial recording of the municipality Hausen bei Brugg,1173
4100,1995-09-30,Initial recording of the municipality Hausen bei Brugg,1090
4100,1994-09-30,Initial recording of the municipality Hausen bei Brugg,1056
4100,1993-09-30,Initial recording of the municipality Hausen bei Brugg,1003
4100,1992-09-30,Initial recording of the municipality Hausen bei Brugg,970
4100,1991-09-30,Initial recording of the municipality Hausen bei Brugg,970
4100,1990-09-30,Initial recording of the municipality Hausen bei Brugg,966
4100,1989-09-30,Initial recording of the municipality Hausen bei Brugg,956
4100,1988-09-30,Initial recording of the municipality Hausen bei Brugg,935
4100,1987-09-30,Initial recording of the municipality Hausen bei Brugg,907
4100,1986-09-30,Initial recording of the municipality Hausen bei Brugg,877
4100,1985-09-30,Initial recording of the municipality Hausen bei Brugg,843
4100,1984-09-30,Initial recording of the municipality Hausen bei Brugg,783
4100,1983-09-30,Initial recording of the municipality Hausen bei Brugg,717
4100,1982-09-30,Initial recording of the municipality Hausen bei Brugg,679
4100,1981-09-30,Initial recording of the municipality Hausen bei Brugg,626
4100,1980-09-30,Initial recording of the municipality Hausen bei Brugg,584
4100,1979-09-30,Initial recording of the municipality Hausen bei Brugg,559
4100,1978-09-30,Initial recording of the municipality Hausen bei Brugg,522
4100,1977-09-30,Initial recording of the municipality Hausen bei Brugg,484
4100,1976-09-30,Initial recording of the municipality Hausen bei Brugg,460
4251,2025-09-30,Initial recording of the municipality Hellikon,590
4251,2024-09-30,Initial recording of the municipality Hellikon,585
4251,2023-09-30,Initial recording of the municipality Hellikon,579
4251,2022-09-30,Initial recording of the municipality Hellikon,575
4251,2021-09-30,Initial recording of the municipality Hellikon,549
4251,2020-09-30,Initial recording of the municipality Hellikon,535
4251,2019-09-30,Initial recording of the municipality Hellikon,535
4251,2018-09-30,Initial recording of the municipality Hellikon,526
4251,2017-09-30,Initial recording of the municipality Hellikon,528
4251,2016-09-30,Initial recording of the municipality Hellikon,525
4251,2015-09-30,Initial recording of the municipality Hellikon,524
4251,2014-09-30,Initial recording of the municipality Hellikon,511
4251,2013-09-30,Initial recording of the municipality Hellikon,509
4251,2012-09-30,Initial recording of the municipality Hellikon,515
4251,2011-09-30,Initial recording of the municipality Hellikon,503
4251,2010-09-30,Initial recording of the municipality Hellikon,503
4251,2009-09-30,Initial recording of the municipality Hellikon,501
4251,2008-09-30,Initial recording of the municipality Hellikon,474
4251,2007-09-30,Initial recording of the municipality Hellikon,456
4251,2006-09-30,Initial recording of the municipality Hellikon,448
4251,2005-09-30,Initial recording of the municipality Hellikon,435
4251,2004-09-30,Initial recording of the municipality Hellikon,413
4251,2003-09-30,Initial recording of the municipality Hellikon,408
4251,2002-09-30,Initial recording of the municipality Hellikon,394
4251,2001-09-30,Initial recording of the municipality Hellikon,381
4251,2000-09-30,Initial recording of the municipality Hellikon,382
4251,1999-09-30,Initial recording of the municipality Hellikon,366
4251,1998-09-30,Initial recording of the municipality Hellikon,355
4251,1997-09-30,Initial recording of the municipality Hellikon,353
4251,1996-09-30,Initial recording of the municipality Hellikon,328
4251,1995-09-30,Initial recording of the municipality Hellikon,317
4251,1994-09-30,Initial recording of the municipality Hellikon,303
4251,1993-09-30,Initial recording of the municipality Hellikon,283
4251,1992-09-30,Initial recording of the municipality Hellikon,292
4251,1991-09-30,Initial recording of the municipality Hellikon,285
4251,1990-09-30,Initial recording of the municipality Hellikon,263
4251,1989-09-30,Initial recording of the municipality Hellikon,249
4251,1988-09-30,Initial recording of the municipality Hellikon,252
4251,1987-09-30,Initial recording of the municipality Hellikon,242
4251,1986-09-30,Initial recording of the municipality Hellikon,241
4251,1985-09-30,Initial recording of the municipality Hellikon,233
4251,1984-09-30,Initial recording of the municipality Hellikon,219
4251,1983-09-30,Initial recording of the municipality Hellikon,204
4251,1982-09-30,Initial recording of the municipality Hellikon,200
4251,1981-09-30,Initial recording of the municipality Hellikon,200
4251,1980-09-30,Initial recording of the municipality Hellikon,192
4251,1979-09-30,Initial recording of the municipality Hellikon,185
4251,1978-09-30,Initial recording of the municipality Hellikon,171
4251,1977-09-30,Initial recording of the municipality Hellikon,161
4251,1976-09-30,Initial recording of the municipality Hellikon,140
4198,2025-09-30,Initial recording of the municipality Hendschiken,935
4198,2024-09-30,Initial recording of the municipality Hendschiken,913
4198,2023-09-30,Initial recording of the municipality Hendschiken,906
4198,2022-09-30,Initial recording of the municipality Hendschiken,903
4198,2021-09-30,Initial recording of the municipality Hendschiken,897
4198,2020-09-30,Initial recording of the municipality Hendschiken,886
4198,2019-09-30,Initial recording of the municipality Hendschiken,872
4198,2018-09-30,Initial recording of the municipality Hendschiken,820
4198,2017-09-30,Initial recording of the municipality Hendschiken,793
4198,2016-09-30,Initial recording of the municipality Hendschiken,771
4198,2015-09-30,Initial recording of the municipality Hendschiken,750
4198,2014-09-30,Initial recording of the municipality Hendschiken,706
4198,2013-09-30,Initial recording of the municipality Hendschiken,677
4198,2012-09-30,Initial recording of the municipality Hendschiken,668
4198,2011-09-30,Initial recording of the municipality Hendschiken,646
4198,2010-09-30,Initial recording of the municipality Hendschiken,617
4198,2009-09-30,Initial recording of the municipality Hendschiken,597
4198,2008-09-30,Initial recording of the municipality Hendschiken,581
4198,2007-09-30,Initial recording of the municipality Hendschiken,573
4198,2006-09-30,Initial recording of the municipality Hendschiken,552
4198,2005-09-30,Initial recording of the municipality Hendschiken,564
4198,2004-09-30,Initial recording of the municipality Hendschiken,564
4198,2003-09-30,Initial recording of the municipality Hendschiken,531
4198,2002-09-30,Initial recording of the municipality Hendschiken,536
4198,2001-09-30,Initial recording of the municipality Hendschiken,545
4198,2000-09-30,Initial recording of the municipality Hendschiken,542
4198,1999-09-30,Initial recording of the municipality Hendschiken,533
4198,1998-09-30,Initial recording of the municipality Hendschiken,522
4198,1997-09-30,Initial recording of the municipality Hendschiken,473
4198,1996-09-30,Initial recording of the municipality Hendschiken,473
4198,1995-09-30,Initial recording of the municipality Hendschiken,445
4198,1994-09-30,Initial recording of the municipality Hendschiken,425
4198,1993-09-30,Initial recording of the municipality Hendschiken,409
4198,1992-09-30,Initial recording of the municipality Hendschiken,396
4198,1991-09-30,Initial recording of the municipality Hendschiken,393
4198,1990-09-30,Initial recording of the municipality Hendschiken,379
4198,1989-09-30,Initial recording of the municipality Hendschiken,363
4198,1988-09-30,Initial recording of the municipality Hendschiken,362
4198,1987-09-30,Initial recording of the municipality Hendschiken,348
4198,1986-09-30,Initial recording of the municipality Hendschiken,340
4198,1985-09-30,Initial recording of the municipality Hendschiken,319
4198,1984-09-30,Initial recording of the municipality Hendschiken,325
4198,1983-09-30,Initial recording of the municipality Hendschiken,326
4198,1982-09-30,Initial recording of the municipality Hendschiken,306
4198,1981-09-30,Initial recording of the municipality Hendschiken,312
4198,1980-09-30,Initial recording of the municipality Hendschiken,275
4198,1979-09-30,Initial recording of the municipality Hendschiken,255
4198,1978-09-30,Initial recording of the municipality Hendschiken,252
4198,1977-09-30,Initial recording of the municipality Hendschiken,242
4198,1976-09-30,Initial recording of the municipality Hendschiken,237
4069,2013-09-30,Initial recording of the municipality Hermetschwil-Staffeln,741
4069,2012-09-30,Initial recording of the municipality Hermetschwil-Staffeln,737
4069,2011-09-30,Initial recording of the municipality Hermetschwil-Staffeln,699
4069,2010-09-30,Initial recording of the municipality Hermetschwil-Staffeln,649
4069,2009-09-30,Initial recording of the municipality Hermetschwil-Staffeln,659
4069,2008-09-30,Initial recording of the municipality Hermetschwil-Staffeln,662
4069,2007-09-30,Initial recording of the municipality Hermetschwil-Staffeln,657
4069,2006-09-30,Initial recording of the municipality Hermetschwil-Staffeln,643
4069,2005-09-30,Initial recording of the municipality Hermetschwil-Staffeln,651
4069,2004-09-30,Initial recording of the municipality Hermetschwil-Staffeln,648
4069,2003-09-30,Initial recording of the municipality Hermetschwil-Staffeln,637
4069,2002-09-30,Initial recording of the municipality Hermetschwil-Staffeln,619
4069,2001-09-30,Initial recording of the municipality Hermetschwil-Staffeln,601
4069,2000-09-30,Initial recording of the municipality Hermetschwil-Staffeln,607
4069,1999-09-30,Initial recording of the municipality Hermetschwil-Staffeln,585
4069,1998-09-30,Initial recording of the municipality Hermetschwil-Staffeln,566
4069,1997-09-30,Initial recording of the municipality Hermetschwil-Staffeln,531
4069,1996-09-30,Initial recording of the municipality Hermetschwil-Staffeln,529
4069,1995-09-30,Initial recording of the municipality Hermetschwil-Staffeln,450
4069,1994-09-30,Initial recording of the municipality Hermetschwil-Staffeln,407
4069,1993-09-30,Initial recording of the municipality Hermetschwil-Staffeln,389
4069,1992-09-30,Initial recording of the municipality Hermetschwil-Staffeln,355
4069,1991-09-30,Initial recording of the municipality Hermetschwil-Staffeln,330
4069,1990-09-30,Initial recording of the municipality Hermetschwil-Staffeln,292
4069,1989-09-30,Initial recording of the municipality Hermetschwil-Staffeln,277
4069,1988-09-30,Initial recording of the municipality Hermetschwil-Staffeln,277
4069,1987-09-30,Initial recording of the municipality Hermetschwil-Staffeln,258
4069,1986-09-30,Initial recording of the municipality Hermetschwil-Staffeln,233
4069,1985-09-30,Initial recording of the municipality Hermetschwil-Staffeln,230
4069,1984-09-30,Initial recording of the municipality Hermetschwil-Staffeln,228
4069,1983-09-30,Initial recording of the municipality Hermetschwil-Staffeln,220
4069,1982-09-30,Initial recording of the municipality Hermetschwil-Staffeln,214
4069,1981-09-30,Initial recording of the municipality Hermetschwil-Staffeln,191
4069,1980-09-30,Initial recording of the municipality Hermetschwil-Staffeln,165
4069,1979-09-30,Initial recording of the municipality Hermetschwil-Staffeln,150
4069,1978-09-30,Initial recording of the municipality Hermetschwil-Staffeln,132
4069,1977-09-30,Initial recording of the municipality Hermetschwil-Staffeln,113
4069,1976-09-30,Initial recording of the municipality Hermetschwil-Staffeln,107
4166,2022-09-30,Initial recording of the municipality Herznach,1007
4166,2021-09-30,Initial recording of the municipality Herznach,987
4166,2020-09-30,Initial recording of the municipality Herznach,970
4166,2019-09-30,Initial recording of the municipality Herznach,969
4166,2018-09-30,Initial recording of the municipality Herznach,965
4166,2017-09-30,Initial recording of the municipality Herznach,933
4166,2016-09-30,Initial recording of the municipality Herznach,921
4166,2015-09-30,Initial recording of the municipality Herznach,894
4166,2014-09-30,Initial recording of the municipality Herznach,871
4166,2013-09-30,Initial recording of the municipality Herznach,844
4166,2012-09-30,Initial recording of the municipality Herznach,827
4166,2011-09-30,Initial recording of the municipality Herznach,798
4166,2010-09-30,Initial recording of the municipality Herznach,768
4166,2009-09-30,Initial recording of the municipality Herznach,758
4166,2008-09-30,Initial recording of the municipality Herznach,744
4166,2007-09-30,Initial recording of the municipality Herznach,734
4166,2006-09-30,Initial recording of the municipality Herznach,697
4166,2005-09-30,Initial recording of the municipality Herznach,680
4166,2004-09-30,Initial recording of the municipality Herznach,649
4166,2003-09-30,Initial recording of the municipality Herznach,617
4166,2002-09-30,Initial recording of the municipality Herznach,595
4166,2001-09-30,Initial recording of the municipality Herznach,580
4166,2000-09-30,Initial recording of the municipality Herznach,539
4166,1999-09-30,Initial recording of the municipality Herznach,538
4166,1998-09-30,Initial recording of the municipality Herznach,506
4166,1997-09-30,Initial recording of the municipality Herznach,497
4166,1996-09-30,Initial recording of the municipality Herznach,489
4166,1995-09-30,Initial recording of the municipality Herznach,476
4166,1994-09-30,Initial recording of the municipality Herznach,463
4166,1993-09-30,Initial recording of the municipality Herznach,446
4166,1992-09-30,Initial recording of the municipality Herznach,439
4166,1991-09-30,Initial recording of the municipality Herznach,422
4166,1990-09-30,Initial recording of the municipality Herznach,407
4166,1989-09-30,Initial recording of the municipality Herznach,395
4166,1988-09-30,Initial recording of the municipality Herznach,363
4166,1987-09-30,Initial recording of the municipality Herznach,342
4166,1986-09-30,Initial recording of the municipality Herznach,315
4166,1985-09-30,Initial recording of the municipality Herznach,305
4166,1984-09-30,Initial recording of the municipality Herznach,289
4166,1983-09-30,Initial recording of the municipality Herznach,268
4166,1982-09-30,Initial recording of the municipality Herznach,254
4166,1981-09-30,Initial recording of the municipality Herznach,248
4166,1980-09-30,Initial recording of the municipality Herznach,234
4166,1979-09-30,Initial recording of the municipality Herznach,216
4166,1978-09-30,Initial recording of the municipality Herznach,215
4166,1977-09-30,Initial recording of the municipality Herznach,196
4166,1976-09-30,Initial recording of the municipality Herznach,189
4186,2025-09-30,Fusion of Herznach and Ueken into Herznach-Ueken,1797
4186,2024-09-30,Fusion of Herznach and Ueken into Herznach-Ueken,1663
4186,2023-09-30,Fusion of Herznach and Ueken into Herznach-Ueken,1659
4070,2009-09-30,Initial recording of the municipality Hilfikon,172
4070,2008-09-30,Initial recording of the municipality Hilfikon,158
4070,2007-09-30,Initial recording of the municipality Hilfikon,153
4070,2006-09-30,Initial recording of the municipality Hilfikon,142
4070,2005-09-30,Initial recording of the municipality Hilfikon,138
4070,2004-09-30,Initial recording of the municipality Hilfikon,134
4070,2003-09-30,Initial recording of the municipality Hilfikon,139
4070,2002-09-30,Initial recording of the municipality Hilfikon,135
4070,2001-09-30,Initial recording of the municipality Hilfikon,132
4070,2000-09-30,Initial recording of the municipality Hilfikon,136
4070,1999-09-30,Initial recording of the municipality Hilfikon,126
4070,1998-09-30,Initial recording of the municipality Hilfikon,124
4070,1997-09-30,Initial recording of the municipality Hilfikon,130
4070,1996-09-30,Initial recording of the municipality Hilfikon,121
4070,1995-09-30,Initial recording of the municipality Hilfikon,115
4070,1994-09-30,Initial recording of the municipality Hilfikon,112
4070,1993-09-30,Initial recording of the municipality Hilfikon,115
4070,1992-09-30,Initial recording of the municipality Hilfikon,119
4070,1991-09-30,Initial recording of the municipality Hilfikon,129
4070,1990-09-30,Initial recording of the municipality Hilfikon,119
4070,1989-09-30,Initial recording of the municipality Hilfikon,116
4070,1988-09-30,Initial recording of the municipality Hilfikon,106
4070,1987-09-30,Initial recording of the municipality Hilfikon,104
4070,1986-09-30,Initial recording of the municipality Hilfikon,104
4070,1985-09-30,Initial recording of the municipality Hilfikon,89
4070,1984-09-30,Initial recording of the municipality Hilfikon,88
4070,1983-09-30,Initial recording of the municipality Hilfikon,81
4070,1982-09-30,Initial recording of the municipality Hilfikon,84
4070,1981-09-30,Initial recording of the municipality Hilfikon,76
4070,1980-09-30,Initial recording of the municipality Hilfikon,75
4070,1979-09-30,Initial recording of the municipality Hilfikon,63
4070,1978-09-30,Initial recording of the municipality Hilfikon,61
4070,1977-09-30,Initial recording of the municipality Hilfikon,63
4070,1976-09-30,Initial recording of the municipality Hilfikon,52
4007,2025-09-30,Initial recording of the municipality Hirschthal,1276
4007,2024-09-30,Initial recording of the municipality Hirschthal,1243
4007,2023-09-30,Initial recording of the municipality Hirschthal,1196
4007,2022-09-30,Initial recording of the municipality Hirschthal,1150
4007,2021-09-30,Initial recording of the municipality Hirschthal,1120
4007,2020-09-30,Initial recording of the municipality Hirschthal,1128
4007,2019-09-30,Initial recording of the municipality Hirschthal,1117
4007,2018-09-30,Initial recording of the municipality Hirschthal,1090
4007,2017-09-30,Initial recording of the municipality Hirschthal,1096
4007,2016-09-30,Initial recording of the municipality Hirschthal,1075
4007,2015-09-30,Initial recording of the municipality Hirschthal,1072
4007,2014-09-30,Initial recording of the municipality Hirschthal,1017
4007,2013-09-30,Initial recording of the municipality Hirschthal,995
4007,2012-09-30,Initial recording of the municipality Hirschthal,984
4007,2011-09-30,Initial recording of the municipality Hirschthal,970
4007,2010-09-30,Initial recording of the municipality Hirschthal,931
4007,2009-09-30,Initial recording of the municipality Hirschthal,940
4007,2008-09-30,Initial recording of the municipality Hirschthal,905
4007,2007-09-30,Initial recording of the municipality Hirschthal,896
4007,2006-09-30,Initial recording of the municipality Hirschthal,874
4007,2005-09-30,Initial recording of the municipality Hirschthal,842
4007,2004-09-30,Initial recording of the municipality Hirschthal,801
4007,2003-09-30,Initial recording of the municipality Hirschthal,760
4007,2002-09-30,Initial recording of the municipality Hirschthal,729
4007,2001-09-30,Initial recording of the municipality Hirschthal,724
4007,2000-09-30,Initial recording of the municipality Hirschthal,673
4007,1999-09-30,Initial recording of the municipality Hirschthal,644
4007,1998-09-30,Initial recording of the municipality Hirschthal,616
4007,1997-09-30,Initial recording of the municipality Hirschthal,608
4007,1996-09-30,Initial recording of the municipality Hirschthal,585
4007,1995-09-30,Initial recording of the municipality Hirschthal,544
4007,1994-09-30,Initial recording of the municipality Hirschthal,545
4007,1993-09-30,Initial recording of the municipality Hirschthal,539
4007,1992-09-30,Initial recording of the municipality Hirschthal,513
4007,1991-09-30,Initial recording of the municipality Hirschthal,506
4007,1990-09-30,Initial recording of the municipality Hirschthal,510
4007,1989-09-30,Initial recording of the municipality Hirschthal,494
4007,1988-09-30,Initial recording of the municipality Hirschthal,466
4007,1987-09-30,Initial recording of the municipality Hirschthal,451
4007,1986-09-30,Initial recording of the municipality Hirschthal,424
4007,1985-09-30,Initial recording of the municipality Hirschthal,407
4007,1984-09-30,Initial recording of the municipality Hirschthal,386
4007,1983-09-30,Initial recording of the municipality Hirschthal,379
4007,1982-09-30,Initial recording of the municipality Hirschthal,354
4007,1981-09-30,Initial recording of the municipality Hirschthal,345
4007,1980-09-30,Initial recording of the municipality Hirschthal,304
4007,1979-09-30,Initial recording of the municipality Hirschthal,285
4007,1978-09-30,Initial recording of the municipality Hirschthal,276
4007,1977-09-30,Initial recording of the municipality Hirschthal,245
4007,1976-09-30,Initial recording of the municipality Hirschthal,213
4199,2025-09-30,Initial recording of the municipality Holderbank (AG),1115
4199,2024-09-30,Initial recording of the municipality Holderbank (AG),1078
4199,2023-09-30,Initial recording of the municipality Holderbank (AG),1030
4199,2022-09-30,Initial recording of the municipality Holderbank (AG),1031
4199,2021-09-30,Initial recording of the municipality Holderbank (AG),977
4199,2020-09-30,Initial recording of the municipality Holderbank (AG),966
4199,2019-09-30,Initial recording of the municipality Holderbank (AG),901
4199,2018-09-30,Initial recording of the municipality Holderbank (AG),881
4199,2017-09-30,Initial recording of the municipality Holderbank (AG),818
4199,2016-09-30,Initial recording of the municipality Holderbank (AG),770
4199,2015-09-30,Initial recording of the municipality Holderbank (AG),751
4199,2014-09-30,Initial recording of the municipality Holderbank (AG),717
4199,2013-09-30,Initial recording of the municipality Holderbank (AG),689
4199,2012-09-30,Initial recording of the municipality Holderbank (AG),665
4199,2011-09-30,Initial recording of the municipality Holderbank (AG),632
4199,2010-09-30,Initial recording of the municipality Holderbank (AG),594
4199,2009-09-30,Initial recording of the municipality Holderbank (AG),555
4199,2008-09-30,Initial recording of the municipality Holderbank (AG),539
4199,2007-09-30,Initial recording of the municipality Holderbank (AG),539
4199,2006-09-30,Initial recording of the municipality Holderbank (AG),546
4199,2005-09-30,Initial recording of the municipality Holderbank (AG),531
4199,2004-09-30,Initial recording of the municipality Holderbank (AG),516
4199,2003-09-30,Initial recording of the municipality Holderbank (AG),507
4199,2002-09-30,Initial recording of the municipality Holderbank (AG),507
4199,2001-09-30,Initial recording of the municipality Holderbank (AG),505
4199,2000-09-30,Initial recording of the municipality Holderbank (AG),503
4199,1999-09-30,Initial recording of the municipality Holderbank (AG),495
4199,1998-09-30,Initial recording of the municipality Holderbank (AG),498
4199,1997-09-30,Initial recording of the municipality Holderbank (AG),489
4199,1996-09-30,Initial recording of the municipality Holderbank (AG),475
4199,1995-09-30,Initial recording of the municipality Holderbank (AG),456
4199,1994-09-30,Initial recording of the municipality Holderbank (AG),440
4199,1993-09-30,Initial recording of the municipality Holderbank (AG),434
4199,1992-09-30,Initial recording of the municipality Holderbank (AG),440
4199,1991-09-30,Initial recording of the municipality Holderbank (AG),421
4199,1990-09-30,Initial recording of the municipality Holderbank (AG),395
4199,1989-09-30,Initial recording of the municipality Holderbank (AG),398
4199,1988-09-30,Initial recording of the municipality Holderbank (AG),370
4199,1987-09-30,Initial recording of the municipality Holderbank (AG),348
4199,1986-09-30,Initial recording of the municipality Holderbank (AG),333
4199,1985-09-30,Initial recording of the municipality Holderbank (AG),321
4199,1984-09-30,Initial recording of the municipality Holderbank (AG),323
4199,1983-09-30,Initial recording of the municipality Holderbank (AG),310
4199,1982-09-30,Initial recording of the municipality Holderbank (AG),300
4199,1981-09-30,Initial recording of the municipality Holderbank (AG),292
4199,1980-09-30,Initial recording of the municipality Holderbank (AG),301
4199,1979-09-30,Initial recording of the municipality Holderbank (AG),275
4199,1978-09-30,Initial recording of the municipality Holderbank (AG),259
4199,1977-09-30,Initial recording of the municipality Holderbank (AG),239
4199,1976-09-30,Initial recording of the municipality Holderbank (AG),230
4136,2025-09-30,Initial recording of the municipality Holziken,1138
4136,2024-09-30,Initial recording of the municipality Holziken,1130
4136,2023-09-30,Initial recording of the municipality Holziken,1140
4136,2022-09-30,Initial recording of the municipality Holziken,1097
4136,2021-09-30,Initial recording of the municipality Holziken,1109
4136,2020-09-30,Initial recording of the municipality Holziken,1016
4136,2019-09-30,Initial recording of the municipality Holziken,1003
4136,2018-09-30,Initial recording of the municipality Holziken,966
4136,2017-09-30,Initial recording of the municipality Holziken,884
4136,2016-09-30,Initial recording of the municipality Holziken,885
4136,2015-09-30,Initial recording of the municipality Holziken,868
4136,2014-09-30,Initial recording of the municipality Holziken,865
4136,2013-09-30,Initial recording of the municipality Holziken,865
4136,2012-09-30,Initial recording of the municipality Holziken,868
4136,2011-09-30,Initial recording of the municipality Holziken,818
4136,2010-09-30,Initial recording of the municipality Holziken,766
4136,2009-09-30,Initial recording of the municipality Holziken,743
4136,2008-09-30,Initial recording of the municipality Holziken,726
4136,2007-09-30,Initial recording of the municipality Holziken,731
4136,2006-09-30,Initial recording of the municipality Holziken,745
4136,2005-09-30,Initial recording of the municipality Holziken,732
4136,2004-09-30,Initial recording of the municipality Holziken,721
4136,2003-09-30,Initial recording of the municipality Holziken,726
4136,2002-09-30,Initial recording of the municipality Holziken,711
4136,2001-09-30,Initial recording of the municipality Holziken,706
4136,2000-09-30,Initial recording of the municipality Holziken,671
4136,1999-09-30,Initial recording of the municipality Holziken,666
4136,1998-09-30,Initial recording of the municipality Holziken,650
4136,1997-09-30,Initial recording of the municipality Holziken,619
4136,1996-09-30,Initial recording of the municipality Holziken,584
4136,1995-09-30,Initial recording of the municipality Holziken,591
4136,1994-09-30,Initial recording of the municipality Holziken,565
4136,1993-09-30,Initial recording of the municipality Holziken,553
4136,1992-09-30,Initial recording of the municipality Holziken,510
4136,1991-09-30,Initial recording of the municipality Holziken,507
4136,1990-09-30,Initial recording of the municipality Holziken,484
4136,1989-09-30,Initial recording of the municipality Holziken,501
4136,1988-09-30,Initial recording of the municipality Holziken,491
4136,1987-09-30,Initial recording of the municipality Holziken,466
4136,1986-09-30,Initial recording of the municipality Holziken,462
4136,1985-09-30,Initial recording of the municipality Holziken,445
4136,1984-09-30,Initial recording of the municipality Holziken,443
4136,1983-09-30,Initial recording of the municipality Holziken,433
4136,1982-09-30,Initial recording of the municipality Holziken,399
4136,1981-09-30,Initial recording of the municipality Holziken,379
4136,1980-09-30,Initial recording of the municipality Holziken,375
4136,1979-09-30,Initial recording of the municipality Holziken,361
4136,1978-09-30,Initial recording of the municipality Holziken,331
4136,1977-09-30,Initial recording of the municipality Holziken,307
4136,1976-09-30,Initial recording of the municipality Holziken,302
4167,2021-09-30,Initial recording of the municipality Hornussen,652
4167,2020-09-30,Initial recording of the municipality Hornussen,614
4167,2019-09-30,Initial recording of the municipality Hornussen,606
4167,2018-09-30,Initial recording of the municipality Hornussen,580
4167,2017-09-30,Initial recording of the municipality Hornussen,605
4167,2016-09-30,Initial recording of the municipality Hornussen,585
4167,2015-09-30,Initial recording of the municipality Hornussen,584
4167,2014-09-30,Initial recording of the municipality Hornussen,588
4167,2013-09-30,Initial recording of the municipality Hornussen,579
4167,2012-09-30,Initial recording of the municipality Hornussen,550
4167,2011-09-30,Initial recording of the municipality Hornussen,536
4167,2010-09-30,Initial recording of the municipality Hornussen,539
4167,2009-09-30,Initial recording of the municipality Hornussen,525
4167,2008-09-30,Initial recording of the municipality Hornussen,512
4167,2007-09-30,Initial recording of the municipality Hornussen,523
4167,2006-09-30,Initial recording of the municipality Hornussen,496
4167,2005-09-30,Initial recording of the municipality Hornussen,488
4167,2004-09-30,Initial recording of the municipality Hornussen,471
4167,2003-09-30,Initial recording of the municipality Hornussen,452
4167,2002-09-30,Initial recording of the municipality Hornussen,463
4167,2001-09-30,Initial recording of the municipality Hornussen,459
4167,2000-09-30,Initial recording of the municipality Hornussen,452
4167,1999-09-30,Initial recording of the municipality Hornussen,414
4167,1998-09-30,Initial recording of the municipality Hornussen,404
4167,1997-09-30,Initial recording of the municipality Hornussen,386
4167,1996-09-30,Initial recording of the municipality Hornussen,360
4167,1995-09-30,Initial recording of the municipality Hornussen,351
4167,1994-09-30,Initial recording of the municipality Hornussen,348
4167,1993-09-30,Initial recording of the municipality Hornussen,338
4167,1992-09-30,Initial recording of the municipality Hornussen,324
4167,1991-09-30,Initial recording of the municipality Hornussen,312
4167,1990-09-30,Initial recording of the municipality Hornussen,298
4167,1989-09-30,Initial recording of the municipality Hornussen,293
4167,1988-09-30,Initial recording of the municipality Hornussen,274
4167,1987-09-30,Initial recording of the municipality Hornussen,260
4167,1986-09-30,Initial recording of the municipality Hornussen,247
4167,1985-09-30,Initial recording of the municipality Hornussen,244
4167,1984-09-30,Initial recording of the municipality Hornussen,238
4167,1983-09-30,Initial recording of the municipality Hornussen,243
4167,1982-09-30,Initial recording of the municipality Hornussen,237
4167,1981-09-30,Initial recording of the municipality Hornussen,214
4167,1980-09-30,Initial recording of the municipality Hornussen,211
4167,1979-09-30,Initial recording of the municipality Hornussen,201
4167,1978-09-30,Initial recording of the municipality Hornussen,191
4167,1977-09-30,Initial recording of the municipality Hornussen,171
4167,1976-09-30,Initial recording of the municipality Hornussen,162
4101,2009-09-30,Initial recording of the municipality Hottwil,182
4101,2008-09-30,Initial recording of the municipality Hottwil,183
4101,2007-09-30,Initial recording of the municipality Hottwil,177
4101,2006-09-30,Initial recording of the municipality Hottwil,167
4101,2005-09-30,Initial recording of the municipality Hottwil,165
4101,2004-09-30,Initial recording of the municipality Hottwil,157
4101,2003-09-30,Initial recording of the municipality Hottwil,151
4101,2002-09-30,Initial recording of the municipality Hottwil,148
4101,2001-09-30,Initial recording of the municipality Hottwil,146
4101,2000-09-30,Initial recording of the municipality Hottwil,147
4101,1999-09-30,Initial recording of the municipality Hottwil,148
4101,1998-09-30,Initial recording of the municipality Hottwil,145
4101,1997-09-30,Initial recording of the municipality Hottwil,140
4101,1996-09-30,Initial recording of the municipality Hottwil,126
4101,1995-09-30,Initial recording of the municipality Hottwil,115
4101,1994-09-30,Initial recording of the municipality Hottwil,109
4101,1993-09-30,Initial recording of the municipality Hottwil,107
4101,1992-09-30,Initial recording of the municipality Hottwil,105
4101,1991-09-30,Initial recording of the municipality Hottwil,98
4101,1990-09-30,Initial recording of the municipality Hottwil,92
4101,1989-09-30,Initial recording of the municipality Hottwil,91
4101,1988-09-30,Initial recording of the municipality Hottwil,94
4101,1987-09-30,Initial recording of the municipality Hottwil,96
4101,1986-09-30,Initial recording of the municipality Hottwil,89
4101,1985-09-30,Initial recording of the municipality Hottwil,80
4101,1984-09-30,Initial recording of the municipality Hottwil,75
4101,1983-09-30,Initial recording of the municipality Hottwil,69
4101,1982-09-30,Initial recording of the municipality Hottwil,64
4101,1981-09-30,Initial recording of the municipality Hottwil,60
4101,1980-09-30,Initial recording of the municipality Hottwil,56
4101,1979-09-30,Initial recording of the municipality Hottwil,58
4101,1978-09-30,Initial recording of the municipality Hottwil,54
4101,1977-09-30,Initial recording of the municipality Hottwil,54
4101,1976-09-30,Initial recording of the municipality Hottwil,55
4200,2025-09-30,Initial recording of the municipality Hunzenschwil,2930
4200,2024-09-30,Initial recording of the municipality Hunzenschwil,2897
4200,2023-09-30,Initial recording of the municipality Hunzenschwil,2875
4200,2022-09-30,Initial recording of the municipality Hunzenschwil,2812
4200,2021-09-30,Initial recording of the municipality Hunzenschwil,2799
4200,2020-09-30,Initial recording of the municipality Hunzenschwil,2792
4200,2019-09-30,Initial recording of the municipality Hunzenschwil,2693
4200,2018-09-30,Initial recording of the municipality Hunzenschwil,2760
4200,2017-09-30,Initial recording of the municipality Hunzenschwil,2768
4200,2016-09-30,Initial recording of the municipality Hunzenschwil,2723
4200,2015-09-30,Initial recording of the municipality Hunzenschwil,2608
4200,2014-09-30,Initial recording of the municipality Hunzenschwil,2470
4200,2013-09-30,Initial recording of the municipality Hunzenschwil,2400
4200,2012-09-30,Initial recording of the municipality Hunzenschwil,2325
4200,2011-09-30,Initial recording of the municipality Hunzenschwil,2243
4200,2010-09-30,Initial recording of the municipality Hunzenschwil,2209
4200,2009-09-30,Initial recording of the municipality Hunzenschwil,2097
4200,2008-09-30,Initial recording of the municipality Hunzenschwil,2018
4200,2007-09-30,Initial recording of the municipality Hunzenschwil,1995
4200,2006-09-30,Initial recording of the municipality Hunzenschwil,1879
4200,2005-09-30,Initial recording of the municipality Hunzenschwil,1799
4200,2004-09-30,Initial recording of the municipality Hunzenschwil,1769
4200,2003-09-30,Initial recording of the municipality Hunzenschwil,1760
4200,2002-09-30,Initial recording of the municipality Hunzenschwil,1696
4200,2001-09-30,Initial recording of the municipality Hunzenschwil,1682
4200,2000-09-30,Initial recording of the municipality Hunzenschwil,1645
4200,1999-09-30,Initial recording of the municipality Hunzenschwil,1577
4200,1998-09-30,Initial recording of the municipality Hunzenschwil,1509
4200,1997-09-30,Initial recording of the municipality Hunzenschwil,1493
4200,1996-09-30,Initial recording of the municipality Hunzenschwil,1513
4200,1995-09-30,Initial recording of the municipality Hunzenschwil,1488
4200,1994-09-30,Initial recording of the municipality Hunzenschwil,1416
4200,1993-09-30,Initial recording of the municipality Hunzenschwil,1381
4200,1992-09-30,Initial recording of the municipality Hunzenschwil,1350
4200,1991-09-30,Initial recording of the municipality Hunzenschwil,1335
4200,1990-09-30,Initial recording of the municipality Hunzenschwil,1288
4200,1989-09-30,Initial recording of the municipality Hunzenschwil,1255
4200,1988-09-30,Initial recording of the municipality Hunzenschwil,1237
4200,1987-09-30,Initial recording of the municipality Hunzenschwil,1204
4200,1986-09-30,Initial recording of the municipality Hunzenschwil,1170
4200,1985-09-30,Initial recording of the municipality Hunzenschwil,1125
4200,1984-09-30,Initial recording of the municipality Hunzenschwil,1118
4200,1983-09-30,Initial recording of the municipality Hunzenschwil,1081
4200,1982-09-30,Initial recording of the municipality Hunzenschwil,1054
4200,1981-09-30,Initial recording of the municipality Hunzenschwil,996
4200,1980-09-30,Initial recording of the municipality Hunzenschwil,963
4200,1979-09-30,Initial recording of the municipality Hunzenschwil,927
4200,1978-09-30,Initial recording of the municipality Hunzenschwil,833
4200,1977-09-30,Initial recording of the municipality Hunzenschwil,761
4200,1976-09-30,Initial recording of the municipality Hunzenschwil,718
4068,2025-09-30,Initial recording of the municipality Hägglingen,1796
4068,2024-09-30,Initial recording of the municipality Hägglingen,1711
4068,2023-09-30,Initial recording of the municipality Hägglingen,1628
4068,2022-09-30,Initial recording of the municipality Hägglingen,1639
4068,2021-09-30,Initial recording of the municipality Hägglingen,1606
4068,2020-09-30,Initial recording of the municipality Hägglingen,1590
4068,2019-09-30,Initial recording of the municipality Hägglingen,1592
4068,2018-09-30,Initial recording of the municipality Hägglingen,1567
4068,2017-09-30,Initial recording of the municipality Hägglingen,1557
4068,2016-09-30,Initial recording of the municipality Hägglingen,1507
4068,2015-09-30,Initial recording of the municipality Hägglingen,1489
4068,2014-09-30,Initial recording of the municipality Hägglingen,1452
4068,2013-09-30,Initial recording of the municipality Hägglingen,1418
4068,2012-09-30,Initial recording of the municipality Hägglingen,1430
4068,2011-09-30,Initial recording of the municipality Hägglingen,1410
4068,2010-09-30,Initial recording of the municipality Hägglingen,1366
4068,2009-09-30,Initial recording of the municipality Hägglingen,1317
4068,2008-09-30,Initial recording of the municipality Hägglingen,1279
4068,2007-09-30,Initial recording of the municipality Hägglingen,1241
4068,2006-09-30,Initial recording of the municipality Hägglingen,1191
4068,2005-09-30,Initial recording of the municipality Hägglingen,1179
4068,2004-09-30,Initial recording of the municipality Hägglingen,1177
4068,2003-09-30,Initial recording of the municipality Hägglingen,1148
4068,2002-09-30,Initial recording of the municipality Hägglingen,1112
4068,2001-09-30,Initial recording of the municipality Hägglingen,1118
4068,2000-09-30,Initial recording of the municipality Hägglingen,1093
4068,1999-09-30,Initial recording of the municipality Hägglingen,1068
4068,1998-09-30,Initial recording of the municipality Hägglingen,1049
4068,1997-09-30,Initial recording of the municipality Hägglingen,1046
4068,1996-09-30,Initial recording of the municipality Hägglingen,1007
4068,1995-09-30,Initial recording of the municipality Hägglingen,969
4068,1994-09-30,Initial recording of the municipality Hägglingen,956
4068,1993-09-30,Initial recording of the municipality Hägglingen,939
4068,1992-09-30,Initial recording of the municipality Hägglingen,916
4068,1991-09-30,Initial recording of the municipality Hägglingen,894
4068,1990-09-30,Initial recording of the municipality Hägglingen,874
4068,1989-09-30,Initial recording of the municipality Hägglingen,838
4068,1988-09-30,Initial recording of the municipality Hägglingen,824
4068,1987-09-30,Initial recording of the municipality Hägglingen,804
4068,1986-09-30,Initial recording of the municipality Hägglingen,737
4068,1985-09-30,Initial recording of the municipality Hägglingen,695
4068,1984-09-30,Initial recording of the municipality Hägglingen,679
4068,1983-09-30,Initial recording of the municipality Hägglingen,639
4068,1982-09-30,Initial recording of the municipality Hägglingen,615
4068,1981-09-30,Initial recording of the municipality Hägglingen,564
4068,1980-09-30,Initial recording of the municipality Hägglingen,532
4068,1979-09-30,Initial recording of the municipality Hägglingen,515
4068,1978-09-30,Initial recording of the municipality Hägglingen,506
4068,1977-09-30,Initial recording of the municipality Hägglingen,482
4068,1976-09-30,Initial recording of the municipality Hägglingen,440
4084,2025-09-30,Separation of Arni-Islisberg into Arni (AG) and Islisberg,394
4084,2024-09-30,Separation of Arni-Islisberg into Arni (AG) and Islisberg,392
4084,2023-09-30,Separation of Arni-Islisberg into Arni (AG) and Islisberg,383
4084,2022-09-30,Separation of Arni-Islisberg into Arni (AG) and Islisberg,361
4084,2021-09-30,Separation of Arni-Islisberg into Arni (AG) and Islisberg,361
4084,2020-09-30,Separation of Arni-Islisberg into Arni (AG) and Islisberg,355
4084,2019-09-30,Separation of Arni-Islisberg into Arni (AG) and Islisberg,331
4084,2018-09-30,Separation of Arni-Islisberg into Arni (AG) and Islisberg,353
4084,2017-09-30,Separation of Arni-Islisberg into Arni (AG) and Islisberg,356
4084,2016-09-30,Separation of Arni-Islisberg into Arni (AG) and Islisberg,357
4084,2015-09-30,Separation of Arni-Islisberg into Arni (AG) and Islisberg,348
4084,2014-09-30,Separation of Arni-Islisberg into Arni (AG) and Islisberg,344
4084,2013-09-30,Separation of Arni-Islisberg into Arni (AG) and Islisberg,331
4084,2012-09-30,Separation of Arni-Islisberg into Arni (AG) and Islisberg,315
4084,2011-09-30,Separation of Arni-Islisberg into Arni (AG) and Islisberg,292
4084,2010-09-30,Separation of Arni-Islisberg into Arni (AG) and Islisberg,280
4084,2009-09-30,Separation of Arni-Islisberg into Arni (AG) and Islisberg,169
4084,2008-09-30,Separation of Arni-Islisberg into Arni (AG) and Islisberg,166
4084,2007-09-30,Separation of Arni-Islisberg into Arni (AG) and Islisberg,177
4084,2006-09-30,Separation of Arni-Islisberg into Arni (AG) and Islisberg,185
4084,2005-09-30,Separation of Arni-Islisberg into Arni (AG) and Islisberg,196
4084,2004-09-30,Separation of Arni-Islisberg into Arni (AG) and Islisberg,211
4084,2003-09-30,Separation of Arni-Islisberg into Arni (AG) and Islisberg,220
4084,2002-09-30,Separation of Arni-Islisberg into Arni (AG) and Islisberg,227
4084,2001-09-30,Separation of Arni-Islisberg into Arni (AG) and Islisberg,213
4084,2000-09-30,Separation of Arni-Islisberg into Arni (AG) and Islisberg,196
4084,1999-09-30,Separation of Arni-Islisberg into Arni (AG) and Islisberg,152
4084,1998-09-30,Separation of Arni-Islisberg into Arni (AG) and Islisberg,147
4084,1997-09-30,Separation of Arni-Islisberg into Arni (AG) and Islisberg,137
4084,1996-09-30,Separation of Arni-Islisberg into Arni (AG) and Islisberg,139
4084,1995-09-30,Separation of Arni-Islisberg into Arni (AG) and Islisberg,138
4084,1994-09-30,Separation of Arni-Islisberg into Arni (AG) and Islisberg,125
4084,1993-09-30,Separation of Arni-Islisberg into Arni (AG) and Islisberg,129
4084,1992-09-30,Separation of Arni-Islisberg into Arni (AG) and Islisberg,127
4084,1991-09-30,Separation of Arni-Islisberg into Arni (AG) and Islisberg,115
4084,1990-09-30,Separation of Arni-Islisberg into Arni (AG) and Islisberg,124
4084,1989-09-30,Separation of Arni-Islisberg into Arni (AG) and Islisberg,120
4084,1988-09-30,Separation of Arni-Islisberg into Arni (AG) and Islisberg,116
4084,1987-09-30,Separation of Arni-Islisberg into Arni (AG) and Islisberg,94
4084,1986-09-30,Separation of Arni-Islisberg into Arni (AG) and Islisberg,90
4084,1985-09-30,Separation of Arni-Islisberg into Arni (AG) and Islisberg,78
4084,1984-09-30,Separation of Arni-Islisberg into Arni (AG) and Islisberg,75
4084,1983-09-30,Separation of Arni-Islisberg into Arni (AG) and Islisberg,72
4168,2009-09-30,Initial recording of the municipality Ittenthal,145
4168,2008-09-30,Initial recording of the municipality Ittenthal,139
4168,2007-09-30,Initial recording of the municipality Ittenthal,133
4168,2006-09-30,Initial recording of the municipality Ittenthal,126
4168,2005-09-30,Initial recording of the municipality Ittenthal,128
4168,2004-09-30,Initial recording of the municipality Ittenthal,129
4168,2003-09-30,Initial recording of the municipality Ittenthal,129
4168,2002-09-30,Initial recording of the municipality Ittenthal,124
4168,2001-09-30,Initial recording of the municipality Ittenthal,116
4168,2000-09-30,Initial recording of the municipality Ittenthal,111
4168,1999-09-30,Initial recording of the municipality Ittenthal,116
4168,1998-09-30,Initial recording of the municipality Ittenthal,108
4168,1997-09-30,Initial recording of the municipality Ittenthal,104
4168,1996-09-30,Initial recording of the municipality Ittenthal,98
4168,1995-09-30,Initial recording of the municipality Ittenthal,103
4168,1994-09-30,Initial recording of the municipality Ittenthal,104
4168,1993-09-30,Initial recording of the municipality Ittenthal,98
4168,1992-09-30,Initial recording of the municipality Ittenthal,94
4168,1991-09-30,Initial recording of the municipality Ittenthal,96
4168,1990-09-30,Initial recording of the municipality Ittenthal,99
4168,1989-09-30,Initial recording of the municipality Ittenthal,104
4168,1988-09-30,Initial recording of the municipality Ittenthal,97
4168,1987-09-30,Initial recording of the municipality Ittenthal,92
4168,1986-09-30,Initial recording of the municipality Ittenthal,91
4168,1985-09-30,Initial recording of the municipality Ittenthal,83
4168,1984-09-30,Initial recording of the municipality Ittenthal,75
4168,1983-09-30,Initial recording of the municipality Ittenthal,72
4168,1982-09-30,Initial recording of the municipality Ittenthal,71
4168,1981-09-30,Initial recording of the municipality Ittenthal,67
4168,1980-09-30,Initial recording of the municipality Ittenthal,71
4168,1979-09-30,Initial recording of the municipality Ittenthal,57
4168,1978-09-30,Initial recording of the municipality Ittenthal,58
4168,1977-09-30,Initial recording of the municipality Ittenthal,43
4168,1976-09-30,Initial recording of the municipality Ittenthal,43
4071,2025-09-30,Initial recording of the municipality Jonen,1405
4071,2024-09-30,Initial recording of the municipality Jonen,1400
4071,2023-09-30,Initial recording of the municipality Jonen,1390
4071,2022-09-30,Initial recording of the municipality Jonen,1360
4071,2021-09-30,Initial recording of the municipality Jonen,1358
4071,2020-09-30,Initial recording of the municipality Jonen,1334
4071,2019-09-30,Initial recording of the municipality Jonen,1316
4071,2018-09-30,Initial recording of the municipality Jonen,1262
4071,2017-09-30,Initial recording of the municipality Jonen,1253
4071,2016-09-30,Initial recording of the municipality Jonen,1239
4071,2015-09-30,Initial recording of the municipality Jonen,1225
4071,2014-09-30,Initial recording of the municipality Jonen,1175
4071,2013-09-30,Initial recording of the municipality Jonen,1164
4071,2012-09-30,Initial recording of the municipality Jonen,1123
4071,2011-09-30,Initial recording of the municipality Jonen,1091
4071,2010-09-30,Initial recording of the municipality Jonen,1077
4071,2009-09-30,Initial recording of the municipality Jonen,1053
4071,2008-09-30,Initial recording of the municipality Jonen,1018
4071,2007-09-30,Initial recording of the municipality Jonen,987
4071,2006-09-30,Initial recording of the municipality Jonen,964
4071,2005-09-30,Initial recording of the municipality Jonen,946
4071,2004-09-30,Initial recording of the municipality Jonen,959
4071,2003-09-30,Initial recording of the municipality Jonen,937
4071,2002-09-30,Initial recording of the municipality Jonen,933
4071,2001-09-30,Initial recording of the municipality Jonen,910
4071,2000-09-30,Initial recording of the municipality Jonen,857
4071,1999-09-30,Initial recording of the municipality Jonen,811
4071,1998-09-30,Initial recording of the municipality Jonen,747
4071,1997-09-30,Initial recording of the municipality Jonen,733
4071,1996-09-30,Initial recording of the municipality Jonen,732
4071,1995-09-30,Initial recording of the municipality Jonen,678
4071,1994-09-30,Initial recording of the municipality Jonen,633
4071,1993-09-30,Initial recording of the municipality Jonen,598
4071,1992-09-30,Initial recording of the municipality Jonen,551
4071,1991-09-30,Initial recording of the municipality Jonen,534
4071,1990-09-30,Initial recording of the municipality Jonen,556
4071,1989-09-30,Initial recording of the municipality Jonen,519
4071,1988-09-30,Initial recording of the municipality Jonen,454
4071,1987-09-30,Initial recording of the municipality Jonen,423
4071,1986-09-30,Initial recording of the municipality Jonen,411
4071,1985-09-30,Initial recording of the municipality Jonen,387
4071,1984-09-30,Initial recording of the municipality Jonen,369
4071,1983-09-30,Initial recording of the municipality Jonen,338
4071,1982-09-30,Initial recording of the municipality Jonen,316
4071,1981-09-30,Initial recording of the municipality Jonen,295
4071,1980-09-30,Initial recording of the municipality Jonen,263
4071,1979-09-30,Initial recording of the municipality Jonen,256
4071,1978-09-30,Initial recording of the municipality Jonen,242
4071,1977-09-30,Initial recording of the municipality Jonen,227
4071,1976-09-30,Initial recording of the municipality Jonen,217
4252,2025-09-30,Initial recording of the municipality Kaiseraugst,3217
4252,2024-09-30,Initial recording of the municipality Kaiseraugst,3129
4252,2023-09-30,Initial recording of the municipality Kaiseraugst,2948
4252,2022-09-30,Initial recording of the municipality Kaiseraugst,2940
4252,2021-09-30,Initial recording of the municipality Kaiseraugst,2969
4252,2020-09-30,Initial recording of the municipality Kaiseraugst,3002
4252,2019-09-30,Initial recording of the municipality Kaiseraugst,3007
4252,2018-09-30,Initial recording of the municipality Kaiseraugst,3021
4252,2017-09-30,Initial recording of the municipality Kaiseraugst,3054
4252,2016-09-30,Initial recording of the municipality Kaiseraugst,3005
4252,2015-09-30,Initial recording of the municipality Kaiseraugst,2951
4252,2014-09-30,Initial recording of the municipality Kaiseraugst,2993
4252,2013-09-30,Initial recording of the municipality Kaiseraugst,2932
4252,2012-09-30,Initial recording of the municipality Kaiseraugst,2903
4252,2011-09-30,Initial recording of the municipality Kaiseraugst,2750
4252,2010-09-30,Initial recording of the municipality Kaiseraugst,2640
4252,2009-09-30,Initial recording of the municipality Kaiseraugst,2547
4252,2008-09-30,Initial recording of the municipality Kaiseraugst,2471
4252,2007-09-30,Initial recording of the municipality Kaiseraugst,2395
4252,2006-09-30,Initial recording of the municipality Kaiseraugst,2365
4252,2005-09-30,Initial recording of the municipality Kaiseraugst,2363
4252,2004-09-30,Initial recording of the municipality Kaiseraugst,2260
4252,2003-09-30,Initial recording of the municipality Kaiseraugst,2101
4252,2002-09-30,Initial recording of the municipality Kaiseraugst,2051
4252,2001-09-30,Initial recording of the municipality Kaiseraugst,1967
4252,2000-09-30,Initial recording of the municipality Kaiseraugst,1881
4252,1999-09-30,Initial recording of the municipality Kaiseraugst,1805
4252,1998-09-30,Initial recording of the municipality Kaiseraugst,1753
4252,1997-09-30,Initial recording of the municipality Kaiseraugst,1688
4252,1996-09-30,Initial recording of the municipality Kaiseraugst,1668
4252,1995-09-30,Initial recording of the municipality Kaiseraugst,1657
4252,1994-09-30,Initial recording of the municipality Kaiseraugst,1685
4252,1993-09-30,Initial recording of the municipality Kaiseraugst,1651
4252,1992-09-30,Initial recording of the municipality Kaiseraugst,1633
4252,1991-09-30,Initial recording of the municipality Kaiseraugst,1607
4252,1990-09-30,Initial recording of the municipality Kaiseraugst,1575
4252,1989-09-30,Initial recording of the municipality Kaiseraugst,1477
4252,1988-09-30,Initial recording of the municipality Kaiseraugst,1406
4252,1987-09-30,Initial recording of the municipality Kaiseraugst,1379
4252,1986-09-30,Initial recording of the municipality Kaiseraugst,1342
4252,1985-09-30,Initial recording of the municipality Kaiseraugst,1292
4252,1984-09-30,Initial recording of the municipality Kaiseraugst,1279
4252,1983-09-30,Initial recording of the municipality Kaiseraugst,1280
4252,1982-09-30,Initial recording of the municipality Kaiseraugst,1300
4252,1981-09-30,Initial recording of the municipality Kaiseraugst,1266
4252,1980-09-30,Initial recording of the municipality Kaiseraugst,1154
4252,1979-09-30,Initial recording of the municipality Kaiseraugst,1049
4252,1978-09-30,Initial recording of the municipality Kaiseraugst,865
4252,1977-09-30,Initial recording of the municipality Kaiseraugst,704
4252,1976-09-30,Initial recording of the municipality Kaiseraugst,569
4308,2021-09-30,Initial recording of the municipality Kaiserstuhl,261
4308,2020-09-30,Initial recording of the municipality Kaiserstuhl,268
4308,2019-09-30,Initial recording of the municipality Kaiserstuhl,265
4308,2018-09-30,Initial recording of the municipality Kaiserstuhl,259
4308,2017-09-30,Initial recording of the municipality Kaiserstuhl,240
4308,2016-09-30,Initial recording of the municipality Kaiserstuhl,248
4308,2015-09-30,Initial recording of the municipality Kaiserstuhl,245
4308,2014-09-30,Initial recording of the municipality Kaiserstuhl,233
4308,2013-09-30,Initial recording of the municipality Kaiserstuhl,215
4308,2012-09-30,Initial recording of the municipality Kaiserstuhl,215
4308,2011-09-30,Initial recording of the municipality Kaiserstuhl,214
4308,2010-09-30,Initial recording of the municipality Kaiserstuhl,205
4308,2009-09-30,Initial recording of the municipality Kaiserstuhl,212
4308,2008-09-30,Initial recording of the municipality Kaiserstuhl,212
4308,2007-09-30,Initial recording of the municipality Kaiserstuhl,210
4308,2006-09-30,Initial recording of the municipality Kaiserstuhl,226
4308,2005-09-30,Initial recording of the municipality Kaiserstuhl,209
4308,2004-09-30,Initial recording of the municipality Kaiserstuhl,215
4308,2003-09-30,Initial recording of the municipality Kaiserstuhl,224
4308,2002-09-30,Initial recording of the municipality Kaiserstuhl,230
4308,2001-09-30,Initial recording of the municipality Kaiserstuhl,236
4308,2000-09-30,Initial recording of the municipality Kaiserstuhl,225
4308,1999-09-30,Initial recording of the municipality Kaiserstuhl,217
4308,1998-09-30,Initial recording of the municipality Kaiserstuhl,224
4308,1997-09-30,Initial recording of the municipality Kaiserstuhl,223
4308,1996-09-30,Initial recording of the municipality Kaiserstuhl,224
4308,1995-09-30,Initial recording of the municipality Kaiserstuhl,220
4308,1994-09-30,Initial recording of the municipality Kaiserstuhl,210
4308,1993-09-30,Initial recording of the municipality Kaiserstuhl,215
4308,1992-09-30,Initial recording of the municipality Kaiserstuhl,214
4308,1991-09-30,Initial recording of the municipality Kaiserstuhl,207
4308,1990-09-30,Initial recording of the municipality Kaiserstuhl,198
4308,1989-09-30,Initial recording of the municipality Kaiserstuhl,172
4308,1988-09-30,Initial recording of the municipality Kaiserstuhl,168
4308,1987-09-30,Initial recording of the municipality Kaiserstuhl,157
4308,1986-09-30,Initial recording of the municipality Kaiserstuhl,150
4308,1985-09-30,Initial recording of the municipality Kaiserstuhl,152
4308,1984-09-30,Initial recording of the municipality Kaiserstuhl,159
4308,1983-09-30,Initial recording of the municipality Kaiserstuhl,149
4308,1982-09-30,Initial recording of the municipality Kaiserstuhl,155
4308,1981-09-30,Initial recording of the municipality Kaiserstuhl,150
4308,1980-09-30,Initial recording of the municipality Kaiserstuhl,150
4308,1979-09-30,Initial recording of the municipality Kaiserstuhl,146
4308,1978-09-30,Initial recording of the municipality Kaiserstuhl,121
4308,1977-09-30,Initial recording of the municipality Kaiserstuhl,118
4308,1976-09-30,Initial recording of the municipality Kaiserstuhl,121
4169,2025-09-30,Incorporation of Ittenthal into Kaisten,1911
4169,2024-09-30,Incorporation of Ittenthal into Kaisten,1915
4169,2023-09-30,Incorporation of Ittenthal into Kaisten,1883
4169,2022-09-30,Incorporation of Ittenthal into Kaisten,1800
4169,2021-09-30,Incorporation of Ittenthal into Kaisten,1760
4169,2020-09-30,Incorporation of Ittenthal into Kaisten,1725
4169,2019-09-30,Incorporation of Ittenthal into Kaisten,1699
4169,2018-09-30,Incorporation of Ittenthal into Kaisten,1656
4169,2017-09-30,Incorporation of Ittenthal into Kaisten,1584
4169,2016-09-30,Incorporation of Ittenthal into Kaisten,1552
4169,2015-09-30,Incorporation of Ittenthal into Kaisten,1519
4169,2014-09-30,Incorporation of Ittenthal into Kaisten,1495
4169,2013-09-30,Incorporation of Ittenthal into Kaisten,1461
4169,2012-09-30,Incorporation of Ittenthal into Kaisten,1452
4169,2011-09-30,Incorporation of Ittenthal into Kaisten,1459
4169,2010-09-30,Incorporation of Ittenthal into Kaisten,1376
4169,2009-09-30,Initial recording of the municipality Kaisten,1223
4169,2008-09-30,Initial recording of the municipality Kaisten,1199
4169,2007-09-30,Initial recording of the municipality Kaisten,1176
4169,2006-09-30,Initial recording of the municipality Kaisten,1187
4169,2005-09-30,Initial recording of the municipality Kaisten,1134
4169,2004-09-30,Initial recording of the municipality Kaisten,1116
4169,2003-09-30,Initial recording of the municipality Kaisten,1106
4169,2002-09-30,Initial recording of the municipality Kaisten,1076
4169,2001-09-30,Initial recording of the municipality Kaisten,1037
4169,2000-09-30,Initial recording of the municipality Kaisten,981
4169,1999-09-30,Initial recording of the municipality Kaisten,964
4169,1998-09-30,Initial recording of the municipality Kaisten,947
4169,1997-09-30,Initial recording of the municipality Kaisten,891
4169,1996-09-30,Initial recording of the municipality Kaisten,844
4169,1995-09-30,Initial recording of the municipality Kaisten,836
4169,1994-09-30,Initial recording of the municipality Kaisten,814
4169,1993-09-30,Initial recording of the municipality Kaisten,787
4169,1992-09-30,Initial recording of the municipality Kaisten,768
4169,1991-09-30,Initial recording of the municipality Kaisten,748
4169,1990-09-30,Initial recording of the municipality Kaisten,729
4169,1989-09-30,Initial recording of the municipality Kaisten,725
4169,1988-09-30,Initial recording of the municipality Kaisten,708
4169,1987-09-30,Initial recording of the municipality Kaisten,662
4169,1986-09-30,Initial recording of the municipality Kaisten,638
4169,1985-09-30,Initial recording of the municipality Kaisten,610
4169,1984-09-30,Initial recording of the municipality Kaisten,586
4169,1983-09-30,Initial recording of the municipality Kaisten,565
4169,1982-09-30,Initial recording of the municipality Kaisten,548
4169,1981-09-30,Initial recording of the municipality Kaisten,518
4169,1980-09-30,Initial recording of the municipality Kaisten,478
4169,1979-09-30,Initial recording of the municipality Kaisten,451
4169,1978-09-30,Initial recording of the municipality Kaisten,436
4169,1977-09-30,Initial recording of the municipality Kaisten,403
4169,1976-09-30,Initial recording of the municipality Kaisten,375
4233,2025-09-30,Initial recording of the municipality Kallern,271
4233,2024-09-30,Initial recording of the municipality Kallern,276
4233,2023-09-30,Initial recording of the municipality Kallern,273
4233,2022-09-30,Initial recording of the municipality Kallern,269
4233,2021-09-30,Initial recording of the municipality Kallern,268
4233,2020-09-30,Initial recording of the municipality Kallern,273
4233,2019-09-30,Initial recording of the municipality Kallern,269
4233,2018-09-30,Initial recording of the municipality Kallern,271
4233,2017-09-30,Initial recording of the municipality Kallern,252
4233,2016-09-30,Initial recording of the municipality Kallern,235
4233,2015-09-30,Initial recording of the municipality Kallern,223
4233,2014-09-30,Initial recording of the municipality Kallern,223
4233,2013-09-30,Initial recording of the municipality Kallern,212
4233,2012-09-30,Initial recording of the municipality Kallern,214
4233,2011-09-30,Initial recording of the municipality Kallern,218
4233,2010-09-30,Initial recording of the municipality Kallern,209
4233,2009-09-30,Initial recording of the municipality Kallern,201
4233,2008-09-30,Initial recording of the municipality Kallern,199
4233,2007-09-30,Initial recording of the municipality Kallern,205
4233,2006-09-30,Initial recording of the municipality Kallern,183
4233,2005-09-30,Initial recording of the municipality Kallern,178
4233,2004-09-30,Initial recording of the municipality Kallern,166
4233,2003-09-30,Initial recording of the municipality Kallern,146
4233,2002-09-30,Initial recording of the municipality Kallern,144
4233,2001-09-30,Initial recording of the municipality Kallern,136
4233,2000-09-30,Initial recording of the municipality Kallern,145
4233,1999-09-30,Initial recording of the municipality Kallern,138
4233,1998-09-30,Initial recording of the municipality Kallern,146
4233,1997-09-30,Initial recording of the municipality Kallern,143
4233,1996-09-30,Initial recording of the municipality Kallern,156
4233,1995-09-30,Initial recording of the municipality Kallern,142
4233,1994-09-30,Initial recording of the municipality Kallern,143
4233,1993-09-30,Initial recording of the municipality Kallern,145
4233,1992-09-30,Initial recording of the municipality Kallern,141
4233,1991-09-30,Initial recording of the municipality Kallern,140
4233,1990-09-30,Initial recording of the municipality Kallern,140
4233,1989-09-30,Initial recording of the municipality Kallern,124
4233,1988-09-30,Initial recording of the municipality Kallern,113
4233,1987-09-30,Initial recording of the municipality Kallern,107
4233,1986-09-30,Initial recording of the municipality Kallern,103
4233,1985-09-30,Initial recording of the municipality Kallern,92
4233,1984-09-30,Initial recording of the municipality Kallern,90
4233,1983-09-30,Initial recording of the municipality Kallern,89
4233,1982-09-30,Initial recording of the municipality Kallern,76
4233,1981-09-30,Initial recording of the municipality Kallern,71
4233,1980-09-30,Initial recording of the municipality Kallern,67
4233,1979-09-30,Initial recording of the municipality Kallern,67
4233,1978-09-30,Initial recording of the municipality Kallern,64
4233,1977-09-30,Initial recording of the municipality Kallern,58
4233,1976-09-30,Initial recording of the municipality Kallern,54
4030,2025-09-30,Initial recording of the municipality Killwangen,1214
4030,2024-09-30,Initial recording of the municipality Killwangen,1223
4030,2023-09-30,Initial recording of the municipality Killwangen,1176
4030,2022-09-30,Initial recording of the municipality Killwangen,1180
4030,2021-09-30,Initial recording of the municipality Killwangen,1174
4030,2020-09-30,Initial recording of the municipality Killwangen,1193
4030,2019-09-30,Initial recording of the municipality Killwangen,1199
4030,2018-09-30,Initial recording of the municipality Killwangen,1203
4030,2017-09-30,Initial recording of the municipality Killwangen,1187
4030,2016-09-30,Initial recording of the municipality Killwangen,1160
4030,2015-09-30,Initial recording of the municipality Killwangen,1146
4030,2014-09-30,Initial recording of the municipality Killwangen,1167
4030,2013-09-30,Initial recording of the municipality Killwangen,1117
4030,2012-09-30,Initial recording of the municipality Killwangen,1067
4030,2011-09-30,Initial recording of the municipality Killwangen,1043
4030,2010-09-30,Initial recording of the municipality Killwangen,1000
4030,2009-09-30,Initial recording of the municipality Killwangen,986
4030,2008-09-30,Initial recording of the municipality Killwangen,986
4030,2007-09-30,Initial recording of the municipality Killwangen,993
4030,2006-09-30,Initial recording of the municipality Killwangen,954
4030,2005-09-30,Initial recording of the municipality Killwangen,899
4030,2004-09-30,Initial recording of the municipality Killwangen,892
4030,2003-09-30,Initial recording of the municipality Killwangen,862
4030,2002-09-30,Initial recording of the municipality Killwangen,825
4030,2001-09-30,Initial recording of the municipality Killwangen,759
4030,2000-09-30,Initial recording of the municipality Killwangen,742
4030,1999-09-30,Initial recording of the municipality Killwangen,726
4030,1998-09-30,Initial recording of the municipality Killwangen,713
4030,1997-09-30,Initial recording of the municipality Killwangen,692
4030,1996-09-30,Initial recording of the municipality Killwangen,675
4030,1995-09-30,Initial recording of the municipality Killwangen,673
4030,1994-09-30,Initial recording of the municipality Killwangen,681
4030,1993-09-30,Initial recording of the municipality Killwangen,658
4030,1992-09-30,Initial recording of the municipality Killwangen,646
4030,1991-09-30,Initial recording of the municipality Killwangen,647
4030,1990-09-30,Initial recording of the municipality Killwangen,646
4030,1989-09-30,Initial recording of the municipality Killwangen,629
4030,1988-09-30,Initial recording of the municipality Killwangen,597
4030,1987-09-30,Initial recording of the municipality Killwangen,541
4030,1986-09-30,Initial recording of the municipality Killwangen,503
4030,1985-09-30,Initial recording of the municipality Killwangen,488
4030,1984-09-30,Initial recording of the municipality Killwangen,467
4030,1983-09-30,Initial recording of the municipality Killwangen,443
4030,1982-09-30,Initial recording of the municipality Killwangen,448
4030,1981-09-30,Initial recording of the municipality Killwangen,404
4030,1980-09-30,Initial recording of the municipality Killwangen,403
4030,1979-09-30,Initial recording of the municipality Killwangen,370
4030,1978-09-30,Initial recording of the municipality Killwangen,350
4030,1977-09-30,Initial recording of the municipality Killwangen,315
4030,1976-09-30,Initial recording of the municipality Killwangen,322
4275,2025-09-30,Initial recording of the municipality Kirchleerau,740
4275,2024-09-30,Initial recording of the municipality Kirchleerau,715
4275,2023-09-30,Initial recording of the municipality Kirchleerau,725
4275,2022-09-30,Initial recording of the municipality Kirchleerau,719
4275,2021-09-30,Initial recording of the municipality Kirchleerau,702
4275,2020-09-30,Initial recording of the municipality Kirchleerau,667
4275,2019-09-30,Initial recording of the municipality Kirchleerau,624
4275,2018-09-30,Initial recording of the municipality Kirchleerau,633
4275,2017-09-30,Initial recording of the municipality Kirchleerau,630
4275,2016-09-30,Initial recording of the municipality Kirchleerau,593
4275,2015-09-30,Initial recording of the municipality Kirchleerau,596
4275,2014-09-30,Initial recording of the municipality Kirchleerau,579
4275,2013-09-30,Initial recording of the municipality Kirchleerau,558
4275,2012-09-30,Initial recording of the municipality Kirchleerau,567
4275,2011-09-30,Initial recording of the municipality Kirchleerau,572
4275,2010-09-30,Initial recording of the municipality Kirchleerau,557
4275,2009-09-30,Initial recording of the municipality Kirchleerau,623
4275,2008-09-30,Initial recording of the municipality Kirchleerau,607
4275,2007-09-30,Initial recording of the municipality Kirchleerau,601
4275,2006-09-30,Initial recording of the municipality Kirchleerau,594
4275,2005-09-30,Initial recording of the municipality Kirchleerau,590
4275,2004-09-30,Initial recording of the municipality Kirchleerau,561
4275,2003-09-30,Initial recording of the municipality Kirchleerau,537
4275,2002-09-30,Initial recording of the municipality Kirchleerau,493
4275,2001-09-30,Initial recording of the municipality Kirchleerau,466
4275,2000-09-30,Initial recording of the municipality Kirchleerau,458
4275,1999-09-30,Initial recording of the municipality Kirchleerau,449
4275,1998-09-30,Initial recording of the municipality Kirchleerau,437
4275,1997-09-30,Initial recording of the municipality Kirchleerau,441
4275,1996-09-30,Initial recording of the municipality Kirchleerau,433
4275,1995-09-30,Initial recording of the municipality Kirchleerau,404
4275,1994-09-30,Initial recording of the municipality Kirchleerau,381
4275,1993-09-30,Initial recording of the municipality Kirchleerau,373
4275,1992-09-30,Initial recording of the municipality Kirchleerau,349
4275,1991-09-30,Initial recording of the municipality Kirchleerau,344
4275,1990-09-30,Initial recording of the municipality Kirchleerau,331
4275,1989-09-30,Initial recording of the municipality Kirchleerau,312
4275,1988-09-30,Initial recording of the municipality Kirchleerau,299
4275,1987-09-30,Initial recording of the municipality Kirchleerau,281
4275,1986-09-30,Initial recording of the municipality Kirchleerau,272
4275,1985-09-30,Initial recording of the municipality Kirchleerau,274
4275,1984-09-30,Initial recording of the municipality Kirchleerau,267
4275,1983-09-30,Initial recording of the municipality Kirchleerau,263
4275,1982-09-30,Initial recording of the municipality Kirchleerau,244
4275,1981-09-30,Initial recording of the municipality Kirchleerau,237
4275,1980-09-30,Initial recording of the municipality Kirchleerau,237
4275,1979-09-30,Initial recording of the municipality Kirchleerau,221
4275,1978-09-30,Initial recording of the municipality Kirchleerau,218
4275,1977-09-30,Initial recording of the municipality Kirchleerau,205
4275,1976-09-30,Initial recording of the municipality Kirchleerau,197
4309,2025-09-30,Initial recording of the municipality Klingnau,2206
4309,2024-09-30,Initial recording of the municipality Klingnau,2197
4309,2023-09-30,Initial recording of the municipality Klingnau,2174
4309,2022-09-30,Initial recording of the municipality Klingnau,2150
4309,2021-09-30,Initial recording of the municipality Klingnau,2163
4309,2020-09-30,Initial recording of the municipality Klingnau,2128
4309,2019-09-30,Initial recording of the municipality Klingnau,2145
4309,2018-09-30,Initial recording of the municipality Klingnau,2114
4309,2017-09-30,Initial recording of the municipality Klingnau,2085
4309,2016-09-30,Initial recording of the municipality Klingnau,2060
4309,2015-09-30,Initial recording of the municipality Klingnau,2017
4309,2014-09-30,Initial recording of the municipality Klingnau,1984
4309,2013-09-30,Initial recording of the municipality Klingnau,1944
4309,2012-09-30,Initial recording of the municipality Klingnau,1845
4309,2011-09-30,Initial recording of the municipality Klingnau,1797
4309,2010-09-30,Initial recording of the municipality Klingnau,1771
4309,2009-09-30,Initial recording of the municipality Klingnau,1719
4309,2008-09-30,Initial recording of the municipality Klingnau,1662
4309,2007-09-30,Initial recording of the municipality Klingnau,1622
4309,2006-09-30,Initial recording of the municipality Klingnau,1611
4309,2005-09-30,Initial recording of the municipality Klingnau,1593
4309,2004-09-30,Initial recording of the municipality Klingnau,1544
4309,2003-09-30,Initial recording of the municipality Klingnau,1516
4309,2002-09-30,Initial recording of the municipality Klingnau,1495
4309,2001-09-30,Initial recording of the municipality Klingnau,1476
4309,2000-09-30,Initial recording of the municipality Klingnau,1460
4309,1999-09-30,Initial recording of the municipality Klingnau,1431
4309,1998-09-30,Initial recording of the municipality Klingnau,1432
4309,1997-09-30,Initial recording of the municipality Klingnau,1355
4309,1996-09-30,Initial recording of the municipality Klingnau,1347
4309,1995-09-30,Initial recording of the municipality Klingnau,1348
4309,1994-09-30,Initial recording of the municipality Klingnau,1328
4309,1993-09-30,Initial recording of the municipality Klingnau,1327
4309,1992-09-30,Initial recording of the municipality Klingnau,1316
4309,1991-09-30,Initial recording of the municipality Klingnau,1296
4309,1990-09-30,Initial recording of the municipality Klingnau,1259
4309,1989-09-30,Initial recording of the municipality Klingnau,1218
4309,1988-09-30,Initial recording of the municipality Klingnau,1170
4309,1987-09-30,Initial recording of the municipality Klingnau,1143
4309,1986-09-30,Initial recording of the municipality Klingnau,1082
4309,1985-09-30,Initial recording of the municipality Klingnau,1010
4309,1984-09-30,Initial recording of the municipality Klingnau,953
4309,1983-09-30,Initial recording of the municipality Klingnau,919
4309,1982-09-30,Initial recording of the municipality Klingnau,923
4309,1981-09-30,Initial recording of the municipality Klingnau,895
4309,1980-09-30,Initial recording of the municipality Klingnau,847
4309,1979-09-30,Initial recording of the municipality Klingnau,797
4309,1978-09-30,Initial recording of the municipality Klingnau,759
4309,1977-09-30,Initial recording of the municipality Klingnau,733
4309,1976-09-30,Initial recording of the municipality Klingnau,716
4310,2025-09-30,Initial recording of the municipality Koblenz,1088
4310,2024-09-30,Initial recording of the municipality Koblenz,1078
4310,2023-09-30,Initial recording of the municipality Koblenz,1044
4310,2022-09-30,Initial recording of the municipality Koblenz,1012
4310,2021-09-30,Initial recording of the municipality Koblenz,1045
4310,2020-09-30,Initial recording of the municipality Koblenz,1051
4310,2019-09-30,Initial recording of the municipality Koblenz,1060
4310,2018-09-30,Initial recording of the municipality Koblenz,1043
4310,2017-09-30,Initial recording of the municipality Koblenz,1031
4310,2016-09-30,Initial recording of the municipality Koblenz,1026
4310,2015-09-30,Initial recording of the municipality Koblenz,989
4310,2014-09-30,Initial recording of the municipality Koblenz,986
4310,2013-09-30,Initial recording of the municipality Koblenz,970
4310,2012-09-30,Initial recording of the municipality Koblenz,932
4310,2011-09-30,Initial recording of the municipality Koblenz,917
4310,2010-09-30,Initial recording of the municipality Koblenz,906
4310,2009-09-30,Initial recording of the municipality Koblenz,895
4310,2008-09-30,Initial recording of the municipality Koblenz,906
4310,2007-09-30,Initial recording of the municipality Koblenz,865
4310,2006-09-30,Initial recording of the municipality Koblenz,852
4310,2005-09-30,Initial recording of the municipality Koblenz,867
4310,2004-09-30,Initial recording of the municipality Koblenz,856
4310,2003-09-30,Initial recording of the municipality Koblenz,857
4310,2002-09-30,Initial recording of the municipality Koblenz,822
4310,2001-09-30,Initial recording of the municipality Koblenz,818
4310,2000-09-30,Initial recording of the municipality Koblenz,798
4310,1999-09-30,Initial recording of the municipality Koblenz,805
4310,1998-09-30,Initial recording of the municipality Koblenz,784
4310,1997-09-30,Initial recording of the municipality Koblenz,781
4310,1996-09-30,Initial recording of the municipality Koblenz,795
4310,1995-09-30,Initial recording of the municipality Koblenz,760
4310,1994-09-30,Initial recording of the municipality Koblenz,775
4310,1993-09-30,Initial recording of the municipality Koblenz,746
4310,1992-09-30,Initial recording of the municipality Koblenz,739
4310,1991-09-30,Initial recording of the municipality Koblenz,736
4310,1990-09-30,Initial recording of the municipality Koblenz,732
4310,1989-09-30,Initial recording of the municipality Koblenz,700
4310,1988-09-30,Initial recording of the municipality Koblenz,662
4310,1987-09-30,Initial recording of the municipality Koblenz,625
4310,1986-09-30,Initial recording of the municipality Koblenz,590
4310,1985-09-30,Initial recording of the municipality Koblenz,603
4310,1984-09-30,Initial recording of the municipality Koblenz,572
4310,1983-09-30,Initial recording of the municipality Koblenz,551
4310,1982-09-30,Initial recording of the municipality Koblenz,536
4310,1981-09-30,Initial recording of the municipality Koblenz,505
4310,1980-09-30,Initial recording of the municipality Koblenz,475
4310,1979-09-30,Initial recording of the municipality Koblenz,478
4310,1978-09-30,Initial recording of the municipality Koblenz,450
4310,1977-09-30,Initial recording of the municipality Koblenz,438
4310,1976-09-30,Initial recording of the municipality Koblenz,430
4276,2025-09-30,Initial recording of the municipality Kölliken,3137
4276,2024-09-30,Initial recording of the municipality Kölliken,3064
4276,2023-09-30,Initial recording of the municipality Kölliken,2981
4276,2022-09-30,Initial recording of the municipality Kölliken,2861
4276,2021-09-30,Initial recording of the municipality Kölliken,2824
4276,2020-09-30,Initial recording of the municipality Kölliken,2833
4276,2019-09-30,Initial recording of the municipality Kölliken,2793
4276,2018-09-30,Initial recording of the municipality Kölliken,2731
4276,2017-09-30,Initial recording of the municipality Kölliken,2686
4276,2016-09-30,Initial recording of the municipality Kölliken,2649
4276,2015-09-30,Initial recording of the municipality Kölliken,2624
4276,2014-09-30,Initial recording of the municipality Kölliken,2586
4276,2013-09-30,Initial recording of the municipality Kölliken,2567
4276,2012-09-30,Initial recording of the municipality Kölliken,2558
4276,2011-09-30,Initial recording of the municipality Kölliken,2488
4276,2010-09-30,Initial recording of the municipality Kölliken,2470
4276,2009-09-30,Initial recording of the municipality Kölliken,2418
4276,2008-09-30,Initial recording of the municipality Kölliken,2401
4276,2007-09-30,Initial recording of the municipality Kölliken,2388
4276,2006-09-30,Initial recording of the municipality Kölliken,2333
4276,2005-09-30,Initial recording of the municipality Kölliken,2342
4276,2004-09-30,Initial recording of the municipality Kölliken,2248
4276,2003-09-30,Initial recording of the municipality Kölliken,2200
4276,2002-09-30,Initial recording of the municipality Kölliken,2186
4276,2001-09-30,Initial recording of the municipality Kölliken,2136
4276,2000-09-30,Initial recording of the municipality Kölliken,2076
4276,1999-09-30,Initial recording of the municipality Kölliken,2008
4276,1998-09-30,Initial recording of the municipality Kölliken,1943
4276,1997-09-30,Initial recording of the municipality Kölliken,1891
4276,1996-09-30,Initial recording of the municipality Kölliken,1746
4276,1995-09-30,Initial recording of the municipality Kölliken,1708
4276,1994-09-30,Initial recording of the municipality Kölliken,1692
4276,1993-09-30,Initial recording of the municipality Kölliken,1671
4276,1992-09-30,Initial recording of the municipality Kölliken,1634
4276,1991-09-30,Initial recording of the municipality Kölliken,1613
4276,1990-09-30,Initial recording of the municipality Kölliken,1586
4276,1989-09-30,Initial recording of the municipality Kölliken,1541
4276,1988-09-30,Initial recording of the municipality Kölliken,1479
4276,1987-09-30,Initial recording of the municipality Kölliken,1419
4276,1986-09-30,Initial recording of the municipality Kölliken,1395
4276,1985-09-30,Initial recording of the municipality Kölliken,1328
4276,1984-09-30,Initial recording of the municipality Kölliken,1307
4276,1983-09-30,Initial recording of the municipality Kölliken,1251
4276,1982-09-30,Initial recording of the municipality Kölliken,1200
4276,1981-09-30,Initial recording of the municipality Kölliken,1148
4276,1980-09-30,Initial recording of the municipality Kölliken,1117
4276,1979-09-30,Initial recording of the municipality Kölliken,1077
4276,1978-09-30,Initial recording of the municipality Kölliken,1014
4276,1977-09-30,Initial recording of the municipality Kölliken,984
4276,1976-09-30,Initial recording of the municipality Kölliken,924
4031,2025-09-30,Initial recording of the municipality Künten,1317
4031,2024-09-30,Initial recording of the municipality Künten,1306
4031,2023-09-30,Initial recording of the municipality Künten,1282
4031,2022-09-30,Initial recording of the municipality Künten,1267
4031,2021-09-30,Initial recording of the municipality Künten,1248
4031,2020-09-30,Initial recording of the municipality Künten,1211
4031,2019-09-30,Initial recording of the municipality Künten,1161
4031,2018-09-30,Initial recording of the municipality Künten,1116
4031,2017-09-30,Initial recording of the municipality Künten,1087
4031,2016-09-30,Initial recording of the municipality Künten,1087
4031,2015-09-30,Initial recording of the municipality Künten,1063
4031,2014-09-30,Initial recording of the municipality Künten,1061
4031,2013-09-30,Initial recording of the municipality Künten,1057
4031,2012-09-30,Initial recording of the municipality Künten,1018
4031,2011-09-30,Initial recording of the municipality Künten,971
4031,2010-09-30,Initial recording of the municipality Künten,1008
4031,2009-09-30,Initial recording of the municipality Künten,989
4031,2008-09-30,Initial recording of the municipality Künten,974
4031,2007-09-30,Initial recording of the municipality Künten,930
4031,2006-09-30,Initial recording of the municipality Künten,917
4031,2005-09-30,Initial recording of the municipality Künten,923
4031,2004-09-30,Initial recording of the municipality Künten,930
4031,2003-09-30,Initial recording of the municipality Künten,917
4031,2002-09-30,Initial recording of the municipality Künten,889
4031,2001-09-30,Initial recording of the municipality Künten,846
4031,2000-09-30,Initial recording of the municipality Künten,848
4031,1999-09-30,Initial recording of the municipality Künten,825
4031,1998-09-30,Initial recording of the municipality Künten,785
4031,1997-09-30,Initial recording of the municipality Künten,764
4031,1996-09-30,Initial recording of the municipality Künten,757
4031,1995-09-30,Initial recording of the municipality Künten,742
4031,1994-09-30,Initial recording of the municipality Künten,719
4031,1993-09-30,Initial recording of the municipality Künten,679
4031,1992-09-30,Initial recording of the municipality Künten,636
4031,1991-09-30,Initial recording of the municipality Künten,637
4031,1990-09-30,Initial recording of the municipality Künten,611
4031,1989-09-30,Initial recording of the municipality Künten,589
4031,1988-09-30,Initial recording of the municipality Künten,533
4031,1987-09-30,Initial recording of the municipality Künten,517
4031,1986-09-30,Initial recording of the municipality Künten,488
4031,1985-09-30,Initial recording of the municipality Künten,471
4031,1984-09-30,Initial recording of the municipality Künten,454
4031,1983-09-30,Initial recording of the municipality Künten,437
4031,1982-09-30,Initial recording of the municipality Künten,427
4031,1981-09-30,Initial recording of the municipality Künten,418
4031,1980-09-30,Initial recording of the municipality Künten,386
4031,1979-09-30,Initial recording of the municipality Künten,363
4031,1978-09-30,Initial recording of the municipality Künten,352
4031,1977-09-30,Initial recording of the municipality Künten,316
4031,1976-09-30,Initial recording of the municipality Künten,288
4008,2025-09-30,Initial recording of the municipality Küttigen,3695
4008,2024-09-30,Initial recording of the municipality Küttigen,3654
4008,2023-09-30,Initial recording of the municipality Küttigen,3565
4008,2022-09-30,Initial recording of the municipality Küttigen,3466
4008,2021-09-30,Initial recording of the municipality Küttigen,3444
4008,2020-09-30,Initial recording of the municipality Küttigen,3412
4008,2019-09-30,Initial recording of the municipality Küttigen,3413
4008,2018-09-30,Initial recording of the municipality Küttigen,3320
4008,2017-09-30,Initial recording of the municipality Küttigen,3311
4008,2016-09-30,Initial recording of the municipality Küttigen,3260
4008,2015-09-30,Initial recording of the municipality Küttigen,3236
4008,2014-09-30,Initial recording of the municipality Küttigen,3197
4008,2013-09-30,Initial recording of the municipality Küttigen,3165
4008,2012-09-30,Initial recording of the municipality Küttigen,3052
4008,2011-09-30,Initial recording of the municipality Küttigen,2977
4008,2010-09-30,Initial recording of the municipality Küttigen,2895
4008,2009-09-30,Initial recording of the municipality Küttigen,2851
4008,2008-09-30,Initial recording of the municipality Küttigen,2793
4008,2007-09-30,Initial recording of the municipality Küttigen,2743
4008,2006-09-30,Initial recording of the municipality Küttigen,2742
4008,2005-09-30,Initial recording of the municipality Küttigen,2614
4008,2004-09-30,Initial recording of the municipality Küttigen,2572
4008,2003-09-30,Initial recording of the municipality Küttigen,2509
4008,2002-09-30,Initial recording of the municipality Küttigen,2474
4008,2001-09-30,Initial recording of the municipality Küttigen,2453
4008,2000-09-30,Initial recording of the municipality Küttigen,2411
4008,1999-09-30,Initial recording of the municipality Küttigen,2357
4008,1998-09-30,Initial recording of the municipality Küttigen,2316
4008,1997-09-30,Initial recording of the municipality Küttigen,2264
4008,1996-09-30,Initial recording of the municipality Küttigen,2148
4008,1995-09-30,Initial recording of the municipality Küttigen,2107
4008,1994-09-30,Initial recording of the municipality Küttigen,2084
4008,1993-09-30,Initial recording of the municipality Küttigen,2004
4008,1992-09-30,Initial recording of the municipality Küttigen,1993
4008,1991-09-30,Initial recording of the municipality Küttigen,1975
4008,1990-09-30,Initial recording of the municipality Küttigen,1960
4008,1989-09-30,Initial recording of the municipality Küttigen,1951
4008,1988-09-30,Initial recording of the municipality Küttigen,1954
4008,1987-09-30,Initial recording of the municipality Küttigen,1914
4008,1986-09-30,Initial recording of the municipality Küttigen,1869
4008,1985-09-30,Initial recording of the municipality Küttigen,1813
4008,1984-09-30,Initial recording of the municipality Küttigen,1741
4008,1983-09-30,Initial recording of the municipality Küttigen,1693
4008,1982-09-30,Initial recording of the municipality Küttigen,1631
4008,1981-09-30,Initial recording of the municipality Küttigen,1595
4008,1980-09-30,Initial recording of the municipality Küttigen,1506
4008,1979-09-30,Initial recording of the municipality Küttigen,1428
4008,1978-09-30,Initial recording of the municipality Küttigen,1330
4008,1977-09-30,Initial recording of the municipality Küttigen,1230
4008,1976-09-30,Initial recording of the municipality Küttigen,1188
4170,2025-09-30,Incorporation of Sulz (AG) into Laufenburg,2529
4170,2024-09-30,Incorporation of Sulz (AG) into Laufenburg,2508
4170,2023-09-30,Incorporation of Sulz (AG) into Laufenburg,2431
4170,2022-09-30,Incorporation of Sulz (AG) into Laufenburg,2416
4170,2021-09-30,Incorporation of Sulz (AG) into Laufenburg,2417
4170,2020-09-30,Incorporation of Sulz (AG) into Laufenburg,2387
4170,2019-09-30,Incorporation of Sulz (AG) into Laufenburg,2357
4170,2018-09-30,Incorporation of Sulz (AG) into Laufenburg,2360
4170,2017-09-30,Incorporation of Sulz (AG) into Laufenburg,2333
4170,2016-09-30,Incorporation of Sulz (AG) into Laufenburg,2284
4170,2015-09-30,Incorporation of Sulz (AG) into Laufenburg,2167
4170,2014-09-30,Incorporation of Sulz (AG) into Laufenburg,2089
4170,2013-09-30,Incorporation of Sulz (AG) into Laufenburg,2072
4170,2012-09-30,Incorporation of Sulz (AG) into Laufenburg,2011
4170,2011-09-30,Incorporation of Sulz (AG) into Laufenburg,1942
4170,2010-09-30,Incorporation of Sulz (AG) into Laufenburg,1857
4170,2009-09-30,Initial recording of the municipality Laufenburg,1126
4170,2008-09-30,Initial recording of the municipality Laufenburg,1086
4170,2007-09-30,Initial recording of the municipality Laufenburg,1071
4170,2006-09-30,Initial recording of the municipality Laufenburg,1084
4170,2005-09-30,Initial recording of the municipality Laufenburg,1074
4170,2004-09-30,Initial recording of the municipality Laufenburg,1026
4170,2003-09-30,Initial recording of the municipality Laufenburg,1000
4170,2002-09-30,Initial recording of the municipality Laufenburg,984
4170,2001-09-30,Initial recording of the municipality Laufenburg,938
4170,2000-09-30,Initial recording of the municipality Laufenburg,937
4170,1999-09-30,Initial recording of the municipality Laufenburg,929
4170,1998-09-30,Initial recording of the municipality Laufenburg,927
4170,1997-09-30,Initial recording of the municipality Laufenburg,906
4170,1996-09-30,Initial recording of the municipality Laufenburg,886
4170,1995-09-30,Initial recording of the municipality Laufenburg,893
4170,1994-09-30,Initial recording of the municipality Laufenburg,863
4170,1993-09-30,Initial recording of the municipality Laufenburg,841
4170,1992-09-30,Initial recording of the municipality Laufenburg,841
4170,1991-09-30,Initial recording of the municipality Laufenburg,832
4170,1990-09-30,Initial recording of the municipality Laufenburg,812
4170,1989-09-30,Initial recording of the municipality Laufenburg,789
4170,1988-09-30,Initial recording of the municipality Laufenburg,791
4170,1987-09-30,Initial recording of the municipality Laufenburg,750
4170,1986-09-30,Initial recording of the municipality Laufenburg,747
4170,1985-09-30,Initial recording of the municipality Laufenburg,727
4170,1984-09-30,Initial recording of the municipality Laufenburg,707
4170,1983-09-30,Initial recording of the municipality Laufenburg,683
4170,1982-09-30,Initial recording of the municipality Laufenburg,674
4170,1981-09-30,Initial recording of the municipality Laufenburg,629
4170,1980-09-30,Initial recording of the municipality Laufenburg,596
4170,1979-09-30,Initial recording of the municipality Laufenburg,569
4170,1978-09-30,Initial recording of the municipality Laufenburg,555
4170,1977-09-30,Initial recording of the municipality Laufenburg,513
4170,1976-09-30,Initial recording of the municipality Laufenburg,502
4311,2025-09-30,Initial recording of the municipality Leibstadt,1120
4311,2024-09-30,Initial recording of the municipality Leibstadt,1118
4311,2023-09-30,Initial recording of the municipality Leibstadt,1122
4311,2022-09-30,Initial recording of the municipality Leibstadt,1088
4311,2021-09-30,Initial recording of the municipality Leibstadt,1027
4311,2020-09-30,Initial recording of the municipality Leibstadt,968
4311,2019-09-30,Initial recording of the municipality Leibstadt,965
4311,2018-09-30,Initial recording of the municipality Leibstadt,935
4311,2017-09-30,Initial recording of the municipality Leibstadt,904
4311,2016-09-30,Initial recording of the municipality Leibstadt,901
4311,2015-09-30,Initial recording of the municipality Leibstadt,862
4311,2014-09-30,Initial recording of the municipality Leibstadt,838
4311,2013-09-30,Initial recording of the municipality Leibstadt,809
4311,2012-09-30,Initial recording of the municipality Leibstadt,838
4311,2011-09-30,Initial recording of the municipality Leibstadt,794
4311,2010-09-30,Initial recording of the municipality Leibstadt,778
4311,2009-09-30,Initial recording of the municipality Leibstadt,773
4311,2008-09-30,Initial recording of the municipality Leibstadt,739
4311,2007-09-30,Initial recording of the municipality Leibstadt,729
4311,2006-09-30,Initial recording of the municipality Leibstadt,737
4311,2005-09-30,Initial recording of the municipality Leibstadt,745
4311,2004-09-30,Initial recording of the municipality Leibstadt,739
4311,2003-09-30,Initial recording of the municipality Leibstadt,721
4311,2002-09-30,Initial recording of the municipality Leibstadt,693
4311,2001-09-30,Initial recording of the municipality Leibstadt,660
4311,2000-09-30,Initial recording of the municipality Leibstadt,653
4311,1999-09-30,Initial recording of the municipality Leibstadt,669
4311,1998-09-30,Initial recording of the municipality Leibstadt,673
4311,1997-09-30,Initial recording of the municipality Leibstadt,663
4311,1996-09-30,Initial recording of the municipality Leibstadt,671
4311,1995-09-30,Initial recording of the municipality Leibstadt,661
4311,1994-09-30,Initial recording of the municipality Leibstadt,650
4311,1993-09-30,Initial recording of the municipality Leibstadt,625
4311,1992-09-30,Initial recording of the municipality Leibstadt,607
4311,1991-09-30,Initial recording of the municipality Leibstadt,595
4311,1990-09-30,Initial recording of the municipality Leibstadt,572
4311,1989-09-30,Initial recording of the municipality Leibstadt,533
4311,1988-09-30,Initial recording of the municipality Leibstadt,527
4311,1987-09-30,Initial recording of the municipality Leibstadt,531
4311,1986-09-30,Initial recording of the municipality Leibstadt,491
4311,1985-09-30,Initial recording of the municipality Leibstadt,470
4311,1984-09-30,Initial recording of the municipality Leibstadt,457
4311,1983-09-30,Initial recording of the municipality Leibstadt,443
4311,1982-09-30,Initial recording of the municipality Leibstadt,432
4311,1981-09-30,Initial recording of the municipality Leibstadt,431
4311,1980-09-30,Initial recording of the municipality Leibstadt,407
4311,1979-09-30,Initial recording of the municipality Leibstadt,375
4311,1978-09-30,Initial recording of the municipality Leibstadt,333
4311,1977-09-30,Initial recording of the municipality Leibstadt,313
4311,1976-09-30,Initial recording of the municipality Leibstadt,282
4137,2025-09-30,Initial recording of the municipality Leimbach (AG),345
4137,2024-09-30,Initial recording of the municipality Leimbach (AG),344
4137,2023-09-30,Initial recording of the municipality Leimbach (AG),352
4137,2022-09-30,Initial recording of the municipality Leimbach (AG),358
4137,2021-09-30,Initial recording of the municipality Leimbach (AG),358
4137,2020-09-30,Initial recording of the municipality Leimbach (AG),354
4137,2019-09-30,Initial recording of the municipality Leimbach (AG),324
4137,2018-09-30,Initial recording of the municipality Leimbach (AG),303
4137,2017-09-30,Initial recording of the municipality Leimbach (AG),286
4137,2016-09-30,Initial recording of the municipality Leimbach (AG),289
4137,2015-09-30,Initial recording of the municipality Leimbach (AG),287
4137,2014-09-30,Initial recording of the municipality Leimbach (AG),281
4137,2013-09-30,Initial recording of the municipality Leimbach (AG),273
4137,2012-09-30,Initial recording of the municipality Leimbach (AG),273
4137,2011-09-30,Initial recording of the municipality Leimbach (AG),272
4137,2010-09-30,Initial recording of the municipality Leimbach (AG),263
4137,2009-09-30,Initial recording of the municipality Leimbach (AG),254
4137,2008-09-30,Initial recording of the municipality Leimbach (AG),259
4137,2007-09-30,Initial recording of the municipality Leimbach (AG),248
4137,2006-09-30,Initial recording of the municipality Leimbach (AG),245
4137,2005-09-30,Initial recording of the municipality Leimbach (AG),237
4137,2004-09-30,Initial recording of the municipality Leimbach (AG),226
4137,2003-09-30,Initial recording of the municipality Leimbach (AG),235
4137,2002-09-30,Initial recording of the municipality Leimbach (AG),228
4137,2001-09-30,Initial recording of the municipality Leimbach (AG),225
4137,2000-09-30,Initial recording of the municipality Leimbach (AG),220
4137,1999-09-30,Initial recording of the municipality Leimbach (AG),222
4137,1998-09-30,Initial recording of the municipality Leimbach (AG),205
4137,1997-09-30,Initial recording of the municipality Leimbach (AG),198
4137,1996-09-30,Initial recording of the municipality Leimbach (AG),201
4137,1995-09-30,Initial recording of the municipality Leimbach (AG),195
4137,1994-09-30,Initial recording of the municipality Leimbach (AG),198
4137,1993-09-30,Initial recording of the municipality Leimbach (AG),195
4137,1992-09-30,Initial recording of the municipality Leimbach (AG),186
4137,1991-09-30,Initial recording of the municipality Leimbach (AG),196
4137,1990-09-30,Initial recording of the municipality Leimbach (AG),185
4137,1989-09-30,Initial recording of the municipality Leimbach (AG),181
4137,1988-09-30,Initial recording of the municipality Leimbach (AG),178
4137,1987-09-30,Initial recording of the municipality Leimbach (AG),172
4137,1986-09-30,Initial recording of the municipality Leimbach (AG),170
4137,1985-09-30,Initial recording of the municipality Leimbach (AG),168
4137,1984-09-30,Initial recording of the municipality Leimbach (AG),166
4137,1983-09-30,Initial recording of the municipality Leimbach (AG),158
4137,1982-09-30,Initial recording of the municipality Leimbach (AG),151
4137,1981-09-30,Initial recording of the municipality Leimbach (AG),141
4137,1980-09-30,Initial recording of the municipality Leimbach (AG),140
4137,1979-09-30,Initial recording of the municipality Leimbach (AG),128
4137,1978-09-30,Initial recording of the municipality Leimbach (AG),124
4137,1977-09-30,Initial recording of the municipality Leimbach (AG),108
4137,1976-09-30,Initial recording of the municipality Leimbach (AG),104
4312,2025-09-30,Initial recording of the municipality Lengnau (AG),1848
4312,2024-09-30,Initial recording of the municipality Lengnau (AG),1833
4312,2023-09-30,Initial recording of the municipality Lengnau (AG),1800
4312,2022-09-30,Initial recording of the municipality Lengnau (AG),1778
4312,2021-09-30,Initial recording of the municipality Lengnau (AG),1792
4312,2020-09-30,Initial recording of the municipality Lengnau (AG),1723
4312,2019-09-30,Initial recording of the municipality Lengnau (AG),1710
4312,2018-09-30,Initial recording of the municipality Lengnau (AG),1716
4312,2017-09-30,Initial recording of the municipality Lengnau (AG),1705
4312,2016-09-30,Initial recording of the municipality Lengnau (AG),1651
4312,2015-09-30,Initial recording of the municipality Lengnau (AG),1598
4312,2014-09-30,Initial recording of the municipality Lengnau (AG),1588
4312,2013-09-30,Initial recording of the municipality Lengnau (AG),1549
4312,2012-09-30,Initial recording of the municipality Lengnau (AG),1510
4312,2011-09-30,Initial recording of the municipality Lengnau (AG),1476
4312,2010-09-30,Initial recording of the municipality Lengnau (AG),1463
4312,2009-09-30,Initial recording of the municipality Lengnau (AG),1431
4312,2008-09-30,Initial recording of the municipality Lengnau (AG),1407
4312,2007-09-30,Initial recording of the municipality Lengnau (AG),1400
4312,2006-09-30,Initial recording of the municipality Lengnau (AG),1397
4312,2005-09-30,Initial recording of the municipality Lengnau (AG),1368
4312,2004-09-30,Initial recording of the municipality Lengnau (AG),1350
4312,2003-09-30,Initial recording of the municipality Lengnau (AG),1316
4312,2002-09-30,Initial recording of the municipality Lengnau (AG),1293
4312,2001-09-30,Initial recording of the municipality Lengnau (AG),1244
4312,2000-09-30,Initial recording of the municipality Lengnau (AG),1241
4312,1999-09-30,Initial recording of the municipality Lengnau (AG),1206
4312,1998-09-30,Initial recording of the municipality Lengnau (AG),1145
4312,1997-09-30,Initial recording of the municipality Lengnau (AG),1132
4312,1996-09-30,Initial recording of the municipality Lengnau (AG),1113
4312,1995-09-30,Initial recording of the municipality Lengnau (AG),1094
4312,1994-09-30,Initial recording of the municipality Lengnau (AG),1075
4312,1993-09-30,Initial recording of the municipality Lengnau (AG),1071
4312,1992-09-30,Initial recording of the municipality Lengnau (AG),1042
4312,1991-09-30,Initial recording of the municipality Lengnau (AG),1036
4312,1990-09-30,Initial recording of the municipality Lengnau (AG),1022
4312,1989-09-30,Initial recording of the municipality Lengnau (AG),982
4312,1988-09-30,Initial recording of the municipality Lengnau (AG),915
4312,1987-09-30,Initial recording of the municipality Lengnau (AG),852
4312,1986-09-30,Initial recording of the municipality Lengnau (AG),825
4312,1985-09-30,Initial recording of the municipality Lengnau (AG),816
4312,1984-09-30,Initial recording of the municipality Lengnau (AG),794
4312,1983-09-30,Initial recording of the municipality Lengnau (AG),752
4312,1982-09-30,Initial recording of the municipality Lengnau (AG),729
4312,1981-09-30,Initial recording of the municipality Lengnau (AG),718
4312,1980-09-30,Initial recording of the municipality Lengnau (AG),674
4312,1979-09-30,Initial recording of the municipality Lengnau (AG),648
4312,1978-09-30,Initial recording of the municipality Lengnau (AG),576
4312,1977-09-30,Initial recording of the municipality Lengnau (AG),502
4312,1976-09-30,Initial recording of the municipality Lengnau (AG),478
4201,2025-09-30,Initial recording of the municipality Lenzburg,5959
4201,2024-09-30,Initial recording of the municipality Lenzburg,5954
4201,2023-09-30,Initial recording of the municipality Lenzburg,5909
4201,2022-09-30,Initial recording of the municipality Lenzburg,5904
4201,2021-09-30,Initial recording of the municipality Lenzburg,5883
4201,2020-09-30,Initial recording of the municipality Lenzburg,5863
4201,2019-09-30,Initial recording of the municipality Lenzburg,5848
4201,2018-09-30,Initial recording of the municipality Lenzburg,5697
4201,2017-09-30,Initial recording of the municipality Lenzburg,5448
4201,2016-09-30,Initial recording of the municipality Lenzburg,5247
4201,2015-09-30,Initial recording of the municipality Lenzburg,5061
4201,2014-09-30,Initial recording of the municipality Lenzburg,5042
4201,2013-09-30,Initial recording of the municipality Lenzburg,4931
4201,2012-09-30,Initial recording of the municipality Lenzburg,4788
4201,2011-09-30,Initial recording of the municipality Lenzburg,4664
4201,2010-09-30,Initial recording of the municipality Lenzburg,4540
4201,2009-09-30,Initial recording of the municipality Lenzburg,4512
4201,2008-09-30,Initial recording of the municipality Lenzburg,4419
4201,2007-09-30,Initial recording of the municipality Lenzburg,4376
4201,2006-09-30,Initial recording of the municipality Lenzburg,4226
4201,2005-09-30,Initial recording of the municipality Lenzburg,4129
4201,2004-09-30,Initial recording of the municipality Lenzburg,4101
4201,2003-09-30,Initial recording of the municipality Lenzburg,3989
4201,2002-09-30,Initial recording of the municipality Lenzburg,3927
4201,2001-09-30,Initial recording of the municipality Lenzburg,3853
4201,2000-09-30,Initial recording of the municipality Lenzburg,3728
4201,1999-09-30,Initial recording of the municipality Lenzburg,3708
4201,1998-09-30,Initial recording of the municipality Lenzburg,3663
4201,1997-09-30,Initial recording of the municipality Lenzburg,3589
4201,1996-09-30,Initial recording of the municipality Lenzburg,3605
4201,1995-09-30,Initial recording of the municipality Lenzburg,3540
4201,1994-09-30,Initial recording of the municipality Lenzburg,3512
4201,1993-09-30,Initial recording of the municipality Lenzburg,3476
4201,1992-09-30,Initial recording of the municipality Lenzburg,3473
4201,1991-09-30,Initial recording of the municipality Lenzburg,3449
4201,1990-09-30,Initial recording of the municipality Lenzburg,3388
4201,1989-09-30,Initial recording of the municipality Lenzburg,3305
4201,1988-09-30,Initial recording of the municipality Lenzburg,3235
4201,1987-09-30,Initial recording of the municipality Lenzburg,3227
4201,1986-09-30,Initial recording of the municipality Lenzburg,3183
4201,1985-09-30,Initial recording of the municipality Lenzburg,3100
4201,1984-09-30,Initial recording of the municipality Lenzburg,2992
4201,1983-09-30,Initial recording of the municipality Lenzburg,2919
4201,1982-09-30,Initial recording of the municipality Lenzburg,2841
4201,1981-09-30,Initial recording of the municipality Lenzburg,2754
4201,1980-09-30,Initial recording of the municipality Lenzburg,2624
4201,1979-09-30,Initial recording of the municipality Lenzburg,2524
4201,1978-09-30,Initial recording of the municipality Lenzburg,2489
4201,1977-09-30,Initial recording of the municipality Lenzburg,2367
4201,1976-09-30,Initial recording of the municipality Lenzburg,2316
4313,2025-09-30,Initial recording of the municipality Leuggern,1701
4313,2024-09-30,Initial recording of the municipality Leuggern,1654
4313,2023-09-30,Initial recording of the municipality Leuggern,1589
4313,2022-09-30,Initial recording of the municipality Leuggern,1611
4313,2021-09-30,Initial recording of the municipality Leuggern,1642
4313,2020-09-30,Initial recording of the municipality Leuggern,1559
4313,2019-09-30,Initial recording of the municipality Leuggern,1525
4313,2018-09-30,Initial recording of the municipality Leuggern,1511
4313,2017-09-30,Initial recording of the municipality Leuggern,1488
4313,2016-09-30,Initial recording of the municipality Leuggern,1493
4313,2015-09-30,Initial recording of the municipality Leuggern,1472
4313,2014-09-30,Initial recording of the municipality Leuggern,1450
4313,2013-09-30,Initial recording of the municipality Leuggern,1430
4313,2012-09-30,Initial recording of the municipality Leuggern,1418
4313,2011-09-30,Initial recording of the municipality Leuggern,1378
4313,2010-09-30,Initial recording of the municipality Leuggern,1336
4313,2009-09-30,Initial recording of the municipality Leuggern,1307
4313,2008-09-30,Initial recording of the municipality Leuggern,1301
4313,2007-09-30,Initial recording of the municipality Leuggern,1304
4313,2006-09-30,Initial recording of the municipality Leuggern,1305
4313,2005-09-30,Initial recording of the municipality Leuggern,1298
4313,2004-09-30,Initial recording of the municipality Leuggern,1328
4313,2003-09-30,Initial recording of the municipality Leuggern,1275
4313,2002-09-30,Initial recording of the municipality Leuggern,1252
4313,2001-09-30,Initial recording of the municipality Leuggern,1254
4313,2000-09-30,Initial recording of the municipality Leuggern,1200
4313,1999-09-30,Initial recording of the municipality Leuggern,1159
4313,1998-09-30,Initial recording of the municipality Leuggern,1142
4313,1997-09-30,Initial recording of the municipality Leuggern,1124
4313,1996-09-30,Initial recording of the municipality Leuggern,1097
4313,1995-09-30,Initial recording of the municipality Leuggern,1057
4313,1994-09-30,Initial recording of the municipality Leuggern,1034
4313,1993-09-30,Initial recording of the municipality Leuggern,973
4313,1992-09-30,Initial recording of the municipality Leuggern,949
4313,1991-09-30,Initial recording of the municipality Leuggern,940
4313,1990-09-30,Initial recording of the municipality Leuggern,916
4313,1989-09-30,Initial recording of the municipality Leuggern,875
4313,1988-09-30,Initial recording of the municipality Leuggern,798
4313,1987-09-30,Initial recording of the municipality Leuggern,741
4313,1986-09-30,Initial recording of the municipality Leuggern,759
4313,1985-09-30,Initial recording of the municipality Leuggern,715
4313,1984-09-30,Initial recording of the municipality Leuggern,691
4313,1983-09-30,Initial recording of the municipality Leuggern,659
4313,1982-09-30,Initial recording of the municipality Leuggern,649
4313,1981-09-30,Initial recording of the municipality Leuggern,624
4313,1980-09-30,Initial recording of the municipality Leuggern,578
4313,1979-09-30,Initial recording of the municipality Leuggern,551
4313,1978-09-30,Initial recording of the municipality Leuggern,513
4313,1977-09-30,Initial recording of the municipality Leuggern,481
4313,1976-09-30,Initial recording of the municipality Leuggern,462
4138,2025-09-30,Initial recording of the municipality Leutwil,528
4138,2024-09-30,Initial recording of the municipality Leutwil,533
4138,2023-09-30,Initial recording of the municipality Leutwil,530
4138,2022-09-30,Initial recording of the municipality Leutwil,535
4138,2021-09-30,Initial recording of the municipality Leutwil,528
4138,2020-09-30,Initial recording of the municipality Leutwil,518
4138,2019-09-30,Initial recording of the municipality Leutwil,523
4138,2018-09-30,Initial recording of the municipality Leutwil,509
4138,2017-09-30,Initial recording of the municipality Leutwil,511
4138,2016-09-30,Initial recording of the municipality Leutwil,505
4138,2015-09-30,Initial recording of the municipality Leutwil,498
4138,2014-09-30,Initial recording of the municipality Leutwil,492
4138,2013-09-30,Initial recording of the municipality Leutwil,485
4138,2012-09-30,Initial recording of the municipality Leutwil,472
4138,2011-09-30,Initial recording of the municipality Leutwil,458
4138,2010-09-30,Initial recording of the municipality Leutwil,453
4138,2009-09-30,Initial recording of the municipality Leutwil,440
4138,2008-09-30,Initial recording of the municipality Leutwil,441
4138,2007-09-30,Initial recording of the municipality Leutwil,432
4138,2006-09-30,Initial recording of the municipality Leutwil,428
4138,2005-09-30,Initial recording of the municipality Leutwil,418
4138,2004-09-30,Initial recording of the municipality Leutwil,410
4138,2003-09-30,Initial recording of the municipality Leutwil,376
4138,2002-09-30,Initial recording of the municipality Leutwil,367
4138,2001-09-30,Initial recording of the municipality Leutwil,364
4138,2000-09-30,Initial recording of the municipality Leutwil,353
4138,1999-09-30,Initial recording of the municipality Leutwil,333
4138,1998-09-30,Initial recording of the municipality Leutwil,326
4138,1997-09-30,Initial recording of the municipality Leutwil,301
4138,1996-09-30,Initial recording of the municipality Leutwil,293
4138,1995-09-30,Initial recording of the municipality Leutwil,295
4138,1994-09-30,Initial recording of the municipality Leutwil,291
4138,1993-09-30,Initial recording of the municipality Leutwil,297
4138,1992-09-30,Initial recording of the municipality Leutwil,289
4138,1991-09-30,Initial recording of the municipality Leutwil,287
4138,1990-09-30,Initial recording of the municipality Leutwil,273
4138,1989-09-30,Initial recording of the municipality Leutwil,267
4138,1988-09-30,Initial recording of the municipality Leutwil,274
4138,1987-09-30,Initial recording of the municipality Leutwil,249
4138,1986-09-30,Initial recording of the municipality Leutwil,241
4138,1985-09-30,Initial recording of the municipality Leutwil,243
4138,1984-09-30,Initial recording of the municipality Leutwil,218
4138,1983-09-30,Initial recording of the municipality Leutwil,225
4138,1982-09-30,Initial recording of the municipality Leutwil,224
4138,1981-09-30,Initial recording of the municipality Leutwil,217
4138,1980-09-30,Initial recording of the municipality Leutwil,201
4138,1979-09-30,Initial recording of the municipality Leutwil,193
4138,1978-09-30,Initial recording of the municipality Leutwil,184
4138,1977-09-30,Initial recording of the municipality Leutwil,181
4138,1976-09-30,Initial recording of the municipality Leutwil,154
4103,2012-09-30,Initial recording of the municipality Linn,102
4103,2011-09-30,Initial recording of the municipality Linn,102
4103,2010-09-30,Initial recording of the municipality Linn,98
4103,2009-09-30,Initial recording of the municipality Linn,84
4103,2008-09-30,Initial recording of the municipality Linn,88
4103,2007-09-30,Initial recording of the municipality Linn,90
4103,2006-09-30,Initial recording of the municipality Linn,94
4103,2005-09-30,Initial recording of the municipality Linn,91
4103,2004-09-30,Initial recording of the municipality Linn,86
4103,2003-09-30,Initial recording of the municipality Linn,81
4103,2002-09-30,Initial recording of the municipality Linn,74
4103,2001-09-30,Initial recording of the municipality Linn,72
4103,2000-09-30,Initial recording of the municipality Linn,66
4103,1999-09-30,Initial recording of the municipality Linn,64
4103,1998-09-30,Initial recording of the municipality Linn,61
4103,1997-09-30,Initial recording of the municipality Linn,60
4103,1996-09-30,Initial recording of the municipality Linn,52
4103,1995-09-30,Initial recording of the municipality Linn,48
4103,1994-09-30,Initial recording of the municipality Linn,43
4103,1993-09-30,Initial recording of the municipality Linn,45
4103,1992-09-30,Initial recording of the municipality Linn,42
4103,1991-09-30,Initial recording of the municipality Linn,43
4103,1990-09-30,Initial recording of the municipality Linn,40
4103,1989-09-30,Initial recording of the municipality Linn,42
4103,1988-09-30,Initial recording of the municipality Linn,31
4103,1987-09-30,Initial recording of the municipality Linn,35
4103,1986-09-30,Initial recording of the municipality Linn,31
4103,1985-09-30,Initial recording of the municipality Linn,35
4103,1984-09-30,Initial recording of the municipality Linn,31
4103,1983-09-30,Initial recording of the municipality Linn,28
4103,1982-09-30,Initial recording of the municipality Linn,30
4103,1981-09-30,Initial recording of the municipality Linn,26
4103,1980-09-30,Initial recording of the municipality Linn,21
4103,1979-09-30,Initial recording of the municipality Linn,20
4103,1978-09-30,Initial recording of the municipality Linn,18
4103,1977-09-30,Initial recording of the municipality Linn,15
4103,1976-09-30,Initial recording of the municipality Linn,11
4104,2025-09-30,Incorporation of Scherz into Lupfig,2503
4104,2024-09-30,Incorporation of Scherz into Lupfig,2503
4104,2023-09-30,Incorporation of Scherz into Lupfig,2508
4104,2022-09-30,Incorporation of Scherz into Lupfig,2520
4104,2021-09-30,Incorporation of Scherz into Lupfig,2455
4104,2020-09-30,Incorporation of Scherz into Lupfig,2338
4104,2019-09-30,Incorporation of Scherz into Lupfig,2235
4104,2018-09-30,Incorporation of Scherz into Lupfig,2186
4104,2017-09-30,Initial recording of the municipality Lupfig,1695
4104,2016-09-30,Initial recording of the municipality Lupfig,1672
4104,2015-09-30,Initial recording of the municipality Lupfig,1598
4104,2014-09-30,Initial recording of the municipality Lupfig,1519
4104,2013-09-30,Initial recording of the municipality Lupfig,1475
4104,2012-09-30,Initial recording of the municipality Lupfig,1456
4104,2011-09-30,Initial recording of the municipality Lupfig,1458
4104,2010-09-30,Initial recording of the municipality Lupfig,1484
4104,2009-09-30,Initial recording of the municipality Lupfig,2031
4104,2008-09-30,Initial recording of the municipality Lupfig,1907
4104,2007-09-30,Initial recording of the municipality Lupfig,1774
4104,2006-09-30,Initial recording of the municipality Lupfig,1654
4104,2005-09-30,Initial recording of the municipality Lupfig,1506
4104,2004-09-30,Initial recording of the municipality Lupfig,1383
4104,2003-09-30,Initial recording of the municipality Lupfig,1247
4104,2002-09-30,Initial recording of the municipality Lupfig,1100
4104,2001-09-30,Initial recording of the municipality Lupfig,1069
4104,2000-09-30,Initial recording of the municipality Lupfig,1021
4104,1999-09-30,Initial recording of the municipality Lupfig,999
4104,1998-09-30,Initial recording of the municipality Lupfig,928
4104,1997-09-30,Initial recording of the municipality Lupfig,845
4104,1996-09-30,Initial recording of the municipality Lupfig,845
4104,1995-09-30,Initial recording of the municipality Lupfig,835
4104,1994-09-30,Initial recording of the municipality Lupfig,848
4104,1993-09-30,Initial recording of the municipality Lupfig,786
4104,1992-09-30,Initial recording of the municipality Lupfig,771
4104,1991-09-30,Initial recording of the municipality Lupfig,756
4104,1990-09-30,Initial recording of the municipality Lupfig,732
4104,1989-09-30,Initial recording of the municipality Lupfig,657
4104,1988-09-30,Initial recording of the municipality Lupfig,588
4104,1987-09-30,Initial recording of the municipality Lupfig,572
4104,1986-09-30,Initial recording of the municipality Lupfig,502
4104,1985-09-30,Initial recording of the municipality Lupfig,444
4104,1984-09-30,Initial recording of the municipality Lupfig,415
4104,1983-09-30,Initial recording of the municipality Lupfig,401
4104,1982-09-30,Initial recording of the municipality Lupfig,379
4104,1981-09-30,Initial recording of the municipality Lupfig,362
4104,1980-09-30,Initial recording of the municipality Lupfig,339
4104,1979-09-30,Initial recording of the municipality Lupfig,315
4104,1978-09-30,Initial recording of the municipality Lupfig,295
4104,1977-09-30,Initial recording of the municipality Lupfig,272
4104,1976-09-30,Initial recording of the municipality Lupfig,248
4253,2025-09-30,Initial recording of the municipality Magden,2382
4253,2024-09-30,Initial recording of the municipality Magden,2363
4253,2023-09-30,Initial recording of the municipality Magden,2350
4253,2022-09-30,Initial recording of the municipality Magden,2366
4253,2021-09-30,Initial recording of the municipality Magden,2380
4253,2020-09-30,Initial recording of the municipality Magden,2355
4253,2019-09-30,Initial recording of the municipality Magden,2350
4253,2018-09-30,Initial recording of the municipality Magden,2364
4253,2017-09-30,Initial recording of the municipality Magden,2378
4253,2016-09-30,Initial recording of the municipality Magden,2375
4253,2015-09-30,Initial recording of the municipality Magden,2332
4253,2014-09-30,Initial recording of the municipality Magden,2321
4253,2013-09-30,Initial recording of the municipality Magden,2240
4253,2012-09-30,Initial recording of the municipality Magden,2177
4253,2011-09-30,Initial recording of the municipality Magden,2094
4253,2010-09-30,Initial recording of the municipality Magden,2033
4253,2009-09-30,Initial recording of the municipality Magden,1989
4253,2008-09-30,Initial recording of the municipality Magden,1959
4253,2007-09-30,Initial recording of the municipality Magden,1899
4253,2006-09-30,Initial recording of the municipality Magden,1816
4253,2005-09-30,Initial recording of the municipality Magden,1800
4253,2004-09-30,Initial recording of the municipality Magden,1740
4253,2003-09-30,Initial recording of the municipality Magden,1699
4253,2002-09-30,Initial recording of the municipality Magden,1664
4253,2001-09-30,Initial recording of the municipality Magden,1590
4253,2000-09-30,Initial recording of the municipality Magden,1546
4253,1999-09-30,Initial recording of the municipality Magden,1523
4253,1998-09-30,Initial recording of the municipality Magden,1457
4253,1997-09-30,Initial recording of the municipality Magden,1415
4253,1996-09-30,Initial recording of the municipality Magden,1383
4253,1995-09-30,Initial recording of the municipality Magden,1346
4253,1994-09-30,Initial recording of the municipality Magden,1313
4253,1993-09-30,Initial recording of the municipality Magden,1289
4253,1992-09-30,Initial recording of the municipality Magden,1273
4253,1991-09-30,Initial recording of the municipality Magden,1252
4253,1990-09-30,Initial recording of the municipality Magden,1217
4253,1989-09-30,Initial recording of the municipality Magden,1184
4253,1988-09-30,Initial recording of the municipality Magden,1161
4253,1987-09-30,Initial recording of the municipality Magden,1099
4253,1986-09-30,Initial recording of the municipality Magden,1067
4253,1985-09-30,Initial recording of the municipality Magden,1010
4253,1984-09-30,Initial recording of the municipality Magden,975
4253,1983-09-30,Initial recording of the municipality Magden,935
4253,1982-09-30,Initial recording of the municipality Magden,893
4253,1981-09-30,Initial recording of the municipality Magden,871
4253,1980-09-30,Initial recording of the municipality Magden,826
4253,1979-09-30,Initial recording of the municipality Magden,791
4253,1978-09-30,Initial recording of the municipality Magden,716
4253,1977-09-30,Initial recording of the municipality Magden,672
4253,1976-09-30,Initial recording of the municipality Magden,622
4105,2025-09-30,Initial recording of the municipality Mandach,224
4105,2024-09-30,Initial recording of the municipality Mandach,214
4105,2023-09-30,Initial recording of the municipality Mandach,227
4105,2022-09-30,Initial recording of the municipality Mandach,218
4105,2021-09-30,Initial recording of the municipality Mandach,210
4105,2020-09-30,Initial recording of the municipality Mandach,204
4105,2019-09-30,Initial recording of the municipality Mandach,202
4105,2018-09-30,Initial recording of the municipality Mandach,204
4105,2017-09-30,Initial recording of the municipality Mandach,213
4105,2016-09-30,Initial recording of the municipality Mandach,205
4105,2015-09-30,Initial recording of the municipality Mandach,196
4105,2014-09-30,Initial recording of the municipality Mandach,193
4105,2013-09-30,Initial recording of the municipality Mandach,191
4105,2012-09-30,Initial recording of the municipality Mandach,184
4105,2011-09-30,Initial recording of the municipality Mandach,182
4105,2010-09-30,Initial recording of the municipality Mandach,179
4105,2009-09-30,Initial recording of the municipality Mandach,177
4105,2008-09-30,Initial recording of the municipality Mandach,175
4105,2007-09-30,Initial recording of the municipality Mandach,169
4105,2006-09-30,Initial recording of the municipality Mandach,174
4105,2005-09-30,Initial recording of the municipality Mandach,163
4105,2004-09-30,Initial recording of the municipality Mandach,159
4105,2003-09-30,Initial recording of the municipality Mandach,165
4105,2002-09-30,Initial recording of the municipality Mandach,162
4105,2001-09-30,Initial recording of the municipality Mandach,163
4105,2000-09-30,Initial recording of the municipality Mandach,167
4105,1999-09-30,Initial recording of the municipality Mandach,164
4105,1998-09-30,Initial recording of the municipality Mandach,160
4105,1997-09-30,Initial recording of the municipality Mandach,158
4105,1996-09-30,Initial recording of the municipality Mandach,165
4105,1995-09-30,Initial recording of the municipality Mandach,150
4105,1994-09-30,Initial recording of the municipality Mandach,151
4105,1993-09-30,Initial recording of the municipality Mandach,153
4105,1992-09-30,Initial recording of the municipality Mandach,149
4105,1991-09-30,Initial recording of the municipality Mandach,148
4105,1990-09-30,Initial recording of the municipality Mandach,130
4105,1989-09-30,Initial recording of the municipality Mandach,125
4105,1988-09-30,Initial recording of the municipality Mandach,124
4105,1987-09-30,Initial recording of the municipality Mandach,126
4105,1986-09-30,Initial recording of the municipality Mandach,122
4105,1985-09-30,Initial recording of the municipality Mandach,119
4105,1984-09-30,Initial recording of the municipality Mandach,109
4105,1983-09-30,Initial recording of the municipality Mandach,105
4105,1982-09-30,Initial recording of the municipality Mandach,101
4105,1981-09-30,Initial recording of the municipality Mandach,94
4105,1980-09-30,Initial recording of the municipality Mandach,95
4105,1979-09-30,Initial recording of the municipality Mandach,95
4105,1978-09-30,Initial recording of the municipality Mandach,91
4105,1977-09-30,Initial recording of the municipality Mandach,95
4105,1976-09-30,Initial recording of the municipality Mandach,93
4202,2025-09-30,Initial recording of the municipality Meisterschwanden,2507
4202,2024-09-30,Initial recording of the municipality Meisterschwanden,2446
4202,2023-09-30,Initial recording of the municipality Meisterschwanden,2417
4202,2022-09-30,Initial recording of the municipality Meisterschwanden,2370
4202,2021-09-30,Initial recording of the municipality Meisterschwanden,2325
4202,2020-09-30,Initial recording of the municipality Meisterschwanden,2200
4202,2019-09-30,Initial recording of the municipality Meisterschwanden,2220
4202,2018-09-30,Initial recording of the municipality Meisterschwanden,2225
4202,2017-09-30,Initial recording of the municipality Meisterschwanden,2149
4202,2016-09-30,Initial recording of the municipality Meisterschwanden,2044
4202,2015-09-30,Initial recording of the municipality Meisterschwanden,2004
4202,2014-09-30,Initial recording of the municipality Meisterschwanden,1904
4202,2013-09-30,Initial recording of the municipality Meisterschwanden,1867
4202,2012-09-30,Initial recording of the municipality Meisterschwanden,1854
4202,2011-09-30,Initial recording of the municipality Meisterschwanden,1814
4202,2010-09-30,Initial recording of the municipality Meisterschwanden,1766
4202,2009-09-30,Initial recording of the municipality Meisterschwanden,1696
4202,2008-09-30,Initial recording of the municipality Meisterschwanden,1620
4202,2007-09-30,Initial recording of the municipality Meisterschwanden,1563
4202,2006-09-30,Initial recording of the municipality Meisterschwanden,1557
4202,2005-09-30,Initial recording of the municipality Meisterschwanden,1524
4202,2004-09-30,Initial recording of the municipality Meisterschwanden,1428
4202,2003-09-30,Initial recording of the municipality Meisterschwanden,1361
4202,2002-09-30,Initial recording of the municipality Meisterschwanden,1353
4202,2001-09-30,Initial recording of the municipality Meisterschwanden,1283
4202,2000-09-30,Initial recording of the municipality Meisterschwanden,1253
4202,1999-09-30,Initial recording of the municipality Meisterschwanden,1215
4202,1998-09-30,Initial recording of the municipality Meisterschwanden,1172
4202,1997-09-30,Initial recording of the municipality Meisterschwanden,1139
4202,1996-09-30,Initial recording of the municipality Meisterschwanden,1094
4202,1995-09-30,Initial recording of the municipality Meisterschwanden,1092
4202,1994-09-30,Initial recording of the municipality Meisterschwanden,1066
4202,1993-09-30,Initial recording of the municipality Meisterschwanden,1047
4202,1992-09-30,Initial recording of the municipality Meisterschwanden,1068
4202,1991-09-30,Initial recording of the municipality Meisterschwanden,1040
4202,1990-09-30,Initial recording of the municipality Meisterschwanden,1019
4202,1989-09-30,Initial recording of the municipality Meisterschwanden,979
4202,1988-09-30,Initial recording of the municipality Meisterschwanden,916
4202,1987-09-30,Initial recording of the municipality Meisterschwanden,874
4202,1986-09-30,Initial recording of the municipality Meisterschwanden,831
4202,1985-09-30,Initial recording of the municipality Meisterschwanden,823
4202,1984-09-30,Initial recording of the municipality Meisterschwanden,812
4202,1983-09-30,Initial recording of the municipality Meisterschwanden,752
4202,1982-09-30,Initial recording of the municipality Meisterschwanden,713
4202,1981-09-30,Initial recording of the municipality Meisterschwanden,718
4202,1980-09-30,Initial recording of the municipality Meisterschwanden,685
4202,1979-09-30,Initial recording of the municipality Meisterschwanden,622
4202,1978-09-30,Initial recording of the municipality Meisterschwanden,609
4202,1977-09-30,Initial recording of the municipality Meisterschwanden,585
4202,1976-09-30,Initial recording of the municipality Meisterschwanden,539
4314,2025-09-30,Initial recording of the municipality Mellikon,183
4314,2024-09-30,Initial recording of the municipality Mellikon,180
4314,2023-09-30,Initial recording of the municipality Mellikon,176
4314,2022-09-30,Initial recording of the municipality Mellikon,176
4314,2021-09-30,Initial recording of the municipality Mellikon,176
4314,2020-09-30,Initial recording of the municipality Mellikon,174
4314,2019-09-30,Initial recording of the municipality Mellikon,165
4314,2018-09-30,Initial recording of the municipality Mellikon,164
4314,2017-09-30,Initial recording of the municipality Mellikon,174
4314,2016-09-30,Initial recording of the municipality Mellikon,170
4314,2015-09-30,Initial recording of the municipality Mellikon,162
4314,2014-09-30,Initial recording of the municipality Mellikon,154
4314,2013-09-30,Initial recording of the municipality Mellikon,155
4314,2012-09-30,Initial recording of the municipality Mellikon,159
4314,2011-09-30,Initial recording of the municipality Mellikon,156
4314,2010-09-30,Initial recording of the municipality Mellikon,145
4314,2009-09-30,Initial recording of the municipality Mellikon,148
4314,2008-09-30,Initial recording of the municipality Mellikon,153
4314,2007-09-30,Initial recording of the municipality Mellikon,155
4314,2006-09-30,Initial recording of the municipality Mellikon,156
4314,2005-09-30,Initial recording of the municipality Mellikon,146
4314,2004-09-30,Initial recording of the municipality Mellikon,144
4314,2003-09-30,Initial recording of the municipality Mellikon,139
4314,2002-09-30,Initial recording of the municipality Mellikon,141
4314,2001-09-30,Initial recording of the municipality Mellikon,143
4314,2000-09-30,Initial recording of the municipality Mellikon,136
4314,1999-09-30,Initial recording of the municipality Mellikon,123
4314,1998-09-30,Initial recording of the municipality Mellikon,128
4314,1997-09-30,Initial recording of the municipality Mellikon,123
4314,1996-09-30,Initial recording of the municipality Mellikon,132
4314,1995-09-30,Initial recording of the municipality Mellikon,135
4314,1994-09-30,Initial recording of the municipality Mellikon,136
4314,1993-09-30,Initial recording of the municipality Mellikon,132
4314,1992-09-30,Initial recording of the municipality Mellikon,127
4314,1991-09-30,Initial recording of the municipality Mellikon,118
4314,1990-09-30,Initial recording of the municipality Mellikon,122
4314,1989-09-30,Initial recording of the municipality Mellikon,115
4314,1988-09-30,Initial recording of the municipality Mellikon,102
4314,1987-09-30,Initial recording of the municipality Mellikon,103
4314,1986-09-30,Initial recording of the municipality Mellikon,104
4314,1985-09-30,Initial recording of the municipality Mellikon,102
4314,1984-09-30,Initial recording of the municipality Mellikon,102
4314,1983-09-30,Initial recording of the municipality Mellikon,90
4314,1982-09-30,Initial recording of the municipality Mellikon,86
4314,1981-09-30,Initial recording of the municipality Mellikon,72
4314,1980-09-30,Initial recording of the municipality Mellikon,69
4314,1979-09-30,Initial recording of the municipality Mellikon,69
4314,1978-09-30,Initial recording of the municipality Mellikon,65
4314,1977-09-30,Initial recording of the municipality Mellikon,61
4314,1976-09-30,Initial recording of the municipality Mellikon,50
4033,2025-09-30,Initial recording of the municipality Mellingen,3516
4033,2024-09-30,Initial recording of the municipality Mellingen,3528
4033,2023-09-30,Initial recording of the municipality Mellingen,3476
4033,2022-09-30,Initial recording of the municipality Mellingen,3465
4033,2021-09-30,Initial recording of the municipality Mellingen,3429
4033,2020-09-30,Initial recording of the municipality Mellingen,3388
4033,2019-09-30,Initial recording of the municipality Mellingen,3303
4033,2018-09-30,Initial recording of the municipality Mellingen,3201
4033,2017-09-30,Initial recording of the municipality Mellingen,3158
4033,2016-09-30,Initial recording of the municipality Mellingen,3113
4033,2015-09-30,Initial recording of the municipality Mellingen,3033
4033,2014-09-30,Initial recording of the municipality Mellingen,2941
4033,2013-09-30,Initial recording of the municipality Mellingen,2835
4033,2012-09-30,Initial recording of the municipality Mellingen,2763
4033,2011-09-30,Initial recording of the municipality Mellingen,2706
4033,2010-09-30,Initial recording of the municipality Mellingen,2631
4033,2009-09-30,Initial recording of the municipality Mellingen,2554
4033,2008-09-30,Initial recording of the municipality Mellingen,2531
4033,2007-09-30,Initial recording of the municipality Mellingen,2488
4033,2006-09-30,Initial recording of the municipality Mellingen,2449
4033,2005-09-30,Initial recording of the municipality Mellingen,2400
4033,2004-09-30,Initial recording of the municipality Mellingen,2409
4033,2003-09-30,Initial recording of the municipality Mellingen,2438
4033,2002-09-30,Initial recording of the municipality Mellingen,2342
4033,2001-09-30,Initial recording of the municipality Mellingen,2300
4033,2000-09-30,Initial recording of the municipality Mellingen,2216
4033,1999-09-30,Initial recording of the municipality Mellingen,2143
4033,1998-09-30,Initial recording of the municipality Mellingen,2097
4033,1997-09-30,Initial recording of the municipality Mellingen,2065
4033,1996-09-30,Initial recording of the municipality Mellingen,2028
4033,1995-09-30,Initial recording of the municipality Mellingen,1966
4033,1994-09-30,Initial recording of the municipality Mellingen,1925
4033,1993-09-30,Initial recording of the municipality Mellingen,1876
4033,1992-09-30,Initial recording of the municipality Mellingen,1854
4033,1991-09-30,Initial recording of the municipality Mellingen,1789
4033,1990-09-30,Initial recording of the municipality Mellingen,1756
4033,1989-09-30,Initial recording of the municipality Mellingen,1719
4033,1988-09-30,Initial recording of the municipality Mellingen,1651
4033,1987-09-30,Initial recording of the municipality Mellingen,1566
4033,1986-09-30,Initial recording of the municipality Mellingen,1524
4033,1985-09-30,Initial recording of the municipality Mellingen,1452
4033,1984-09-30,Initial recording of the municipality Mellingen,1419
4033,1983-09-30,Initial recording of the municipality Mellingen,1341
4033,1982-09-30,Initial recording of the municipality Mellingen,1274
4033,1981-09-30,Initial recording of the municipality Mellingen,1250
4033,1980-09-30,Initial recording of the municipality Mellingen,1198
4033,1979-09-30,Initial recording of the municipality Mellingen,1153
4033,1978-09-30,Initial recording of the municipality Mellingen,1070
4033,1977-09-30,Initial recording of the municipality Mellingen,1004
4033,1976-09-30,Initial recording of the municipality Mellingen,1022
4139,2025-09-30,Incorporation of Burg (AG) into Menziken,5113
4139,2024-09-30,Incorporation of Burg (AG) into Menziken,4956
4139,2023-09-30,Incorporation of Burg (AG) into Menziken,4827
4139,2022-09-30,Initial recording of the municipality Menziken,3896
4139,2021-09-30,Initial recording of the municipality Menziken,3894
4139,2020-09-30,Initial recording of the municipality Menziken,3802
4139,2019-09-30,Initial recording of the municipality Menziken,3728
4139,2018-09-30,Initial recording of the municipality Menziken,3621
4139,2017-09-30,Initial recording of the municipality Menziken,3530
4139,2016-09-30,Initial recording of the municipality Menziken,3452
4139,2015-09-30,Initial recording of the municipality Menziken,3353
4139,2014-09-30,Initial recording of the municipality Menziken,3298
4139,2013-09-30,Initial recording of the municipality Menziken,3201
4139,2012-09-30,Initial recording of the municipality Menziken,3102
4139,2011-09-30,Initial recording of the municipality Menziken,3032
4139,2010-09-30,Initial recording of the municipality Menziken,2961
4139,2009-09-30,Initial recording of the municipality Menziken,2918
4139,2008-09-30,Initial recording of the municipality Menziken,2883
4139,2007-09-30,Initial recording of the municipality Menziken,2849
4139,2006-09-30,Initial recording of the municipality Menziken,2848
4139,2005-09-30,Initial recording of the municipality Menziken,2810
4139,2004-09-30,Initial recording of the municipality Menziken,2837
4139,2003-09-30,Initial recording of the municipality Menziken,2809
4139,2002-09-30,Initial recording of the municipality Menziken,2769
4139,2001-09-30,Initial recording of the municipality Menziken,2760
4139,2000-09-30,Initial recording of the municipality Menziken,2691
4139,1999-09-30,Initial recording of the municipality Menziken,2596
4139,1998-09-30,Initial recording of the municipality Menziken,2537
4139,1997-09-30,Initial recording of the municipality Menziken,2539
4139,1996-09-30,Initial recording of the municipality Menziken,2541
4139,1995-09-30,Initial recording of the municipality Menziken,2473
4139,1994-09-30,Initial recording of the municipality Menziken,2405
4139,1993-09-30,Initial recording of the municipality Menziken,2306
4139,1992-09-30,Initial recording of the municipality Menziken,2265
4139,1991-09-30,Initial recording of the municipality Menziken,2189
4139,1990-09-30,Initial recording of the municipality Menziken,2130
4139,1989-09-30,Initial recording of the municipality Menziken,2026
4139,1988-09-30,Initial recording of the municipality Menziken,1969
4139,1987-09-30,Initial recording of the municipality Menziken,1903
4139,1986-09-30,Initial recording of the municipality Menziken,1846
4139,1985-09-30,Initial recording of the municipality Menziken,1784
4139,1984-09-30,Initial recording of the municipality Menziken,1713
4139,1983-09-30,Initial recording of the municipality Menziken,1681
4139,1982-09-30,Initial recording of the municipality Menziken,1667
4139,1981-09-30,Initial recording of the municipality Menziken,1600
4139,1980-09-30,Initial recording of the municipality Menziken,1593
4139,1979-09-30,Initial recording of the municipality Menziken,1532
4139,1978-09-30,Initial recording of the municipality Menziken,1449
4139,1977-09-30,Initial recording of the municipality Menziken,1385
4139,1976-09-30,Initial recording of the municipality Menziken,1330
4234,2025-09-30,Incorporation of Benzenschwil into Merenschwand,2462
4234,2024-09-30,Incorporation of Benzenschwil into Merenschwand,2375
4234,2023-09-30,Incorporation of Benzenschwil into Merenschwand,2365
4234,2022-09-30,Incorporation of Benzenschwil into Merenschwand,2325
4234,2021-09-30,Incorporation of Benzenschwil into Merenschwand,2308
4234,2020-09-30,Incorporation of Benzenschwil into Merenschwand,2289
4234,2019-09-30,Incorporation of Benzenschwil into Merenschwand,2215
4234,2018-09-30,Incorporation of Benzenschwil into Merenschwand,2224
4234,2017-09-30,Incorporation of Benzenschwil into Merenschwand,2199
4234,2016-09-30,Incorporation of Benzenschwil into Merenschwand,2151
4234,2015-09-30,Incorporation of Benzenschwil into Merenschwand,2070
4234,2014-09-30,Incorporation of Benzenschwil into Merenschwand,2012
4234,2013-09-30,Incorporation of Benzenschwil into Merenschwand,1978
4234,2012-09-30,Incorporation of Benzenschwil into Merenschwand,1939
4234,2011-09-30,Initial recording of the municipality Merenschwand,1518
4234,2010-09-30,Initial recording of the municipality Merenschwand,1457
4234,2009-09-30,Initial recording of the municipality Merenschwand,1403
4234,2008-09-30,Initial recording of the municipality Merenschwand,1394
4234,2007-09-30,Initial recording of the municipality Merenschwand,1375
4234,2006-09-30,Initial recording of the municipality Merenschwand,1359
4234,2005-09-30,Initial recording of the municipality Merenschwand,1334
4234,2004-09-30,Initial recording of the municipality Merenschwand,1307
4234,2003-09-30,Initial recording of the municipality Merenschwand,1253
4234,2002-09-30,Initial recording of the municipality Merenschwand,1244
4234,2001-09-30,Initial recording of the municipality Merenschwand,1163
4234,2000-09-30,Initial recording of the municipality Merenschwand,1113
4234,1999-09-30,Initial recording of the municipality Merenschwand,1051
4234,1998-09-30,Initial recording of the municipality Merenschwand,975
4234,1997-09-30,Initial recording of the municipality Merenschwand,959
4234,1996-09-30,Initial recording of the municipality Merenschwand,932
4234,1995-09-30,Initial recording of the municipality Merenschwand,829
4234,1994-09-30,Initial recording of the municipality Merenschwand,810
4234,1993-09-30,Initial recording of the municipality Merenschwand,791
4234,1992-09-30,Initial recording of the municipality Merenschwand,780
4234,1991-09-30,Initial recording of the municipality Merenschwand,761
4234,1990-09-30,Initial recording of the municipality Merenschwand,711
4234,1989-09-30,Initial recording of the municipality Merenschwand,664
4234,1988-09-30,Initial recording of the municipality Merenschwand,655
4234,1987-09-30,Initial recording of the municipality Merenschwand,648
4234,1986-09-30,Initial recording of the municipality Merenschwand,622
4234,1985-09-30,Initial recording of the municipality Merenschwand,615
4234,1984-09-30,Initial recording of the municipality Merenschwand,586
4234,1983-09-30,Initial recording of the municipality Merenschwand,559
4234,1982-09-30,Initial recording of the municipality Merenschwand,566
4234,1981-09-30,Initial recording of the municipality Merenschwand,544
4234,1980-09-30,Initial recording of the municipality Merenschwand,508
4234,1979-09-30,Initial recording of the municipality Merenschwand,469
4234,1978-09-30,Initial recording of the municipality Merenschwand,444
4234,1977-09-30,Initial recording of the municipality Merenschwand,419
4234,1976-09-30,Initial recording of the municipality Merenschwand,394
4171,2009-09-30,Initial recording of the municipality Mettau,194
4171,2008-09-30,Initial recording of the municipality Mettau,185
4171,2007-09-30,Initial recording of the municipality Mettau,188
4171,2006-09-30,Initial recording of the municipality Mettau,192
4171,2005-09-30,Initial recording of the municipality Mettau,178
4171,2004-09-30,Initial recording of the municipality Mettau,178
4171,2003-09-30,Initial recording of the municipality Mettau,174
4171,2002-09-30,Initial recording of the municipality Mettau,169
4171,2001-09-30,Initial recording of the municipality Mettau,170
4171,2000-09-30,Initial recording of the municipality Mettau,165
4171,1999-09-30,Initial recording of the municipality Mettau,166
4171,1998-09-30,Initial recording of the municipality Mettau,163
4171,1997-09-30,Initial recording of the municipality Mettau,155
4171,1996-09-30,Initial recording of the municipality Mettau,147
4171,1995-09-30,Initial recording of the municipality Mettau,151
4171,1994-09-30,Initial recording of the municipality Mettau,146
4171,1993-09-30,Initial recording of the municipality Mettau,141
4171,1992-09-30,Initial recording of the municipality Mettau,146
4171,1991-09-30,Initial recording of the municipality Mettau,134
4171,1990-09-30,Initial recording of the municipality Mettau,128
4171,1989-09-30,Initial recording of the municipality Mettau,121
4171,1988-09-30,Initial recording of the municipality Mettau,123
4171,1987-09-30,Initial recording of the municipality Mettau,127
4171,1986-09-30,Initial recording of the municipality Mettau,121
4171,1985-09-30,Initial recording of the municipality Mettau,106
4171,1984-09-30,Initial recording of the municipality Mettau,106
4171,1983-09-30,Initial recording of the municipality Mettau,96
4171,1982-09-30,Initial recording of the municipality Mettau,91
4171,1981-09-30,Initial recording of the municipality Mettau,92
4171,1980-09-30,Initial recording of the municipality Mettau,91
4171,1979-09-30,Initial recording of the municipality Mettau,87
4171,1978-09-30,Initial recording of the municipality Mettau,90
4171,1977-09-30,Initial recording of the municipality Mettau,77
4171,1976-09-30,Initial recording of the municipality Mettau,73
4184,2025-09-30,"Fusion of Etzgen, Hottwil, Mettau, Oberhofen (AG) and Wil (AG) into Mettauertal",1547
4184,2024-09-30,"Fusion of Etzgen, Hottwil, Mettau, Oberhofen (AG) and Wil (AG) into Mettauertal",1532
4184,2023-09-30,"Fusion of Etzgen, Hottwil, Mettau, Oberhofen (AG) and Wil (AG) into Mettauertal",1503
4184,2022-09-30,"Fusion of Etzgen, Hottwil, Mettau, Oberhofen (AG) and Wil (AG) into Mettauertal",1520
4184,2021-09-30,"Fusion of Etzgen, Hottwil, Mettau, Oberhofen (AG) and Wil (AG) into Mettauertal",1524
4184,2020-09-30,"Fusion of Etzgen, Hottwil, Mettau, Oberhofen (AG) and Wil (AG) into Mettauertal",1464
4184,2019-09-30,"Fusion of Etzgen, Hottwil, Mettau, Oberhofen (AG) and Wil (AG) into Mettauertal",1425
4184,2018-09-30,"Fusion of Etzgen, Hottwil, Mettau, Oberhofen (AG) and Wil (AG) into Mettauertal",1402
4184,2017-09-30,"Fusion of Etzgen, Hottwil, Mettau, Oberhofen (AG) and Wil (AG) into Mettauertal",1373
4184,2016-09-30,"Fusion of Etzgen, Hottwil, Mettau, Oberhofen (AG) and Wil (AG) into Mettauertal",1388
4184,2015-09-30,"Fusion of Etzgen, Hottwil, Mettau, Oberhofen (AG) and Wil (AG) into Mettauertal",1342
4184,2014-09-30,"Fusion of Etzgen, Hottwil, Mettau, Oberhofen (AG) and Wil (AG) into Mettauertal",1308
4184,2013-09-30,"Fusion of Etzgen, Hottwil, Mettau, Oberhofen (AG) and Wil (AG) into Mettauertal",1332
4184,2012-09-30,"Fusion of Etzgen, Hottwil, Mettau, Oberhofen (AG) and Wil (AG) into Mettauertal",1309
4184,2011-09-30,"Fusion of Etzgen, Hottwil, Mettau, Oberhofen (AG) and Wil (AG) into Mettauertal",1271
4184,2010-09-30,"Fusion of Etzgen, Hottwil, Mettau, Oberhofen (AG) and Wil (AG) into Mettauertal",1252
4277,2025-09-30,Initial recording of the municipality Moosleerau,634
4277,2024-09-30,Initial recording of the municipality Moosleerau,629
4277,2023-09-30,Initial recording of the municipality Moosleerau,628
4277,2022-09-30,Initial recording of the municipality Moosleerau,631
4277,2021-09-30,Initial recording of the municipality Moosleerau,648
4277,2020-09-30,Initial recording of the municipality Moosleerau,638
4277,2019-09-30,Initial recording of the municipality Moosleerau,628
4277,2018-09-30,Initial recording of the municipality Moosleerau,663
4277,2017-09-30,Initial recording of the municipality Moosleerau,672
4277,2016-09-30,Initial recording of the municipality Moosleerau,653
4277,2015-09-30,Initial recording of the municipality Moosleerau,620
4277,2014-09-30,Initial recording of the municipality Moosleerau,594
4277,2013-09-30,Initial recording of the municipality Moosleerau,574
4277,2012-09-30,Initial recording of the municipality Moosleerau,564
4277,2011-09-30,Initial recording of the municipality Moosleerau,534
4277,2010-09-30,Initial recording of the municipality Moosleerau,493
4277,2009-09-30,Initial recording of the municipality Moosleerau,386
4277,2008-09-30,Initial recording of the municipality Moosleerau,395
4277,2007-09-30,Initial recording of the municipality Moosleerau,398
4277,2006-09-30,Initial recording of the municipality Moosleerau,411
4277,2005-09-30,Initial recording of the municipality Moosleerau,403
4277,2004-09-30,Initial recording of the municipality Moosleerau,402
4277,2003-09-30,Initial recording of the municipality Moosleerau,412
4277,2002-09-30,Initial recording of the municipality Moosleerau,437
4277,2001-09-30,Initial recording of the municipality Moosleerau,463
4277,2000-09-30,Initial recording of the municipality Moosleerau,454
4277,1999-09-30,Initial recording of the municipality Moosleerau,412
4277,1998-09-30,Initial recording of the municipality Moosleerau,400
4277,1997-09-30,Initial recording of the municipality Moosleerau,384
4277,1996-09-30,Initial recording of the municipality Moosleerau,391
4277,1995-09-30,Initial recording of the municipality Moosleerau,386
4277,1994-09-30,Initial recording of the municipality Moosleerau,386
4277,1993-09-30,Initial recording of the municipality Moosleerau,384
4277,1992-09-30,Initial recording of the municipality Moosleerau,354
4277,1991-09-30,Initial recording of the municipality Moosleerau,356
4277,1990-09-30,Initial recording of the municipality Moosleerau,335
4277,1989-09-30,Initial recording of the municipality Moosleerau,319
4277,1988-09-30,Initial recording of the municipality Moosleerau,293
4277,1987-09-30,Initial recording of the municipality Moosleerau,287
4277,1986-09-30,Initial recording of the municipality Moosleerau,280
4277,1985-09-30,Initial recording of the municipality Moosleerau,267
4277,1984-09-30,Initial recording of the municipality Moosleerau,264
4277,1983-09-30,Initial recording of the municipality Moosleerau,254
4277,1982-09-30,Initial recording of the municipality Moosleerau,251
4277,1981-09-30,Initial recording of the municipality Moosleerau,242
4277,1980-09-30,Initial recording of the municipality Moosleerau,245
4277,1979-09-30,Initial recording of the municipality Moosleerau,236
4277,1978-09-30,Initial recording of the municipality Moosleerau,206
4277,1977-09-30,Initial recording of the municipality Moosleerau,182
4277,1976-09-30,Initial recording of the municipality Moosleerau,161
4009,2025-09-30,Initial recording of the municipality Muhen,2649
4009,2024-09-30,Initial recording of the municipality Muhen,2651
4009,2023-09-30,Initial recording of the municipality Muhen,2660
4009,2022-09-30,Initial recording of the municipality Muhen,2640
4009,2021-09-30,Initial recording of the municipality Muhen,2641
4009,2020-09-30,Initial recording of the municipality Muhen,2603
4009,2019-09-30,Initial recording of the municipality Muhen,2527
4009,2018-09-30,Initial recording of the municipality Muhen,2482
4009,2017-09-30,Initial recording of the municipality Muhen,2525
4009,2016-09-30,Initial recording of the municipality Muhen,2476
4009,2015-09-30,Initial recording of the municipality Muhen,2463
4009,2014-09-30,Initial recording of the municipality Muhen,2389
4009,2013-09-30,Initial recording of the municipality Muhen,2323
4009,2012-09-30,Initial recording of the municipality Muhen,2294
4009,2011-09-30,Initial recording of the municipality Muhen,2187
4009,2010-09-30,Initial recording of the municipality Muhen,2128
4009,2009-09-30,Initial recording of the municipality Muhen,2071
4009,2008-09-30,Initial recording of the municipality Muhen,2009
4009,2007-09-30,Initial recording of the municipality Muhen,1932
4009,2006-09-30,Initial recording of the municipality Muhen,1906
4009,2005-09-30,Initial recording of the municipality Muhen,1894
4009,2004-09-30,Initial recording of the municipality Muhen,1867
4009,2003-09-30,Initial recording of the municipality Muhen,1840
4009,2002-09-30,Initial recording of the municipality Muhen,1734
4009,2001-09-30,Initial recording of the municipality Muhen,1670
4009,2000-09-30,Initial recording of the municipality Muhen,1599
4009,1999-09-30,Initial recording of the municipality Muhen,1562
4009,1998-09-30,Initial recording of the municipality Muhen,1492
4009,1997-09-30,Initial recording of the municipality Muhen,1419
4009,1996-09-30,Initial recording of the municipality Muhen,1393
4009,1995-09-30,Initial recording of the municipality Muhen,1339
4009,1994-09-30,Initial recording of the municipality Muhen,1303
4009,1993-09-30,Initial recording of the municipality Muhen,1248
4009,1992-09-30,Initial recording of the municipality Muhen,1240
4009,1991-09-30,Initial recording of the municipality Muhen,1227
4009,1990-09-30,Initial recording of the municipality Muhen,1176
4009,1989-09-30,Initial recording of the municipality Muhen,1159
4009,1988-09-30,Initial recording of the municipality Muhen,1134
4009,1987-09-30,Initial recording of the municipality Muhen,1097
4009,1986-09-30,Initial recording of the municipality Muhen,1037
4009,1985-09-30,Initial recording of the municipality Muhen,1036
4009,1984-09-30,Initial recording of the municipality Muhen,978
4009,1983-09-30,Initial recording of the municipality Muhen,970
4009,1982-09-30,Initial recording of the municipality Muhen,937
4009,1981-09-30,Initial recording of the municipality Muhen,915
4009,1980-09-30,Initial recording of the municipality Muhen,876
4009,1979-09-30,Initial recording of the municipality Muhen,812
4009,1978-09-30,Initial recording of the municipality Muhen,775
4009,1977-09-30,Initial recording of the municipality Muhen,707
4009,1976-09-30,Initial recording of the municipality Muhen,650
4255,2025-09-30,Initial recording of the municipality Mumpf,1049
4255,2024-09-30,Initial recording of the municipality Mumpf,1011
4255,2023-09-30,Initial recording of the municipality Mumpf,1024
4255,2022-09-30,Initial recording of the municipality Mumpf,1023
4255,2021-09-30,Initial recording of the municipality Mumpf,1035
4255,2020-09-30,Initial recording of the municipality Mumpf,1026
4255,2019-09-30,Initial recording of the municipality Mumpf,1033
4255,2018-09-30,Initial recording of the municipality Mumpf,963
4255,2017-09-30,Initial recording of the municipality Mumpf,937
4255,2016-09-30,Initial recording of the municipality Mumpf,866
4255,2015-09-30,Initial recording of the municipality Mumpf,842
4255,2014-09-30,Initial recording of the municipality Mumpf,835
4255,2013-09-30,Initial recording of the municipality Mumpf,812
4255,2012-09-30,Initial recording of the municipality Mumpf,761
4255,2011-09-30,Initial recording of the municipality Mumpf,751
4255,2010-09-30,Initial recording of the municipality Mumpf,745
4255,2009-09-30,Initial recording of the municipality Mumpf,743
4255,2008-09-30,Initial recording of the municipality Mumpf,713
4255,2007-09-30,Initial recording of the municipality Mumpf,691
4255,2006-09-30,Initial recording of the municipality Mumpf,662
4255,2005-09-30,Initial recording of the municipality Mumpf,644
4255,2004-09-30,Initial recording of the municipality Mumpf,659
4255,2003-09-30,Initial recording of the municipality Mumpf,633
4255,2002-09-30,Initial recording of the municipality Mumpf,618
4255,2001-09-30,Initial recording of the municipality Mumpf,594
4255,2000-09-30,Initial recording of the municipality Mumpf,554
4255,1999-09-30,Initial recording of the municipality Mumpf,515
4255,1998-09-30,Initial recording of the municipality Mumpf,489
4255,1997-09-30,Initial recording of the municipality Mumpf,479
4255,1996-09-30,Initial recording of the municipality Mumpf,444
4255,1995-09-30,Initial recording of the municipality Mumpf,445
4255,1994-09-30,Initial recording of the municipality Mumpf,421
4255,1993-09-30,Initial recording of the municipality Mumpf,394
4255,1992-09-30,Initial recording of the municipality Mumpf,383
4255,1991-09-30,Initial recording of the municipality Mumpf,380
4255,1990-09-30,Initial recording of the municipality Mumpf,376
4255,1989-09-30,Initial recording of the municipality Mumpf,357
4255,1988-09-30,Initial recording of the municipality Mumpf,324
4255,1987-09-30,Initial recording of the municipality Mumpf,325
4255,1986-09-30,Initial recording of the municipality Mumpf,312
4255,1985-09-30,Initial recording of the municipality Mumpf,306
4255,1984-09-30,Initial recording of the municipality Mumpf,282
4255,1983-09-30,Initial recording of the municipality Mumpf,271
4255,1982-09-30,Initial recording of the municipality Mumpf,265
4255,1981-09-30,Initial recording of the municipality Mumpf,259
4255,1980-09-30,Initial recording of the municipality Mumpf,247
4255,1979-09-30,Initial recording of the municipality Mumpf,234
4255,1978-09-30,Initial recording of the municipality Mumpf,238
4255,1977-09-30,Initial recording of the municipality Mumpf,229
4255,1976-09-30,Initial recording of the municipality Mumpf,216
4279,2025-09-30,Initial recording of the municipality Murgenthal,2212
4279,2024-09-30,Initial recording of the municipality Murgenthal,2146
4279,2023-09-30,Initial recording of the municipality Murgenthal,2127
4279,2022-09-30,Initial recording of the municipality Murgenthal,2270
4279,2021-09-30,Initial recording of the municipality Murgenthal,2156
4279,2020-09-30,Initial recording of the municipality Murgenthal,2091
4279,2019-09-30,Initial recording of the municipality Murgenthal,2050
4279,2018-09-30,Initial recording of the municipality Murgenthal,2020
4279,2017-09-30,Initial recording of the municipality Murgenthal,1939
4279,2016-09-30,Initial recording of the municipality Murgenthal,1910
4279,2015-09-30,Initial recording of the municipality Murgenthal,1872
4279,2014-09-30,Initial recording of the municipality Murgenthal,1856
4279,2013-09-30,Initial recording of the municipality Murgenthal,1806
4279,2012-09-30,Initial recording of the municipality Murgenthal,1805
4279,2011-09-30,Initial recording of the municipality Murgenthal,1788
4279,2010-09-30,Initial recording of the municipality Murgenthal,1757
4279,2009-09-30,Initial recording of the municipality Murgenthal,1697
4279,2008-09-30,Initial recording of the municipality Murgenthal,1665
4279,2007-09-30,Initial recording of the municipality Murgenthal,1664
4279,2006-09-30,Initial recording of the municipality Murgenthal,1639
4279,2005-09-30,Initial recording of the municipality Murgenthal,1613
4279,2004-09-30,Initial recording of the municipality Murgenthal,1607
4279,2003-09-30,Initial recording of the municipality Murgenthal,1569
4279,2002-09-30,Initial recording of the municipality Murgenthal,1507
4279,2001-09-30,Initial recording of the municipality Murgenthal,1500
4279,2000-09-30,Initial recording of the municipality Murgenthal,1471
4279,1999-09-30,Initial recording of the municipality Murgenthal,1465
4279,1998-09-30,Initial recording of the municipality Murgenthal,1408
4279,1997-09-30,Initial recording of the municipality Murgenthal,1359
4279,1996-09-30,Initial recording of the municipality Murgenthal,1319
4279,1995-09-30,Initial recording of the municipality Murgenthal,1327
4279,1994-09-30,Initial recording of the municipality Murgenthal,1294
4279,1993-09-30,Initial recording of the municipality Murgenthal,1294
4279,1992-09-30,Initial recording of the municipality Murgenthal,1244
4279,1991-09-30,Initial recording of the municipality Murgenthal,1229
4279,1990-09-30,Initial recording of the municipality Murgenthal,1186
4279,1989-09-30,Initial recording of the municipality Murgenthal,1142
4279,1988-09-30,Initial recording of the municipality Murgenthal,1076
4279,1987-09-30,Initial recording of the municipality Murgenthal,1028
4279,1986-09-30,Initial recording of the municipality Murgenthal,993
4279,1985-09-30,Initial recording of the municipality Murgenthal,964
4279,1984-09-30,Initial recording of the municipality Murgenthal,962
4279,1983-09-30,Initial recording of the municipality Murgenthal,939
4279,1982-09-30,Initial recording of the municipality Murgenthal,923
4279,1981-09-30,Initial recording of the municipality Murgenthal,889
4279,1980-09-30,Initial recording of the municipality Murgenthal,845
4279,1979-09-30,Initial recording of the municipality Murgenthal,799
4279,1978-09-30,Initial recording of the municipality Murgenthal,744
4279,1977-09-30,Initial recording of the municipality Murgenthal,702
4279,1976-09-30,Initial recording of the municipality Murgenthal,678
4236,2025-09-30,Initial recording of the municipality Muri (AG),5381
4236,2024-09-30,Initial recording of the municipality Muri (AG),5298
4236,2023-09-30,Initial recording of the municipality Muri (AG),5234
4236,2022-09-30,Initial recording of the municipality Muri (AG),5186
4236,2021-09-30,Initial recording of the municipality Muri (AG),5201
4236,2020-09-30,Initial recording of the municipality Muri (AG),5059
4236,2019-09-30,Initial recording of the municipality Muri (AG),4938
4236,2018-09-30,Initial recording of the municipality Muri (AG),4778
4236,2017-09-30,Initial recording of the municipality Muri (AG),4724
4236,2016-09-30,Initial recording of the municipality Muri (AG),4647
4236,2015-09-30,Initial recording of the municipality Muri (AG),4581
4236,2014-09-30,Initial recording of the municipality Muri (AG),4438
4236,2013-09-30,Initial recording of the municipality Muri (AG),4350
4236,2012-09-30,Initial recording of the municipality Muri (AG),4254
4236,2011-09-30,Initial recording of the municipality Muri (AG),4112
4236,2010-09-30,Initial recording of the municipality Muri (AG),3994
4236,2009-09-30,Initial recording of the municipality Muri (AG),3855
4236,2008-09-30,Initial recording of the municipality Muri (AG),3786
4236,2007-09-30,Initial recording of the municipality Muri (AG),3762
4236,2006-09-30,Initial recording of the municipality Muri (AG),3728
4236,2005-09-30,Initial recording of the municipality Muri (AG),3630
4236,2004-09-30,Initial recording of the municipality Muri (AG),3585
4236,2003-09-30,Initial recording of the municipality Muri (AG),3535
4236,2002-09-30,Initial recording of the municipality Muri (AG),3527
4236,2001-09-30,Initial recording of the municipality Muri (AG),3415
4236,2000-09-30,Initial recording of the municipality Muri (AG),3289
4236,1999-09-30,Initial recording of the municipality Muri (AG),3177
4236,1998-09-30,Initial recording of the municipality Muri (AG),3072
4236,1997-09-30,Initial recording of the municipality Muri (AG),2950
4236,1996-09-30,Initial recording of the municipality Muri (AG),2895
4236,1995-09-30,Initial recording of the municipality Muri (AG),2795
4236,1994-09-30,Initial recording of the municipality Muri (AG),2708
4236,1993-09-30,Initial recording of the municipality Muri (AG),2688
4236,1992-09-30,Initial recording of the municipality Muri (AG),2649
4236,1991-09-30,Initial recording of the municipality Muri (AG),2589
4236,1990-09-30,Initial recording of the municipality Muri (AG),2530
4236,1989-09-30,Initial recording of the municipality Muri (AG),2441
4236,1988-09-30,Initial recording of the municipality Muri (AG),2348
4236,1987-09-30,Initial recording of the municipality Muri (AG),2265
4236,1986-09-30,Initial recording of the municipality Muri (AG),2158
4236,1985-09-30,Initial recording of the municipality Muri (AG),2030
4236,1984-09-30,Initial recording of the municipality Muri (AG),1977
4236,1983-09-30,Initial recording of the municipality Muri (AG),1911
4236,1982-09-30,Initial recording of the municipality Muri (AG),1818
4236,1981-09-30,Initial recording of the municipality Muri (AG),1752
4236,1980-09-30,Initial recording of the municipality Muri (AG),1697
4236,1979-09-30,Initial recording of the municipality Muri (AG),1644
4236,1978-09-30,Initial recording of the municipality Muri (AG),1548
4236,1977-09-30,Initial recording of the municipality Muri (AG),1424
4236,1976-09-30,Initial recording of the municipality Muri (AG),1346
4032,2025-09-30,Initial recording of the municipality Mägenwil,1540
4032,2024-09-30,Initial recording of the municipality Mägenwil,1535
4032,2023-09-30,Initial recording of the municipality Mägenwil,1533
4032,2022-09-30,Initial recording of the municipality Mägenwil,1513
4032,2021-09-30,Initial recording of the municipality Mägenwil,1525
4032,2020-09-30,Initial recording of the municipality Mägenwil,1478
4032,2019-09-30,Initial recording of the municipality Mägenwil,1467
4032,2018-09-30,Initial recording of the municipality Mägenwil,1481
4032,2017-09-30,Initial recording of the municipality Mägenwil,1522
4032,2016-09-30,Initial recording of the municipality Mägenwil,1517
4032,2015-09-30,Initial recording of the municipality Mägenwil,1490
4032,2014-09-30,Initial recording of the municipality Mägenwil,1477
4032,2013-09-30,Initial recording of the municipality Mägenwil,1420
4032,2012-09-30,Initial recording of the municipality Mägenwil,1377
4032,2011-09-30,Initial recording of the municipality Mägenwil,1328
4032,2010-09-30,Initial recording of the municipality Mägenwil,1294
4032,2009-09-30,Initial recording of the municipality Mägenwil,1250
4032,2008-09-30,Initial recording of the municipality Mägenwil,1188
4032,2007-09-30,Initial recording of the municipality Mägenwil,1146
4032,2006-09-30,Initial recording of the municipality Mägenwil,1146
4032,2005-09-30,Initial recording of the municipality Mägenwil,1087
4032,2004-09-30,Initial recording of the municipality Mägenwil,1058
4032,2003-09-30,Initial recording of the municipality Mägenwil,1054
4032,2002-09-30,Initial recording of the municipality Mägenwil,1030
4032,2001-09-30,Initial recording of the municipality Mägenwil,976
4032,2000-09-30,Initial recording of the municipality Mägenwil,928
4032,1999-09-30,Initial recording of the municipality Mägenwil,868
4032,1998-09-30,Initial recording of the municipality Mägenwil,854
4032,1997-09-30,Initial recording of the municipality Mägenwil,805
4032,1996-09-30,Initial recording of the municipality Mägenwil,776
4032,1995-09-30,Initial recording of the municipality Mägenwil,746
4032,1994-09-30,Initial recording of the municipality Mägenwil,725
4032,1993-09-30,Initial recording of the municipality Mägenwil,688
4032,1992-09-30,Initial recording of the municipality Mägenwil,674
4032,1991-09-30,Initial recording of the municipality Mägenwil,667
4032,1990-09-30,Initial recording of the municipality Mägenwil,638
4032,1989-09-30,Initial recording of the municipality Mägenwil,593
4032,1988-09-30,Initial recording of the municipality Mägenwil,522
4032,1987-09-30,Initial recording of the municipality Mägenwil,514
4032,1986-09-30,Initial recording of the municipality Mägenwil,488
4032,1985-09-30,Initial recording of the municipality Mägenwil,465
4032,1984-09-30,Initial recording of the municipality Mägenwil,429
4032,1983-09-30,Initial recording of the municipality Mägenwil,421
4032,1982-09-30,Initial recording of the municipality Mägenwil,405
4032,1981-09-30,Initial recording of the municipality Mägenwil,378
4032,1980-09-30,Initial recording of the municipality Mägenwil,342
4032,1979-09-30,Initial recording of the municipality Mägenwil,333
4032,1978-09-30,Initial recording of the municipality Mägenwil,297
4032,1977-09-30,Initial recording of the municipality Mägenwil,272
4032,1976-09-30,Initial recording of the municipality Mägenwil,268
4254,2025-09-30,Initial recording of the municipality Möhlin,6593
4254,2024-09-30,Initial recording of the municipality Möhlin,6574
4254,2023-09-30,Initial recording of the municipality Möhlin,6466
4254,2022-09-30,Initial recording of the municipality Möhlin,6434
4254,2021-09-30,Initial recording of the municipality Möhlin,6430
4254,2020-09-30,Initial recording of the municipality Möhlin,6349
4254,2019-09-30,Initial recording of the municipality Möhlin,6281
4254,2018-09-30,Initial recording of the municipality Möhlin,6262
4254,2017-09-30,Initial recording of the municipality Möhlin,6220
4254,2016-09-30,Initial recording of the municipality Möhlin,6200
4254,2015-09-30,Initial recording of the municipality Möhlin,6083
4254,2014-09-30,Initial recording of the municipality Möhlin,5961
4254,2013-09-30,Initial recording of the municipality Möhlin,5828
4254,2012-09-30,Initial recording of the municipality Möhlin,5606
4254,2011-09-30,Initial recording of the municipality Möhlin,5393
4254,2010-09-30,Initial recording of the municipality Möhlin,5247
4254,2009-09-30,Initial recording of the municipality Möhlin,5115
4254,2008-09-30,Initial recording of the municipality Möhlin,4921
4254,2007-09-30,Initial recording of the municipality Möhlin,4916
4254,2006-09-30,Initial recording of the municipality Möhlin,4790
4254,2005-09-30,Initial recording of the municipality Möhlin,4701
4254,2004-09-30,Initial recording of the municipality Möhlin,4519
4254,2003-09-30,Initial recording of the municipality Möhlin,4407
4254,2002-09-30,Initial recording of the municipality Möhlin,4345
4254,2001-09-30,Initial recording of the municipality Möhlin,4296
4254,2000-09-30,Initial recording of the municipality Möhlin,4212
4254,1999-09-30,Initial recording of the municipality Möhlin,4103
4254,1998-09-30,Initial recording of the municipality Möhlin,3963
4254,1997-09-30,Initial recording of the municipality Möhlin,3792
4254,1996-09-30,Initial recording of the municipality Möhlin,3749
4254,1995-09-30,Initial recording of the municipality Möhlin,3625
4254,1994-09-30,Initial recording of the municipality Möhlin,3543
4254,1993-09-30,Initial recording of the municipality Möhlin,3450
4254,1992-09-30,Initial recording of the municipality Möhlin,3398
4254,1991-09-30,Initial recording of the municipality Möhlin,3330
4254,1990-09-30,Initial recording of the municipality Möhlin,3128
4254,1989-09-30,Initial recording of the municipality Möhlin,2976
4254,1988-09-30,Initial recording of the municipality Möhlin,2861
4254,1987-09-30,Initial recording of the municipality Möhlin,2711
4254,1986-09-30,Initial recording of the municipality Möhlin,2571
4254,1985-09-30,Initial recording of the municipality Möhlin,2514
4254,1984-09-30,Initial recording of the municipality Möhlin,2441
4254,1983-09-30,Initial recording of the municipality Möhlin,2327
4254,1982-09-30,Initial recording of the municipality Möhlin,2270
4254,1981-09-30,Initial recording of the municipality Möhlin,2174
4254,1980-09-30,Initial recording of the municipality Möhlin,2093
4254,1979-09-30,Initial recording of the municipality Möhlin,2034
4254,1978-09-30,Initial recording of the municipality Möhlin,1965
4254,1977-09-30,Initial recording of the municipality Möhlin,1862
4254,1976-09-30,Initial recording of the municipality Möhlin,1840
4106,2025-09-30,Initial recording of the municipality Mönthal,295
4106,2024-09-30,Initial recording of the municipality Mönthal,303
4106,2023-09-30,Initial recording of the municipality Mönthal,318
4106,2022-09-30,Initial recording of the municipality Mönthal,304
4106,2021-09-30,Initial recording of the municipality Mönthal,300
4106,2020-09-30,Initial recording of the municipality Mönthal,304
4106,2019-09-30,Initial recording of the municipality Mönthal,298
4106,2018-09-30,Initial recording of the municipality Mönthal,302
4106,2017-09-30,Initial recording of the municipality Mönthal,307
4106,2016-09-30,Initial recording of the municipality Mönthal,312
4106,2015-09-30,Initial recording of the municipality Mönthal,308
4106,2014-09-30,Initial recording of the municipality Mönthal,305
4106,2013-09-30,Initial recording of the municipality Mönthal,298
4106,2012-09-30,Initial recording of the municipality Mönthal,313
4106,2011-09-30,Initial recording of the municipality Mönthal,300
4106,2010-09-30,Initial recording of the municipality Mönthal,305
4106,2009-09-30,Initial recording of the municipality Mönthal,305
4106,2008-09-30,Initial recording of the municipality Mönthal,297
4106,2007-09-30,Initial recording of the municipality Mönthal,301
4106,2006-09-30,Initial recording of the municipality Mönthal,296
4106,2005-09-30,Initial recording of the municipality Mönthal,295
4106,2004-09-30,Initial recording of the municipality Mönthal,288
4106,2003-09-30,Initial recording of the municipality Mönthal,286
4106,2002-09-30,Initial recording of the municipality Mönthal,281
4106,2001-09-30,Initial recording of the municipality Mönthal,264
4106,2000-09-30,Initial recording of the municipality Mönthal,253
4106,1999-09-30,Initial recording of the municipality Mönthal,248
4106,1998-09-30,Initial recording of the municipality Mönthal,254
4106,1997-09-30,Initial recording of the municipality Mönthal,254
4106,1996-09-30,Initial recording of the municipality Mönthal,242
4106,1995-09-30,Initial recording of the municipality Mönthal,235
4106,1994-09-30,Initial recording of the municipality Mönthal,223
4106,1993-09-30,Initial recording of the municipality Mönthal,225
4106,1992-09-30,Initial recording of the municipality Mönthal,217
4106,1991-09-30,Initial recording of the municipality Mönthal,216
4106,1990-09-30,Initial recording of the municipality Mönthal,213
4106,1989-09-30,Initial recording of the municipality Mönthal,203
4106,1988-09-30,Initial recording of the municipality Mönthal,195
4106,1987-09-30,Initial recording of the municipality Mönthal,190
4106,1986-09-30,Initial recording of the municipality Mönthal,184
4106,1985-09-30,Initial recording of the municipality Mönthal,172
4106,1984-09-30,Initial recording of the municipality Mönthal,169
4106,1983-09-30,Initial recording of the municipality Mönthal,162
4106,1982-09-30,Initial recording of the municipality Mönthal,151
4106,1981-09-30,Initial recording of the municipality Mönthal,147
4106,1980-09-30,Initial recording of the municipality Mönthal,128
4106,1979-09-30,Initial recording of the municipality Mönthal,130
4106,1978-09-30,Initial recording of the municipality Mönthal,116
4106,1977-09-30,Initial recording of the municipality Mönthal,104
4106,1976-09-30,Initial recording of the municipality Mönthal,84
4203,2025-09-30,Initial recording of the municipality Möriken-Wildegg,3076
4203,2024-09-30,Initial recording of the municipality Möriken-Wildegg,3047
4203,2023-09-30,Initial recording of the municipality Möriken-Wildegg,3050
4203,2022-09-30,Initial recording of the municipality Möriken-Wildegg,2938
4203,2021-09-30,Initial recording of the municipality Möriken-Wildegg,2960
4203,2020-09-30,Initial recording of the municipality Möriken-Wildegg,2880
4203,2019-09-30,Initial recording of the municipality Möriken-Wildegg,2834
4203,2018-09-30,Initial recording of the municipality Möriken-Wildegg,2769
4203,2017-09-30,Initial recording of the municipality Möriken-Wildegg,2746
4203,2016-09-30,Initial recording of the municipality Möriken-Wildegg,2763
4203,2015-09-30,Initial recording of the municipality Möriken-Wildegg,2692
4203,2014-09-30,Initial recording of the municipality Möriken-Wildegg,2705
4203,2013-09-30,Initial recording of the municipality Möriken-Wildegg,2651
4203,2012-09-30,Initial recording of the municipality Möriken-Wildegg,2600
4203,2011-09-30,Initial recording of the municipality Möriken-Wildegg,2527
4203,2010-09-30,Initial recording of the municipality Möriken-Wildegg,2416
4203,2009-09-30,Initial recording of the municipality Möriken-Wildegg,2351
4203,2008-09-30,Initial recording of the municipality Möriken-Wildegg,2304
4203,2007-09-30,Initial recording of the municipality Möriken-Wildegg,2257
4203,2006-09-30,Initial recording of the municipality Möriken-Wildegg,2216
4203,2005-09-30,Initial recording of the municipality Möriken-Wildegg,2147
4203,2004-09-30,Initial recording of the municipality Möriken-Wildegg,2096
4203,2003-09-30,Initial recording of the municipality Möriken-Wildegg,2043
4203,2002-09-30,Initial recording of the municipality Möriken-Wildegg,1963
4203,2001-09-30,Initial recording of the municipality Möriken-Wildegg,1898
4203,2000-09-30,Initial recording of the municipality Möriken-Wildegg,1885
4203,1999-09-30,Initial recording of the municipality Möriken-Wildegg,1803
4203,1998-09-30,Initial recording of the municipality Möriken-Wildegg,1792
4203,1997-09-30,Initial recording of the municipality Möriken-Wildegg,1759
4203,1996-09-30,Initial recording of the municipality Möriken-Wildegg,1721
4203,1995-09-30,Initial recording of the municipality Möriken-Wildegg,1688
4203,1994-09-30,Initial recording of the municipality Möriken-Wildegg,1644
4203,1993-09-30,Initial recording of the municipality Möriken-Wildegg,1598
4203,1992-09-30,Initial recording of the municipality Möriken-Wildegg,1609
4203,1991-09-30,Initial recording of the municipality Möriken-Wildegg,1596
4203,1990-09-30,Initial recording of the municipality Möriken-Wildegg,1515
4203,1989-09-30,Initial recording of the municipality Möriken-Wildegg,1425
4203,1988-09-30,Initial recording of the municipality Möriken-Wildegg,1332
4203,1987-09-30,Initial recording of the municipality Möriken-Wildegg,1273
4203,1986-09-30,Initial recording of the municipality Möriken-Wildegg,1228
4203,1985-09-30,Initial recording of the municipality Möriken-Wildegg,1210
4203,1984-09-30,Initial recording of the municipality Möriken-Wildegg,1188
4203,1983-09-30,Initial recording of the municipality Möriken-Wildegg,1160
4203,1982-09-30,Initial recording of the municipality Möriken-Wildegg,1143
4203,1981-09-30,Initial recording of the municipality Möriken-Wildegg,1099
4203,1980-09-30,Initial recording of the municipality Möriken-Wildegg,1053
4203,1979-09-30,Initial recording of the municipality Möriken-Wildegg,1015
4203,1978-09-30,Initial recording of the municipality Möriken-Wildegg,962
4203,1977-09-30,Initial recording of the municipality Möriken-Wildegg,920
4203,1976-09-30,Initial recording of the municipality Möriken-Wildegg,911
4235,2025-09-30,Initial recording of the municipality Mühlau,862
4235,2024-09-30,Initial recording of the municipality Mühlau,869
4235,2023-09-30,Initial recording of the municipality Mühlau,824
4235,2022-09-30,Initial recording of the municipality Mühlau,809
4235,2021-09-30,Initial recording of the municipality Mühlau,811
4235,2020-09-30,Initial recording of the municipality Mühlau,782
4235,2019-09-30,Initial recording of the municipality Mühlau,777
4235,2018-09-30,Initial recording of the municipality Mühlau,786
4235,2017-09-30,Initial recording of the municipality Mühlau,763
4235,2016-09-30,Initial recording of the municipality Mühlau,713
4235,2015-09-30,Initial recording of the municipality Mühlau,691
4235,2014-09-30,Initial recording of the municipality Mühlau,646
4235,2013-09-30,Initial recording of the municipality Mühlau,642
4235,2012-09-30,Initial recording of the municipality Mühlau,637
4235,2011-09-30,Initial recording of the municipality Mühlau,627
4235,2010-09-30,Initial recording of the municipality Mühlau,591
4235,2009-09-30,Initial recording of the municipality Mühlau,589
4235,2008-09-30,Initial recording of the municipality Mühlau,592
4235,2007-09-30,Initial recording of the municipality Mühlau,581
4235,2006-09-30,Initial recording of the municipality Mühlau,568
4235,2005-09-30,Initial recording of the municipality Mühlau,553
4235,2004-09-30,Initial recording of the municipality Mühlau,549
4235,2003-09-30,Initial recording of the municipality Mühlau,545
4235,2002-09-30,Initial recording of the municipality Mühlau,531
4235,2001-09-30,Initial recording of the municipality Mühlau,509
4235,2000-09-30,Initial recording of the municipality Mühlau,515
4235,1999-09-30,Initial recording of the municipality Mühlau,511
4235,1998-09-30,Initial recording of the municipality Mühlau,464
4235,1997-09-30,Initial recording of the municipality Mühlau,455
4235,1996-09-30,Initial recording of the municipality Mühlau,429
4235,1995-09-30,Initial recording of the municipality Mühlau,448
4235,1994-09-30,Initial recording of the municipality Mühlau,437
4235,1993-09-30,Initial recording of the municipality Mühlau,410
4235,1992-09-30,Initial recording of the municipality Mühlau,399
4235,1991-09-30,Initial recording of the municipality Mühlau,375
4235,1990-09-30,Initial recording of the municipality Mühlau,367
4235,1989-09-30,Initial recording of the municipality Mühlau,362
4235,1988-09-30,Initial recording of the municipality Mühlau,344
4235,1987-09-30,Initial recording of the municipality Mühlau,323
4235,1986-09-30,Initial recording of the municipality Mühlau,292
4235,1985-09-30,Initial recording of the municipality Mühlau,276
4235,1984-09-30,Initial recording of the municipality Mühlau,265
4235,1983-09-30,Initial recording of the municipality Mühlau,262
4235,1982-09-30,Initial recording of the municipality Mühlau,252
4235,1981-09-30,Initial recording of the municipality Mühlau,232
4235,1980-09-30,Initial recording of the municipality Mühlau,213
4235,1979-09-30,Initial recording of the municipality Mühlau,210
4235,1978-09-30,Initial recording of the municipality Mühlau,188
4235,1977-09-30,Initial recording of the municipality Mühlau,172
4235,1976-09-30,Initial recording of the municipality Mühlau,169
4278,2001-09-30,Initial recording of the municipality Mühlethal,481
4278,2000-09-30,Initial recording of the municipality Mühlethal,454
4278,1999-09-30,Initial recording of the municipality Mühlethal,437
4278,1998-09-30,Initial recording of the municipality Mühlethal,411
4278,1997-09-30,Initial recording of the municipality Mühlethal,405
4278,1996-09-30,Initial recording of the municipality Mühlethal,394
4278,1995-09-30,Initial recording of the municipality Mühlethal,373
4278,1994-09-30,Initial recording of the municipality Mühlethal,393
4278,1993-09-30,Initial recording of the municipality Mühlethal,393
4278,1992-09-30,Initial recording of the municipality Mühlethal,383
4278,1991-09-30,Initial recording of the municipality Mühlethal,373
4278,1990-09-30,Initial recording of the municipality Mühlethal,361
4278,1989-09-30,Initial recording of the municipality Mühlethal,361
4278,1988-09-30,Initial recording of the municipality Mühlethal,331
4278,1987-09-30,Initial recording of the municipality Mühlethal,287
4278,1986-09-30,Initial recording of the municipality Mühlethal,245
4278,1985-09-30,Initial recording of the municipality Mühlethal,245
4278,1984-09-30,Initial recording of the municipality Mühlethal,230
4278,1983-09-30,Initial recording of the municipality Mühlethal,227
4278,1982-09-30,Initial recording of the municipality Mühlethal,214
4278,1981-09-30,Initial recording of the municipality Mühlethal,203
4278,1980-09-30,Initial recording of the municipality Mühlethal,203
4278,1979-09-30,Initial recording of the municipality Mühlethal,199
4278,1978-09-30,Initial recording of the municipality Mühlethal,178
4278,1977-09-30,Initial recording of the municipality Mühlethal,178
4278,1976-09-30,Initial recording of the municipality Mühlethal,159
4107,2025-09-30,Initial recording of the municipality Mülligen,678
4107,2024-09-30,Initial recording of the municipality Mülligen,675
4107,2023-09-30,Initial recording of the municipality Mülligen,676
4107,2022-09-30,Initial recording of the municipality Mülligen,699
4107,2021-09-30,Initial recording of the municipality Mülligen,697
4107,2020-09-30,Initial recording of the municipality Mülligen,681
4107,2019-09-30,Initial recording of the municipality Mülligen,667
4107,2018-09-30,Initial recording of the municipality Mülligen,696
4107,2017-09-30,Initial recording of the municipality Mülligen,683
4107,2016-09-30,Initial recording of the municipality Mülligen,662
4107,2015-09-30,Initial recording of the municipality Mülligen,649
4107,2014-09-30,Initial recording of the municipality Mülligen,646
4107,2013-09-30,Initial recording of the municipality Mülligen,654
4107,2012-09-30,Initial recording of the municipality Mülligen,607
4107,2011-09-30,Initial recording of the municipality Mülligen,570
4107,2010-09-30,Initial recording of the municipality Mülligen,565
4107,2009-09-30,Initial recording of the municipality Mülligen,536
4107,2008-09-30,Initial recording of the municipality Mülligen,527
4107,2007-09-30,Initial recording of the municipality Mülligen,521
4107,2006-09-30,Initial recording of the municipality Mülligen,490
4107,2005-09-30,Initial recording of the municipality Mülligen,483
4107,2004-09-30,Initial recording of the municipality Mülligen,483
4107,2003-09-30,Initial recording of the municipality Mülligen,455
4107,2002-09-30,Initial recording of the municipality Mülligen,448
4107,2001-09-30,Initial recording of the municipality Mülligen,433
4107,2000-09-30,Initial recording of the municipality Mülligen,423
4107,1999-09-30,Initial recording of the municipality Mülligen,397
4107,1998-09-30,Initial recording of the municipality Mülligen,379
4107,1997-09-30,Initial recording of the municipality Mülligen,376
4107,1996-09-30,Initial recording of the municipality Mülligen,360
4107,1995-09-30,Initial recording of the municipality Mülligen,351
4107,1994-09-30,Initial recording of the municipality Mülligen,331
4107,1993-09-30,Initial recording of the municipality Mülligen,315
4107,1992-09-30,Initial recording of the municipality Mülligen,302
4107,1991-09-30,Initial recording of the municipality Mülligen,312
4107,1990-09-30,Initial recording of the municipality Mülligen,295
4107,1989-09-30,Initial recording of the municipality Mülligen,284
4107,1988-09-30,Initial recording of the municipality Mülligen,295
4107,1987-09-30,Initial recording of the municipality Mülligen,268
4107,1986-09-30,Initial recording of the municipality Mülligen,276
4107,1985-09-30,Initial recording of the municipality Mülligen,247
4107,1984-09-30,Initial recording of the municipality Mülligen,225
4107,1983-09-30,Initial recording of the municipality Mülligen,217
4107,1982-09-30,Initial recording of the municipality Mülligen,202
4107,1981-09-30,Initial recording of the municipality Mülligen,189
4107,1980-09-30,Initial recording of the municipality Mülligen,181
4107,1979-09-30,Initial recording of the municipality Mülligen,181
4107,1978-09-30,Initial recording of the municipality Mülligen,165
4107,1977-09-30,Initial recording of the municipality Mülligen,173
4107,1976-09-30,Initial recording of the municipality Mülligen,160
4172,2025-09-30,Initial recording of the municipality Münchwilen (AG),750
4172,2024-09-30,Initial recording of the municipality Münchwilen (AG),714
4172,2023-09-30,Initial recording of the municipality Münchwilen (AG),685
4172,2022-09-30,Initial recording of the municipality Münchwilen (AG),689
4172,2021-09-30,Initial recording of the municipality Münchwilen (AG),693
4172,2020-09-30,Initial recording of the municipality Münchwilen (AG),681
4172,2019-09-30,Initial recording of the municipality Münchwilen (AG),621
4172,2018-09-30,Initial recording of the municipality Münchwilen (AG),615
4172,2017-09-30,Initial recording of the municipality Münchwilen (AG),620
4172,2016-09-30,Initial recording of the municipality Münchwilen (AG),617
4172,2015-09-30,Initial recording of the municipality Münchwilen (AG),624
4172,2014-09-30,Initial recording of the municipality Münchwilen (AG),637
4172,2013-09-30,Initial recording of the municipality Münchwilen (AG),615
4172,2012-09-30,Initial recording of the municipality Münchwilen (AG),601
4172,2011-09-30,Initial recording of the municipality Münchwilen (AG),526
4172,2010-09-30,Initial recording of the municipality Münchwilen (AG),505
4172,2009-09-30,Initial recording of the municipality Münchwilen (AG),499
4172,2008-09-30,Initial recording of the municipality Münchwilen (AG),482
4172,2007-09-30,Initial recording of the municipality Münchwilen (AG),452
4172,2006-09-30,Initial recording of the municipality Münchwilen (AG),424
4172,2005-09-30,Initial recording of the municipality Münchwilen (AG),407
4172,2004-09-30,Initial recording of the municipality Münchwilen (AG),396
4172,2003-09-30,Initial recording of the municipality Münchwilen (AG),402
4172,2002-09-30,Initial recording of the municipality Münchwilen (AG),398
4172,2001-09-30,Initial recording of the municipality Münchwilen (AG),393
4172,2000-09-30,Initial recording of the municipality Münchwilen (AG),391
4172,1999-09-30,Initial recording of the municipality Münchwilen (AG),370
4172,1998-09-30,Initial recording of the municipality Münchwilen (AG),374
4172,1997-09-30,Initial recording of the municipality Münchwilen (AG),352
4172,1996-09-30,Initial recording of the municipality Münchwilen (AG),352
4172,1995-09-30,Initial recording of the municipality Münchwilen (AG),350
4172,1994-09-30,Initial recording of the municipality Münchwilen (AG),331
4172,1993-09-30,Initial recording of the municipality Münchwilen (AG),330
4172,1992-09-30,Initial recording of the municipality Münchwilen (AG),336
4172,1991-09-30,Initial recording of the municipality Münchwilen (AG),336
4172,1990-09-30,Initial recording of the municipality Münchwilen (AG),337
4172,1989-09-30,Initial recording of the municipality Münchwilen (AG),318
4172,1988-09-30,Initial recording of the municipality Münchwilen (AG),301
4172,1987-09-30,Initial recording of the municipality Münchwilen (AG),287
4172,1986-09-30,Initial recording of the municipality Münchwilen (AG),278
4172,1985-09-30,Initial recording of the municipality Münchwilen (AG),268
4172,1984-09-30,Initial recording of the municipality Münchwilen (AG),258
4172,1983-09-30,Initial recording of the municipality Münchwilen (AG),258
4172,1982-09-30,Initial recording of the municipality Münchwilen (AG),255
4172,1981-09-30,Initial recording of the municipality Münchwilen (AG),256
4172,1980-09-30,Initial recording of the municipality Münchwilen (AG),249
4172,1979-09-30,Initial recording of the municipality Münchwilen (AG),223
4172,1978-09-30,Initial recording of the municipality Münchwilen (AG),216
4172,1977-09-30,Initial recording of the municipality Münchwilen (AG),206
4172,1976-09-30,Initial recording of the municipality Münchwilen (AG),194
4034,2025-09-30,Initial recording of the municipality Neuenhof,4466
4034,2024-09-30,Initial recording of the municipality Neuenhof,4381
4034,2023-09-30,Initial recording of the municipality Neuenhof,4367
4034,2022-09-30,Initial recording of the municipality Neuenhof,4381
4034,2021-09-30,Initial recording of the municipality Neuenhof,4393
4034,2020-09-30,Initial recording of the municipality Neuenhof,4374
4034,2019-09-30,Initial recording of the municipality Neuenhof,4403
4034,2018-09-30,Initial recording of the municipality Neuenhof,4369
4034,2017-09-30,Initial recording of the municipality Neuenhof,4354
4034,2016-09-30,Initial recording of the municipality Neuenhof,4343
4034,2015-09-30,Initial recording of the municipality Neuenhof,4289
4034,2014-09-30,Initial recording of the municipality Neuenhof,4193
4034,2013-09-30,Initial recording of the municipality Neuenhof,4171
4034,2012-09-30,Initial recording of the municipality Neuenhof,4097
4034,2011-09-30,Initial recording of the municipality Neuenhof,3954
4034,2010-09-30,Initial recording of the municipality Neuenhof,3800
4034,2009-09-30,Initial recording of the municipality Neuenhof,3736
4034,2008-09-30,Initial recording of the municipality Neuenhof,3714
4034,2007-09-30,Initial recording of the municipality Neuenhof,3709
4034,2006-09-30,Initial recording of the municipality Neuenhof,3749
4034,2005-09-30,Initial recording of the municipality Neuenhof,3712
4034,2004-09-30,Initial recording of the municipality Neuenhof,3698
4034,2003-09-30,Initial recording of the municipality Neuenhof,3679
4034,2002-09-30,Initial recording of the municipality Neuenhof,3660
4034,2001-09-30,Initial recording of the municipality Neuenhof,3703
4034,2000-09-30,Initial recording of the municipality Neuenhof,3675
4034,1999-09-30,Initial recording of the municipality Neuenhof,3616
4034,1998-09-30,Initial recording of the municipality Neuenhof,3522
4034,1997-09-30,Initial recording of the municipality Neuenhof,3448
4034,1996-09-30,Initial recording of the municipality Neuenhof,3388
4034,1995-09-30,Initial recording of the municipality Neuenhof,3403
4034,1994-09-30,Initial recording of the municipality Neuenhof,3363
4034,1993-09-30,Initial recording of the municipality Neuenhof,3328
4034,1992-09-30,Initial recording of the municipality Neuenhof,3291
4034,1991-09-30,Initial recording of the municipality Neuenhof,3292
4034,1990-09-30,Initial recording of the municipality Neuenhof,3250
4034,1989-09-30,Initial recording of the municipality Neuenhof,3197
4034,1988-09-30,Initial recording of the municipality Neuenhof,3139
4034,1987-09-30,Initial recording of the municipality Neuenhof,3083
4034,1986-09-30,Initial recording of the municipality Neuenhof,3012
4034,1985-09-30,Initial recording of the municipality Neuenhof,2990
4034,1984-09-30,Initial recording of the municipality Neuenhof,2823
4034,1983-09-30,Initial recording of the municipality Neuenhof,2792
4034,1982-09-30,Initial recording of the municipality Neuenhof,2710
4034,1981-09-30,Initial recording of the municipality Neuenhof,2544
4034,1980-09-30,Initial recording of the municipality Neuenhof,2358
4034,1979-09-30,Initial recording of the municipality Neuenhof,2283
4034,1978-09-30,Initial recording of the municipality Neuenhof,2191
4034,1977-09-30,Initial recording of the municipality Neuenhof,2079
4034,1976-09-30,Initial recording of the municipality Neuenhof,1980
4204,2025-09-30,Initial recording of the municipality Niederlenz,2727
4204,2024-09-30,Initial recording of the municipality Niederlenz,2760
4204,2023-09-30,Initial recording of the municipality Niederlenz,2680
4204,2022-09-30,Initial recording of the municipality Niederlenz,2684
4204,2021-09-30,Initial recording of the municipality Niederlenz,2638
4204,2020-09-30,Initial recording of the municipality Niederlenz,2649
4204,2019-09-30,Initial recording of the municipality Niederlenz,2583
4204,2018-09-30,Initial recording of the municipality Niederlenz,2594
4204,2017-09-30,Initial recording of the municipality Niederlenz,2548
4204,2016-09-30,Initial recording of the municipality Niederlenz,2450
4204,2015-09-30,Initial recording of the municipality Niederlenz,2413
4204,2014-09-30,Initial recording of the municipality Niederlenz,2382
4204,2013-09-30,Initial recording of the municipality Niederlenz,2379
4204,2012-09-30,Initial recording of the municipality Niederlenz,2300
4204,2011-09-30,Initial recording of the municipality Niederlenz,2307
4204,2010-09-30,Initial recording of the municipality Niederlenz,2262
4204,2009-09-30,Initial recording of the municipality Niederlenz,2206
4204,2008-09-30,Initial recording of the municipality Niederlenz,2190
4204,2007-09-30,Initial recording of the municipality Niederlenz,2190
4204,2006-09-30,Initial recording of the municipality Niederlenz,2168
4204,2005-09-30,Initial recording of the municipality Niederlenz,2120
4204,2004-09-30,Initial recording of the municipality Niederlenz,2083
4204,2003-09-30,Initial recording of the municipality Niederlenz,2115
4204,2002-09-30,Initial recording of the municipality Niederlenz,2034
4204,2001-09-30,Initial recording of the municipality Niederlenz,1964
4204,2000-09-30,Initial recording of the municipality Niederlenz,1896
4204,1999-09-30,Initial recording of the municipality Niederlenz,1857
4204,1998-09-30,Initial recording of the municipality Niederlenz,1808
4204,1997-09-30,Initial recording of the municipality Niederlenz,1775
4204,1996-09-30,Initial recording of the municipality Niederlenz,1690
4204,1995-09-30,Initial recording of the municipality Niederlenz,1685
4204,1994-09-30,Initial recording of the municipality Niederlenz,1646
4204,1993-09-30,Initial recording of the municipality Niederlenz,1605
4204,1992-09-30,Initial recording of the municipality Niederlenz,1596
4204,1991-09-30,Initial recording of the municipality Niederlenz,1612
4204,1990-09-30,Initial recording of the municipality Niederlenz,1586
4204,1989-09-30,Initial recording of the municipality Niederlenz,1501
4204,1988-09-30,Initial recording of the municipality Niederlenz,1451
4204,1987-09-30,Initial recording of the municipality Niederlenz,1399
4204,1986-09-30,Initial recording of the municipality Niederlenz,1361
4204,1985-09-30,Initial recording of the municipality Niederlenz,1340
4204,1984-09-30,Initial recording of the municipality Niederlenz,1260
4204,1983-09-30,Initial recording of the municipality Niederlenz,1228
4204,1982-09-30,Initial recording of the municipality Niederlenz,1204
4204,1981-09-30,Initial recording of the municipality Niederlenz,1141
4204,1980-09-30,Initial recording of the municipality Niederlenz,1108
4204,1979-09-30,Initial recording of the municipality Niederlenz,1075
4204,1978-09-30,Initial recording of the municipality Niederlenz,994
4204,1977-09-30,Initial recording of the municipality Niederlenz,941
4204,1976-09-30,Initial recording of the municipality Niederlenz,921
4035,2025-09-30,Initial recording of the municipality Niederrohrdorf,2723
4035,2024-09-30,Initial recording of the municipality Niederrohrdorf,2700
4035,2023-09-30,Initial recording of the municipality Niederrohrdorf,2649
4035,2022-09-30,Initial recording of the municipality Niederrohrdorf,2586
4035,2021-09-30,Initial recording of the municipality Niederrohrdorf,2583
4035,2020-09-30,Initial recording of the municipality Niederrohrdorf,2470
4035,2019-09-30,Initial recording of the municipality Niederrohrdorf,2414
4035,2018-09-30,Initial recording of the municipality Niederrohrdorf,2369
4035,2017-09-30,Initial recording of the municipality Niederrohrdorf,2272
4035,2016-09-30,Initial recording of the municipality Niederrohrdorf,2147
4035,2015-09-30,Initial recording of the municipality Niederrohrdorf,2103
4035,2014-09-30,Initial recording of the municipality Niederrohrdorf,2074
4035,2013-09-30,Initial recording of the municipality Niederrohrdorf,2062
4035,2012-09-30,Initial recording of the municipality Niederrohrdorf,2011
4035,2011-09-30,Initial recording of the municipality Niederrohrdorf,1914
4035,2010-09-30,Initial recording of the municipality Niederrohrdorf,1876
4035,2009-09-30,Initial recording of the municipality Niederrohrdorf,1859
4035,2008-09-30,Initial recording of the municipality Niederrohrdorf,1770
4035,2007-09-30,Initial recording of the municipality Niederrohrdorf,1638
4035,2006-09-30,Initial recording of the municipality Niederrohrdorf,1548
4035,2005-09-30,Initial recording of the municipality Niederrohrdorf,1515
4035,2004-09-30,Initial recording of the municipality Niederrohrdorf,1458
4035,2003-09-30,Initial recording of the municipality Niederrohrdorf,1396
4035,2002-09-30,Initial recording of the municipality Niederrohrdorf,1395
4035,2001-09-30,Initial recording of the municipality Niederrohrdorf,1342
4035,2000-09-30,Initial recording of the municipality Niederrohrdorf,1316
4035,1999-09-30,Initial recording of the municipality Niederrohrdorf,1300
4035,1998-09-30,Initial recording of the municipality Niederrohrdorf,1263
4035,1997-09-30,Initial recording of the municipality Niederrohrdorf,1247
4035,1996-09-30,Initial recording of the municipality Niederrohrdorf,1218
4035,1995-09-30,Initial recording of the municipality Niederrohrdorf,1209
4035,1994-09-30,Initial recording of the municipality Niederrohrdorf,1242
4035,1993-09-30,Initial recording of the municipality Niederrohrdorf,1218
4035,1992-09-30,Initial recording of the municipality Niederrohrdorf,1229
4035,1991-09-30,Initial recording of the municipality Niederrohrdorf,1248
4035,1990-09-30,Initial recording of the municipality Niederrohrdorf,1217
4035,1989-09-30,Initial recording of the municipality Niederrohrdorf,1173
4035,1988-09-30,Initial recording of the municipality Niederrohrdorf,1160
4035,1987-09-30,Initial recording of the municipality Niederrohrdorf,1094
4035,1986-09-30,Initial recording of the municipality Niederrohrdorf,1053
4035,1985-09-30,Initial recording of the municipality Niederrohrdorf,1023
4035,1984-09-30,Initial recording of the municipality Niederrohrdorf,957
4035,1983-09-30,Initial recording of the municipality Niederrohrdorf,930
4035,1982-09-30,Initial recording of the municipality Niederrohrdorf,910
4035,1981-09-30,Initial recording of the municipality Niederrohrdorf,906
4035,1980-09-30,Initial recording of the municipality Niederrohrdorf,871
4035,1979-09-30,Initial recording of the municipality Niederrohrdorf,841
4035,1978-09-30,Initial recording of the municipality Niederrohrdorf,795
4035,1977-09-30,Initial recording of the municipality Niederrohrdorf,770
4035,1976-09-30,Initial recording of the municipality Niederrohrdorf,713
4072,2025-09-30,Initial recording of the municipality Niederwil (AG),1997
4072,2024-09-30,Initial recording of the municipality Niederwil (AG),1999
4072,2023-09-30,Initial recording of the municipality Niederwil (AG),2000
4072,2022-09-30,Initial recording of the municipality Niederwil (AG),1986
4072,2021-09-30,Initial recording of the municipality Niederwil (AG),1907
4072,2020-09-30,Initial recording of the municipality Niederwil (AG),1863
4072,2019-09-30,Initial recording of the municipality Niederwil (AG),1835
4072,2018-09-30,Initial recording of the municipality Niederwil (AG),1868
4072,2017-09-30,Initial recording of the municipality Niederwil (AG),1840
4072,2016-09-30,Initial recording of the municipality Niederwil (AG),1824
4072,2015-09-30,Initial recording of the municipality Niederwil (AG),1767
4072,2014-09-30,Initial recording of the municipality Niederwil (AG),1647
4072,2013-09-30,Initial recording of the municipality Niederwil (AG),1567
4072,2012-09-30,Initial recording of the municipality Niederwil (AG),1516
4072,2011-09-30,Initial recording of the municipality Niederwil (AG),1502
4072,2010-09-30,Initial recording of the municipality Niederwil (AG),1454
4072,2009-09-30,Initial recording of the municipality Niederwil (AG),1427
4072,2008-09-30,Initial recording of the municipality Niederwil (AG),1443
4072,2007-09-30,Initial recording of the municipality Niederwil (AG),1429
4072,2006-09-30,Initial recording of the municipality Niederwil (AG),1375
4072,2005-09-30,Initial recording of the municipality Niederwil (AG),1352
4072,2004-09-30,Initial recording of the municipality Niederwil (AG),1339
4072,2003-09-30,Initial recording of the municipality Niederwil (AG),1301
4072,2002-09-30,Initial recording of the municipality Niederwil (AG),1286
4072,2001-09-30,Initial recording of the municipality Niederwil (AG),1260
4072,2000-09-30,Initial recording of the municipality Niederwil (AG),1216
4072,1999-09-30,Initial recording of the municipality Niederwil (AG),1156
4072,1998-09-30,Initial recording of the municipality Niederwil (AG),1092
4072,1997-09-30,Initial recording of the municipality Niederwil (AG),1065
4072,1996-09-30,Initial recording of the municipality Niederwil (AG),1036
4072,1995-09-30,Initial recording of the municipality Niederwil (AG),997
4072,1994-09-30,Initial recording of the municipality Niederwil (AG),941
4072,1993-09-30,Initial recording of the municipality Niederwil (AG),935
4072,1992-09-30,Initial recording of the municipality Niederwil (AG),928
4072,1991-09-30,Initial recording of the municipality Niederwil (AG),918
4072,1990-09-30,Initial recording of the municipality Niederwil (AG),893
4072,1989-09-30,Initial recording of the municipality Niederwil (AG),866
4072,1988-09-30,Initial recording of the municipality Niederwil (AG),812
4072,1987-09-30,Initial recording of the municipality Niederwil (AG),693
4072,1986-09-30,Initial recording of the municipality Niederwil (AG),635
4072,1985-09-30,Initial recording of the municipality Niederwil (AG),624
4072,1984-09-30,Initial recording of the municipality Niederwil (AG),572
4072,1983-09-30,Initial recording of the municipality Niederwil (AG),546
4072,1982-09-30,Initial recording of the municipality Niederwil (AG),529
4072,1981-09-30,Initial recording of the municipality Niederwil (AG),528
4072,1980-09-30,Initial recording of the municipality Niederwil (AG),480
4072,1979-09-30,Initial recording of the municipality Niederwil (AG),478
4072,1978-09-30,Initial recording of the municipality Niederwil (AG),448
4072,1977-09-30,Initial recording of the municipality Niederwil (AG),430
4072,1976-09-30,Initial recording of the municipality Niederwil (AG),393
4108,2012-09-30,Initial recording of the municipality Oberbözberg,318
4108,2011-09-30,Initial recording of the municipality Oberbözberg,299
4108,2010-09-30,Initial recording of the municipality Oberbözberg,300
4108,2009-09-30,Initial recording of the municipality Oberbözberg,289
4108,2008-09-30,Initial recording of the municipality Oberbözberg,289
4108,2007-09-30,Initial recording of the municipality Oberbözberg,291
4108,2006-09-30,Initial recording of the municipality Oberbözberg,283
4108,2005-09-30,Initial recording of the municipality Oberbözberg,283
4108,2004-09-30,Initial recording of the municipality Oberbözberg,292
4108,2003-09-30,Initial recording of the municipality Oberbözberg,289
4108,2002-09-30,Initial recording of the municipality Oberbözberg,298
4108,2001-09-30,Initial recording of the municipality Oberbözberg,297
4108,2000-09-30,Initial recording of the municipality Oberbözberg,283
4108,1999-09-30,Initial recording of the municipality Oberbözberg,265
4108,1998-09-30,Initial recording of the municipality Oberbözberg,251
4108,1997-09-30,Initial recording of the municipality Oberbözberg,253
4108,1996-09-30,Initial recording of the municipality Oberbözberg,240
4108,1995-09-30,Initial recording of the municipality Oberbözberg,225
4108,1994-09-30,Initial recording of the municipality Oberbözberg,214
4108,1993-09-30,Initial recording of the municipality Oberbözberg,202
4108,1992-09-30,Initial recording of the municipality Oberbözberg,203
4108,1991-09-30,Initial recording of the municipality Oberbözberg,204
4108,1990-09-30,Initial recording of the municipality Oberbözberg,184
4108,1989-09-30,Initial recording of the municipality Oberbözberg,177
4108,1988-09-30,Initial recording of the municipality Oberbözberg,162
4108,1987-09-30,Initial recording of the municipality Oberbözberg,150
4108,1986-09-30,Initial recording of the municipality Oberbözberg,154
4108,1985-09-30,Initial recording of the municipality Oberbözberg,153
4108,1984-09-30,Initial recording of the municipality Oberbözberg,143
4108,1983-09-30,Initial recording of the municipality Oberbözberg,142
4108,1982-09-30,Initial recording of the municipality Oberbözberg,142
4108,1981-09-30,Initial recording of the municipality Oberbözberg,133
4108,1980-09-30,Initial recording of the municipality Oberbözberg,137
4108,1979-09-30,Initial recording of the municipality Oberbözberg,135
4108,1978-09-30,Initial recording of the municipality Oberbözberg,124
4108,1977-09-30,Initial recording of the municipality Oberbözberg,99
4108,1976-09-30,Initial recording of the municipality Oberbözberg,91
4036,2005-09-30,Initial recording of the municipality Oberehrendingen,1336
4036,2004-09-30,Initial recording of the municipality Oberehrendingen,1072
4036,2003-09-30,Initial recording of the municipality Oberehrendingen,1031
4036,2002-09-30,Initial recording of the municipality Oberehrendingen,976
4036,2001-09-30,Initial recording of the municipality Oberehrendingen,941
4036,2000-09-30,Initial recording of the municipality Oberehrendingen,916
4036,1999-09-30,Initial recording of the municipality Oberehrendingen,920
4036,1998-09-30,Initial recording of the municipality Oberehrendingen,892
4036,1997-09-30,Initial recording of the municipality Oberehrendingen,830
4036,1996-09-30,Initial recording of the municipality Oberehrendingen,774
4036,1995-09-30,Initial recording of the municipality Oberehrendingen,742
4036,1994-09-30,Initial recording of the municipality Oberehrendingen,736
4036,1993-09-30,Initial recording of the municipality Oberehrendingen,742
4036,1992-09-30,Initial recording of the municipality Oberehrendingen,744
4036,1991-09-30,Initial recording of the municipality Oberehrendingen,754
4036,1990-09-30,Initial recording of the municipality Oberehrendingen,755
4036,1989-09-30,Initial recording of the municipality Oberehrendingen,731
4036,1988-09-30,Initial recording of the municipality Oberehrendingen,699
4036,1987-09-30,Initial recording of the municipality Oberehrendingen,661
4036,1986-09-30,Initial recording of the municipality Oberehrendingen,658
4036,1985-09-30,Initial recording of the municipality Oberehrendingen,636
4036,1984-09-30,Initial recording of the municipality Oberehrendingen,615
4036,1983-09-30,Initial recording of the municipality Oberehrendingen,611
4036,1982-09-30,Initial recording of the municipality Oberehrendingen,586
4036,1981-09-30,Initial recording of the municipality Oberehrendingen,557
4036,1980-09-30,Initial recording of the municipality Oberehrendingen,539
4036,1979-09-30,Initial recording of the municipality Oberehrendingen,498
4036,1978-09-30,Initial recording of the municipality Oberehrendingen,481
4036,1977-09-30,Initial recording of the municipality Oberehrendingen,460
4036,1976-09-30,Initial recording of the municipality Oberehrendingen,448
4010,2025-09-30,Initial recording of the municipality Oberentfelden,4904
4010,2024-09-30,Initial recording of the municipality Oberentfelden,4887
4010,2023-09-30,Initial recording of the municipality Oberentfelden,4838
4010,2022-09-30,Initial recording of the municipality Oberentfelden,4793
4010,2021-09-30,Initial recording of the municipality Oberentfelden,4770
4010,2020-09-30,Initial recording of the municipality Oberentfelden,4741
4010,2019-09-30,Initial recording of the municipality Oberentfelden,4698
4010,2018-09-30,Initial recording of the municipality Oberentfelden,4590
4010,2017-09-30,Initial recording of the municipality Oberentfelden,4444
4010,2016-09-30,Initial recording of the municipality Oberentfelden,4296
4010,2015-09-30,Initial recording of the municipality Oberentfelden,4265
4010,2014-09-30,Initial recording of the municipality Oberentfelden,4278
4010,2013-09-30,Initial recording of the municipality Oberentfelden,4249
4010,2012-09-30,Initial recording of the municipality Oberentfelden,4225
4010,2011-09-30,Initial recording of the municipality Oberentfelden,4118
4010,2010-09-30,Initial recording of the municipality Oberentfelden,4027
4010,2009-09-30,Initial recording of the municipality Oberentfelden,3967
4010,2008-09-30,Initial recording of the municipality Oberentfelden,3987
4010,2007-09-30,Initial recording of the municipality Oberentfelden,3839
4010,2006-09-30,Initial recording of the municipality Oberentfelden,3836
4010,2005-09-30,Initial recording of the municipality Oberentfelden,3849
4010,2004-09-30,Initial recording of the municipality Oberentfelden,3783
4010,2003-09-30,Initial recording of the municipality Oberentfelden,3666
4010,2002-09-30,Initial recording of the municipality Oberentfelden,3647
4010,2001-09-30,Initial recording of the municipality Oberentfelden,3499
4010,2000-09-30,Initial recording of the municipality Oberentfelden,3433
4010,1999-09-30,Initial recording of the municipality Oberentfelden,3368
4010,1998-09-30,Initial recording of the municipality Oberentfelden,3322
4010,1997-09-30,Initial recording of the municipality Oberentfelden,3319
4010,1996-09-30,Initial recording of the municipality Oberentfelden,3247
4010,1995-09-30,Initial recording of the municipality Oberentfelden,3273
4010,1994-09-30,Initial recording of the municipality Oberentfelden,3257
4010,1993-09-30,Initial recording of the municipality Oberentfelden,3178
4010,1992-09-30,Initial recording of the municipality Oberentfelden,3205
4010,1991-09-30,Initial recording of the municipality Oberentfelden,3129
4010,1990-09-30,Initial recording of the municipality Oberentfelden,3079
4010,1989-09-30,Initial recording of the municipality Oberentfelden,3025
4010,1988-09-30,Initial recording of the municipality Oberentfelden,2964
4010,1987-09-30,Initial recording of the municipality Oberentfelden,2850
4010,1986-09-30,Initial recording of the municipality Oberentfelden,2743
4010,1985-09-30,Initial recording of the municipality Oberentfelden,2618
4010,1984-09-30,Initial recording of the municipality Oberentfelden,2499
4010,1983-09-30,Initial recording of the municipality Oberentfelden,2346
4010,1982-09-30,Initial recording of the municipality Oberentfelden,2206
4010,1981-09-30,Initial recording of the municipality Oberentfelden,2093
4010,1980-09-30,Initial recording of the municipality Oberentfelden,2001
4010,1979-09-30,Initial recording of the municipality Oberentfelden,1948
4010,1978-09-30,Initial recording of the municipality Oberentfelden,1894
4010,1977-09-30,Initial recording of the municipality Oberentfelden,1839
4010,1976-09-30,Initial recording of the municipality Oberentfelden,1789
4109,2013-09-30,Initial recording of the municipality Oberflachs,285
4109,2012-09-30,Initial recording of the municipality Oberflachs,292
4109,2011-09-30,Initial recording of the municipality Oberflachs,300
4109,2010-09-30,Initial recording of the municipality Oberflachs,286
4109,2009-09-30,Initial recording of the municipality Oberflachs,281
4109,2008-09-30,Initial recording of the municipality Oberflachs,273
4109,2007-09-30,Initial recording of the municipality Oberflachs,270
4109,2006-09-30,Initial recording of the municipality Oberflachs,268
4109,2005-09-30,Initial recording of the municipality Oberflachs,249
4109,2004-09-30,Initial recording of the municipality Oberflachs,228
4109,2003-09-30,Initial recording of the municipality Oberflachs,226
4109,2002-09-30,Initial recording of the municipality Oberflachs,226
4109,2001-09-30,Initial recording of the municipality Oberflachs,229
4109,2000-09-30,Initial recording of the municipality Oberflachs,231
4109,1999-09-30,Initial recording of the municipality Oberflachs,237
4109,1998-09-30,Initial recording of the municipality Oberflachs,223
4109,1997-09-30,Initial recording of the municipality Oberflachs,221
4109,1996-09-30,Initial recording of the municipality Oberflachs,214
4109,1995-09-30,Initial recording of the municipality Oberflachs,213
4109,1994-09-30,Initial recording of the municipality Oberflachs,201
4109,1993-09-30,Initial recording of the municipality Oberflachs,199
4109,1992-09-30,Initial recording of the municipality Oberflachs,199
4109,1991-09-30,Initial recording of the municipality Oberflachs,201
4109,1990-09-30,Initial recording of the municipality Oberflachs,202
4109,1989-09-30,Initial recording of the municipality Oberflachs,200
4109,1988-09-30,Initial recording of the municipality Oberflachs,185
4109,1987-09-30,Initial recording of the municipality Oberflachs,183
4109,1986-09-30,Initial recording of the municipality Oberflachs,173
4109,1985-09-30,Initial recording of the municipality Oberflachs,170
4109,1984-09-30,Initial recording of the municipality Oberflachs,159
4109,1983-09-30,Initial recording of the municipality Oberflachs,166
4109,1982-09-30,Initial recording of the municipality Oberflachs,156
4109,1981-09-30,Initial recording of the municipality Oberflachs,150
4109,1980-09-30,Initial recording of the municipality Oberflachs,148
4109,1979-09-30,Initial recording of the municipality Oberflachs,138
4109,1978-09-30,Initial recording of the municipality Oberflachs,133
4109,1977-09-30,Initial recording of the municipality Oberflachs,126
4109,1976-09-30,Initial recording of the municipality Oberflachs,115
4173,2025-09-30,Initial recording of the municipality Oberhof,395
4173,2024-09-30,Initial recording of the municipality Oberhof,372
4173,2023-09-30,Initial recording of the municipality Oberhof,379
4173,2022-09-30,Initial recording of the municipality Oberhof,359
4173,2021-09-30,Initial recording of the municipality Oberhof,355
4173,2020-09-30,Initial recording of the municipality Oberhof,350
4173,2019-09-30,Initial recording of the municipality Oberhof,343
4173,2018-09-30,Initial recording of the municipality Oberhof,356
4173,2017-09-30,Initial recording of the municipality Oberhof,360
4173,2016-09-30,Initial recording of the municipality Oberhof,353
4173,2015-09-30,Initial recording of the municipality Oberhof,344
4173,2014-09-30,Initial recording of the municipality Oberhof,344
4173,2013-09-30,Initial recording of the municipality Oberhof,347
4173,2012-09-30,Initial recording of the municipality Oberhof,343
4173,2011-09-30,Initial recording of the municipality Oberhof,335
4173,2010-09-30,Initial recording of the municipality Oberhof,339
4173,2009-09-30,Initial recording of the municipality Oberhof,334
4173,2008-09-30,Initial recording of the municipality Oberhof,334
4173,2007-09-30,Initial recording of the municipality Oberhof,314
4173,2006-09-30,Initial recording of the municipality Oberhof,314
4173,2005-09-30,Initial recording of the municipality Oberhof,304
4173,2004-09-30,Initial recording of the municipality Oberhof,292
4173,2003-09-30,Initial recording of the municipality Oberhof,288
4173,2002-09-30,Initial recording of the municipality Oberhof,275
4173,2001-09-30,Initial recording of the municipality Oberhof,270
4173,2000-09-30,Initial recording of the municipality Oberhof,262
4173,1999-09-30,Initial recording of the municipality Oberhof,255
4173,1998-09-30,Initial recording of the municipality Oberhof,242
4173,1997-09-30,Initial recording of the municipality Oberhof,236
4173,1996-09-30,Initial recording of the municipality Oberhof,223
4173,1995-09-30,Initial recording of the municipality Oberhof,205
4173,1994-09-30,Initial recording of the municipality Oberhof,205
4173,1993-09-30,Initial recording of the municipality Oberhof,198
4173,1992-09-30,Initial recording of the municipality Oberhof,194
4173,1991-09-30,Initial recording of the municipality Oberhof,192
4173,1990-09-30,Initial recording of the municipality Oberhof,191
4173,1989-09-30,Initial recording of the municipality Oberhof,191
4173,1988-09-30,Initial recording of the municipality Oberhof,195
4173,1987-09-30,Initial recording of the municipality Oberhof,185
4173,1986-09-30,Initial recording of the municipality Oberhof,178
4173,1985-09-30,Initial recording of the municipality Oberhof,157
4173,1984-09-30,Initial recording of the municipality Oberhof,153
4173,1983-09-30,Initial recording of the municipality Oberhof,143
4173,1982-09-30,Initial recording of the municipality Oberhof,143
4173,1981-09-30,Initial recording of the municipality Oberhof,139
4173,1980-09-30,Initial recording of the municipality Oberhof,132
4173,1979-09-30,Initial recording of the municipality Oberhof,128
4173,1978-09-30,Initial recording of the municipality Oberhof,118
4173,1977-09-30,Initial recording of the municipality Oberhof,109
4173,1976-09-30,Initial recording of the municipality Oberhof,88
4174,2009-09-30,Initial recording of the municipality Oberhofen (AG),189
4174,2008-09-30,Initial recording of the municipality Oberhofen (AG),178
4174,2007-09-30,Initial recording of the municipality Oberhofen (AG),181
4174,2006-09-30,Initial recording of the municipality Oberhofen (AG),179
4174,2005-09-30,Initial recording of the municipality Oberhofen (AG),173
4174,2004-09-30,Initial recording of the municipality Oberhofen (AG),168
4174,2003-09-30,Initial recording of the municipality Oberhofen (AG),166
4174,2002-09-30,Initial recording of the municipality Oberhofen (AG),165
4174,2001-09-30,Initial recording of the municipality Oberhofen (AG),159
4174,2000-09-30,Initial recording of the municipality Oberhofen (AG),146
4174,1999-09-30,Initial recording of the municipality Oberhofen (AG),148
4174,1998-09-30,Initial recording of the municipality Oberhofen (AG),154
4174,1997-09-30,Initial recording of the municipality Oberhofen (AG),148
4174,1996-09-30,Initial recording of the municipality Oberhofen (AG),141
4174,1995-09-30,Initial recording of the municipality Oberhofen (AG),134
4174,1994-09-30,Initial recording of the municipality Oberhofen (AG),123
4174,1993-09-30,Initial recording of the municipality Oberhofen (AG),123
4174,1992-09-30,Initial recording of the municipality Oberhofen (AG),127
4174,1991-09-30,Initial recording of the municipality Oberhofen (AG),127
4174,1990-09-30,Initial recording of the municipality Oberhofen (AG),125
4174,1989-09-30,Initial recording of the municipality Oberhofen (AG),116
4174,1988-09-30,Initial recording of the municipality Oberhofen (AG),105
4174,1987-09-30,Initial recording of the municipality Oberhofen (AG),93
4174,1986-09-30,Initial recording of the municipality Oberhofen (AG),104
4174,1985-09-30,Initial recording of the municipality Oberhofen (AG),104
4174,1984-09-30,Initial recording of the municipality Oberhofen (AG),97
4174,1983-09-30,Initial recording of the municipality Oberhofen (AG),94
4174,1982-09-30,Initial recording of the municipality Oberhofen (AG),94
4174,1981-09-30,Initial recording of the municipality Oberhofen (AG),95
4174,1980-09-30,Initial recording of the municipality Oberhofen (AG),86
4174,1979-09-30,Initial recording of the municipality Oberhofen (AG),80
4174,1978-09-30,Initial recording of the municipality Oberhofen (AG),71
4174,1977-09-30,Initial recording of the municipality Oberhofen (AG),61
4174,1976-09-30,Initial recording of the municipality Oberhofen (AG),53
4140,2025-09-30,Initial recording of the municipality Oberkulm,1825
4140,2024-09-30,Initial recording of the municipality Oberkulm,1773
4140,2023-09-30,Initial recording of the municipality Oberkulm,1738
4140,2022-09-30,Initial recording of the municipality Oberkulm,1675
4140,2021-09-30,Initial recording of the municipality Oberkulm,1685
4140,2020-09-30,Initial recording of the municipality Oberkulm,1605
4140,2019-09-30,Initial recording of the municipality Oberkulm,1614
4140,2018-09-30,Initial recording of the municipality Oberkulm,1652
4140,2017-09-30,Initial recording of the municipality Oberkulm,1652
4140,2016-09-30,Initial recording of the municipality Oberkulm,1661
4140,2015-09-30,Initial recording of the municipality Oberkulm,1613
4140,2014-09-30,Initial recording of the municipality Oberkulm,1582
4140,2013-09-30,Initial recording of the municipality Oberkulm,1528
4140,2012-09-30,Initial recording of the municipality Oberkulm,1484
4140,2011-09-30,Initial recording of the municipality Oberkulm,1451
4140,2010-09-30,Initial recording of the municipality Oberkulm,1394
4140,2009-09-30,Initial recording of the municipality Oberkulm,1346
4140,2008-09-30,Initial recording of the municipality Oberkulm,1325
4140,2007-09-30,Initial recording of the municipality Oberkulm,1318
4140,2006-09-30,Initial recording of the municipality Oberkulm,1302
4140,2005-09-30,Initial recording of the municipality Oberkulm,1279
4140,2004-09-30,Initial recording of the municipality Oberkulm,1236
4140,2003-09-30,Initial recording of the municipality Oberkulm,1217
4140,2002-09-30,Initial recording of the municipality Oberkulm,1199
4140,2001-09-30,Initial recording of the municipality Oberkulm,1161
4140,2000-09-30,Initial recording of the municipality Oberkulm,1130
4140,1999-09-30,Initial recording of the municipality Oberkulm,1131
4140,1998-09-30,Initial recording of the municipality Oberkulm,1132
4140,1997-09-30,Initial recording of the municipality Oberkulm,1088
4140,1996-09-30,Initial recording of the municipality Oberkulm,1066
4140,1995-09-30,Initial recording of the municipality Oberkulm,1047
4140,1994-09-30,Initial recording of the municipality Oberkulm,1015
4140,1993-09-30,Initial recording of the municipality Oberkulm,995
4140,1992-09-30,Initial recording of the municipality Oberkulm,1003
4140,1991-09-30,Initial recording of the municipality Oberkulm,998
4140,1990-09-30,Initial recording of the municipality Oberkulm,963
4140,1989-09-30,Initial recording of the municipality Oberkulm,932
4140,1988-09-30,Initial recording of the municipality Oberkulm,878
4140,1987-09-30,Initial recording of the municipality Oberkulm,833
4140,1986-09-30,Initial recording of the municipality Oberkulm,807
4140,1985-09-30,Initial recording of the municipality Oberkulm,802
4140,1984-09-30,Initial recording of the municipality Oberkulm,760
4140,1983-09-30,Initial recording of the municipality Oberkulm,723
4140,1982-09-30,Initial recording of the municipality Oberkulm,686
4140,1981-09-30,Initial recording of the municipality Oberkulm,613
4140,1980-09-30,Initial recording of the municipality Oberkulm,583
4140,1979-09-30,Initial recording of the municipality Oberkulm,560
4140,1978-09-30,Initial recording of the municipality Oberkulm,524
4140,1977-09-30,Initial recording of the municipality Oberkulm,480
4140,1976-09-30,Initial recording of the municipality Oberkulm,438
4073,2025-09-30,Initial recording of the municipality Oberlunkhofen,1395
4073,2024-09-30,Initial recording of the municipality Oberlunkhofen,1391
4073,2023-09-30,Initial recording of the municipality Oberlunkhofen,1397
4073,2022-09-30,Initial recording of the municipality Oberlunkhofen,1359
4073,2021-09-30,Initial recording of the municipality Oberlunkhofen,1369
4073,2020-09-30,Initial recording of the municipality Oberlunkhofen,1330
4073,2019-09-30,Initial recording of the municipality Oberlunkhofen,1304
4073,2018-09-30,Initial recording of the municipality Oberlunkhofen,1292
4073,2017-09-30,Initial recording of the municipality Oberlunkhofen,1278
4073,2016-09-30,Initial recording of the municipality Oberlunkhofen,1250
4073,2015-09-30,Initial recording of the municipality Oberlunkhofen,1212
4073,2014-09-30,Initial recording of the municipality Oberlunkhofen,1207
4073,2013-09-30,Initial recording of the municipality Oberlunkhofen,1222
4073,2012-09-30,Initial recording of the municipality Oberlunkhofen,1204
4073,2011-09-30,Initial recording of the municipality Oberlunkhofen,1194
4073,2010-09-30,Initial recording of the municipality Oberlunkhofen,1143
4073,2009-09-30,Initial recording of the municipality Oberlunkhofen,1136
4073,2008-09-30,Initial recording of the municipality Oberlunkhofen,1115
4073,2007-09-30,Initial recording of the municipality Oberlunkhofen,1064
4073,2006-09-30,Initial recording of the municipality Oberlunkhofen,1023
4073,2005-09-30,Initial recording of the municipality Oberlunkhofen,1015
4073,2004-09-30,Initial recording of the municipality Oberlunkhofen,967
4073,2003-09-30,Initial recording of the municipality Oberlunkhofen,931
4073,2002-09-30,Initial recording of the municipality Oberlunkhofen,881
4073,2001-09-30,Initial recording of the municipality Oberlunkhofen,850
4073,2000-09-30,Initial recording of the municipality Oberlunkhofen,825
4073,1999-09-30,Initial recording of the municipality Oberlunkhofen,796
4073,1998-09-30,Initial recording of the municipality Oberlunkhofen,765
4073,1997-09-30,Initial recording of the municipality Oberlunkhofen,769
4073,1996-09-30,Initial recording of the municipality Oberlunkhofen,707
4073,1995-09-30,Initial recording of the municipality Oberlunkhofen,696
4073,1994-09-30,Initial recording of the municipality Oberlunkhofen,666
4073,1993-09-30,Initial recording of the municipality Oberlunkhofen,606
4073,1992-09-30,Initial recording of the municipality Oberlunkhofen,605
4073,1991-09-30,Initial recording of the municipality Oberlunkhofen,587
4073,1990-09-30,Initial recording of the municipality Oberlunkhofen,564
4073,1989-09-30,Initial recording of the municipality Oberlunkhofen,527
4073,1988-09-30,Initial recording of the municipality Oberlunkhofen,490
4073,1987-09-30,Initial recording of the municipality Oberlunkhofen,467
4073,1986-09-30,Initial recording of the municipality Oberlunkhofen,448
4073,1985-09-30,Initial recording of the municipality Oberlunkhofen,425
4073,1984-09-30,Initial recording of the municipality Oberlunkhofen,396
4073,1983-09-30,Initial recording of the municipality Oberlunkhofen,355
4073,1982-09-30,Initial recording of the municipality Oberlunkhofen,332
4073,1981-09-30,Initial recording of the municipality Oberlunkhofen,324
4073,1980-09-30,Initial recording of the municipality Oberlunkhofen,314
4073,1979-09-30,Initial recording of the municipality Oberlunkhofen,281
4073,1978-09-30,Initial recording of the municipality Oberlunkhofen,277
4073,1977-09-30,Initial recording of the municipality Oberlunkhofen,252
4073,1976-09-30,Initial recording of the municipality Oberlunkhofen,242
4256,2025-09-30,Initial recording of the municipality Obermumpf,720
4256,2024-09-30,Initial recording of the municipality Obermumpf,715
4256,2023-09-30,Initial recording of the municipality Obermumpf,710
4256,2022-09-30,Initial recording of the municipality Obermumpf,707
4256,2021-09-30,Initial recording of the municipality Obermumpf,692
4256,2020-09-30,Initial recording of the municipality Obermumpf,710
4256,2019-09-30,Initial recording of the municipality Obermumpf,692
4256,2018-09-30,Initial recording of the municipality Obermumpf,706
4256,2017-09-30,Initial recording of the municipality Obermumpf,698
4256,2016-09-30,Initial recording of the municipality Obermumpf,683
4256,2015-09-30,Initial recording of the municipality Obermumpf,678
4256,2014-09-30,Initial recording of the municipality Obermumpf,652
4256,2013-09-30,Initial recording of the municipality Obermumpf,640
4256,2012-09-30,Initial recording of the municipality Obermumpf,638
4256,2011-09-30,Initial recording of the municipality Obermumpf,607
4256,2010-09-30,Initial recording of the municipality Obermumpf,598
4256,2009-09-30,Initial recording of the municipality Obermumpf,570
4256,2008-09-30,Initial recording of the municipality Obermumpf,586
4256,2007-09-30,Initial recording of the municipality Obermumpf,590
4256,2006-09-30,Initial recording of the municipality Obermumpf,579
4256,2005-09-30,Initial recording of the municipality Obermumpf,599
4256,2004-09-30,Initial recording of the municipality Obermumpf,593
4256,2003-09-30,Initial recording of the municipality Obermumpf,563
4256,2002-09-30,Initial recording of the municipality Obermumpf,553
4256,2001-09-30,Initial recording of the municipality Obermumpf,548
4256,2000-09-30,Initial recording of the municipality Obermumpf,515
4256,1999-09-30,Initial recording of the municipality Obermumpf,498
4256,1998-09-30,Initial recording of the municipality Obermumpf,488
4256,1997-09-30,Initial recording of the municipality Obermumpf,477
4256,1996-09-30,Initial recording of the municipality Obermumpf,475
4256,1995-09-30,Initial recording of the municipality Obermumpf,478
4256,1994-09-30,Initial recording of the municipality Obermumpf,453
4256,1993-09-30,Initial recording of the municipality Obermumpf,419
4256,1992-09-30,Initial recording of the municipality Obermumpf,424
4256,1991-09-30,Initial recording of the municipality Obermumpf,408
4256,1990-09-30,Initial recording of the municipality Obermumpf,381
4256,1989-09-30,Initial recording of the municipality Obermumpf,342
4256,1988-09-30,Initial recording of the municipality Obermumpf,322
4256,1987-09-30,Initial recording of the municipality Obermumpf,310
4256,1986-09-30,Initial recording of the municipality Obermumpf,300
4256,1985-09-30,Initial recording of the municipality Obermumpf,306
4256,1984-09-30,Initial recording of the municipality Obermumpf,298
4256,1983-09-30,Initial recording of the municipality Obermumpf,284
4256,1982-09-30,Initial recording of the municipality Obermumpf,285
4256,1981-09-30,Initial recording of the municipality Obermumpf,258
4256,1980-09-30,Initial recording of the municipality Obermumpf,255
4256,1979-09-30,Initial recording of the municipality Obermumpf,249
4256,1978-09-30,Initial recording of the municipality Obermumpf,219
4256,1977-09-30,Initial recording of the municipality Obermumpf,201
4256,1976-09-30,Initial recording of the municipality Obermumpf,189
4037,2025-09-30,Initial recording of the municipality Oberrohrdorf,2589
4037,2024-09-30,Initial recording of the municipality Oberrohrdorf,2588
4037,2023-09-30,Initial recording of the municipality Oberrohrdorf,2574
4037,2022-09-30,Initial recording of the municipality Oberrohrdorf,2537
4037,2021-09-30,Initial recording of the municipality Oberrohrdorf,2528
4037,2020-09-30,Initial recording of the municipality Oberrohrdorf,2493
4037,2019-09-30,Initial recording of the municipality Oberrohrdorf,2522
4037,2018-09-30,Initial recording of the municipality Oberrohrdorf,2511
4037,2017-09-30,Initial recording of the municipality Oberrohrdorf,2536
4037,2016-09-30,Initial recording of the municipality Oberrohrdorf,2515
4037,2015-09-30,Initial recording of the municipality Oberrohrdorf,2460
4037,2014-09-30,Initial recording of the municipality Oberrohrdorf,2459
4037,2013-09-30,Initial recording of the municipality Oberrohrdorf,2429
4037,2012-09-30,Initial recording of the municipality Oberrohrdorf,2382
4037,2011-09-30,Initial recording of the municipality Oberrohrdorf,2381
4037,2010-09-30,Initial recording of the municipality Oberrohrdorf,2299
4037,2009-09-30,Initial recording of the municipality Oberrohrdorf,2237
4037,2008-09-30,Initial recording of the municipality Oberrohrdorf,2169
4037,2007-09-30,Initial recording of the municipality Oberrohrdorf,2109
4037,2006-09-30,Initial recording of the municipality Oberrohrdorf,2049
4037,2005-09-30,Initial recording of the municipality Oberrohrdorf,2007
4037,2004-09-30,Initial recording of the municipality Oberrohrdorf,1969
4037,2003-09-30,Initial recording of the municipality Oberrohrdorf,1981
4037,2002-09-30,Initial recording of the municipality Oberrohrdorf,1919
4037,2001-09-30,Initial recording of the municipality Oberrohrdorf,1884
4037,2000-09-30,Initial recording of the municipality Oberrohrdorf,1814
4037,1999-09-30,Initial recording of the municipality Oberrohrdorf,1745
4037,1998-09-30,Initial recording of the municipality Oberrohrdorf,1701
4037,1997-09-30,Initial recording of the municipality Oberrohrdorf,1713
4037,1996-09-30,Initial recording of the municipality Oberrohrdorf,1685
4037,1995-09-30,Initial recording of the municipality Oberrohrdorf,1720
4037,1994-09-30,Initial recording of the municipality Oberrohrdorf,1708
4037,1993-09-30,Initial recording of the municipality Oberrohrdorf,1644
4037,1992-09-30,Initial recording of the municipality Oberrohrdorf,1638
4037,1991-09-30,Initial recording of the municipality Oberrohrdorf,1621
4037,1990-09-30,Initial recording of the municipality Oberrohrdorf,1584
4037,1989-09-30,Initial recording of the municipality Oberrohrdorf,1520
4037,1988-09-30,Initial recording of the municipality Oberrohrdorf,1493
4037,1987-09-30,Initial recording of the municipality Oberrohrdorf,1387
4037,1986-09-30,Initial recording of the municipality Oberrohrdorf,1339
4037,1985-09-30,Initial recording of the municipality Oberrohrdorf,1318
4037,1984-09-30,Initial recording of the municipality Oberrohrdorf,1293
4037,1983-09-30,Initial recording of the municipality Oberrohrdorf,1223
4037,1982-09-30,Initial recording of the municipality Oberrohrdorf,1188
4037,1981-09-30,Initial recording of the municipality Oberrohrdorf,1178
4037,1980-09-30,Initial recording of the municipality Oberrohrdorf,1121
4037,1979-09-30,Initial recording of the municipality Oberrohrdorf,1097
4037,1978-09-30,Initial recording of the municipality Oberrohrdorf,1020
4037,1977-09-30,Initial recording of the municipality Oberrohrdorf,940
4037,1976-09-30,Initial recording of the municipality Oberrohrdorf,884
4237,2025-09-30,Initial recording of the municipality Oberrüti,893
4237,2024-09-30,Initial recording of the municipality Oberrüti,896
4237,2023-09-30,Initial recording of the municipality Oberrüti,896
4237,2022-09-30,Initial recording of the municipality Oberrüti,892
4237,2021-09-30,Initial recording of the municipality Oberrüti,883
4237,2020-09-30,Initial recording of the municipality Oberrüti,860
4237,2019-09-30,Initial recording of the municipality Oberrüti,850
4237,2018-09-30,Initial recording of the municipality Oberrüti,865
4237,2017-09-30,Initial recording of the municipality Oberrüti,851
4237,2016-09-30,Initial recording of the municipality Oberrüti,837
4237,2015-09-30,Initial recording of the municipality Oberrüti,812
4237,2014-09-30,Initial recording of the municipality Oberrüti,762
4237,2013-09-30,Initial recording of the municipality Oberrüti,738
4237,2012-09-30,Initial recording of the municipality Oberrüti,716
4237,2011-09-30,Initial recording of the municipality Oberrüti,690
4237,2010-09-30,Initial recording of the municipality Oberrüti,653
4237,2009-09-30,Initial recording of the municipality Oberrüti,629
4237,2008-09-30,Initial recording of the municipality Oberrüti,613
4237,2007-09-30,Initial recording of the municipality Oberrüti,603
4237,2006-09-30,Initial recording of the municipality Oberrüti,612
4237,2005-09-30,Initial recording of the municipality Oberrüti,607
4237,2004-09-30,Initial recording of the municipality Oberrüti,594
4237,2003-09-30,Initial recording of the municipality Oberrüti,583
4237,2002-09-30,Initial recording of the municipality Oberrüti,557
4237,2001-09-30,Initial recording of the municipality Oberrüti,522
4237,2000-09-30,Initial recording of the municipality Oberrüti,501
4237,1999-09-30,Initial recording of the municipality Oberrüti,469
4237,1998-09-30,Initial recording of the municipality Oberrüti,446
4237,1997-09-30,Initial recording of the municipality Oberrüti,418
4237,1996-09-30,Initial recording of the municipality Oberrüti,400
4237,1995-09-30,Initial recording of the municipality Oberrüti,386
4237,1994-09-30,Initial recording of the municipality Oberrüti,366
4237,1993-09-30,Initial recording of the municipality Oberrüti,323
4237,1992-09-30,Initial recording of the municipality Oberrüti,297
4237,1991-09-30,Initial recording of the municipality Oberrüti,290
4237,1990-09-30,Initial recording of the municipality Oberrüti,292
4237,1989-09-30,Initial recording of the municipality Oberrüti,288
4237,1988-09-30,Initial recording of the municipality Oberrüti,264
4237,1987-09-30,Initial recording of the municipality Oberrüti,237
4237,1986-09-30,Initial recording of the municipality Oberrüti,230
4237,1985-09-30,Initial recording of the municipality Oberrüti,221
4237,1984-09-30,Initial recording of the municipality Oberrüti,217
4237,1983-09-30,Initial recording of the municipality Oberrüti,186
4237,1982-09-30,Initial recording of the municipality Oberrüti,173
4237,1981-09-30,Initial recording of the municipality Oberrüti,177
4237,1980-09-30,Initial recording of the municipality Oberrüti,156
4237,1979-09-30,Initial recording of the municipality Oberrüti,150
4237,1978-09-30,Initial recording of the municipality Oberrüti,134
4237,1977-09-30,Initial recording of the municipality Oberrüti,129
4237,1976-09-30,Initial recording of the municipality Oberrüti,112
4038,2025-09-30,Initial recording of the municipality Obersiggenthal,4253
4038,2024-09-30,Initial recording of the municipality Obersiggenthal,4289
4038,2023-09-30,Initial recording of the municipality Obersiggenthal,4263
4038,2022-09-30,Initial recording of the municipality Obersiggenthal,4240
4038,2021-09-30,Initial recording of the municipality Obersiggenthal,4335
4038,2020-09-30,Initial recording of the municipality Obersiggenthal,4291
4038,2019-09-30,Initial recording of the municipality Obersiggenthal,4263
4038,2018-09-30,Initial recording of the municipality Obersiggenthal,4308
4038,2017-09-30,Initial recording of the municipality Obersiggenthal,4350
4038,2016-09-30,Initial recording of the municipality Obersiggenthal,4371
4038,2015-09-30,Initial recording of the municipality Obersiggenthal,4334
4038,2014-09-30,Initial recording of the municipality Obersiggenthal,4313
4038,2013-09-30,Initial recording of the municipality Obersiggenthal,4252
4038,2012-09-30,Initial recording of the municipality Obersiggenthal,4178
4038,2011-09-30,Initial recording of the municipality Obersiggenthal,4055
4038,2010-09-30,Initial recording of the municipality Obersiggenthal,3995
4038,2009-09-30,Initial recording of the municipality Obersiggenthal,3985
4038,2008-09-30,Initial recording of the municipality Obersiggenthal,3944
4038,2007-09-30,Initial recording of the municipality Obersiggenthal,4000
4038,2006-09-30,Initial recording of the municipality Obersiggenthal,3987
4038,2005-09-30,Initial recording of the municipality Obersiggenthal,3980
4038,2004-09-30,Initial recording of the municipality Obersiggenthal,3918
4038,2003-09-30,Initial recording of the municipality Obersiggenthal,3898
4038,2002-09-30,Initial recording of the municipality Obersiggenthal,3805
4038,2001-09-30,Initial recording of the municipality Obersiggenthal,3692
4038,2000-09-30,Initial recording of the municipality Obersiggenthal,3607
4038,1999-09-30,Initial recording of the municipality Obersiggenthal,3515
4038,1998-09-30,Initial recording of the municipality Obersiggenthal,3518
4038,1997-09-30,Initial recording of the municipality Obersiggenthal,3488
4038,1996-09-30,Initial recording of the municipality Obersiggenthal,3520
4038,1995-09-30,Initial recording of the municipality Obersiggenthal,3451
4038,1994-09-30,Initial recording of the municipality Obersiggenthal,3445
4038,1993-09-30,Initial recording of the municipality Obersiggenthal,3402
4038,1992-09-30,Initial recording of the municipality Obersiggenthal,3385
4038,1991-09-30,Initial recording of the municipality Obersiggenthal,3357
4038,1990-09-30,Initial recording of the municipality Obersiggenthal,3308
4038,1989-09-30,Initial recording of the municipality Obersiggenthal,3225
4038,1988-09-30,Initial recording of the municipality Obersiggenthal,3156
4038,1987-09-30,Initial recording of the municipality Obersiggenthal,3126
4038,1986-09-30,Initial recording of the municipality Obersiggenthal,3099
4038,1985-09-30,Initial recording of the municipality Obersiggenthal,3001
4038,1984-09-30,Initial recording of the municipality Obersiggenthal,2962
4038,1983-09-30,Initial recording of the municipality Obersiggenthal,2906
4038,1982-09-30,Initial recording of the municipality Obersiggenthal,2824
4038,1981-09-30,Initial recording of the municipality Obersiggenthal,2726
4038,1980-09-30,Initial recording of the municipality Obersiggenthal,2639
4038,1979-09-30,Initial recording of the municipality Obersiggenthal,2606
4038,1978-09-30,Initial recording of the municipality Obersiggenthal,2517
4038,1977-09-30,Initial recording of the municipality Obersiggenthal,2364
4038,1976-09-30,Initial recording of the municipality Obersiggenthal,2348
4074,2025-09-30,Name change from Oberwil (AG) to Oberwil-Lieli,1653
4074,2024-09-30,Name change from Oberwil (AG) to Oberwil-Lieli,1655
4074,2023-09-30,Name change from Oberwil (AG) to Oberwil-Lieli,1650
4074,2022-09-30,Name change from Oberwil (AG) to Oberwil-Lieli,1623
4074,2021-09-30,Name change from Oberwil (AG) to Oberwil-Lieli,1588
4074,2020-09-30,Name change from Oberwil (AG) to Oberwil-Lieli,1572
4074,2019-09-30,Name change from Oberwil (AG) to Oberwil-Lieli,1521
4074,2018-09-30,Name change from Oberwil (AG) to Oberwil-Lieli,1485
4074,2017-09-30,Name change from Oberwil (AG) to Oberwil-Lieli,1467
4074,2016-09-30,Name change from Oberwil (AG) to Oberwil-Lieli,1422
4074,2015-09-30,Name change from Oberwil (AG) to Oberwil-Lieli,1356
4074,2014-09-30,Name change from Oberwil (AG) to Oberwil-Lieli,1361
4074,2013-09-30,Name change from Oberwil (AG) to Oberwil-Lieli,1333
4074,2012-09-30,Name change from Oberwil (AG) to Oberwil-Lieli,1320
4074,2011-09-30,Name change from Oberwil (AG) to Oberwil-Lieli,1286
4074,2010-09-30,Name change from Oberwil (AG) to Oberwil-Lieli,1309
4074,2009-09-30,Name change from Oberwil (AG) to Oberwil-Lieli,1263
4074,2008-09-30,Name change from Oberwil (AG) to Oberwil-Lieli,1266
4074,2007-09-30,Name change from Oberwil (AG) to Oberwil-Lieli,1231
4074,2006-09-30,Name change from Oberwil (AG) to Oberwil-Lieli,1148
4074,2005-09-30,Name change from Oberwil (AG) to Oberwil-Lieli,1118
4074,2004-09-30,Name change from Oberwil (AG) to Oberwil-Lieli,1125
4074,2003-09-30,Name change from Oberwil (AG) to Oberwil-Lieli,1111
4074,2002-09-30,Name change from Oberwil (AG) to Oberwil-Lieli,1064
4074,2001-09-30,Name change from Oberwil (AG) to Oberwil-Lieli,1028
4074,2000-09-30,Name change from Oberwil (AG) to Oberwil-Lieli,983
4074,1999-09-30,Name change from Oberwil (AG) to Oberwil-Lieli,970
4074,1998-09-30,Name change from Oberwil (AG) to Oberwil-Lieli,907
4074,1997-09-30,Name change from Oberwil (AG) to Oberwil-Lieli,885
4074,1996-09-30,Name change from Oberwil (AG) to Oberwil-Lieli,894
4074,1995-09-30,Name change from Oberwil (AG) to Oberwil-Lieli,883
4074,1994-09-30,Name change from Oberwil (AG) to Oberwil-Lieli,865
4074,1993-09-30,Name change from Oberwil (AG) to Oberwil-Lieli,844
4074,1992-09-30,Name change from Oberwil (AG) to Oberwil-Lieli,858
4074,1991-09-30,Name change from Oberwil (AG) to Oberwil-Lieli,867
4074,1990-09-30,Name change from Oberwil (AG) to Oberwil-Lieli,854
4074,1989-09-30,Name change from Oberwil (AG) to Oberwil-Lieli,765
4074,1988-09-30,Name change from Oberwil (AG) to Oberwil-Lieli,754
4074,1987-09-30,Name change from Oberwil (AG) to Oberwil-Lieli,735
4074,1986-09-30,Name change from Oberwil (AG) to Oberwil-Lieli,704
4074,1985-09-30,Name change from Oberwil (AG) to Oberwil-Lieli,675
4074,1984-09-30,Name change from Oberwil (AG) to Oberwil-Lieli,660
4074,1983-09-30,Initial recording of the municipality Oberwil (AG),627
4074,1982-09-30,Initial recording of the municipality Oberwil (AG),594
4074,1981-09-30,Initial recording of the municipality Oberwil (AG),506
4074,1980-09-30,Initial recording of the municipality Oberwil (AG),491
4074,1979-09-30,Initial recording of the municipality Oberwil (AG),426
4074,1978-09-30,Initial recording of the municipality Oberwil (AG),384
4074,1977-09-30,Initial recording of the municipality Oberwil (AG),361
4074,1976-09-30,Initial recording of the municipality Oberwil (AG),327
4175,2025-09-30,Initial recording of the municipality Oeschgen,792
4175,2024-09-30,Initial recording of the municipality Oeschgen,810
4175,2023-09-30,Initial recording of the municipality Oeschgen,796
4175,2022-09-30,Initial recording of the municipality Oeschgen,790
4175,2021-09-30,Initial recording of the municipality Oeschgen,740
4175,2020-09-30,Initial recording of the municipality Oeschgen,712
4175,2019-09-30,Initial recording of the municipality Oeschgen,690
4175,2018-09-30,Initial recording of the municipality Oeschgen,676
4175,2017-09-30,Initial recording of the municipality Oeschgen,661
4175,2016-09-30,Initial recording of the municipality Oeschgen,639
4175,2015-09-30,Initial recording of the municipality Oeschgen,626
4175,2014-09-30,Initial recording of the municipality Oeschgen,604
4175,2013-09-30,Initial recording of the municipality Oeschgen,581
4175,2012-09-30,Initial recording of the municipality Oeschgen,556
4175,2011-09-30,Initial recording of the municipality Oeschgen,536
4175,2010-09-30,Initial recording of the municipality Oeschgen,527
4175,2009-09-30,Initial recording of the municipality Oeschgen,502
4175,2008-09-30,Initial recording of the municipality Oeschgen,491
4175,2007-09-30,Initial recording of the municipality Oeschgen,486
4175,2006-09-30,Initial recording of the municipality Oeschgen,465
4175,2005-09-30,Initial recording of the municipality Oeschgen,470
4175,2004-09-30,Initial recording of the municipality Oeschgen,442
4175,2003-09-30,Initial recording of the municipality Oeschgen,451
4175,2002-09-30,Initial recording of the municipality Oeschgen,434
4175,2001-09-30,Initial recording of the municipality Oeschgen,425
4175,2000-09-30,Initial recording of the municipality Oeschgen,424
4175,1999-09-30,Initial recording of the municipality Oeschgen,398
4175,1998-09-30,Initial recording of the municipality Oeschgen,387
4175,1997-09-30,Initial recording of the municipality Oeschgen,365
4175,1996-09-30,Initial recording of the municipality Oeschgen,357
4175,1995-09-30,Initial recording of the municipality Oeschgen,351
4175,1994-09-30,Initial recording of the municipality Oeschgen,355
4175,1993-09-30,Initial recording of the municipality Oeschgen,359
4175,1992-09-30,Initial recording of the municipality Oeschgen,323
4175,1991-09-30,Initial recording of the municipality Oeschgen,326
4175,1990-09-30,Initial recording of the municipality Oeschgen,302
4175,1989-09-30,Initial recording of the municipality Oeschgen,303
4175,1988-09-30,Initial recording of the municipality Oeschgen,296
4175,1987-09-30,Initial recording of the municipality Oeschgen,276
4175,1986-09-30,Initial recording of the municipality Oeschgen,268
4175,1985-09-30,Initial recording of the municipality Oeschgen,249
4175,1984-09-30,Initial recording of the municipality Oeschgen,226
4175,1983-09-30,Initial recording of the municipality Oeschgen,219
4175,1982-09-30,Initial recording of the municipality Oeschgen,211
4175,1981-09-30,Initial recording of the municipality Oeschgen,199
4175,1980-09-30,Initial recording of the municipality Oeschgen,200
4175,1979-09-30,Initial recording of the municipality Oeschgen,189
4175,1978-09-30,Initial recording of the municipality Oeschgen,176
4175,1977-09-30,Initial recording of the municipality Oeschgen,166
4175,1976-09-30,Initial recording of the municipality Oeschgen,150
4280,2025-09-30,Initial recording of the municipality Oftringen,9232
4280,2024-09-30,Initial recording of the municipality Oftringen,9164
4280,2023-09-30,Initial recording of the municipality Oftringen,9045
4280,2022-09-30,Initial recording of the municipality Oftringen,8918
4280,2021-09-30,Initial recording of the municipality Oftringen,8717
4280,2020-09-30,Initial recording of the municipality Oftringen,8569
4280,2019-09-30,Initial recording of the municipality Oftringen,8465
4280,2018-09-30,Initial recording of the municipality Oftringen,8299
4280,2017-09-30,Initial recording of the municipality Oftringen,8233
4280,2016-09-30,Initial recording of the municipality Oftringen,8146
4280,2015-09-30,Initial recording of the municipality Oftringen,7962
4280,2014-09-30,Initial recording of the municipality Oftringen,7930
4280,2013-09-30,Initial recording of the municipality Oftringen,7804
4280,2012-09-30,Initial recording of the municipality Oftringen,7489
4280,2011-09-30,Initial recording of the municipality Oftringen,7052
4280,2010-09-30,Initial recording of the municipality Oftringen,6787
4280,2009-09-30,Initial recording of the municipality Oftringen,6591
4280,2008-09-30,Initial recording of the municipality Oftringen,6335
4280,2007-09-30,Initial recording of the municipality Oftringen,6101
4280,2006-09-30,Initial recording of the municipality Oftringen,5935
4280,2005-09-30,Initial recording of the municipality Oftringen,5821
4280,2004-09-30,Initial recording of the municipality Oftringen,5637
4280,2003-09-30,Initial recording of the municipality Oftringen,5501
4280,2002-09-30,Initial recording of the municipality Oftringen,5362
4280,2001-09-30,Initial recording of the municipality Oftringen,5238
4280,2000-09-30,Initial recording of the municipality Oftringen,5093
4280,1999-09-30,Initial recording of the municipality Oftringen,4999
4280,1998-09-30,Initial recording of the municipality Oftringen,4859
4280,1997-09-30,Initial recording of the municipality Oftringen,4704
4280,1996-09-30,Initial recording of the municipality Oftringen,4699
4280,1995-09-30,Initial recording of the municipality Oftringen,4594
4280,1994-09-30,Initial recording of the municipality Oftringen,4441
4280,1993-09-30,Initial recording of the municipality Oftringen,4387
4280,1992-09-30,Initial recording of the municipality Oftringen,4177
4280,1991-09-30,Initial recording of the municipality Oftringen,4030
4280,1990-09-30,Initial recording of the municipality Oftringen,3887
4280,1989-09-30,Initial recording of the municipality Oftringen,3726
4280,1988-09-30,Initial recording of the municipality Oftringen,3602
4280,1987-09-30,Initial recording of the municipality Oftringen,3473
4280,1986-09-30,Initial recording of the municipality Oftringen,3357
4280,1985-09-30,Initial recording of the municipality Oftringen,3195
4280,1984-09-30,Initial recording of the municipality Oftringen,3140
4280,1983-09-30,Initial recording of the municipality Oftringen,3028
4280,1982-09-30,Initial recording of the municipality Oftringen,2953
4280,1981-09-30,Initial recording of the municipality Oftringen,2817
4280,1980-09-30,Initial recording of the municipality Oftringen,2703
4280,1979-09-30,Initial recording of the municipality Oftringen,2574
4280,1978-09-30,Initial recording of the municipality Oftringen,2443
4280,1977-09-30,Initial recording of the municipality Oftringen,2345
4280,1976-09-30,Initial recording of the municipality Oftringen,2333
4257,2025-09-30,Initial recording of the municipality Olsberg,263
4257,2024-09-30,Initial recording of the municipality Olsberg,267
4257,2023-09-30,Initial recording of the municipality Olsberg,273
4257,2022-09-30,Initial recording of the municipality Olsberg,266
4257,2021-09-30,Initial recording of the municipality Olsberg,256
4257,2020-09-30,Initial recording of the municipality Olsberg,264
4257,2019-09-30,Initial recording of the municipality Olsberg,262
4257,2018-09-30,Initial recording of the municipality Olsberg,259
4257,2017-09-30,Initial recording of the municipality Olsberg,260
4257,2016-09-30,Initial recording of the municipality Olsberg,271
4257,2015-09-30,Initial recording of the municipality Olsberg,281
4257,2014-09-30,Initial recording of the municipality Olsberg,280
4257,2013-09-30,Initial recording of the municipality Olsberg,272
4257,2012-09-30,Initial recording of the municipality Olsberg,271
4257,2011-09-30,Initial recording of the municipality Olsberg,269
4257,2010-09-30,Initial recording of the municipality Olsberg,266
4257,2009-09-30,Initial recording of the municipality Olsberg,245
4257,2008-09-30,Initial recording of the municipality Olsberg,244
4257,2007-09-30,Initial recording of the municipality Olsberg,231
4257,2006-09-30,Initial recording of the municipality Olsberg,225
4257,2005-09-30,Initial recording of the municipality Olsberg,231
4257,2004-09-30,Initial recording of the municipality Olsberg,220
4257,2003-09-30,Initial recording of the municipality Olsberg,199
4257,2002-09-30,Initial recording of the municipality Olsberg,191
4257,2001-09-30,Initial recording of the municipality Olsberg,198
4257,2000-09-30,Initial recording of the municipality Olsberg,198
4257,1999-09-30,Initial recording of the municipality Olsberg,187
4257,1998-09-30,Initial recording of the municipality Olsberg,183
4257,1997-09-30,Initial recording of the municipality Olsberg,168
4257,1996-09-30,Initial recording of the municipality Olsberg,159
4257,1995-09-30,Initial recording of the municipality Olsberg,158
4257,1994-09-30,Initial recording of the municipality Olsberg,149
4257,1993-09-30,Initial recording of the municipality Olsberg,147
4257,1992-09-30,Initial recording of the municipality Olsberg,150
4257,1991-09-30,Initial recording of the municipality Olsberg,140
4257,1990-09-30,Initial recording of the municipality Olsberg,132
4257,1989-09-30,Initial recording of the municipality Olsberg,136
4257,1988-09-30,Initial recording of the municipality Olsberg,124
4257,1987-09-30,Initial recording of the municipality Olsberg,116
4257,1986-09-30,Initial recording of the municipality Olsberg,124
4257,1985-09-30,Initial recording of the municipality Olsberg,123
4257,1984-09-30,Initial recording of the municipality Olsberg,122
4257,1983-09-30,Initial recording of the municipality Olsberg,117
4257,1982-09-30,Initial recording of the municipality Olsberg,112
4257,1981-09-30,Initial recording of the municipality Olsberg,101
4257,1980-09-30,Initial recording of the municipality Olsberg,85
4257,1979-09-30,Initial recording of the municipality Olsberg,83
4257,1978-09-30,Initial recording of the municipality Olsberg,84
4257,1977-09-30,Initial recording of the municipality Olsberg,76
4257,1976-09-30,Initial recording of the municipality Olsberg,75
4205,2025-09-30,Initial recording of the municipality Othmarsingen,2063
4205,2024-09-30,Initial recording of the municipality Othmarsingen,2018
4205,2023-09-30,Initial recording of the municipality Othmarsingen,1998
4205,2022-09-30,Initial recording of the municipality Othmarsingen,1971
4205,2021-09-30,Initial recording of the municipality Othmarsingen,1946
4205,2020-09-30,Initial recording of the municipality Othmarsingen,1940
4205,2019-09-30,Initial recording of the municipality Othmarsingen,1877
4205,2018-09-30,Initial recording of the municipality Othmarsingen,1845
4205,2017-09-30,Initial recording of the municipality Othmarsingen,1770
4205,2016-09-30,Initial recording of the municipality Othmarsingen,1750
4205,2015-09-30,Initial recording of the municipality Othmarsingen,1729
4205,2014-09-30,Initial recording of the municipality Othmarsingen,1633
4205,2013-09-30,Initial recording of the municipality Othmarsingen,1570
4205,2012-09-30,Initial recording of the municipality Othmarsingen,1499
4205,2011-09-30,Initial recording of the municipality Othmarsingen,1427
4205,2010-09-30,Initial recording of the municipality Othmarsingen,1383
4205,2009-09-30,Initial recording of the municipality Othmarsingen,1373
4205,2008-09-30,Initial recording of the municipality Othmarsingen,1358
4205,2007-09-30,Initial recording of the municipality Othmarsingen,1273
4205,2006-09-30,Initial recording of the municipality Othmarsingen,1257
4205,2005-09-30,Initial recording of the municipality Othmarsingen,1251
4205,2004-09-30,Initial recording of the municipality Othmarsingen,1211
4205,2003-09-30,Initial recording of the municipality Othmarsingen,1185
4205,2002-09-30,Initial recording of the municipality Othmarsingen,1164
4205,2001-09-30,Initial recording of the municipality Othmarsingen,1151
4205,2000-09-30,Initial recording of the municipality Othmarsingen,1142
4205,1999-09-30,Initial recording of the municipality Othmarsingen,1133
4205,1998-09-30,Initial recording of the municipality Othmarsingen,1071
4205,1997-09-30,Initial recording of the municipality Othmarsingen,1035
4205,1996-09-30,Initial recording of the municipality Othmarsingen,1002
4205,1995-09-30,Initial recording of the municipality Othmarsingen,1001
4205,1994-09-30,Initial recording of the municipality Othmarsingen,954
4205,1993-09-30,Initial recording of the municipality Othmarsingen,945
4205,1992-09-30,Initial recording of the municipality Othmarsingen,933
4205,1991-09-30,Initial recording of the municipality Othmarsingen,928
4205,1990-09-30,Initial recording of the municipality Othmarsingen,895
4205,1989-09-30,Initial recording of the municipality Othmarsingen,844
4205,1988-09-30,Initial recording of the municipality Othmarsingen,772
4205,1987-09-30,Initial recording of the municipality Othmarsingen,736
4205,1986-09-30,Initial recording of the municipality Othmarsingen,700
4205,1985-09-30,Initial recording of the municipality Othmarsingen,693
4205,1984-09-30,Initial recording of the municipality Othmarsingen,660
4205,1983-09-30,Initial recording of the municipality Othmarsingen,651
4205,1982-09-30,Initial recording of the municipality Othmarsingen,648
4205,1981-09-30,Initial recording of the municipality Othmarsingen,622
4205,1980-09-30,Initial recording of the municipality Othmarsingen,585
4205,1979-09-30,Initial recording of the municipality Othmarsingen,571
4205,1978-09-30,Initial recording of the municipality Othmarsingen,538
4205,1977-09-30,Initial recording of the municipality Othmarsingen,511
4205,1976-09-30,Initial recording of the municipality Othmarsingen,491
4141,2025-09-30,Initial recording of the municipality Reinach (AG),5882
4141,2024-09-30,Initial recording of the municipality Reinach (AG),5698
4141,2023-09-30,Initial recording of the municipality Reinach (AG),5554
4141,2022-09-30,Initial recording of the municipality Reinach (AG),5396
4141,2021-09-30,Initial recording of the municipality Reinach (AG),5298
4141,2020-09-30,Initial recording of the municipality Reinach (AG),5191
4141,2019-09-30,Initial recording of the municipality Reinach (AG),5132
4141,2018-09-30,Initial recording of the municipality Reinach (AG),5085
4141,2017-09-30,Initial recording of the municipality Reinach (AG),4948
4141,2016-09-30,Initial recording of the municipality Reinach (AG),4770
4141,2015-09-30,Initial recording of the municipality Reinach (AG),4673
4141,2014-09-30,Initial recording of the municipality Reinach (AG),4670
4141,2013-09-30,Initial recording of the municipality Reinach (AG),4669
4141,2012-09-30,Initial recording of the municipality Reinach (AG),4570
4141,2011-09-30,Initial recording of the municipality Reinach (AG),4526
4141,2010-09-30,Initial recording of the municipality Reinach (AG),4409
4141,2009-09-30,Initial recording of the municipality Reinach (AG),4318
4141,2008-09-30,Initial recording of the municipality Reinach (AG),4297
4141,2007-09-30,Initial recording of the municipality Reinach (AG),4236
4141,2006-09-30,Initial recording of the municipality Reinach (AG),4193
4141,2005-09-30,Initial recording of the municipality Reinach (AG),4089
4141,2004-09-30,Initial recording of the municipality Reinach (AG),4082
4141,2003-09-30,Initial recording of the municipality Reinach (AG),4010
4141,2002-09-30,Initial recording of the municipality Reinach (AG),3897
4141,2001-09-30,Initial recording of the municipality Reinach (AG),3824
4141,2000-09-30,Initial recording of the municipality Reinach (AG),3727
4141,1999-09-30,Initial recording of the municipality Reinach (AG),3711
4141,1998-09-30,Initial recording of the municipality Reinach (AG),3595
4141,1997-09-30,Initial recording of the municipality Reinach (AG),3503
4141,1996-09-30,Initial recording of the municipality Reinach (AG),3407
4141,1995-09-30,Initial recording of the municipality Reinach (AG),3389
4141,1994-09-30,Initial recording of the municipality Reinach (AG),3370
4141,1993-09-30,Initial recording of the municipality Reinach (AG),3288
4141,1992-09-30,Initial recording of the municipality Reinach (AG),3271
4141,1991-09-30,Initial recording of the municipality Reinach (AG),3215
4141,1990-09-30,Initial recording of the municipality Reinach (AG),3084
4141,1989-09-30,Initial recording of the municipality Reinach (AG),2992
4141,1988-09-30,Initial recording of the municipality Reinach (AG),2843
4141,1987-09-30,Initial recording of the municipality Reinach (AG),2683
4141,1986-09-30,Initial recording of the municipality Reinach (AG),2605
4141,1985-09-30,Initial recording of the municipality Reinach (AG),2512
4141,1984-09-30,Initial recording of the municipality Reinach (AG),2421
4141,1983-09-30,Initial recording of the municipality Reinach (AG),2277
4141,1982-09-30,Initial recording of the municipality Reinach (AG),2231
4141,1981-09-30,Initial recording of the municipality Reinach (AG),2151
4141,1980-09-30,Initial recording of the municipality Reinach (AG),2064
4141,1979-09-30,Initial recording of the municipality Reinach (AG),1953
4141,1978-09-30,Initial recording of the municipality Reinach (AG),1911
4141,1977-09-30,Initial recording of the municipality Reinach (AG),1817
4141,1976-09-30,Initial recording of the municipality Reinach (AG),1764
4281,2025-09-30,Incorporation of Attelwil into Reitnau,1130
4281,2024-09-30,Incorporation of Attelwil into Reitnau,1107
4281,2023-09-30,Incorporation of Attelwil into Reitnau,1097
4281,2022-09-30,Incorporation of Attelwil into Reitnau,1067
4281,2021-09-30,Incorporation of Attelwil into Reitnau,1062
4281,2020-09-30,Incorporation of Attelwil into Reitnau,1023
4281,2019-09-30,Incorporation of Attelwil into Reitnau,1027
4281,2018-09-30,Initial recording of the municipality Reitnau,815
4281,2017-09-30,Initial recording of the municipality Reitnau,810
4281,2016-09-30,Initial recording of the municipality Reitnau,810
4281,2015-09-30,Initial recording of the municipality Reitnau,787
4281,2014-09-30,Initial recording of the municipality Reitnau,800
4281,2013-09-30,Initial recording of the municipality Reitnau,766
4281,2012-09-30,Initial recording of the municipality Reitnau,739
4281,2011-09-30,Initial recording of the municipality Reitnau,721
4281,2010-09-30,Initial recording of the municipality Reitnau,713
4281,2009-09-30,Initial recording of the municipality Reitnau,688
4281,2008-09-30,Initial recording of the municipality Reitnau,685
4281,2007-09-30,Initial recording of the municipality Reitnau,683
4281,2006-09-30,Initial recording of the municipality Reitnau,663
4281,2005-09-30,Initial recording of the municipality Reitnau,640
4281,2004-09-30,Initial recording of the municipality Reitnau,630
4281,2003-09-30,Initial recording of the municipality Reitnau,630
4281,2002-09-30,Initial recording of the municipality Reitnau,621
4281,2001-09-30,Initial recording of the municipality Reitnau,618
4281,2000-09-30,Initial recording of the municipality Reitnau,613
4281,1999-09-30,Initial recording of the municipality Reitnau,595
4281,1998-09-30,Initial recording of the municipality Reitnau,594
4281,1997-09-30,Initial recording of the municipality Reitnau,565
4281,1996-09-30,Initial recording of the municipality Reitnau,536
4281,1995-09-30,Initial recording of the municipality Reitnau,511
4281,1994-09-30,Initial recording of the municipality Reitnau,483
4281,1993-09-30,Initial recording of the municipality Reitnau,460
4281,1992-09-30,Initial recording of the municipality Reitnau,443
4281,1991-09-30,Initial recording of the municipality Reitnau,418
4281,1990-09-30,Initial recording of the municipality Reitnau,407
4281,1989-09-30,Initial recording of the municipality Reitnau,410
4281,1988-09-30,Initial recording of the municipality Reitnau,395
4281,1987-09-30,Initial recording of the municipality Reitnau,360
4281,1986-09-30,Initial recording of the municipality Reitnau,364
4281,1985-09-30,Initial recording of the municipality Reitnau,345
4281,1984-09-30,Initial recording of the municipality Reitnau,327
4281,1983-09-30,Initial recording of the municipality Reitnau,310
4281,1982-09-30,Initial recording of the municipality Reitnau,292
4281,1981-09-30,Initial recording of the municipality Reitnau,280
4281,1980-09-30,Initial recording of the municipality Reitnau,272
4281,1979-09-30,Initial recording of the municipality Reitnau,262
4281,1978-09-30,Initial recording of the municipality Reitnau,238
4281,1977-09-30,Initial recording of the municipality Reitnau,218
4281,1976-09-30,Initial recording of the municipality Reitnau,214
4315,2021-09-30,Initial recording of the municipality Rekingen (AG),613
4315,2020-09-30,Initial recording of the municipality Rekingen (AG),616
4315,2019-09-30,Initial recording of the municipality Rekingen (AG),635
4315,2018-09-30,Initial recording of the municipality Rekingen (AG),635
4315,2017-09-30,Initial recording of the municipality Rekingen (AG),636
4315,2016-09-30,Initial recording of the municipality Rekingen (AG),618
4315,2015-09-30,Initial recording of the municipality Rekingen (AG),601
4315,2014-09-30,Initial recording of the municipality Rekingen (AG),614
4315,2013-09-30,Initial recording of the municipality Rekingen (AG),603
4315,2012-09-30,Initial recording of the municipality Rekingen (AG),598
4315,2011-09-30,Initial recording of the municipality Rekingen (AG),587
4315,2010-09-30,Initial recording of the municipality Rekingen (AG),542
4315,2009-09-30,Initial recording of the municipality Rekingen (AG),528
4315,2008-09-30,Initial recording of the municipality Rekingen (AG),523
4315,2007-09-30,Initial recording of the municipality Rekingen (AG),516
4315,2006-09-30,Initial recording of the municipality Rekingen (AG),516
4315,2005-09-30,Initial recording of the municipality Rekingen (AG),516
4315,2004-09-30,Initial recording of the municipality Rekingen (AG),533
4315,2003-09-30,Initial recording of the municipality Rekingen (AG),532
4315,2002-09-30,Initial recording of the municipality Rekingen (AG),508
4315,2001-09-30,Initial recording of the municipality Rekingen (AG),503
4315,2000-09-30,Initial recording of the municipality Rekingen (AG),477
4315,1999-09-30,Initial recording of the municipality Rekingen (AG),477
4315,1998-09-30,Initial recording of the municipality Rekingen (AG),458
4315,1997-09-30,Initial recording of the municipality Rekingen (AG),423
4315,1996-09-30,Initial recording of the municipality Rekingen (AG),417
4315,1995-09-30,Initial recording of the municipality Rekingen (AG),426
4315,1994-09-30,Initial recording of the municipality Rekingen (AG),428
4315,1993-09-30,Initial recording of the municipality Rekingen (AG),422
4315,1992-09-30,Initial recording of the municipality Rekingen (AG),404
4315,1991-09-30,Initial recording of the municipality Rekingen (AG),399
4315,1990-09-30,Initial recording of the municipality Rekingen (AG),393
4315,1989-09-30,Initial recording of the municipality Rekingen (AG),382
4315,1988-09-30,Initial recording of the municipality Rekingen (AG),334
4315,1987-09-30,Initial recording of the municipality Rekingen (AG),301
4315,1986-09-30,Initial recording of the municipality Rekingen (AG),287
4315,1985-09-30,Initial recording of the municipality Rekingen (AG),287
4315,1984-09-30,Initial recording of the municipality Rekingen (AG),276
4315,1983-09-30,Initial recording of the municipality Rekingen (AG),262
4315,1982-09-30,Initial recording of the municipality Rekingen (AG),258
4315,1981-09-30,Initial recording of the municipality Rekingen (AG),262
4315,1980-09-30,Initial recording of the municipality Rekingen (AG),260
4315,1979-09-30,Initial recording of the municipality Rekingen (AG),254
4315,1978-09-30,Initial recording of the municipality Rekingen (AG),245
4315,1977-09-30,Initial recording of the municipality Rekingen (AG),239
4315,1976-09-30,Initial recording of the municipality Rekingen (AG),239
4039,2025-09-30,Initial recording of the municipality Remetschwil,1450
4039,2024-09-30,Initial recording of the municipality Remetschwil,1405
4039,2023-09-30,Initial recording of the municipality Remetschwil,1421
4039,2022-09-30,Initial recording of the municipality Remetschwil,1404
4039,2021-09-30,Initial recording of the municipality Remetschwil,1382
4039,2020-09-30,Initial recording of the municipality Remetschwil,1356
4039,2019-09-30,Initial recording of the municipality Remetschwil,1342
4039,2018-09-30,Initial recording of the municipality Remetschwil,1368
4039,2017-09-30,Initial recording of the municipality Remetschwil,1401
4039,2016-09-30,Initial recording of the municipality Remetschwil,1404
4039,2015-09-30,Initial recording of the municipality Remetschwil,1340
4039,2014-09-30,Initial recording of the municipality Remetschwil,1319
4039,2013-09-30,Initial recording of the municipality Remetschwil,1311
4039,2012-09-30,Initial recording of the municipality Remetschwil,1272
4039,2011-09-30,Initial recording of the municipality Remetschwil,1233
4039,2010-09-30,Initial recording of the municipality Remetschwil,1177
4039,2009-09-30,Initial recording of the municipality Remetschwil,1188
4039,2008-09-30,Initial recording of the municipality Remetschwil,1197
4039,2007-09-30,Initial recording of the municipality Remetschwil,1189
4039,2006-09-30,Initial recording of the municipality Remetschwil,1185
4039,2005-09-30,Initial recording of the municipality Remetschwil,1176
4039,2004-09-30,Initial recording of the municipality Remetschwil,1135
4039,2003-09-30,Initial recording of the municipality Remetschwil,1108
4039,2002-09-30,Initial recording of the municipality Remetschwil,1070
4039,2001-09-30,Initial recording of the municipality Remetschwil,1047
4039,2000-09-30,Initial recording of the municipality Remetschwil,1033
4039,1999-09-30,Initial recording of the municipality Remetschwil,978
4039,1998-09-30,Initial recording of the municipality Remetschwil,938
4039,1997-09-30,Initial recording of the municipality Remetschwil,900
4039,1996-09-30,Initial recording of the municipality Remetschwil,867
4039,1995-09-30,Initial recording of the municipality Remetschwil,792
4039,1994-09-30,Initial recording of the municipality Remetschwil,702
4039,1993-09-30,Initial recording of the municipality Remetschwil,692
4039,1992-09-30,Initial recording of the municipality Remetschwil,633
4039,1991-09-30,Initial recording of the municipality Remetschwil,634
4039,1990-09-30,Initial recording of the municipality Remetschwil,589
4039,1989-09-30,Initial recording of the municipality Remetschwil,555
4039,1988-09-30,Initial recording of the municipality Remetschwil,529
4039,1987-09-30,Initial recording of the municipality Remetschwil,512
4039,1986-09-30,Initial recording of the municipality Remetschwil,476
4039,1985-09-30,Initial recording of the municipality Remetschwil,396
4039,1984-09-30,Initial recording of the municipality Remetschwil,365
4039,1983-09-30,Initial recording of the municipality Remetschwil,339
4039,1982-09-30,Initial recording of the municipality Remetschwil,325
4039,1981-09-30,Initial recording of the municipality Remetschwil,309
4039,1980-09-30,Initial recording of the municipality Remetschwil,277
4039,1979-09-30,Initial recording of the municipality Remetschwil,248
4039,1978-09-30,Initial recording of the municipality Remetschwil,234
4039,1977-09-30,Initial recording of the municipality Remetschwil,219
4039,1976-09-30,Initial recording of the municipality Remetschwil,179
4110,2025-09-30,Initial recording of the municipality Remigen,883
4110,2024-09-30,Initial recording of the municipality Remigen,889
4110,2023-09-30,Initial recording of the municipality Remigen,894
4110,2022-09-30,Initial recording of the municipality Remigen,891
4110,2021-09-30,Initial recording of the municipality Remigen,875
4110,2020-09-30,Initial recording of the municipality Remigen,856
4110,2019-09-30,Initial recording of the municipality Remigen,737
4110,2018-09-30,Initial recording of the municipality Remigen,707
4110,2017-09-30,Initial recording of the municipality Remigen,685
4110,2016-09-30,Initial recording of the municipality Remigen,686
4110,2015-09-30,Initial recording of the municipality Remigen,688
4110,2014-09-30,Initial recording of the municipality Remigen,675
4110,2013-09-30,Initial recording of the municipality Remigen,677
4110,2012-09-30,Initial recording of the municipality Remigen,674
4110,2011-09-30,Initial recording of the municipality Remigen,645
4110,2010-09-30,Initial recording of the municipality Remigen,665
4110,2009-09-30,Initial recording of the municipality Remigen,647
4110,2008-09-30,Initial recording of the municipality Remigen,641
4110,2007-09-30,Initial recording of the municipality Remigen,627
4110,2006-09-30,Initial recording of the municipality Remigen,618
4110,2005-09-30,Initial recording of the municipality Remigen,613
4110,2004-09-30,Initial recording of the municipality Remigen,609
4110,2003-09-30,Initial recording of the municipality Remigen,592
4110,2002-09-30,Initial recording of the municipality Remigen,569
4110,2001-09-30,Initial recording of the municipality Remigen,556
4110,2000-09-30,Initial recording of the municipality Remigen,539
4110,1999-09-30,Initial recording of the municipality Remigen,529
4110,1998-09-30,Initial recording of the municipality Remigen,519
4110,1997-09-30,Initial recording of the municipality Remigen,513
4110,1996-09-30,Initial recording of the municipality Remigen,489
4110,1995-09-30,Initial recording of the municipality Remigen,473
4110,1994-09-30,Initial recording of the municipality Remigen,471
4110,1993-09-30,Initial recording of the municipality Remigen,450
4110,1992-09-30,Initial recording of the municipality Remigen,432
4110,1991-09-30,Initial recording of the municipality Remigen,431
4110,1990-09-30,Initial recording of the municipality Remigen,420
4110,1989-09-30,Initial recording of the municipality Remigen,418
4110,1988-09-30,Initial recording of the municipality Remigen,348
4110,1987-09-30,Initial recording of the municipality Remigen,323
4110,1986-09-30,Initial recording of the municipality Remigen,305
4110,1985-09-30,Initial recording of the municipality Remigen,301
4110,1984-09-30,Initial recording of the municipality Remigen,291
4110,1983-09-30,Initial recording of the municipality Remigen,275
4110,1982-09-30,Initial recording of the municipality Remigen,254
4110,1981-09-30,Initial recording of the municipality Remigen,235
4110,1980-09-30,Initial recording of the municipality Remigen,219
4110,1979-09-30,Initial recording of the municipality Remigen,219
4110,1978-09-30,Initial recording of the municipality Remigen,204
4110,1977-09-30,Initial recording of the municipality Remigen,194
4110,1976-09-30,Initial recording of the municipality Remigen,176
4258,2025-09-30,Initial recording of the municipality Rheinfelden,6925
4258,2024-09-30,Initial recording of the municipality Rheinfelden,6823
4258,2023-09-30,Initial recording of the municipality Rheinfelden,6815
4258,2022-09-30,Initial recording of the municipality Rheinfelden,6798
4258,2021-09-30,Initial recording of the municipality Rheinfelden,6794
4258,2020-09-30,Initial recording of the municipality Rheinfelden,6701
4258,2019-09-30,Initial recording of the municipality Rheinfelden,6684
4258,2018-09-30,Initial recording of the municipality Rheinfelden,6745
4258,2017-09-30,Initial recording of the municipality Rheinfelden,6742
4258,2016-09-30,Initial recording of the municipality Rheinfelden,6657
4258,2015-09-30,Initial recording of the municipality Rheinfelden,6429
4258,2014-09-30,Initial recording of the municipality Rheinfelden,6280
4258,2013-09-30,Initial recording of the municipality Rheinfelden,6059
4258,2012-09-30,Initial recording of the municipality Rheinfelden,5876
4258,2011-09-30,Initial recording of the municipality Rheinfelden,5753
4258,2010-09-30,Initial recording of the municipality Rheinfelden,5649
4258,2009-09-30,Initial recording of the municipality Rheinfelden,5455
4258,2008-09-30,Initial recording of the municipality Rheinfelden,5251
4258,2007-09-30,Initial recording of the municipality Rheinfelden,5097
4258,2006-09-30,Initial recording of the municipality Rheinfelden,5096
4258,2005-09-30,Initial recording of the municipality Rheinfelden,4997
4258,2004-09-30,Initial recording of the municipality Rheinfelden,5027
4258,2003-09-30,Initial recording of the municipality Rheinfelden,4968
4258,2002-09-30,Initial recording of the municipality Rheinfelden,4890
4258,2001-09-30,Initial recording of the municipality Rheinfelden,4795
4258,2000-09-30,Initial recording of the municipality Rheinfelden,4652
4258,1999-09-30,Initial recording of the municipality Rheinfelden,4523
4258,1998-09-30,Initial recording of the municipality Rheinfelden,4410
4258,1997-09-30,Initial recording of the municipality Rheinfelden,4347
4258,1996-09-30,Initial recording of the municipality Rheinfelden,4345
4258,1995-09-30,Initial recording of the municipality Rheinfelden,4187
4258,1994-09-30,Initial recording of the municipality Rheinfelden,4059
4258,1993-09-30,Initial recording of the municipality Rheinfelden,4010
4258,1992-09-30,Initial recording of the municipality Rheinfelden,3930
4258,1991-09-30,Initial recording of the municipality Rheinfelden,3920
4258,1990-09-30,Initial recording of the municipality Rheinfelden,3845
4258,1989-09-30,Initial recording of the municipality Rheinfelden,3729
4258,1988-09-30,Initial recording of the municipality Rheinfelden,3643
4258,1987-09-30,Initial recording of the municipality Rheinfelden,3512
4258,1986-09-30,Initial recording of the municipality Rheinfelden,3395
4258,1985-09-30,Initial recording of the municipality Rheinfelden,3345
4258,1984-09-30,Initial recording of the municipality Rheinfelden,3222
4258,1983-09-30,Initial recording of the municipality Rheinfelden,3155
4258,1982-09-30,Initial recording of the municipality Rheinfelden,3149
4258,1981-09-30,Initial recording of the municipality Rheinfelden,3098
4258,1980-09-30,Initial recording of the municipality Rheinfelden,2949
4258,1979-09-30,Initial recording of the municipality Rheinfelden,2783
4258,1978-09-30,Initial recording of the municipality Rheinfelden,2541
4258,1977-09-30,Initial recording of the municipality Rheinfelden,2297
4258,1976-09-30,Initial recording of the municipality Rheinfelden,2304
4316,2021-09-30,Initial recording of the municipality Rietheim,465
4316,2020-09-30,Initial recording of the municipality Rietheim,458
4316,2019-09-30,Initial recording of the municipality Rietheim,445
4316,2018-09-30,Initial recording of the municipality Rietheim,448
4316,2017-09-30,Initial recording of the municipality Rietheim,454
4316,2016-09-30,Initial recording of the municipality Rietheim,434
4316,2015-09-30,Initial recording of the municipality Rietheim,424
4316,2014-09-30,Initial recording of the municipality Rietheim,425
4316,2013-09-30,Initial recording of the municipality Rietheim,402
4316,2012-09-30,Initial recording of the municipality Rietheim,383
4316,2011-09-30,Initial recording of the municipality Rietheim,376
4316,2010-09-30,Initial recording of the municipality Rietheim,367
4316,2009-09-30,Initial recording of the municipality Rietheim,359
4316,2008-09-30,Initial recording of the municipality Rietheim,350
4316,2007-09-30,Initial recording of the municipality Rietheim,326
4316,2006-09-30,Initial recording of the municipality Rietheim,318
4316,2005-09-30,Initial recording of the municipality Rietheim,321
4316,2004-09-30,Initial recording of the municipality Rietheim,320
4316,2003-09-30,Initial recording of the municipality Rietheim,302
4316,2002-09-30,Initial recording of the municipality Rietheim,282
4316,2001-09-30,Initial recording of the municipality Rietheim,283
4316,2000-09-30,Initial recording of the municipality Rietheim,268
4316,1999-09-30,Initial recording of the municipality Rietheim,277
4316,1998-09-30,Initial recording of the municipality Rietheim,267
4316,1997-09-30,Initial recording of the municipality Rietheim,257
4316,1996-09-30,Initial recording of the municipality Rietheim,250
4316,1995-09-30,Initial recording of the municipality Rietheim,238
4316,1994-09-30,Initial recording of the municipality Rietheim,242
4316,1993-09-30,Initial recording of the municipality Rietheim,222
4316,1992-09-30,Initial recording of the municipality Rietheim,200
4316,1991-09-30,Initial recording of the municipality Rietheim,196
4316,1990-09-30,Initial recording of the municipality Rietheim,195
4316,1989-09-30,Initial recording of the municipality Rietheim,188
4316,1988-09-30,Initial recording of the municipality Rietheim,187
4316,1987-09-30,Initial recording of the municipality Rietheim,185
4316,1986-09-30,Initial recording of the municipality Rietheim,178
4316,1985-09-30,Initial recording of the municipality Rietheim,161
4316,1984-09-30,Initial recording of the municipality Rietheim,177
4316,1983-09-30,Initial recording of the municipality Rietheim,167
4316,1982-09-30,Initial recording of the municipality Rietheim,163
4316,1981-09-30,Initial recording of the municipality Rietheim,154
4316,1980-09-30,Initial recording of the municipality Rietheim,149
4316,1979-09-30,Initial recording of the municipality Rietheim,140
4316,1978-09-30,Initial recording of the municipality Rietheim,129
4316,1977-09-30,Initial recording of the municipality Rietheim,125
4316,1976-09-30,Initial recording of the municipality Rietheim,112
4111,2025-09-30,Initial recording of the municipality Riniken,863
4111,2024-09-30,Initial recording of the municipality Riniken,847
4111,2023-09-30,Initial recording of the municipality Riniken,843
4111,2022-09-30,Initial recording of the municipality Riniken,827
4111,2021-09-30,Initial recording of the municipality Riniken,818
4111,2020-09-30,Initial recording of the municipality Riniken,815
4111,2019-09-30,Initial recording of the municipality Riniken,792
4111,2018-09-30,Initial recording of the municipality Riniken,800
4111,2017-09-30,Initial recording of the municipality Riniken,805
4111,2016-09-30,Initial recording of the municipality Riniken,808
4111,2015-09-30,Initial recording of the municipality Riniken,829
4111,2014-09-30,Initial recording of the municipality Riniken,836
4111,2013-09-30,Initial recording of the municipality Riniken,816
4111,2012-09-30,Initial recording of the municipality Riniken,807
4111,2011-09-30,Initial recording of the municipality Riniken,793
4111,2010-09-30,Initial recording of the municipality Riniken,784
4111,2009-09-30,Initial recording of the municipality Riniken,756
4111,2008-09-30,Initial recording of the municipality Riniken,739
4111,2007-09-30,Initial recording of the municipality Riniken,722
4111,2006-09-30,Initial recording of the municipality Riniken,699
4111,2005-09-30,Initial recording of the municipality Riniken,688
4111,2004-09-30,Initial recording of the municipality Riniken,679
4111,2003-09-30,Initial recording of the municipality Riniken,678
4111,2002-09-30,Initial recording of the municipality Riniken,675
4111,2001-09-30,Initial recording of the municipality Riniken,676
4111,2000-09-30,Initial recording of the municipality Riniken,649
4111,1999-09-30,Initial recording of the municipality Riniken,643
4111,1998-09-30,Initial recording of the municipality Riniken,638
4111,1997-09-30,Initial recording of the municipality Riniken,621
4111,1996-09-30,Initial recording of the municipality Riniken,628
4111,1995-09-30,Initial recording of the municipality Riniken,613
4111,1994-09-30,Initial recording of the municipality Riniken,620
4111,1993-09-30,Initial recording of the municipality Riniken,618
4111,1992-09-30,Initial recording of the municipality Riniken,639
4111,1991-09-30,Initial recording of the municipality Riniken,632
4111,1990-09-30,Initial recording of the municipality Riniken,623
4111,1989-09-30,Initial recording of the municipality Riniken,611
4111,1988-09-30,Initial recording of the municipality Riniken,592
4111,1987-09-30,Initial recording of the municipality Riniken,582
4111,1986-09-30,Initial recording of the municipality Riniken,552
4111,1985-09-30,Initial recording of the municipality Riniken,528
4111,1984-09-30,Initial recording of the municipality Riniken,524
4111,1983-09-30,Initial recording of the municipality Riniken,513
4111,1982-09-30,Initial recording of the municipality Riniken,475
4111,1981-09-30,Initial recording of the municipality Riniken,461
4111,1980-09-30,Initial recording of the municipality Riniken,436
4111,1979-09-30,Initial recording of the municipality Riniken,421
4111,1978-09-30,Initial recording of the municipality Riniken,407
4111,1977-09-30,Initial recording of the municipality Riniken,386
4111,1976-09-30,Initial recording of the municipality Riniken,348
4011,2009-09-30,Initial recording of the municipality Rohr (AG),1711
4011,2008-09-30,Initial recording of the municipality Rohr (AG),1668
4011,2007-09-30,Initial recording of the municipality Rohr (AG),1611
4011,2006-09-30,Initial recording of the municipality Rohr (AG),1538
4011,2005-09-30,Initial recording of the municipality Rohr (AG),1517
4011,2004-09-30,Initial recording of the municipality Rohr (AG),1487
4011,2003-09-30,Initial recording of the municipality Rohr (AG),1484
4011,2002-09-30,Initial recording of the municipality Rohr (AG),1451
4011,2001-09-30,Initial recording of the municipality Rohr (AG),1398
4011,2000-09-30,Initial recording of the municipality Rohr (AG),1400
4011,1999-09-30,Initial recording of the municipality Rohr (AG),1352
4011,1998-09-30,Initial recording of the municipality Rohr (AG),1267
4011,1997-09-30,Initial recording of the municipality Rohr (AG),1255
4011,1996-09-30,Initial recording of the municipality Rohr (AG),1235
4011,1995-09-30,Initial recording of the municipality Rohr (AG),1206
4011,1994-09-30,Initial recording of the municipality Rohr (AG),1160
4011,1993-09-30,Initial recording of the municipality Rohr (AG),1091
4011,1992-09-30,Initial recording of the municipality Rohr (AG),1055
4011,1991-09-30,Initial recording of the municipality Rohr (AG),1055
4011,1990-09-30,Initial recording of the municipality Rohr (AG),1034
4011,1989-09-30,Initial recording of the municipality Rohr (AG),995
4011,1988-09-30,Initial recording of the municipality Rohr (AG),945
4011,1987-09-30,Initial recording of the municipality Rohr (AG),947
4011,1986-09-30,Initial recording of the municipality Rohr (AG),925
4011,1985-09-30,Initial recording of the municipality Rohr (AG),909
4011,1984-09-30,Initial recording of the municipality Rohr (AG),895
4011,1983-09-30,Initial recording of the municipality Rohr (AG),855
4011,1982-09-30,Initial recording of the municipality Rohr (AG),836
4011,1981-09-30,Initial recording of the municipality Rohr (AG),797
4011,1980-09-30,Initial recording of the municipality Rohr (AG),775
4011,1979-09-30,Initial recording of the municipality Rohr (AG),744
4011,1978-09-30,Initial recording of the municipality Rohr (AG),740
4011,1977-09-30,Initial recording of the municipality Rohr (AG),697
4011,1976-09-30,Initial recording of the municipality Rohr (AG),689
4282,2025-09-30,Initial recording of the municipality Rothrist,6215
4282,2024-09-30,Initial recording of the municipality Rothrist,6223
4282,2023-09-30,Initial recording of the municipality Rothrist,6105
4282,2022-09-30,Initial recording of the municipality Rothrist,5954
4282,2021-09-30,Initial recording of the municipality Rothrist,5955
4282,2020-09-30,Initial recording of the municipality Rothrist,5833
4282,2019-09-30,Initial recording of the municipality Rothrist,5790
4282,2018-09-30,Initial recording of the municipality Rothrist,5788
4282,2017-09-30,Initial recording of the municipality Rothrist,5607
4282,2016-09-30,Initial recording of the municipality Rothrist,5587
4282,2015-09-30,Initial recording of the municipality Rothrist,5391
4282,2014-09-30,Initial recording of the municipality Rothrist,5207
4282,2013-09-30,Initial recording of the municipality Rothrist,5119
4282,2012-09-30,Initial recording of the municipality Rothrist,5003
4282,2011-09-30,Initial recording of the municipality Rothrist,4883
4282,2010-09-30,Initial recording of the municipality Rothrist,4741
4282,2009-09-30,Initial recording of the municipality Rothrist,4669
4282,2008-09-30,Initial recording of the municipality Rothrist,4570
4282,2007-09-30,Initial recording of the municipality Rothrist,4508
4282,2006-09-30,Initial recording of the municipality Rothrist,4433
4282,2005-09-30,Initial recording of the municipality Rothrist,4320
4282,2004-09-30,Initial recording of the municipality Rothrist,4225
4282,2003-09-30,Initial recording of the municipality Rothrist,4124
4282,2002-09-30,Initial recording of the municipality Rothrist,4061
4282,2001-09-30,Initial recording of the municipality Rothrist,3906
4282,2000-09-30,Initial recording of the municipality Rothrist,3789
4282,1999-09-30,Initial recording of the municipality Rothrist,3736
4282,1998-09-30,Initial recording of the municipality Rothrist,3650
4282,1997-09-30,Initial recording of the municipality Rothrist,3552
4282,1996-09-30,Initial recording of the municipality Rothrist,3479
4282,1995-09-30,Initial recording of the municipality Rothrist,3411
4282,1994-09-30,Initial recording of the municipality Rothrist,3347
4282,1993-09-30,Initial recording of the municipality Rothrist,3220
4282,1992-09-30,Initial recording of the municipality Rothrist,3178
4282,1991-09-30,Initial recording of the municipality Rothrist,3205
4282,1990-09-30,Initial recording of the municipality Rothrist,3108
4282,1989-09-30,Initial recording of the municipality Rothrist,2988
4282,1988-09-30,Initial recording of the municipality Rothrist,2895
4282,1987-09-30,Initial recording of the municipality Rothrist,2738
4282,1986-09-30,Initial recording of the municipality Rothrist,2634
4282,1985-09-30,Initial recording of the municipality Rothrist,2541
4282,1984-09-30,Initial recording of the municipality Rothrist,2457
4282,1983-09-30,Initial recording of the municipality Rothrist,2336
4282,1982-09-30,Initial recording of the municipality Rothrist,2292
4282,1981-09-30,Initial recording of the municipality Rothrist,2202
4282,1980-09-30,Initial recording of the municipality Rothrist,2070
4282,1979-09-30,Initial recording of the municipality Rothrist,2003
4282,1978-09-30,Initial recording of the municipality Rothrist,1880
4282,1977-09-30,Initial recording of the municipality Rothrist,1809
4282,1976-09-30,Initial recording of the municipality Rothrist,1741
4238,2025-09-30,Initial recording of the municipality Rottenschwil,719
4238,2024-09-30,Initial recording of the municipality Rottenschwil,688
4238,2023-09-30,Initial recording of the municipality Rottenschwil,669
4238,2022-09-30,Initial recording of the municipality Rottenschwil,668
4238,2021-09-30,Initial recording of the municipality Rottenschwil,651
4238,2020-09-30,Initial recording of the municipality Rottenschwil,633
4238,2019-09-30,Initial recording of the municipality Rottenschwil,627
4238,2018-09-30,Initial recording of the municipality Rottenschwil,580
4238,2017-09-30,Initial recording of the municipality Rottenschwil,578
4238,2016-09-30,Initial recording of the municipality Rottenschwil,547
4238,2015-09-30,Initial recording of the municipality Rottenschwil,562
4238,2014-09-30,Initial recording of the municipality Rottenschwil,547
4238,2013-09-30,Initial recording of the municipality Rottenschwil,524
4238,2012-09-30,Initial recording of the municipality Rottenschwil,507
4238,2011-09-30,Initial recording of the municipality Rottenschwil,520
4238,2010-09-30,Initial recording of the municipality Rottenschwil,529
4238,2009-09-30,Initial recording of the municipality Rottenschwil,514
4238,2008-09-30,Initial recording of the municipality Rottenschwil,495
4238,2007-09-30,Initial recording of the municipality Rottenschwil,495
4238,2006-09-30,Initial recording of the municipality Rottenschwil,481
4238,2005-09-30,Initial recording of the municipality Rottenschwil,504
4238,2004-09-30,Initial recording of the municipality Rottenschwil,486
4238,2003-09-30,Initial recording of the municipality Rottenschwil,473
4238,2002-09-30,Initial recording of the municipality Rottenschwil,445
4238,2001-09-30,Initial recording of the municipality Rottenschwil,435
4238,2000-09-30,Initial recording of the municipality Rottenschwil,417
4238,1999-09-30,Initial recording of the municipality Rottenschwil,411
4238,1998-09-30,Initial recording of the municipality Rottenschwil,409
4238,1997-09-30,Initial recording of the municipality Rottenschwil,389
4238,1996-09-30,Initial recording of the municipality Rottenschwil,384
4238,1995-09-30,Initial recording of the municipality Rottenschwil,357
4238,1994-09-30,Initial recording of the municipality Rottenschwil,320
4238,1993-09-30,Initial recording of the municipality Rottenschwil,320
4238,1992-09-30,Initial recording of the municipality Rottenschwil,310
4238,1991-09-30,Initial recording of the municipality Rottenschwil,306
4238,1990-09-30,Initial recording of the municipality Rottenschwil,281
4238,1989-09-30,Initial recording of the municipality Rottenschwil,278
4238,1988-09-30,Initial recording of the municipality Rottenschwil,247
4238,1987-09-30,Initial recording of the municipality Rottenschwil,237
4238,1986-09-30,Initial recording of the municipality Rottenschwil,228
4238,1985-09-30,Initial recording of the municipality Rottenschwil,195
4238,1984-09-30,Initial recording of the municipality Rottenschwil,146
4238,1983-09-30,Initial recording of the municipality Rottenschwil,134
4238,1982-09-30,Initial recording of the municipality Rottenschwil,130
4238,1981-09-30,Initial recording of the municipality Rottenschwil,131
4238,1980-09-30,Initial recording of the municipality Rottenschwil,130
4238,1979-09-30,Initial recording of the municipality Rottenschwil,117
4238,1978-09-30,Initial recording of the municipality Rottenschwil,112
4238,1977-09-30,Initial recording of the municipality Rottenschwil,111
4238,1976-09-30,Initial recording of the municipality Rottenschwil,92
4075,2025-09-30,Initial recording of the municipality Rudolfstetten-Friedlisberg,2578
4075,2024-09-30,Initial recording of the municipality Rudolfstetten-Friedlisberg,2578
4075,2023-09-30,Initial recording of the municipality Rudolfstetten-Friedlisberg,2548
4075,2022-09-30,Initial recording of the municipality Rudolfstetten-Friedlisberg,2564
4075,2021-09-30,Initial recording of the municipality Rudolfstetten-Friedlisberg,2547
4075,2020-09-30,Initial recording of the municipality Rudolfstetten-Friedlisberg,2555
4075,2019-09-30,Initial recording of the municipality Rudolfstetten-Friedlisberg,2524
4075,2018-09-30,Initial recording of the municipality Rudolfstetten-Friedlisberg,2493
4075,2017-09-30,Initial recording of the municipality Rudolfstetten-Friedlisberg,2516
4075,2016-09-30,Initial recording of the municipality Rudolfstetten-Friedlisberg,2506
4075,2015-09-30,Initial recording of the municipality Rudolfstetten-Friedlisberg,2478
4075,2014-09-30,Initial recording of the municipality Rudolfstetten-Friedlisberg,2419
4075,2013-09-30,Initial recording of the municipality Rudolfstetten-Friedlisberg,2433
4075,2012-09-30,Initial recording of the municipality Rudolfstetten-Friedlisberg,2400
4075,2011-09-30,Initial recording of the municipality Rudolfstetten-Friedlisberg,2327
4075,2010-09-30,Initial recording of the municipality Rudolfstetten-Friedlisberg,2277
4075,2009-09-30,Initial recording of the municipality Rudolfstetten-Friedlisberg,2253
4075,2008-09-30,Initial recording of the municipality Rudolfstetten-Friedlisberg,2233
4075,2007-09-30,Initial recording of the municipality Rudolfstetten-Friedlisberg,2241
4075,2006-09-30,Initial recording of the municipality Rudolfstetten-Friedlisberg,2170
4075,2005-09-30,Initial recording of the municipality Rudolfstetten-Friedlisberg,2150
4075,2004-09-30,Initial recording of the municipality Rudolfstetten-Friedlisberg,2119
4075,2003-09-30,Initial recording of the municipality Rudolfstetten-Friedlisberg,2104
4075,2002-09-30,Initial recording of the municipality Rudolfstetten-Friedlisberg,2087
4075,2001-09-30,Initial recording of the municipality Rudolfstetten-Friedlisberg,2110
4075,2000-09-30,Initial recording of the municipality Rudolfstetten-Friedlisberg,2097
4075,1999-09-30,Initial recording of the municipality Rudolfstetten-Friedlisberg,2066
4075,1998-09-30,Initial recording of the municipality Rudolfstetten-Friedlisberg,2049
4075,1997-09-30,Initial recording of the municipality Rudolfstetten-Friedlisberg,2012
4075,1996-09-30,Initial recording of the municipality Rudolfstetten-Friedlisberg,2037
4075,1995-09-30,Initial recording of the municipality Rudolfstetten-Friedlisberg,2018
4075,1994-09-30,Initial recording of the municipality Rudolfstetten-Friedlisberg,2013
4075,1993-09-30,Initial recording of the municipality Rudolfstetten-Friedlisberg,2043
4075,1992-09-30,Initial recording of the municipality Rudolfstetten-Friedlisberg,2006
4075,1991-09-30,Initial recording of the municipality Rudolfstetten-Friedlisberg,1985
4075,1990-09-30,Initial recording of the municipality Rudolfstetten-Friedlisberg,1966
4075,1989-09-30,Initial recording of the municipality Rudolfstetten-Friedlisberg,1907
4075,1988-09-30,Initial recording of the municipality Rudolfstetten-Friedlisberg,1905
4075,1987-09-30,Initial recording of the municipality Rudolfstetten-Friedlisberg,1811
4075,1986-09-30,Initial recording of the municipality Rudolfstetten-Friedlisberg,1782
4075,1985-09-30,Initial recording of the municipality Rudolfstetten-Friedlisberg,1745
4075,1984-09-30,Initial recording of the municipality Rudolfstetten-Friedlisberg,1682
4075,1983-09-30,Initial recording of the municipality Rudolfstetten-Friedlisberg,1668
4075,1982-09-30,Initial recording of the municipality Rudolfstetten-Friedlisberg,1650
4075,1981-09-30,Initial recording of the municipality Rudolfstetten-Friedlisberg,1594
4075,1980-09-30,Initial recording of the municipality Rudolfstetten-Friedlisberg,1526
4075,1979-09-30,Initial recording of the municipality Rudolfstetten-Friedlisberg,1389
4075,1978-09-30,Initial recording of the municipality Rudolfstetten-Friedlisberg,1265
4075,1977-09-30,Initial recording of the municipality Rudolfstetten-Friedlisberg,1121
4075,1976-09-30,Initial recording of the municipality Rudolfstetten-Friedlisberg,1152
4206,2025-09-30,Initial recording of the municipality Rupperswil,3851
4206,2024-09-30,Initial recording of the municipality Rupperswil,3753
4206,2023-09-30,Initial recording of the municipality Rupperswil,3630
4206,2022-09-30,Initial recording of the municipality Rupperswil,3572
4206,2021-09-30,Initial recording of the municipality Rupperswil,3554
4206,2020-09-30,Initial recording of the municipality Rupperswil,3442
4206,2019-09-30,Initial recording of the municipality Rupperswil,3369
4206,2018-09-30,Initial recording of the municipality Rupperswil,3439
4206,2017-09-30,Initial recording of the municipality Rupperswil,3387
4206,2016-09-30,Initial recording of the municipality Rupperswil,3329
4206,2015-09-30,Initial recording of the municipality Rupperswil,3158
4206,2014-09-30,Initial recording of the municipality Rupperswil,3165
4206,2013-09-30,Initial recording of the municipality Rupperswil,3029
4206,2012-09-30,Initial recording of the municipality Rupperswil,2898
4206,2011-09-30,Initial recording of the municipality Rupperswil,2764
4206,2010-09-30,Initial recording of the municipality Rupperswil,2608
4206,2009-09-30,Initial recording of the municipality Rupperswil,2560
4206,2008-09-30,Initial recording of the municipality Rupperswil,2519
4206,2007-09-30,Initial recording of the municipality Rupperswil,2437
4206,2006-09-30,Initial recording of the municipality Rupperswil,2414
4206,2005-09-30,Initial recording of the municipality Rupperswil,2341
4206,2004-09-30,Initial recording of the municipality Rupperswil,2280
4206,2003-09-30,Initial recording of the municipality Rupperswil,2195
4206,2002-09-30,Initial recording of the municipality Rupperswil,2127
4206,2001-09-30,Initial recording of the municipality Rupperswil,2113
4206,2000-09-30,Initial recording of the municipality Rupperswil,2065
4206,1999-09-30,Initial recording of the municipality Rupperswil,1997
4206,1998-09-30,Initial recording of the municipality Rupperswil,1918
4206,1997-09-30,Initial recording of the municipality Rupperswil,1841
4206,1996-09-30,Initial recording of the municipality Rupperswil,1793
4206,1995-09-30,Initial recording of the municipality Rupperswil,1710
4206,1994-09-30,Initial recording of the municipality Rupperswil,1636
4206,1993-09-30,Initial recording of the municipality Rupperswil,1552
4206,1992-09-30,Initial recording of the municipality Rupperswil,1561
4206,1991-09-30,Initial recording of the municipality Rupperswil,1555
4206,1990-09-30,Initial recording of the municipality Rupperswil,1505
4206,1989-09-30,Initial recording of the municipality Rupperswil,1456
4206,1988-09-30,Initial recording of the municipality Rupperswil,1386
4206,1987-09-30,Initial recording of the municipality Rupperswil,1316
4206,1986-09-30,Initial recording of the municipality Rupperswil,1254
4206,1985-09-30,Initial recording of the municipality Rupperswil,1186
4206,1984-09-30,Initial recording of the municipality Rupperswil,1113
4206,1983-09-30,Initial recording of the municipality Rupperswil,1071
4206,1982-09-30,Initial recording of the municipality Rupperswil,1030
4206,1981-09-30,Initial recording of the municipality Rupperswil,1003
4206,1980-09-30,Initial recording of the municipality Rupperswil,949
4206,1979-09-30,Initial recording of the municipality Rupperswil,899
4206,1978-09-30,Initial recording of the municipality Rupperswil,868
4206,1977-09-30,Initial recording of the municipality Rupperswil,840
4206,1976-09-30,Initial recording of the municipality Rupperswil,793
4112,2025-09-30,Initial recording of the municipality Rüfenach,566
4112,2024-09-30,Initial recording of the municipality Rüfenach,573
4112,2023-09-30,Initial recording of the municipality Rüfenach,572
4112,2022-09-30,Initial recording of the municipality Rüfenach,570
4112,2021-09-30,Initial recording of the municipality Rüfenach,591
4112,2020-09-30,Initial recording of the municipality Rüfenach,571
4112,2019-09-30,Initial recording of the municipality Rüfenach,568
4112,2018-09-30,Initial recording of the municipality Rüfenach,574
4112,2017-09-30,Initial recording of the municipality Rüfenach,571
4112,2016-09-30,Initial recording of the municipality Rüfenach,565
4112,2015-09-30,Initial recording of the municipality Rüfenach,559
4112,2014-09-30,Initial recording of the municipality Rüfenach,560
4112,2013-09-30,Initial recording of the municipality Rüfenach,551
4112,2012-09-30,Initial recording of the municipality Rüfenach,562
4112,2011-09-30,Initial recording of the municipality Rüfenach,541
4112,2010-09-30,Initial recording of the municipality Rüfenach,500
4112,2009-09-30,Initial recording of the municipality Rüfenach,488
4112,2008-09-30,Initial recording of the municipality Rüfenach,474
4112,2007-09-30,Initial recording of the municipality Rüfenach,465
4112,2006-09-30,Initial recording of the municipality Rüfenach,445
4112,2005-09-30,Initial recording of the municipality Rüfenach,436
4112,2004-09-30,Initial recording of the municipality Rüfenach,409
4112,2003-09-30,Initial recording of the municipality Rüfenach,391
4112,2002-09-30,Initial recording of the municipality Rüfenach,377
4112,2001-09-30,Initial recording of the municipality Rüfenach,357
4112,2000-09-30,Initial recording of the municipality Rüfenach,359
4112,1999-09-30,Initial recording of the municipality Rüfenach,339
4112,1998-09-30,Initial recording of the municipality Rüfenach,335
4112,1997-09-30,Initial recording of the municipality Rüfenach,319
4112,1996-09-30,Initial recording of the municipality Rüfenach,308
4112,1995-09-30,Initial recording of the municipality Rüfenach,319
4112,1994-09-30,Initial recording of the municipality Rüfenach,312
4112,1993-09-30,Initial recording of the municipality Rüfenach,321
4112,1992-09-30,Initial recording of the municipality Rüfenach,316
4112,1991-09-30,Initial recording of the municipality Rüfenach,306
4112,1990-09-30,Initial recording of the municipality Rüfenach,292
4112,1989-09-30,Initial recording of the municipality Rüfenach,290
4112,1988-09-30,Initial recording of the municipality Rüfenach,278
4112,1987-09-30,Initial recording of the municipality Rüfenach,274
4112,1986-09-30,Initial recording of the municipality Rüfenach,248
4112,1985-09-30,Initial recording of the municipality Rüfenach,255
4112,1984-09-30,Initial recording of the municipality Rüfenach,256
4112,1983-09-30,Initial recording of the municipality Rüfenach,238
4112,1982-09-30,Initial recording of the municipality Rüfenach,219
4112,1981-09-30,Initial recording of the municipality Rüfenach,209
4112,1980-09-30,Initial recording of the municipality Rüfenach,197
4112,1979-09-30,Initial recording of the municipality Rüfenach,185
4112,1978-09-30,Initial recording of the municipality Rüfenach,174
4112,1977-09-30,Initial recording of the municipality Rüfenach,155
4112,1976-09-30,Initial recording of the municipality Rüfenach,136
4317,2021-09-30,Initial recording of the municipality Rümikon,220
4317,2020-09-30,Initial recording of the municipality Rümikon,222
4317,2019-09-30,Initial recording of the municipality Rümikon,213
4317,2018-09-30,Initial recording of the municipality Rümikon,210
4317,2017-09-30,Initial recording of the municipality Rümikon,194
4317,2016-09-30,Initial recording of the municipality Rümikon,183
4317,2015-09-30,Initial recording of the municipality Rümikon,189
4317,2014-09-30,Initial recording of the municipality Rümikon,197
4317,2013-09-30,Initial recording of the municipality Rümikon,177
4317,2012-09-30,Initial recording of the municipality Rümikon,157
4317,2011-09-30,Initial recording of the municipality Rümikon,150
4317,2010-09-30,Initial recording of the municipality Rümikon,143
4317,2009-09-30,Initial recording of the municipality Rümikon,132
4317,2008-09-30,Initial recording of the municipality Rümikon,140
4317,2007-09-30,Initial recording of the municipality Rümikon,130
4317,2006-09-30,Initial recording of the municipality Rümikon,126
4317,2005-09-30,Initial recording of the municipality Rümikon,126
4317,2004-09-30,Initial recording of the municipality Rümikon,129
4317,2003-09-30,Initial recording of the municipality Rümikon,138
4317,2002-09-30,Initial recording of the municipality Rümikon,135
4317,2001-09-30,Initial recording of the municipality Rümikon,128
4317,2000-09-30,Initial recording of the municipality Rümikon,122
4317,1999-09-30,Initial recording of the municipality Rümikon,121
4317,1998-09-30,Initial recording of the municipality Rümikon,121
4317,1997-09-30,Initial recording of the municipality Rümikon,118
4317,1996-09-30,Initial recording of the municipality Rümikon,113
4317,1995-09-30,Initial recording of the municipality Rümikon,119
4317,1994-09-30,Initial recording of the municipality Rümikon,122
4317,1993-09-30,Initial recording of the municipality Rümikon,124
4317,1992-09-30,Initial recording of the municipality Rümikon,106
4317,1991-09-30,Initial recording of the municipality Rümikon,98
4317,1990-09-30,Initial recording of the municipality Rümikon,97
4317,1989-09-30,Initial recording of the municipality Rümikon,84
4317,1988-09-30,Initial recording of the municipality Rümikon,90
4317,1987-09-30,Initial recording of the municipality Rümikon,86
4317,1986-09-30,Initial recording of the municipality Rümikon,84
4317,1985-09-30,Initial recording of the municipality Rümikon,82
4317,1984-09-30,Initial recording of the municipality Rümikon,80
4317,1983-09-30,Initial recording of the municipality Rümikon,78
4317,1982-09-30,Initial recording of the municipality Rümikon,84
4317,1981-09-30,Initial recording of the municipality Rümikon,86
4317,1980-09-30,Initial recording of the municipality Rümikon,77
4317,1979-09-30,Initial recording of the municipality Rümikon,69
4317,1978-09-30,Initial recording of the municipality Rümikon,68
4317,1977-09-30,Initial recording of the municipality Rümikon,67
4317,1976-09-30,Initial recording of the municipality Rümikon,59
4283,2025-09-30,Initial recording of the municipality Safenwil,3260
4283,2024-09-30,Initial recording of the municipality Safenwil,3288
4283,2023-09-30,Initial recording of the municipality Safenwil,3219
4283,2022-09-30,Initial recording of the municipality Safenwil,3196
4283,2021-09-30,Initial recording of the municipality Safenwil,3068
4283,2020-09-30,Initial recording of the municipality Safenwil,2901
4283,2019-09-30,Initial recording of the municipality Safenwil,2851
4283,2018-09-30,Initial recording of the municipality Safenwil,2816
4283,2017-09-30,Initial recording of the municipality Safenwil,2802
4283,2016-09-30,Initial recording of the municipality Safenwil,2794
4283,2015-09-30,Initial recording of the municipality Safenwil,2746
4283,2014-09-30,Initial recording of the municipality Safenwil,2666
4283,2013-09-30,Initial recording of the municipality Safenwil,2681
4283,2012-09-30,Initial recording of the municipality Safenwil,2688
4283,2011-09-30,Initial recording of the municipality Safenwil,2646
4283,2010-09-30,Initial recording of the municipality Safenwil,2519
4283,2009-09-30,Initial recording of the municipality Safenwil,2404
4283,2008-09-30,Initial recording of the municipality Safenwil,2298
4283,2007-09-30,Initial recording of the municipality Safenwil,2318
4283,2006-09-30,Initial recording of the municipality Safenwil,2198
4283,2005-09-30,Initial recording of the municipality Safenwil,2156
4283,2004-09-30,Initial recording of the municipality Safenwil,2143
4283,2003-09-30,Initial recording of the municipality Safenwil,2087
4283,2002-09-30,Initial recording of the municipality Safenwil,2081
4283,2001-09-30,Initial recording of the municipality Safenwil,2038
4283,2000-09-30,Initial recording of the municipality Safenwil,2056
4283,1999-09-30,Initial recording of the municipality Safenwil,1971
4283,1998-09-30,Initial recording of the municipality Safenwil,1937
4283,1997-09-30,Initial recording of the municipality Safenwil,1897
4283,1996-09-30,Initial recording of the municipality Safenwil,1863
4283,1995-09-30,Initial recording of the municipality Safenwil,1783
4283,1994-09-30,Initial recording of the municipality Safenwil,1716
4283,1993-09-30,Initial recording of the municipality Safenwil,1684
4283,1992-09-30,Initial recording of the municipality Safenwil,1730
4283,1991-09-30,Initial recording of the municipality Safenwil,1621
4283,1990-09-30,Initial recording of the municipality Safenwil,1566
4283,1989-09-30,Initial recording of the municipality Safenwil,1515
4283,1988-09-30,Initial recording of the municipality Safenwil,1400
4283,1987-09-30,Initial recording of the municipality Safenwil,1294
4283,1986-09-30,Initial recording of the municipality Safenwil,1234
4283,1985-09-30,Initial recording of the municipality Safenwil,1196
4283,1984-09-30,Initial recording of the municipality Safenwil,1156
4283,1983-09-30,Initial recording of the municipality Safenwil,1120
4283,1982-09-30,Initial recording of the municipality Safenwil,1093
4283,1981-09-30,Initial recording of the municipality Safenwil,1069
4283,1980-09-30,Initial recording of the municipality Safenwil,1016
4283,1979-09-30,Initial recording of the municipality Safenwil,956
4283,1978-09-30,Initial recording of the municipality Safenwil,886
4283,1977-09-30,Initial recording of the municipality Safenwil,870
4283,1976-09-30,Initial recording of the municipality Safenwil,838
4076,2025-09-30,Initial recording of the municipality Sarmenstorf,2083
4076,2024-09-30,Initial recording of the municipality Sarmenstorf,2075
4076,2023-09-30,Initial recording of the municipality Sarmenstorf,2029
4076,2022-09-30,Initial recording of the municipality Sarmenstorf,2002
4076,2021-09-30,Initial recording of the municipality Sarmenstorf,1968
4076,2020-09-30,Initial recording of the municipality Sarmenstorf,1906
4076,2019-09-30,Initial recording of the municipality Sarmenstorf,1904
4076,2018-09-30,Initial recording of the municipality Sarmenstorf,1855
4076,2017-09-30,Initial recording of the municipality Sarmenstorf,1818
4076,2016-09-30,Initial recording of the municipality Sarmenstorf,1793
4076,2015-09-30,Initial recording of the municipality Sarmenstorf,1788
4076,2014-09-30,Initial recording of the municipality Sarmenstorf,1723
4076,2013-09-30,Initial recording of the municipality Sarmenstorf,1682
4076,2012-09-30,Initial recording of the municipality Sarmenstorf,1596
4076,2011-09-30,Initial recording of the municipality Sarmenstorf,1539
4076,2010-09-30,Initial recording of the municipality Sarmenstorf,1494
4076,2009-09-30,Initial recording of the municipality Sarmenstorf,1412
4076,2008-09-30,Initial recording of the municipality Sarmenstorf,1394
4076,2007-09-30,Initial recording of the municipality Sarmenstorf,1364
4076,2006-09-30,Initial recording of the municipality Sarmenstorf,1351
4076,2005-09-30,Initial recording of the municipality Sarmenstorf,1297
4076,2004-09-30,Initial recording of the municipality Sarmenstorf,1259
4076,2003-09-30,Initial recording of the municipality Sarmenstorf,1239
4076,2002-09-30,Initial recording of the municipality Sarmenstorf,1189
4076,2001-09-30,Initial recording of the municipality Sarmenstorf,1218
4076,2000-09-30,Initial recording of the municipality Sarmenstorf,1129
4076,1999-09-30,Initial recording of the municipality Sarmenstorf,1052
4076,1998-09-30,Initial recording of the municipality Sarmenstorf,1046
4076,1997-09-30,Initial recording of the municipality Sarmenstorf,974
4076,1996-09-30,Initial recording of the municipality Sarmenstorf,938
4076,1995-09-30,Initial recording of the municipality Sarmenstorf,899
4076,1994-09-30,Initial recording of the municipality Sarmenstorf,846
4076,1993-09-30,Initial recording of the municipality Sarmenstorf,818
4076,1992-09-30,Initial recording of the municipality Sarmenstorf,808
4076,1991-09-30,Initial recording of the municipality Sarmenstorf,800
4076,1990-09-30,Initial recording of the municipality Sarmenstorf,771
4076,1989-09-30,Initial recording of the municipality Sarmenstorf,730
4076,1988-09-30,Initial recording of the municipality Sarmenstorf,695
4076,1987-09-30,Initial recording of the municipality Sarmenstorf,649
4076,1986-09-30,Initial recording of the municipality Sarmenstorf,633
4076,1985-09-30,Initial recording of the municipality Sarmenstorf,611
4076,1984-09-30,Initial recording of the municipality Sarmenstorf,584
4076,1983-09-30,Initial recording of the municipality Sarmenstorf,558
4076,1982-09-30,Initial recording of the municipality Sarmenstorf,512
4076,1981-09-30,Initial recording of the municipality Sarmenstorf,497
4076,1980-09-30,Initial recording of the municipality Sarmenstorf,471
4076,1979-09-30,Initial recording of the municipality Sarmenstorf,456
4076,1978-09-30,Initial recording of the municipality Sarmenstorf,418
4076,1977-09-30,Initial recording of the municipality Sarmenstorf,397
4076,1976-09-30,Initial recording of the municipality Sarmenstorf,362
4207,2025-09-30,Initial recording of the municipality Schafisheim,2073
4207,2024-09-30,Initial recording of the municipality Schafisheim,2048
4207,2023-09-30,Initial recording of the municipality Schafisheim,2020
4207,2022-09-30,Initial recording of the municipality Schafisheim,1970
4207,2021-09-30,Initial recording of the municipality Schafisheim,1963
4207,2020-09-30,Initial recording of the municipality Schafisheim,1963
4207,2019-09-30,Initial recording of the municipality Schafisheim,1968
4207,2018-09-30,Initial recording of the municipality Schafisheim,1982
4207,2017-09-30,Initial recording of the municipality Schafisheim,1989
4207,2016-09-30,Initial recording of the municipality Schafisheim,1939
4207,2015-09-30,Initial recording of the municipality Schafisheim,1849
4207,2014-09-30,Initial recording of the municipality Schafisheim,1907
4207,2013-09-30,Initial recording of the municipality Schafisheim,1878
4207,2012-09-30,Initial recording of the municipality Schafisheim,1783
4207,2011-09-30,Initial recording of the municipality Schafisheim,1747
4207,2010-09-30,Initial recording of the municipality Schafisheim,1720
4207,2009-09-30,Initial recording of the municipality Schafisheim,1640
4207,2008-09-30,Initial recording of the municipality Schafisheim,1640
4207,2007-09-30,Initial recording of the municipality Schafisheim,1650
4207,2006-09-30,Initial recording of the municipality Schafisheim,1624
4207,2005-09-30,Initial recording of the municipality Schafisheim,1650
4207,2004-09-30,Initial recording of the municipality Schafisheim,1655
4207,2003-09-30,Initial recording of the municipality Schafisheim,1628
4207,2002-09-30,Initial recording of the municipality Schafisheim,1547
4207,2001-09-30,Initial recording of the municipality Schafisheim,1531
4207,2000-09-30,Initial recording of the municipality Schafisheim,1513
4207,1999-09-30,Initial recording of the municipality Schafisheim,1436
4207,1998-09-30,Initial recording of the municipality Schafisheim,1365
4207,1997-09-30,Initial recording of the municipality Schafisheim,1296
4207,1996-09-30,Initial recording of the municipality Schafisheim,1263
4207,1995-09-30,Initial recording of the municipality Schafisheim,1198
4207,1994-09-30,Initial recording of the municipality Schafisheim,1143
4207,1993-09-30,Initial recording of the municipality Schafisheim,1092
4207,1992-09-30,Initial recording of the municipality Schafisheim,1063
4207,1991-09-30,Initial recording of the municipality Schafisheim,1002
4207,1990-09-30,Initial recording of the municipality Schafisheim,967
4207,1989-09-30,Initial recording of the municipality Schafisheim,913
4207,1988-09-30,Initial recording of the municipality Schafisheim,890
4207,1987-09-30,Initial recording of the municipality Schafisheim,798
4207,1986-09-30,Initial recording of the municipality Schafisheim,770
4207,1985-09-30,Initial recording of the municipality Schafisheim,738
4207,1984-09-30,Initial recording of the municipality Schafisheim,711
4207,1983-09-30,Initial recording of the municipality Schafisheim,689
4207,1982-09-30,Initial recording of the municipality Schafisheim,694
4207,1981-09-30,Initial recording of the municipality Schafisheim,675
4207,1980-09-30,Initial recording of the municipality Schafisheim,647
4207,1979-09-30,Initial recording of the municipality Schafisheim,622
4207,1978-09-30,Initial recording of the municipality Schafisheim,596
4207,1977-09-30,Initial recording of the municipality Schafisheim,578
4207,1976-09-30,Initial recording of the municipality Schafisheim,547
4113,2017-09-30,Initial recording of the municipality Scherz,441
4113,2016-09-30,Initial recording of the municipality Scherz,439
4113,2015-09-30,Initial recording of the municipality Scherz,437
4113,2014-09-30,Initial recording of the municipality Scherz,423
4113,2013-09-30,Initial recording of the municipality Scherz,404
4113,2012-09-30,Initial recording of the municipality Scherz,409
4113,2011-09-30,Initial recording of the municipality Scherz,404
4113,2010-09-30,Initial recording of the municipality Scherz,401
4113,2009-09-30,Initial recording of the municipality Scherz,378
4113,2008-09-30,Initial recording of the municipality Scherz,357
4113,2007-09-30,Initial recording of the municipality Scherz,339
4113,2006-09-30,Initial recording of the municipality Scherz,346
4113,2005-09-30,Initial recording of the municipality Scherz,345
4113,2004-09-30,Initial recording of the municipality Scherz,340
4113,2003-09-30,Initial recording of the municipality Scherz,339
4113,2002-09-30,Initial recording of the municipality Scherz,327
4113,2001-09-30,Initial recording of the municipality Scherz,320
4113,2000-09-30,Initial recording of the municipality Scherz,297
4113,1999-09-30,Initial recording of the municipality Scherz,301
4113,1998-09-30,Initial recording of the municipality Scherz,315
4113,1997-09-30,Initial recording of the municipality Scherz,302
4113,1996-09-30,Initial recording of the municipality Scherz,284
4113,1995-09-30,Initial recording of the municipality Scherz,264
4113,1994-09-30,Initial recording of the municipality Scherz,253
4113,1993-09-30,Initial recording of the municipality Scherz,238
4113,1992-09-30,Initial recording of the municipality Scherz,234
4113,1991-09-30,Initial recording of the municipality Scherz,232
4113,1990-09-30,Initial recording of the municipality Scherz,232
4113,1989-09-30,Initial recording of the municipality Scherz,228
4113,1988-09-30,Initial recording of the municipality Scherz,220
4113,1987-09-30,Initial recording of the municipality Scherz,210
4113,1986-09-30,Initial recording of the municipality Scherz,213
4113,1985-09-30,Initial recording of the municipality Scherz,200
4113,1984-09-30,Initial recording of the municipality Scherz,188
4113,1983-09-30,Initial recording of the municipality Scherz,185
4113,1982-09-30,Initial recording of the municipality Scherz,178
4113,1981-09-30,Initial recording of the municipality Scherz,162
4113,1980-09-30,Initial recording of the municipality Scherz,151
4113,1979-09-30,Initial recording of the municipality Scherz,152
4113,1978-09-30,Initial recording of the municipality Scherz,139
4113,1977-09-30,Initial recording of the municipality Scherz,136
4113,1976-09-30,Initial recording of the municipality Scherz,128
4125,2025-09-30,Fusion of Oberflachs and Schinznach-Dorf into Schinznach,1598
4125,2024-09-30,Fusion of Oberflachs and Schinznach-Dorf into Schinznach,1593
4125,2023-09-30,Fusion of Oberflachs and Schinznach-Dorf into Schinznach,1540
4125,2022-09-30,Fusion of Oberflachs and Schinznach-Dorf into Schinznach,1535
4125,2021-09-30,Fusion of Oberflachs and Schinznach-Dorf into Schinznach,1536
4125,2020-09-30,Fusion of Oberflachs and Schinznach-Dorf into Schinznach,1462
4125,2019-09-30,Fusion of Oberflachs and Schinznach-Dorf into Schinznach,1448
4125,2018-09-30,Fusion of Oberflachs and Schinznach-Dorf into Schinznach,1441
4125,2017-09-30,Fusion of Oberflachs and Schinznach-Dorf into Schinznach,1398
4125,2016-09-30,Fusion of Oberflachs and Schinznach-Dorf into Schinznach,1379
4125,2015-09-30,Fusion of Oberflachs and Schinznach-Dorf into Schinznach,1364
4125,2014-09-30,Fusion of Oberflachs and Schinznach-Dorf into Schinznach,1357
4114,2019-09-30,Name change from Schinznach Bad to Schinznach-Bad,1084
4114,2018-09-30,Name change from Schinznach Bad to Schinznach-Bad,1046
4114,2017-09-30,Name change from Schinznach Bad to Schinznach-Bad,1151
4114,2016-09-30,Name change from Schinznach Bad to Schinznach-Bad,1186
4114,2015-09-30,Name change from Schinznach Bad to Schinznach-Bad,1157
4114,2014-09-30,Name change from Schinznach Bad to Schinznach-Bad,1150
4114,2013-09-30,Name change from Schinznach Bad to Schinznach-Bad,1158
4114,2012-09-30,Name change from Schinznach Bad to Schinznach-Bad,1210
4114,2011-09-30,Name change from Schinznach Bad to Schinznach-Bad,1205
4114,2010-09-30,Name change from Schinznach Bad to Schinznach-Bad,1148
4114,2009-09-30,Name change from Schinznach Bad to Schinznach-Bad,1203
4114,2008-09-30,Name change from Schinznach Bad to Schinznach-Bad,1201
4114,2007-09-30,Name change from Schinznach Bad to Schinznach-Bad,1130
4114,2006-09-30,Name change from Schinznach Bad to Schinznach-Bad,1174
4114,2005-09-30,Name change from Schinznach Bad to Schinznach-Bad,1101
4114,2004-09-30,Name change from Schinznach Bad to Schinznach-Bad,1055
4114,2003-09-30,Name change from Schinznach Bad to Schinznach-Bad,1094
4114,2002-09-30,Initial recording of the municipality Schinznach Bad,1105
4114,2001-09-30,Initial recording of the municipality Schinznach Bad,1022
4114,2000-09-30,Initial recording of the municipality Schinznach Bad,985
4114,1999-09-30,Initial recording of the municipality Schinznach Bad,939
4114,1998-09-30,Initial recording of the municipality Schinznach Bad,905
4114,1997-09-30,Initial recording of the municipality Schinznach Bad,859
4114,1996-09-30,Initial recording of the municipality Schinznach Bad,840
4114,1995-09-30,Initial recording of the municipality Schinznach Bad,835
4114,1994-09-30,Initial recording of the municipality Schinznach Bad,856
4114,1993-09-30,Initial recording of the municipality Schinznach Bad,851
4114,1992-09-30,Initial recording of the municipality Schinznach Bad,886
4114,1991-09-30,Initial recording of the municipality Schinznach Bad,889
4114,1990-09-30,Initial recording of the municipality Schinznach Bad,844
4114,1989-09-30,Initial recording of the municipality Schinznach Bad,796
4114,1988-09-30,Initial recording of the municipality Schinznach Bad,776
4114,1987-09-30,Initial recording of the municipality Schinznach Bad,711
4114,1986-09-30,Initial recording of the municipality Schinznach Bad,637
4114,1985-09-30,Initial recording of the municipality Schinznach Bad,630
4114,1984-09-30,Initial recording of the municipality Schinznach Bad,614
4114,1983-09-30,Initial recording of the municipality Schinznach Bad,625
4114,1982-09-30,Initial recording of the municipality Schinznach Bad,630
4114,1981-09-30,Initial recording of the municipality Schinznach Bad,599
4114,1980-09-30,Initial recording of the municipality Schinznach Bad,601
4114,1979-09-30,Initial recording of the municipality Schinznach Bad,553
4114,1978-09-30,Initial recording of the municipality Schinznach Bad,565
4114,1977-09-30,Initial recording of the municipality Schinznach Bad,527
4114,1976-09-30,Initial recording of the municipality Schinznach Bad,525
4115,2013-09-30,Name change from Schinznach Dorf to Schinznach-Dorf,1032
4115,2012-09-30,Name change from Schinznach Dorf to Schinznach-Dorf,998
4115,2011-09-30,Name change from Schinznach Dorf to Schinznach-Dorf,986
4115,2010-09-30,Name change from Schinznach Dorf to Schinznach-Dorf,957
4115,2009-09-30,Name change from Schinznach Dorf to Schinznach-Dorf,938
4115,2008-09-30,Name change from Schinznach Dorf to Schinznach-Dorf,904
4115,2007-09-30,Name change from Schinznach Dorf to Schinznach-Dorf,894
4115,2006-09-30,Name change from Schinznach Dorf to Schinznach-Dorf,875
4115,2005-09-30,Name change from Schinznach Dorf to Schinznach-Dorf,871
4115,2004-09-30,Name change from Schinznach Dorf to Schinznach-Dorf,875
4115,2003-09-30,Name change from Schinznach Dorf to Schinznach-Dorf,870
4115,2002-09-30,Initial recording of the municipality Schinznach Dorf,833
4115,2001-09-30,Initial recording of the municipality Schinznach Dorf,820
4115,2000-09-30,Initial recording of the municipality Schinznach Dorf,811
4115,1999-09-30,Initial recording of the municipality Schinznach Dorf,784
4115,1998-09-30,Initial recording of the municipality Schinznach Dorf,796
4115,1997-09-30,Initial recording of the municipality Schinznach Dorf,768
4115,1996-09-30,Initial recording of the municipality Schinznach Dorf,726
4115,1995-09-30,Initial recording of the municipality Schinznach Dorf,711
4115,1994-09-30,Initial recording of the municipality Schinznach Dorf,708
4115,1993-09-30,Initial recording of the municipality Schinznach Dorf,674
4115,1992-09-30,Initial recording of the municipality Schinznach Dorf,653
4115,1991-09-30,Initial recording of the municipality Schinznach Dorf,651
4115,1990-09-30,Initial recording of the municipality Schinznach Dorf,595
4115,1989-09-30,Initial recording of the municipality Schinznach Dorf,583
4115,1988-09-30,Initial recording of the municipality Schinznach Dorf,574
4115,1987-09-30,Initial recording of the municipality Schinznach Dorf,576
4115,1986-09-30,Initial recording of the municipality Schinznach Dorf,556
4115,1985-09-30,Initial recording of the municipality Schinznach Dorf,538
4115,1984-09-30,Initial recording of the municipality Schinznach Dorf,517
4115,1983-09-30,Initial recording of the municipality Schinznach Dorf,478
4115,1982-09-30,Initial recording of the municipality Schinznach Dorf,466
4115,1981-09-30,Initial recording of the municipality Schinznach Dorf,447
4115,1980-09-30,Initial recording of the municipality Schinznach Dorf,422
4115,1979-09-30,Initial recording of the municipality Schinznach Dorf,408
4115,1978-09-30,Initial recording of the municipality Schinznach Dorf,382
4115,1977-09-30,Initial recording of the municipality Schinznach Dorf,371
4115,1976-09-30,Initial recording of the municipality Schinznach Dorf,344
4142,2025-09-30,Initial recording of the municipality Schlossrued,655
4142,2024-09-30,Initial recording of the municipality Schlossrued,650
4142,2023-09-30,Initial recording of the municipality Schlossrued,652
4142,2022-09-30,Initial recording of the municipality Schlossrued,625
4142,2021-09-30,Initial recording of the municipality Schlossrued,633
4142,2020-09-30,Initial recording of the municipality Schlossrued,605
4142,2019-09-30,Initial recording of the municipality Schlossrued,623
4142,2018-09-30,Initial recording of the municipality Schlossrued,612
4142,2017-09-30,Initial recording of the municipality Schlossrued,601
4142,2016-09-30,Initial recording of the municipality Schlossrued,586
4142,2015-09-30,Initial recording of the municipality Schlossrued,564
4142,2014-09-30,Initial recording of the municipality Schlossrued,557
4142,2013-09-30,Initial recording of the municipality Schlossrued,555
4142,2012-09-30,Initial recording of the municipality Schlossrued,543
4142,2011-09-30,Initial recording of the municipality Schlossrued,527
4142,2010-09-30,Initial recording of the municipality Schlossrued,522
4142,2009-09-30,Initial recording of the municipality Schlossrued,532
4142,2008-09-30,Initial recording of the municipality Schlossrued,525
4142,2007-09-30,Initial recording of the municipality Schlossrued,536
4142,2006-09-30,Initial recording of the municipality Schlossrued,538
4142,2005-09-30,Initial recording of the municipality Schlossrued,517
4142,2004-09-30,Initial recording of the municipality Schlossrued,515
4142,2003-09-30,Initial recording of the municipality Schlossrued,522
4142,2002-09-30,Initial recording of the municipality Schlossrued,507
4142,2001-09-30,Initial recording of the municipality Schlossrued,497
4142,2000-09-30,Initial recording of the municipality Schlossrued,489
4142,1999-09-30,Initial recording of the municipality Schlossrued,471
4142,1998-09-30,Initial recording of the municipality Schlossrued,471
4142,1997-09-30,Initial recording of the municipality Schlossrued,472
4142,1996-09-30,Initial recording of the municipality Schlossrued,455
4142,1995-09-30,Initial recording of the municipality Schlossrued,452
4142,1994-09-30,Initial recording of the municipality Schlossrued,419
4142,1993-09-30,Initial recording of the municipality Schlossrued,396
4142,1992-09-30,Initial recording of the municipality Schlossrued,382
4142,1991-09-30,Initial recording of the municipality Schlossrued,381
4142,1990-09-30,Initial recording of the municipality Schlossrued,384
4142,1989-09-30,Initial recording of the municipality Schlossrued,382
4142,1988-09-30,Initial recording of the municipality Schlossrued,370
4142,1987-09-30,Initial recording of the municipality Schlossrued,364
4142,1986-09-30,Initial recording of the municipality Schlossrued,352
4142,1985-09-30,Initial recording of the municipality Schlossrued,340
4142,1984-09-30,Initial recording of the municipality Schlossrued,314
4142,1983-09-30,Initial recording of the municipality Schlossrued,304
4142,1982-09-30,Initial recording of the municipality Schlossrued,302
4142,1981-09-30,Initial recording of the municipality Schlossrued,292
4142,1980-09-30,Initial recording of the municipality Schlossrued,281
4142,1979-09-30,Initial recording of the municipality Schlossrued,259
4142,1978-09-30,Initial recording of the municipality Schlossrued,238
4142,1977-09-30,Initial recording of the municipality Schlossrued,219
4142,1976-09-30,Initial recording of the municipality Schlossrued,196
4143,2025-09-30,Initial recording of the municipality Schmiedrued,874
4143,2024-09-30,Initial recording of the municipality Schmiedrued,883
4143,2023-09-30,Initial recording of the municipality Schmiedrued,875
4143,2022-09-30,Initial recording of the municipality Schmiedrued,883
4143,2021-09-30,Initial recording of the municipality Schmiedrued,889
4143,2020-09-30,Initial recording of the municipality Schmiedrued,860
4143,2019-09-30,Initial recording of the municipality Schmiedrued,824
4143,2018-09-30,Initial recording of the municipality Schmiedrued,841
4143,2017-09-30,Initial recording of the municipality Schmiedrued,826
4143,2016-09-30,Initial recording of the municipality Schmiedrued,805
4143,2015-09-30,Initial recording of the municipality Schmiedrued,802
4143,2014-09-30,Initial recording of the municipality Schmiedrued,788
4143,2013-09-30,Initial recording of the municipality Schmiedrued,791
4143,2012-09-30,Initial recording of the municipality Schmiedrued,775
4143,2011-09-30,Initial recording of the municipality Schmiedrued,748
4143,2010-09-30,Initial recording of the municipality Schmiedrued,736
4143,2009-09-30,Initial recording of the municipality Schmiedrued,715
4143,2008-09-30,Initial recording of the municipality Schmiedrued,735
4143,2007-09-30,Initial recording of the municipality Schmiedrued,713
4143,2006-09-30,Initial recording of the municipality Schmiedrued,690
4143,2005-09-30,Initial recording of the municipality Schmiedrued,682
4143,2004-09-30,Initial recording of the municipality Schmiedrued,673
4143,2003-09-30,Initial recording of the municipality Schmiedrued,665
4143,2002-09-30,Initial recording of the municipality Schmiedrued,626
4143,2001-09-30,Initial recording of the municipality Schmiedrued,601
4143,2000-09-30,Initial recording of the municipality Schmiedrued,620
4143,1999-09-30,Initial recording of the municipality Schmiedrued,601
4143,1998-09-30,Initial recording of the municipality Schmiedrued,586
4143,1997-09-30,Initial recording of the municipality Schmiedrued,576
4143,1996-09-30,Initial recording of the municipality Schmiedrued,546
4143,1995-09-30,Initial recording of the municipality Schmiedrued,539
4143,1994-09-30,Initial recording of the municipality Schmiedrued,537
4143,1993-09-30,Initial recording of the municipality Schmiedrued,511
4143,1992-09-30,Initial recording of the municipality Schmiedrued,500
4143,1991-09-30,Initial recording of the municipality Schmiedrued,481
4143,1990-09-30,Initial recording of the municipality Schmiedrued,442
4143,1989-09-30,Initial recording of the municipality Schmiedrued,424
4143,1988-09-30,Initial recording of the municipality Schmiedrued,419
4143,1987-09-30,Initial recording of the municipality Schmiedrued,396
4143,1986-09-30,Initial recording of the municipality Schmiedrued,378
4143,1985-09-30,Initial recording of the municipality Schmiedrued,379
4143,1984-09-30,Initial recording of the municipality Schmiedrued,367
4143,1983-09-30,Initial recording of the municipality Schmiedrued,358
4143,1982-09-30,Initial recording of the municipality Schmiedrued,334
4143,1981-09-30,Initial recording of the municipality Schmiedrued,314
4143,1980-09-30,Initial recording of the municipality Schmiedrued,301
4143,1979-09-30,Initial recording of the municipality Schmiedrued,288
4143,1978-09-30,Initial recording of the municipality Schmiedrued,278
4143,1977-09-30,Initial recording of the municipality Schmiedrued,240
4143,1976-09-30,Initial recording of the municipality Schmiedrued,213
4318,2025-09-30,Initial recording of the municipality Schneisingen,1032
4318,2024-09-30,Initial recording of the municipality Schneisingen,1027
4318,2023-09-30,Initial recording of the municipality Schneisingen,1025
4318,2022-09-30,Initial recording of the municipality Schneisingen,1002
4318,2021-09-30,Initial recording of the municipality Schneisingen,1023
4318,2020-09-30,Initial recording of the municipality Schneisingen,985
4318,2019-09-30,Initial recording of the municipality Schneisingen,992
4318,2018-09-30,Initial recording of the municipality Schneisingen,940
4318,2017-09-30,Initial recording of the municipality Schneisingen,873
4318,2016-09-30,Initial recording of the municipality Schneisingen,879
4318,2015-09-30,Initial recording of the municipality Schneisingen,841
4318,2014-09-30,Initial recording of the municipality Schneisingen,823
4318,2013-09-30,Initial recording of the municipality Schneisingen,819
4318,2012-09-30,Initial recording of the municipality Schneisingen,810
4318,2011-09-30,Initial recording of the municipality Schneisingen,806
4318,2010-09-30,Initial recording of the municipality Schneisingen,787
4318,2009-09-30,Initial recording of the municipality Schneisingen,759
4318,2008-09-30,Initial recording of the municipality Schneisingen,751
4318,2007-09-30,Initial recording of the municipality Schneisingen,727
4318,2006-09-30,Initial recording of the municipality Schneisingen,717
4318,2005-09-30,Initial recording of the municipality Schneisingen,702
4318,2004-09-30,Initial recording of the municipality Schneisingen,684
4318,2003-09-30,Initial recording of the municipality Schneisingen,705
4318,2002-09-30,Initial recording of the municipality Schneisingen,684
4318,2001-09-30,Initial recording of the municipality Schneisingen,687
4318,2000-09-30,Initial recording of the municipality Schneisingen,676
4318,1999-09-30,Initial recording of the municipality Schneisingen,655
4318,1998-09-30,Initial recording of the municipality Schneisingen,627
4318,1997-09-30,Initial recording of the municipality Schneisingen,619
4318,1996-09-30,Initial recording of the municipality Schneisingen,582
4318,1995-09-30,Initial recording of the municipality Schneisingen,551
4318,1994-09-30,Initial recording of the municipality Schneisingen,560
4318,1993-09-30,Initial recording of the municipality Schneisingen,560
4318,1992-09-30,Initial recording of the municipality Schneisingen,572
4318,1991-09-30,Initial recording of the municipality Schneisingen,562
4318,1990-09-30,Initial recording of the municipality Schneisingen,554
4318,1989-09-30,Initial recording of the municipality Schneisingen,539
4318,1988-09-30,Initial recording of the municipality Schneisingen,513
4318,1987-09-30,Initial recording of the municipality Schneisingen,498
4318,1986-09-30,Initial recording of the municipality Schneisingen,484
4318,1985-09-30,Initial recording of the municipality Schneisingen,458
4318,1984-09-30,Initial recording of the municipality Schneisingen,456
4318,1983-09-30,Initial recording of the municipality Schneisingen,436
4318,1982-09-30,Initial recording of the municipality Schneisingen,432
4318,1981-09-30,Initial recording of the municipality Schneisingen,425
4318,1980-09-30,Initial recording of the municipality Schneisingen,384
4318,1979-09-30,Initial recording of the municipality Schneisingen,362
4318,1978-09-30,Initial recording of the municipality Schneisingen,331
4318,1977-09-30,Initial recording of the municipality Schneisingen,316
4318,1976-09-30,Initial recording of the municipality Schneisingen,298
4259,2025-09-30,Initial recording of the municipality Schupfart,651
4259,2024-09-30,Initial recording of the municipality Schupfart,626
4259,2023-09-30,Initial recording of the municipality Schupfart,619
4259,2022-09-30,Initial recording of the municipality Schupfart,606
4259,2021-09-30,Initial recording of the municipality Schupfart,573
4259,2020-09-30,Initial recording of the municipality Schupfart,564
4259,2019-09-30,Initial recording of the municipality Schupfart,574
4259,2018-09-30,Initial recording of the municipality Schupfart,577
4259,2017-09-30,Initial recording of the municipality Schupfart,585
4259,2016-09-30,Initial recording of the municipality Schupfart,565
4259,2015-09-30,Initial recording of the municipality Schupfart,529
4259,2014-09-30,Initial recording of the municipality Schupfart,525
4259,2013-09-30,Initial recording of the municipality Schupfart,518
4259,2012-09-30,Initial recording of the municipality Schupfart,513
4259,2011-09-30,Initial recording of the municipality Schupfart,506
4259,2010-09-30,Initial recording of the municipality Schupfart,507
4259,2009-09-30,Initial recording of the municipality Schupfart,484
4259,2008-09-30,Initial recording of the municipality Schupfart,467
4259,2007-09-30,Initial recording of the municipality Schupfart,453
4259,2006-09-30,Initial recording of the municipality Schupfart,445
4259,2005-09-30,Initial recording of the municipality Schupfart,430
4259,2004-09-30,Initial recording of the municipality Schupfart,431
4259,2003-09-30,Initial recording of the municipality Schupfart,411
4259,2002-09-30,Initial recording of the municipality Schupfart,394
4259,2001-09-30,Initial recording of the municipality Schupfart,379
4259,2000-09-30,Initial recording of the municipality Schupfart,378
4259,1999-09-30,Initial recording of the municipality Schupfart,350
4259,1998-09-30,Initial recording of the municipality Schupfart,342
4259,1997-09-30,Initial recording of the municipality Schupfart,323
4259,1996-09-30,Initial recording of the municipality Schupfart,297
4259,1995-09-30,Initial recording of the municipality Schupfart,291
4259,1994-09-30,Initial recording of the municipality Schupfart,274
4259,1993-09-30,Initial recording of the municipality Schupfart,273
4259,1992-09-30,Initial recording of the municipality Schupfart,262
4259,1991-09-30,Initial recording of the municipality Schupfart,255
4259,1990-09-30,Initial recording of the municipality Schupfart,253
4259,1989-09-30,Initial recording of the municipality Schupfart,243
4259,1988-09-30,Initial recording of the municipality Schupfart,226
4259,1987-09-30,Initial recording of the municipality Schupfart,219
4259,1986-09-30,Initial recording of the municipality Schupfart,207
4259,1985-09-30,Initial recording of the municipality Schupfart,194
4259,1984-09-30,Initial recording of the municipality Schupfart,194
4259,1983-09-30,Initial recording of the municipality Schupfart,198
4259,1982-09-30,Initial recording of the municipality Schupfart,184
4259,1981-09-30,Initial recording of the municipality Schupfart,175
4259,1980-09-30,Initial recording of the municipality Schupfart,177
4259,1979-09-30,Initial recording of the municipality Schupfart,166
4259,1978-09-30,Initial recording of the municipality Schupfart,164
4259,1977-09-30,Initial recording of the municipality Schupfart,157
4259,1976-09-30,Initial recording of the municipality Schupfart,149
4176,2025-09-30,Initial recording of the municipality Schwaderloch,554
4176,2024-09-30,Initial recording of the municipality Schwaderloch,550
4176,2023-09-30,Initial recording of the municipality Schwaderloch,523
4176,2022-09-30,Initial recording of the municipality Schwaderloch,512
4176,2021-09-30,Initial recording of the municipality Schwaderloch,515
4176,2020-09-30,Initial recording of the municipality Schwaderloch,500
4176,2019-09-30,Initial recording of the municipality Schwaderloch,496
4176,2018-09-30,Initial recording of the municipality Schwaderloch,496
4176,2017-09-30,Initial recording of the municipality Schwaderloch,483
4176,2016-09-30,Initial recording of the municipality Schwaderloch,507
4176,2015-09-30,Initial recording of the municipality Schwaderloch,507
4176,2014-09-30,Initial recording of the municipality Schwaderloch,511
4176,2013-09-30,Initial recording of the municipality Schwaderloch,500
4176,2012-09-30,Initial recording of the municipality Schwaderloch,472
4176,2011-09-30,Initial recording of the municipality Schwaderloch,470
4176,2010-09-30,Initial recording of the municipality Schwaderloch,451
4176,2009-09-30,Initial recording of the municipality Schwaderloch,427
4176,2008-09-30,Initial recording of the municipality Schwaderloch,426
4176,2007-09-30,Initial recording of the municipality Schwaderloch,438
4176,2006-09-30,Initial recording of the municipality Schwaderloch,432
4176,2005-09-30,Initial recording of the municipality Schwaderloch,417
4176,2004-09-30,Initial recording of the municipality Schwaderloch,414
4176,2003-09-30,Initial recording of the municipality Schwaderloch,396
4176,2002-09-30,Initial recording of the municipality Schwaderloch,395
4176,2001-09-30,Initial recording of the municipality Schwaderloch,390
4176,2000-09-30,Initial recording of the municipality Schwaderloch,379
4176,1999-09-30,Initial recording of the municipality Schwaderloch,358
4176,1998-09-30,Initial recording of the municipality Schwaderloch,354
4176,1997-09-30,Initial recording of the municipality Schwaderloch,347
4176,1996-09-30,Initial recording of the municipality Schwaderloch,345
4176,1995-09-30,Initial recording of the municipality Schwaderloch,327
4176,1994-09-30,Initial recording of the municipality Schwaderloch,305
4176,1993-09-30,Initial recording of the municipality Schwaderloch,303
4176,1992-09-30,Initial recording of the municipality Schwaderloch,282
4176,1991-09-30,Initial recording of the municipality Schwaderloch,285
4176,1990-09-30,Initial recording of the municipality Schwaderloch,256
4176,1989-09-30,Initial recording of the municipality Schwaderloch,235
4176,1988-09-30,Initial recording of the municipality Schwaderloch,214
4176,1987-09-30,Initial recording of the municipality Schwaderloch,204
4176,1986-09-30,Initial recording of the municipality Schwaderloch,195
4176,1985-09-30,Initial recording of the municipality Schwaderloch,190
4176,1984-09-30,Initial recording of the municipality Schwaderloch,174
4176,1983-09-30,Initial recording of the municipality Schwaderloch,161
4176,1982-09-30,Initial recording of the municipality Schwaderloch,161
4176,1981-09-30,Initial recording of the municipality Schwaderloch,145
4176,1980-09-30,Initial recording of the municipality Schwaderloch,150
4176,1979-09-30,Initial recording of the municipality Schwaderloch,151
4176,1978-09-30,Initial recording of the municipality Schwaderloch,147
4176,1977-09-30,Initial recording of the municipality Schwaderloch,149
4176,1976-09-30,Initial recording of the municipality Schwaderloch,132
4144,2025-09-30,Initial recording of the municipality Schöftland,3002
4144,2024-09-30,Initial recording of the municipality Schöftland,2987
4144,2023-09-30,Initial recording of the municipality Schöftland,2938
4144,2022-09-30,Initial recording of the municipality Schöftland,2937
4144,2021-09-30,Initial recording of the municipality Schöftland,2952
4144,2020-09-30,Initial recording of the municipality Schöftland,2888
4144,2019-09-30,Initial recording of the municipality Schöftland,2871
4144,2018-09-30,Initial recording of the municipality Schöftland,2820
4144,2017-09-30,Initial recording of the municipality Schöftland,2709
4144,2016-09-30,Initial recording of the municipality Schöftland,2677
4144,2015-09-30,Initial recording of the municipality Schöftland,2657
4144,2014-09-30,Initial recording of the municipality Schöftland,2583
4144,2013-09-30,Initial recording of the municipality Schöftland,2475
4144,2012-09-30,Initial recording of the municipality Schöftland,2315
4144,2011-09-30,Initial recording of the municipality Schöftland,2222
4144,2010-09-30,Initial recording of the municipality Schöftland,2135
4144,2009-09-30,Initial recording of the municipality Schöftland,2102
4144,2008-09-30,Initial recording of the municipality Schöftland,2025
4144,2007-09-30,Initial recording of the municipality Schöftland,1945
4144,2006-09-30,Initial recording of the municipality Schöftland,1880
4144,2005-09-30,Initial recording of the municipality Schöftland,1830
4144,2004-09-30,Initial recording of the municipality Schöftland,1805
4144,2003-09-30,Initial recording of the municipality Schöftland,1783
4144,2002-09-30,Initial recording of the municipality Schöftland,1748
4144,2001-09-30,Initial recording of the municipality Schöftland,1696
4144,2000-09-30,Initial recording of the municipality Schöftland,1625
4144,1999-09-30,Initial recording of the municipality Schöftland,1629
4144,1998-09-30,Initial recording of the municipality Schöftland,1562
4144,1997-09-30,Initial recording of the municipality Schöftland,1504
4144,1996-09-30,Initial recording of the municipality Schöftland,1420
4144,1995-09-30,Initial recording of the municipality Schöftland,1364
4144,1994-09-30,Initial recording of the municipality Schöftland,1307
4144,1993-09-30,Initial recording of the municipality Schöftland,1256
4144,1992-09-30,Initial recording of the municipality Schöftland,1251
4144,1991-09-30,Initial recording of the municipality Schöftland,1240
4144,1990-09-30,Initial recording of the municipality Schöftland,1181
4144,1989-09-30,Initial recording of the municipality Schöftland,1113
4144,1988-09-30,Initial recording of the municipality Schöftland,1091
4144,1987-09-30,Initial recording of the municipality Schöftland,1067
4144,1986-09-30,Initial recording of the municipality Schöftland,1073
4144,1985-09-30,Initial recording of the municipality Schöftland,1047
4144,1984-09-30,Initial recording of the municipality Schöftland,1022
4144,1983-09-30,Initial recording of the municipality Schöftland,1008
4144,1982-09-30,Initial recording of the municipality Schöftland,989
4144,1981-09-30,Initial recording of the municipality Schöftland,980
4144,1980-09-30,Initial recording of the municipality Schöftland,968
4144,1979-09-30,Initial recording of the municipality Schöftland,932
4144,1978-09-30,Initial recording of the municipality Schöftland,862
4144,1977-09-30,Initial recording of the municipality Schöftland,837
4144,1976-09-30,Initial recording of the municipality Schöftland,810
4208,2025-09-30,Initial recording of the municipality Seengen,3101
4208,2024-09-30,Initial recording of the municipality Seengen,3056
4208,2023-09-30,Initial recording of the municipality Seengen,2998
4208,2022-09-30,Initial recording of the municipality Seengen,2916
4208,2021-09-30,Initial recording of the municipality Seengen,2873
4208,2020-09-30,Initial recording of the municipality Seengen,2795
4208,2019-09-30,Initial recording of the municipality Seengen,2749
4208,2018-09-30,Initial recording of the municipality Seengen,2674
4208,2017-09-30,Initial recording of the municipality Seengen,2641
4208,2016-09-30,Initial recording of the municipality Seengen,2579
4208,2015-09-30,Initial recording of the municipality Seengen,2493
4208,2014-09-30,Initial recording of the municipality Seengen,2494
4208,2013-09-30,Initial recording of the municipality Seengen,2444
4208,2012-09-30,Initial recording of the municipality Seengen,2376
4208,2011-09-30,Initial recording of the municipality Seengen,2249
4208,2010-09-30,Initial recording of the municipality Seengen,2162
4208,2009-09-30,Initial recording of the municipality Seengen,2070
4208,2008-09-30,Initial recording of the municipality Seengen,1967
4208,2007-09-30,Initial recording of the municipality Seengen,1853
4208,2006-09-30,Initial recording of the municipality Seengen,1793
4208,2005-09-30,Initial recording of the municipality Seengen,1771
4208,2004-09-30,Initial recording of the municipality Seengen,1697
4208,2003-09-30,Initial recording of the municipality Seengen,1611
4208,2002-09-30,Initial recording of the municipality Seengen,1518
4208,2001-09-30,Initial recording of the municipality Seengen,1467
4208,2000-09-30,Initial recording of the municipality Seengen,1370
4208,1999-09-30,Initial recording of the municipality Seengen,1304
4208,1998-09-30,Initial recording of the municipality Seengen,1234
4208,1997-09-30,Initial recording of the municipality Seengen,1200
4208,1996-09-30,Initial recording of the municipality Seengen,1166
4208,1995-09-30,Initial recording of the municipality Seengen,1129
4208,1994-09-30,Initial recording of the municipality Seengen,1097
4208,1993-09-30,Initial recording of the municipality Seengen,1052
4208,1992-09-30,Initial recording of the municipality Seengen,1009
4208,1991-09-30,Initial recording of the municipality Seengen,1003
4208,1990-09-30,Initial recording of the municipality Seengen,979
4208,1989-09-30,Initial recording of the municipality Seengen,947
4208,1988-09-30,Initial recording of the municipality Seengen,914
4208,1987-09-30,Initial recording of the municipality Seengen,863
4208,1986-09-30,Initial recording of the municipality Seengen,814
4208,1985-09-30,Initial recording of the municipality Seengen,782
4208,1984-09-30,Initial recording of the municipality Seengen,732
4208,1983-09-30,Initial recording of the municipality Seengen,696
4208,1982-09-30,Initial recording of the municipality Seengen,681
4208,1981-09-30,Initial recording of the municipality Seengen,656
4208,1980-09-30,Initial recording of the municipality Seengen,656
4208,1979-09-30,Initial recording of the municipality Seengen,617
4208,1978-09-30,Initial recording of the municipality Seengen,573
4208,1977-09-30,Initial recording of the municipality Seengen,538
4208,1976-09-30,Initial recording of the municipality Seengen,501
4209,2025-09-30,Initial recording of the municipality Seon,3526
4209,2024-09-30,Initial recording of the municipality Seon,3448
4209,2023-09-30,Initial recording of the municipality Seon,3419
4209,2022-09-30,Initial recording of the municipality Seon,3322
4209,2021-09-30,Initial recording of the municipality Seon,3312
4209,2020-09-30,Initial recording of the municipality Seon,3300
4209,2019-09-30,Initial recording of the municipality Seon,3338
4209,2018-09-30,Initial recording of the municipality Seon,3309
4209,2017-09-30,Initial recording of the municipality Seon,3269
4209,2016-09-30,Initial recording of the municipality Seon,3164
4209,2015-09-30,Initial recording of the municipality Seon,3059
4209,2014-09-30,Initial recording of the municipality Seon,3000
4209,2013-09-30,Initial recording of the municipality Seon,2959
4209,2012-09-30,Initial recording of the municipality Seon,2932
4209,2011-09-30,Initial recording of the municipality Seon,2858
4209,2010-09-30,Initial recording of the municipality Seon,2800
4209,2009-09-30,Initial recording of the municipality Seon,2792
4209,2008-09-30,Initial recording of the municipality Seon,2729
4209,2007-09-30,Initial recording of the municipality Seon,2692
4209,2006-09-30,Initial recording of the municipality Seon,2664
4209,2005-09-30,Initial recording of the municipality Seon,2652
4209,2004-09-30,Initial recording of the municipality Seon,2656
4209,2003-09-30,Initial recording of the municipality Seon,2602
4209,2002-09-30,Initial recording of the municipality Seon,2602
4209,2001-09-30,Initial recording of the municipality Seon,2554
4209,2000-09-30,Initial recording of the municipality Seon,2474
4209,1999-09-30,Initial recording of the municipality Seon,2409
4209,1998-09-30,Initial recording of the municipality Seon,2343
4209,1997-09-30,Initial recording of the municipality Seon,2290
4209,1996-09-30,Initial recording of the municipality Seon,2218
4209,1995-09-30,Initial recording of the municipality Seon,2131
4209,1994-09-30,Initial recording of the municipality Seon,2137
4209,1993-09-30,Initial recording of the municipality Seon,2083
4209,1992-09-30,Initial recording of the municipality Seon,2061
4209,1991-09-30,Initial recording of the municipality Seon,2040
4209,1990-09-30,Initial recording of the municipality Seon,1990
4209,1989-09-30,Initial recording of the municipality Seon,1924
4209,1988-09-30,Initial recording of the municipality Seon,1890
4209,1987-09-30,Initial recording of the municipality Seon,1773
4209,1986-09-30,Initial recording of the municipality Seon,1684
4209,1985-09-30,Initial recording of the municipality Seon,1599
4209,1984-09-30,Initial recording of the municipality Seon,1534
4209,1983-09-30,Initial recording of the municipality Seon,1477
4209,1982-09-30,Initial recording of the municipality Seon,1414
4209,1981-09-30,Initial recording of the municipality Seon,1316
4209,1980-09-30,Initial recording of the municipality Seon,1275
4209,1979-09-30,Initial recording of the municipality Seon,1206
4209,1978-09-30,Initial recording of the municipality Seon,1142
4209,1977-09-30,Initial recording of the municipality Seon,1047
4209,1976-09-30,Initial recording of the municipality Seon,988
4319,2025-09-30,Initial recording of the municipality Siglistorf,544
4319,2024-09-30,Initial recording of the municipality Siglistorf,507
4319,2023-09-30,Initial recording of the municipality Siglistorf,465
4319,2022-09-30,Initial recording of the municipality Siglistorf,467
4319,2021-09-30,Initial recording of the municipality Siglistorf,473
4319,2020-09-30,Initial recording of the municipality Siglistorf,454
4319,2019-09-30,Initial recording of the municipality Siglistorf,447
4319,2018-09-30,Initial recording of the municipality Siglistorf,436
4319,2017-09-30,Initial recording of the municipality Siglistorf,437
4319,2016-09-30,Initial recording of the municipality Siglistorf,443
4319,2015-09-30,Initial recording of the municipality Siglistorf,448
4319,2014-09-30,Initial recording of the municipality Siglistorf,431
4319,2013-09-30,Initial recording of the municipality Siglistorf,413
4319,2012-09-30,Initial recording of the municipality Siglistorf,419
4319,2011-09-30,Initial recording of the municipality Siglistorf,398
4319,2010-09-30,Initial recording of the municipality Siglistorf,384
4319,2009-09-30,Initial recording of the municipality Siglistorf,377
4319,2008-09-30,Initial recording of the municipality Siglistorf,363
4319,2007-09-30,Initial recording of the municipality Siglistorf,356
4319,2006-09-30,Initial recording of the municipality Siglistorf,353
4319,2005-09-30,Initial recording of the municipality Siglistorf,337
4319,2004-09-30,Initial recording of the municipality Siglistorf,337
4319,2003-09-30,Initial recording of the municipality Siglistorf,343
4319,2002-09-30,Initial recording of the municipality Siglistorf,333
4319,2001-09-30,Initial recording of the municipality Siglistorf,330
4319,2000-09-30,Initial recording of the municipality Siglistorf,320
4319,1999-09-30,Initial recording of the municipality Siglistorf,325
4319,1998-09-30,Initial recording of the municipality Siglistorf,303
4319,1997-09-30,Initial recording of the municipality Siglistorf,331
4319,1996-09-30,Initial recording of the municipality Siglistorf,337
4319,1995-09-30,Initial recording of the municipality Siglistorf,314
4319,1994-09-30,Initial recording of the municipality Siglistorf,307
4319,1993-09-30,Initial recording of the municipality Siglistorf,288
4319,1992-09-30,Initial recording of the municipality Siglistorf,283
4319,1991-09-30,Initial recording of the municipality Siglistorf,270
4319,1990-09-30,Initial recording of the municipality Siglistorf,258
4319,1989-09-30,Initial recording of the municipality Siglistorf,244
4319,1988-09-30,Initial recording of the municipality Siglistorf,224
4319,1987-09-30,Initial recording of the municipality Siglistorf,212
4319,1986-09-30,Initial recording of the municipality Siglistorf,212
4319,1985-09-30,Initial recording of the municipality Siglistorf,197
4319,1984-09-30,Initial recording of the municipality Siglistorf,174
4319,1983-09-30,Initial recording of the municipality Siglistorf,144
4319,1982-09-30,Initial recording of the municipality Siglistorf,142
4319,1981-09-30,Initial recording of the municipality Siglistorf,130
4319,1980-09-30,Initial recording of the municipality Siglistorf,114
4319,1979-09-30,Initial recording of the municipality Siglistorf,99
4319,1978-09-30,Initial recording of the municipality Siglistorf,95
4319,1977-09-30,Initial recording of the municipality Siglistorf,95
4319,1976-09-30,Initial recording of the municipality Siglistorf,90
4239,2025-09-30,Initial recording of the municipality Sins,2589
4239,2024-09-30,Initial recording of the municipality Sins,2521
4239,2023-09-30,Initial recording of the municipality Sins,2501
4239,2022-09-30,Initial recording of the municipality Sins,2458
4239,2021-09-30,Initial recording of the municipality Sins,2424
4239,2020-09-30,Initial recording of the municipality Sins,2422
4239,2019-09-30,Initial recording of the municipality Sins,2403
4239,2018-09-30,Initial recording of the municipality Sins,2435
4239,2017-09-30,Initial recording of the municipality Sins,2390
4239,2016-09-30,Initial recording of the municipality Sins,2412
4239,2015-09-30,Initial recording of the municipality Sins,2338
4239,2014-09-30,Initial recording of the municipality Sins,2284
4239,2013-09-30,Initial recording of the municipality Sins,2250
4239,2012-09-30,Initial recording of the municipality Sins,2219
4239,2011-09-30,Initial recording of the municipality Sins,2166
4239,2010-09-30,Initial recording of the municipality Sins,2102
4239,2009-09-30,Initial recording of the municipality Sins,2011
4239,2008-09-30,Initial recording of the municipality Sins,1946
4239,2007-09-30,Initial recording of the municipality Sins,1887
4239,2006-09-30,Initial recording of the municipality Sins,1836
4239,2005-09-30,Initial recording of the municipality Sins,1758
4239,2004-09-30,Initial recording of the municipality Sins,1736
4239,2003-09-30,Initial recording of the municipality Sins,1660
4239,2002-09-30,Initial recording of the municipality Sins,1624
4239,2001-09-30,Initial recording of the municipality Sins,1609
4239,2000-09-30,Initial recording of the municipality Sins,1549
4239,1999-09-30,Initial recording of the municipality Sins,1488
4239,1998-09-30,Initial recording of the municipality Sins,1467
4239,1997-09-30,Initial recording of the municipality Sins,1425
4239,1996-09-30,Initial recording of the municipality Sins,1376
4239,1995-09-30,Initial recording of the municipality Sins,1344
4239,1994-09-30,Initial recording of the municipality Sins,1297
4239,1993-09-30,Initial recording of the municipality Sins,1263
4239,1992-09-30,Initial recording of the municipality Sins,1214
4239,1991-09-30,Initial recording of the municipality Sins,1241
4239,1990-09-30,Initial recording of the municipality Sins,1237
4239,1989-09-30,Initial recording of the municipality Sins,1177
4239,1988-09-30,Initial recording of the municipality Sins,1144
4239,1987-09-30,Initial recording of the municipality Sins,1107
4239,1986-09-30,Initial recording of the municipality Sins,1080
4239,1985-09-30,Initial recording of the municipality Sins,1053
4239,1984-09-30,Initial recording of the municipality Sins,974
4239,1983-09-30,Initial recording of the municipality Sins,943
4239,1982-09-30,Initial recording of the municipality Sins,910
4239,1981-09-30,Initial recording of the municipality Sins,904
4239,1980-09-30,Initial recording of the municipality Sins,876
4239,1979-09-30,Initial recording of the municipality Sins,833
4239,1978-09-30,Initial recording of the municipality Sins,792
4239,1977-09-30,Initial recording of the municipality Sins,758
4239,1976-09-30,Initial recording of the municipality Sins,753
4177,2025-09-30,Initial recording of the municipality Sisseln,1145
4177,2024-09-30,Initial recording of the municipality Sisseln,1124
4177,2023-09-30,Initial recording of the municipality Sisseln,1110
4177,2022-09-30,Initial recording of the municipality Sisseln,1159
4177,2021-09-30,Initial recording of the municipality Sisseln,1136
4177,2020-09-30,Initial recording of the municipality Sisseln,1098
4177,2019-09-30,Initial recording of the municipality Sisseln,1072
4177,2018-09-30,Initial recording of the municipality Sisseln,1086
4177,2017-09-30,Initial recording of the municipality Sisseln,1054
4177,2016-09-30,Initial recording of the municipality Sisseln,1015
4177,2015-09-30,Initial recording of the municipality Sisseln,1000
4177,2014-09-30,Initial recording of the municipality Sisseln,964
4177,2013-09-30,Initial recording of the municipality Sisseln,927
4177,2012-09-30,Initial recording of the municipality Sisseln,933
4177,2011-09-30,Initial recording of the municipality Sisseln,885
4177,2010-09-30,Initial recording of the municipality Sisseln,849
4177,2009-09-30,Initial recording of the municipality Sisseln,791
4177,2008-09-30,Initial recording of the municipality Sisseln,824
4177,2007-09-30,Initial recording of the municipality Sisseln,810
4177,2006-09-30,Initial recording of the municipality Sisseln,794
4177,2005-09-30,Initial recording of the municipality Sisseln,803
4177,2004-09-30,Initial recording of the municipality Sisseln,800
4177,2003-09-30,Initial recording of the municipality Sisseln,779
4177,2002-09-30,Initial recording of the municipality Sisseln,775
4177,2001-09-30,Initial recording of the municipality Sisseln,765
4177,2000-09-30,Initial recording of the municipality Sisseln,748
4177,1999-09-30,Initial recording of the municipality Sisseln,715
4177,1998-09-30,Initial recording of the municipality Sisseln,676
4177,1997-09-30,Initial recording of the municipality Sisseln,675
4177,1996-09-30,Initial recording of the municipality Sisseln,654
4177,1995-09-30,Initial recording of the municipality Sisseln,641
4177,1994-09-30,Initial recording of the municipality Sisseln,609
4177,1993-09-30,Initial recording of the municipality Sisseln,622
4177,1992-09-30,Initial recording of the municipality Sisseln,613
4177,1991-09-30,Initial recording of the municipality Sisseln,592
4177,1990-09-30,Initial recording of the municipality Sisseln,559
4177,1989-09-30,Initial recording of the municipality Sisseln,535
4177,1988-09-30,Initial recording of the municipality Sisseln,488
4177,1987-09-30,Initial recording of the municipality Sisseln,469
4177,1986-09-30,Initial recording of the municipality Sisseln,441
4177,1985-09-30,Initial recording of the municipality Sisseln,395
4177,1984-09-30,Initial recording of the municipality Sisseln,376
4177,1983-09-30,Initial recording of the municipality Sisseln,359
4177,1982-09-30,Initial recording of the municipality Sisseln,335
4177,1981-09-30,Initial recording of the municipality Sisseln,329
4177,1980-09-30,Initial recording of the municipality Sisseln,302
4177,1979-09-30,Initial recording of the municipality Sisseln,310
4177,1978-09-30,Initial recording of the municipality Sisseln,306
4177,1977-09-30,Initial recording of the municipality Sisseln,280
4177,1976-09-30,Initial recording of the municipality Sisseln,255
4040,2025-09-30,Initial recording of the municipality Spreitenbach,6359
4040,2024-09-30,Initial recording of the municipality Spreitenbach,6134
4040,2023-09-30,Initial recording of the municipality Spreitenbach,6118
4040,2022-09-30,Initial recording of the municipality Spreitenbach,5996
4040,2021-09-30,Initial recording of the municipality Spreitenbach,6007
4040,2020-09-30,Initial recording of the municipality Spreitenbach,5937
4040,2019-09-30,Initial recording of the municipality Spreitenbach,5879
4040,2018-09-30,Initial recording of the municipality Spreitenbach,5816
4040,2017-09-30,Initial recording of the municipality Spreitenbach,5746
4040,2016-09-30,Initial recording of the municipality Spreitenbach,5659
4040,2015-09-30,Initial recording of the municipality Spreitenbach,5526
4040,2014-09-30,Initial recording of the municipality Spreitenbach,5400
4040,2013-09-30,Initial recording of the municipality Spreitenbach,5409
4040,2012-09-30,Initial recording of the municipality Spreitenbach,5338
4040,2011-09-30,Initial recording of the municipality Spreitenbach,5250
4040,2010-09-30,Initial recording of the municipality Spreitenbach,5117
4040,2009-09-30,Initial recording of the municipality Spreitenbach,5045
4040,2008-09-30,Initial recording of the municipality Spreitenbach,4923
4040,2007-09-30,Initial recording of the municipality Spreitenbach,4889
4040,2006-09-30,Initial recording of the municipality Spreitenbach,4896
4040,2005-09-30,Initial recording of the municipality Spreitenbach,4881
4040,2004-09-30,Initial recording of the municipality Spreitenbach,4885
4040,2003-09-30,Initial recording of the municipality Spreitenbach,4788
4040,2002-09-30,Initial recording of the municipality Spreitenbach,4654
4040,2001-09-30,Initial recording of the municipality Spreitenbach,4516
4040,2000-09-30,Initial recording of the municipality Spreitenbach,4332
4040,1999-09-30,Initial recording of the municipality Spreitenbach,4201
4040,1998-09-30,Initial recording of the municipality Spreitenbach,4058
4040,1997-09-30,Initial recording of the municipality Spreitenbach,3973
4040,1996-09-30,Initial recording of the municipality Spreitenbach,3994
4040,1995-09-30,Initial recording of the municipality Spreitenbach,3949
4040,1994-09-30,Initial recording of the municipality Spreitenbach,3889
4040,1993-09-30,Initial recording of the municipality Spreitenbach,3861
4040,1992-09-30,Initial recording of the municipality Spreitenbach,3866
4040,1991-09-30,Initial recording of the municipality Spreitenbach,3931
4040,1990-09-30,Initial recording of the municipality Spreitenbach,3777
4040,1989-09-30,Initial recording of the municipality Spreitenbach,3635
4040,1988-09-30,Initial recording of the municipality Spreitenbach,3506
4040,1987-09-30,Initial recording of the municipality Spreitenbach,3369
4040,1986-09-30,Initial recording of the municipality Spreitenbach,3234
4040,1985-09-30,Initial recording of the municipality Spreitenbach,3047
4040,1984-09-30,Initial recording of the municipality Spreitenbach,2908
4040,1983-09-30,Initial recording of the municipality Spreitenbach,2860
4040,1982-09-30,Initial recording of the municipality Spreitenbach,2803
4040,1981-09-30,Initial recording of the municipality Spreitenbach,2779
4040,1980-09-30,Initial recording of the municipality Spreitenbach,2627
4040,1979-09-30,Initial recording of the municipality Spreitenbach,2465
4040,1978-09-30,Initial recording of the municipality Spreitenbach,2329
4040,1977-09-30,Initial recording of the municipality Spreitenbach,2212
4040,1976-09-30,Initial recording of the municipality Spreitenbach,2323
4284,2025-09-30,Initial recording of the municipality Staffelbach,972
4284,2024-09-30,Initial recording of the municipality Staffelbach,958
4284,2023-09-30,Initial recording of the municipality Staffelbach,949
4284,2022-09-30,Initial recording of the municipality Staffelbach,952
4284,2021-09-30,Initial recording of the municipality Staffelbach,962
4284,2020-09-30,Initial recording of the municipality Staffelbach,912
4284,2019-09-30,Initial recording of the municipality Staffelbach,877
4284,2018-09-30,Initial recording of the municipality Staffelbach,860
4284,2017-09-30,Initial recording of the municipality Staffelbach,797
4284,2016-09-30,Initial recording of the municipality Staffelbach,765
4284,2015-09-30,Initial recording of the municipality Staffelbach,751
4284,2014-09-30,Initial recording of the municipality Staffelbach,734
4284,2013-09-30,Initial recording of the municipality Staffelbach,720
4284,2012-09-30,Initial recording of the municipality Staffelbach,701
4284,2011-09-30,Initial recording of the municipality Staffelbach,677
4284,2010-09-30,Initial recording of the municipality Staffelbach,685
4284,2009-09-30,Initial recording of the municipality Staffelbach,689
4284,2008-09-30,Initial recording of the municipality Staffelbach,669
4284,2007-09-30,Initial recording of the municipality Staffelbach,667
4284,2006-09-30,Initial recording of the municipality Staffelbach,626
4284,2005-09-30,Initial recording of the municipality Staffelbach,639
4284,2004-09-30,Initial recording of the municipality Staffelbach,623
4284,2003-09-30,Initial recording of the municipality Staffelbach,617
4284,2002-09-30,Initial recording of the municipality Staffelbach,599
4284,2001-09-30,Initial recording of the municipality Staffelbach,594
4284,2000-09-30,Initial recording of the municipality Staffelbach,566
4284,1999-09-30,Initial recording of the municipality Staffelbach,547
4284,1998-09-30,Initial recording of the municipality Staffelbach,526
4284,1997-09-30,Initial recording of the municipality Staffelbach,503
4284,1996-09-30,Initial recording of the municipality Staffelbach,514
4284,1995-09-30,Initial recording of the municipality Staffelbach,489
4284,1994-09-30,Initial recording of the municipality Staffelbach,479
4284,1993-09-30,Initial recording of the municipality Staffelbach,495
4284,1992-09-30,Initial recording of the municipality Staffelbach,474
4284,1991-09-30,Initial recording of the municipality Staffelbach,467
4284,1990-09-30,Initial recording of the municipality Staffelbach,449
4284,1989-09-30,Initial recording of the municipality Staffelbach,434
4284,1988-09-30,Initial recording of the municipality Staffelbach,404
4284,1987-09-30,Initial recording of the municipality Staffelbach,380
4284,1986-09-30,Initial recording of the municipality Staffelbach,366
4284,1985-09-30,Initial recording of the municipality Staffelbach,351
4284,1984-09-30,Initial recording of the municipality Staffelbach,341
4284,1983-09-30,Initial recording of the municipality Staffelbach,308
4284,1982-09-30,Initial recording of the municipality Staffelbach,298
4284,1981-09-30,Initial recording of the municipality Staffelbach,282
4284,1980-09-30,Initial recording of the municipality Staffelbach,279
4284,1979-09-30,Initial recording of the municipality Staffelbach,255
4284,1978-09-30,Initial recording of the municipality Staffelbach,242
4284,1977-09-30,Initial recording of the municipality Staffelbach,230
4284,1976-09-30,Initial recording of the municipality Staffelbach,201
4210,2025-09-30,Initial recording of the municipality Staufen,2443
4210,2024-09-30,Initial recording of the municipality Staufen,2376
4210,2023-09-30,Initial recording of the municipality Staufen,2315
4210,2022-09-30,Initial recording of the municipality Staufen,2285
4210,2021-09-30,Initial recording of the municipality Staufen,2331
4210,2020-09-30,Initial recording of the municipality Staufen,2271
4210,2019-09-30,Initial recording of the municipality Staufen,2093
4210,2018-09-30,Initial recording of the municipality Staufen,1859
4210,2017-09-30,Initial recording of the municipality Staufen,1803
4210,2016-09-30,Initial recording of the municipality Staufen,1762
4210,2015-09-30,Initial recording of the municipality Staufen,1593
4210,2014-09-30,Initial recording of the municipality Staufen,1439
4210,2013-09-30,Initial recording of the municipality Staufen,1419
4210,2012-09-30,Initial recording of the municipality Staufen,1416
4210,2011-09-30,Initial recording of the municipality Staufen,1426
4210,2010-09-30,Initial recording of the municipality Staufen,1414
4210,2009-09-30,Initial recording of the municipality Staufen,1375
4210,2008-09-30,Initial recording of the municipality Staufen,1351
4210,2007-09-30,Initial recording of the municipality Staufen,1274
4210,2006-09-30,Initial recording of the municipality Staufen,1234
4210,2005-09-30,Initial recording of the municipality Staufen,1197
4210,2004-09-30,Initial recording of the municipality Staufen,1185
4210,2003-09-30,Initial recording of the municipality Staufen,1185
4210,2002-09-30,Initial recording of the municipality Staufen,1155
4210,2001-09-30,Initial recording of the municipality Staufen,1103
4210,2000-09-30,Initial recording of the municipality Staufen,1069
4210,1999-09-30,Initial recording of the municipality Staufen,1061
4210,1998-09-30,Initial recording of the municipality Staufen,1034
4210,1997-09-30,Initial recording of the municipality Staufen,1006
4210,1996-09-30,Initial recording of the municipality Staufen,994
4210,1995-09-30,Initial recording of the municipality Staufen,983
4210,1994-09-30,Initial recording of the municipality Staufen,987
4210,1993-09-30,Initial recording of the municipality Staufen,976
4210,1992-09-30,Initial recording of the municipality Staufen,969
4210,1991-09-30,Initial recording of the municipality Staufen,951
4210,1990-09-30,Initial recording of the municipality Staufen,943
4210,1989-09-30,Initial recording of the municipality Staufen,931
4210,1988-09-30,Initial recording of the municipality Staufen,890
4210,1987-09-30,Initial recording of the municipality Staufen,880
4210,1986-09-30,Initial recording of the municipality Staufen,832
4210,1985-09-30,Initial recording of the municipality Staufen,813
4210,1984-09-30,Initial recording of the municipality Staufen,809
4210,1983-09-30,Initial recording of the municipality Staufen,804
4210,1982-09-30,Initial recording of the municipality Staufen,772
4210,1981-09-30,Initial recording of the municipality Staufen,719
4210,1980-09-30,Initial recording of the municipality Staufen,688
4210,1979-09-30,Initial recording of the municipality Staufen,659
4210,1978-09-30,Initial recording of the municipality Staufen,618
4210,1977-09-30,Initial recording of the municipality Staufen,580
4210,1976-09-30,Initial recording of the municipality Staufen,522
4260,2025-09-30,Initial recording of the municipality Stein (AG),2051
4260,2024-09-30,Initial recording of the municipality Stein (AG),2008
4260,2023-09-30,Initial recording of the municipality Stein (AG),1988
4260,2022-09-30,Initial recording of the municipality Stein (AG),1967
4260,2021-09-30,Initial recording of the municipality Stein (AG),1963
4260,2020-09-30,Initial recording of the municipality Stein (AG),1885
4260,2019-09-30,Initial recording of the municipality Stein (AG),1834
4260,2018-09-30,Initial recording of the municipality Stein (AG),1858
4260,2017-09-30,Initial recording of the municipality Stein (AG),1847
4260,2016-09-30,Initial recording of the municipality Stein (AG),1822
4260,2015-09-30,Initial recording of the municipality Stein (AG),1752
4260,2014-09-30,Initial recording of the municipality Stein (AG),1699
4260,2013-09-30,Initial recording of the municipality Stein (AG),1692
4260,2012-09-30,Initial recording of the municipality Stein (AG),1657
4260,2011-09-30,Initial recording of the municipality Stein (AG),1585
4260,2010-09-30,Initial recording of the municipality Stein (AG),1549
4260,2009-09-30,Initial recording of the municipality Stein (AG),1543
4260,2008-09-30,Initial recording of the municipality Stein (AG),1464
4260,2007-09-30,Initial recording of the municipality Stein (AG),1438
4260,2006-09-30,Initial recording of the municipality Stein (AG),1410
4260,2005-09-30,Initial recording of the municipality Stein (AG),1363
4260,2004-09-30,Initial recording of the municipality Stein (AG),1342
4260,2003-09-30,Initial recording of the municipality Stein (AG),1349
4260,2002-09-30,Initial recording of the municipality Stein (AG),1320
4260,2001-09-30,Initial recording of the municipality Stein (AG),1275
4260,2000-09-30,Initial recording of the municipality Stein (AG),1205
4260,1999-09-30,Initial recording of the municipality Stein (AG),1136
4260,1998-09-30,Initial recording of the municipality Stein (AG),1102
4260,1997-09-30,Initial recording of the municipality Stein (AG),1076
4260,1996-09-30,Initial recording of the municipality Stein (AG),1012
4260,1995-09-30,Initial recording of the municipality Stein (AG),973
4260,1994-09-30,Initial recording of the municipality Stein (AG),956
4260,1993-09-30,Initial recording of the municipality Stein (AG),952
4260,1992-09-30,Initial recording of the municipality Stein (AG),921
4260,1991-09-30,Initial recording of the municipality Stein (AG),914
4260,1990-09-30,Initial recording of the municipality Stein (AG),897
4260,1989-09-30,Initial recording of the municipality Stein (AG),864
4260,1988-09-30,Initial recording of the municipality Stein (AG),844
4260,1987-09-30,Initial recording of the municipality Stein (AG),818
4260,1986-09-30,Initial recording of the municipality Stein (AG),764
4260,1985-09-30,Initial recording of the municipality Stein (AG),724
4260,1984-09-30,Initial recording of the municipality Stein (AG),710
4260,1983-09-30,Initial recording of the municipality Stein (AG),695
4260,1982-09-30,Initial recording of the municipality Stein (AG),676
4260,1981-09-30,Initial recording of the municipality Stein (AG),643
4260,1980-09-30,Initial recording of the municipality Stein (AG),618
4260,1979-09-30,Initial recording of the municipality Stein (AG),604
4260,1978-09-30,Initial recording of the municipality Stein (AG),562
4260,1977-09-30,Initial recording of the municipality Stein (AG),549
4260,1976-09-30,Initial recording of the municipality Stein (AG),524
4041,2025-09-30,Initial recording of the municipality Stetten (AG),1743
4041,2024-09-30,Initial recording of the municipality Stetten (AG),1732
4041,2023-09-30,Initial recording of the municipality Stetten (AG),1679
4041,2022-09-30,Initial recording of the municipality Stetten (AG),1650
4041,2021-09-30,Initial recording of the municipality Stetten (AG),1580
4041,2020-09-30,Initial recording of the municipality Stetten (AG),1530
4041,2019-09-30,Initial recording of the municipality Stetten (AG),1476
4041,2018-09-30,Initial recording of the municipality Stetten (AG),1432
4041,2017-09-30,Initial recording of the municipality Stetten (AG),1436
4041,2016-09-30,Initial recording of the municipality Stetten (AG),1401
4041,2015-09-30,Initial recording of the municipality Stetten (AG),1306
4041,2014-09-30,Initial recording of the municipality Stetten (AG),1268
4041,2013-09-30,Initial recording of the municipality Stetten (AG),1254
4041,2012-09-30,Initial recording of the municipality Stetten (AG),1095
4041,2011-09-30,Initial recording of the municipality Stetten (AG),1063
4041,2010-09-30,Initial recording of the municipality Stetten (AG),1031
4041,2009-09-30,Initial recording of the municipality Stetten (AG),997
4041,2008-09-30,Initial recording of the municipality Stetten (AG),964
4041,2007-09-30,Initial recording of the municipality Stetten (AG),939
4041,2006-09-30,Initial recording of the municipality Stetten (AG),931
4041,2005-09-30,Initial recording of the municipality Stetten (AG),913
4041,2004-09-30,Initial recording of the municipality Stetten (AG),905
4041,2003-09-30,Initial recording of the municipality Stetten (AG),906
4041,2002-09-30,Initial recording of the municipality Stetten (AG),887
4041,2001-09-30,Initial recording of the municipality Stetten (AG),895
4041,2000-09-30,Initial recording of the municipality Stetten (AG),882
4041,1999-09-30,Initial recording of the municipality Stetten (AG),851
4041,1998-09-30,Initial recording of the municipality Stetten (AG),831
4041,1997-09-30,Initial recording of the municipality Stetten (AG),803
4041,1996-09-30,Initial recording of the municipality Stetten (AG),822
4041,1995-09-30,Initial recording of the municipality Stetten (AG),774
4041,1994-09-30,Initial recording of the municipality Stetten (AG),772
4041,1993-09-30,Initial recording of the municipality Stetten (AG),755
4041,1992-09-30,Initial recording of the municipality Stetten (AG),712
4041,1991-09-30,Initial recording of the municipality Stetten (AG),708
4041,1990-09-30,Initial recording of the municipality Stetten (AG),674
4041,1989-09-30,Initial recording of the municipality Stetten (AG),662
4041,1988-09-30,Initial recording of the municipality Stetten (AG),643
4041,1987-09-30,Initial recording of the municipality Stetten (AG),616
4041,1986-09-30,Initial recording of the municipality Stetten (AG),600
4041,1985-09-30,Initial recording of the municipality Stetten (AG),530
4041,1984-09-30,Initial recording of the municipality Stetten (AG),457
4041,1983-09-30,Initial recording of the municipality Stetten (AG),423
4041,1982-09-30,Initial recording of the municipality Stetten (AG),432
4041,1981-09-30,Initial recording of the municipality Stetten (AG),429
4041,1980-09-30,Initial recording of the municipality Stetten (AG),422
4041,1979-09-30,Initial recording of the municipality Stetten (AG),409
4041,1978-09-30,Initial recording of the municipality Stetten (AG),370
4041,1977-09-30,Initial recording of the municipality Stetten (AG),356
4041,1976-09-30,Initial recording of the municipality Stetten (AG),326
4116,2005-09-30,Initial recording of the municipality Stilli,246
4116,2004-09-30,Initial recording of the municipality Stilli,227
4116,2003-09-30,Initial recording of the municipality Stilli,214
4116,2002-09-30,Initial recording of the municipality Stilli,206
4116,2001-09-30,Initial recording of the municipality Stilli,190
4116,2000-09-30,Initial recording of the municipality Stilli,190
4116,1999-09-30,Initial recording of the municipality Stilli,180
4116,1998-09-30,Initial recording of the municipality Stilli,190
4116,1997-09-30,Initial recording of the municipality Stilli,193
4116,1996-09-30,Initial recording of the municipality Stilli,193
4116,1995-09-30,Initial recording of the municipality Stilli,199
4116,1994-09-30,Initial recording of the municipality Stilli,206
4116,1993-09-30,Initial recording of the municipality Stilli,208
4116,1992-09-30,Initial recording of the municipality Stilli,207
4116,1991-09-30,Initial recording of the municipality Stilli,212
4116,1990-09-30,Initial recording of the municipality Stilli,202
4116,1989-09-30,Initial recording of the municipality Stilli,189
4116,1988-09-30,Initial recording of the municipality Stilli,199
4116,1987-09-30,Initial recording of the municipality Stilli,190
4116,1986-09-30,Initial recording of the municipality Stilli,199
4116,1985-09-30,Initial recording of the municipality Stilli,190
4116,1984-09-30,Initial recording of the municipality Stilli,187
4116,1983-09-30,Initial recording of the municipality Stilli,183
4116,1982-09-30,Initial recording of the municipality Stilli,194
4116,1981-09-30,Initial recording of the municipality Stilli,188
4116,1980-09-30,Initial recording of the municipality Stilli,185
4116,1979-09-30,Initial recording of the municipality Stilli,181
4116,1978-09-30,Initial recording of the municipality Stilli,168
4116,1977-09-30,Initial recording of the municipality Stilli,159
4116,1976-09-30,Initial recording of the municipality Stilli,158
4285,2025-09-30,Initial recording of the municipality Strengelbach,3018
4285,2024-09-30,Initial recording of the municipality Strengelbach,2958
4285,2023-09-30,Initial recording of the municipality Strengelbach,2912
4285,2022-09-30,Initial recording of the municipality Strengelbach,2865
4285,2021-09-30,Initial recording of the municipality Strengelbach,2771
4285,2020-09-30,Initial recording of the municipality Strengelbach,2769
4285,2019-09-30,Initial recording of the municipality Strengelbach,2761
4285,2018-09-30,Initial recording of the municipality Strengelbach,2779
4285,2017-09-30,Initial recording of the municipality Strengelbach,2745
4285,2016-09-30,Initial recording of the municipality Strengelbach,2601
4285,2015-09-30,Initial recording of the municipality Strengelbach,2613
4285,2014-09-30,Initial recording of the municipality Strengelbach,2562
4285,2013-09-30,Initial recording of the municipality Strengelbach,2556
4285,2012-09-30,Initial recording of the municipality Strengelbach,2535
4285,2011-09-30,Initial recording of the municipality Strengelbach,2478
4285,2010-09-30,Initial recording of the municipality Strengelbach,2434
4285,2009-09-30,Initial recording of the municipality Strengelbach,2363
4285,2008-09-30,Initial recording of the municipality Strengelbach,2308
4285,2007-09-30,Initial recording of the municipality Strengelbach,2260
4285,2006-09-30,Initial recording of the municipality Strengelbach,2227
4285,2005-09-30,Initial recording of the municipality Strengelbach,2165
4285,2004-09-30,Initial recording of the municipality Strengelbach,2127
4285,2003-09-30,Initial recording of the municipality Strengelbach,2097
4285,2002-09-30,Initial recording of the municipality Strengelbach,2065
4285,2001-09-30,Initial recording of the municipality Strengelbach,2013
4285,2000-09-30,Initial recording of the municipality Strengelbach,1962
4285,1999-09-30,Initial recording of the municipality Strengelbach,1914
4285,1998-09-30,Initial recording of the municipality Strengelbach,1848
4285,1997-09-30,Initial recording of the municipality Strengelbach,1826
4285,1996-09-30,Initial recording of the municipality Strengelbach,1820
4285,1995-09-30,Initial recording of the municipality Strengelbach,1741
4285,1994-09-30,Initial recording of the municipality Strengelbach,1710
4285,1993-09-30,Initial recording of the municipality Strengelbach,1698
4285,1992-09-30,Initial recording of the municipality Strengelbach,1730
4285,1991-09-30,Initial recording of the municipality Strengelbach,1721
4285,1990-09-30,Initial recording of the municipality Strengelbach,1648
4285,1989-09-30,Initial recording of the municipality Strengelbach,1596
4285,1988-09-30,Initial recording of the municipality Strengelbach,1543
4285,1987-09-30,Initial recording of the municipality Strengelbach,1503
4285,1986-09-30,Initial recording of the municipality Strengelbach,1476
4285,1985-09-30,Initial recording of the municipality Strengelbach,1409
4285,1984-09-30,Initial recording of the municipality Strengelbach,1364
4285,1983-09-30,Initial recording of the municipality Strengelbach,1335
4285,1982-09-30,Initial recording of the municipality Strengelbach,1293
4285,1981-09-30,Initial recording of the municipality Strengelbach,1247
4285,1980-09-30,Initial recording of the municipality Strengelbach,1227
4285,1979-09-30,Initial recording of the municipality Strengelbach,1159
4285,1978-09-30,Initial recording of the municipality Strengelbach,1139
4285,1977-09-30,Initial recording of the municipality Strengelbach,1092
4285,1976-09-30,Initial recording of the municipality Strengelbach,1092
4012,2025-09-30,Initial recording of the municipality Suhr,5295
4012,2024-09-30,Initial recording of the municipality Suhr,5228
4012,2023-09-30,Initial recording of the municipality Suhr,5089
4012,2022-09-30,Initial recording of the municipality Suhr,5031
4012,2021-09-30,Initial recording of the municipality Suhr,5034
4012,2020-09-30,Initial recording of the municipality Suhr,4941
4012,2019-09-30,Initial recording of the municipality Suhr,4894
4012,2018-09-30,Initial recording of the municipality Suhr,4879
4012,2017-09-30,Initial recording of the municipality Suhr,4762
4012,2016-09-30,Initial recording of the municipality Suhr,4752
4012,2015-09-30,Initial recording of the municipality Suhr,4789
4012,2014-09-30,Initial recording of the municipality Suhr,4786
4012,2013-09-30,Initial recording of the municipality Suhr,4754
4012,2012-09-30,Initial recording of the municipality Suhr,4706
4012,2011-09-30,Initial recording of the municipality Suhr,4653
4012,2010-09-30,Initial recording of the municipality Suhr,4602
4012,2009-09-30,Initial recording of the municipality Suhr,4496
4012,2008-09-30,Initial recording of the municipality Suhr,4508
4012,2007-09-30,Initial recording of the municipality Suhr,4478
4012,2006-09-30,Initial recording of the municipality Suhr,4413
4012,2005-09-30,Initial recording of the municipality Suhr,4330
4012,2004-09-30,Initial recording of the municipality Suhr,4331
4012,2003-09-30,Initial recording of the municipality Suhr,4277
4012,2002-09-30,Initial recording of the municipality Suhr,4115
4012,2001-09-30,Initial recording of the municipality Suhr,3982
4012,2000-09-30,Initial recording of the municipality Suhr,3841
4012,1999-09-30,Initial recording of the municipality Suhr,3787
4012,1998-09-30,Initial recording of the municipality Suhr,3704
4012,1997-09-30,Initial recording of the municipality Suhr,3615
4012,1996-09-30,Initial recording of the municipality Suhr,3528
4012,1995-09-30,Initial recording of the municipality Suhr,3494
4012,1994-09-30,Initial recording of the municipality Suhr,3544
4012,1993-09-30,Initial recording of the municipality Suhr,3543
4012,1992-09-30,Initial recording of the municipality Suhr,3499
4012,1991-09-30,Initial recording of the municipality Suhr,3505
4012,1990-09-30,Initial recording of the municipality Suhr,3436
4012,1989-09-30,Initial recording of the municipality Suhr,3306
4012,1988-09-30,Initial recording of the municipality Suhr,3147
4012,1987-09-30,Initial recording of the municipality Suhr,2931
4012,1986-09-30,Initial recording of the municipality Suhr,2746
4012,1985-09-30,Initial recording of the municipality Suhr,2697
4012,1984-09-30,Initial recording of the municipality Suhr,2648
4012,1983-09-30,Initial recording of the municipality Suhr,2679
4012,1982-09-30,Initial recording of the municipality Suhr,2611
4012,1981-09-30,Initial recording of the municipality Suhr,2551
4012,1980-09-30,Initial recording of the municipality Suhr,2465
4012,1979-09-30,Initial recording of the municipality Suhr,2396
4012,1978-09-30,Initial recording of the municipality Suhr,2310
4012,1977-09-30,Initial recording of the municipality Suhr,2226
4012,1976-09-30,Initial recording of the municipality Suhr,2175
4178,2009-09-30,Initial recording of the municipality Sulz (AG),729
4178,2008-09-30,Initial recording of the municipality Sulz (AG),743
4178,2007-09-30,Initial recording of the municipality Sulz (AG),743
4178,2006-09-30,Initial recording of the municipality Sulz (AG),715
4178,2005-09-30,Initial recording of the municipality Sulz (AG),710
4178,2004-09-30,Initial recording of the municipality Sulz (AG),707
4178,2003-09-30,Initial recording of the municipality Sulz (AG),678
4178,2002-09-30,Initial recording of the municipality Sulz (AG),641
4178,2001-09-30,Initial recording of the municipality Sulz (AG),634
4178,2000-09-30,Initial recording of the municipality Sulz (AG),609
4178,1999-09-30,Initial recording of the municipality Sulz (AG),614
4178,1998-09-30,Initial recording of the municipality Sulz (AG),596
4178,1997-09-30,Initial recording of the municipality Sulz (AG),573
4178,1996-09-30,Initial recording of the municipality Sulz (AG),549
4178,1995-09-30,Initial recording of the municipality Sulz (AG),511
4178,1994-09-30,Initial recording of the municipality Sulz (AG),487
4178,1993-09-30,Initial recording of the municipality Sulz (AG),484
4178,1992-09-30,Initial recording of the municipality Sulz (AG),467
4178,1991-09-30,Initial recording of the municipality Sulz (AG),457
4178,1990-09-30,Initial recording of the municipality Sulz (AG),451
4178,1989-09-30,Initial recording of the municipality Sulz (AG),434
4178,1988-09-30,Initial recording of the municipality Sulz (AG),420
4178,1987-09-30,Initial recording of the municipality Sulz (AG),407
4178,1986-09-30,Initial recording of the municipality Sulz (AG),394
4178,1985-09-30,Initial recording of the municipality Sulz (AG),400
4178,1984-09-30,Initial recording of the municipality Sulz (AG),370
4178,1983-09-30,Initial recording of the municipality Sulz (AG),354
4178,1982-09-30,Initial recording of the municipality Sulz (AG),342
4178,1981-09-30,Initial recording of the municipality Sulz (AG),323
4178,1980-09-30,Initial recording of the municipality Sulz (AG),313
4178,1979-09-30,Initial recording of the municipality Sulz (AG),309
4178,1978-09-30,Initial recording of the municipality Sulz (AG),274
4178,1977-09-30,Initial recording of the municipality Sulz (AG),267
4178,1976-09-30,Initial recording of the municipality Sulz (AG),259
4320,2025-09-30,Initial recording of the municipality Tegerfelden,911
4320,2024-09-30,Initial recording of the municipality Tegerfelden,903
4320,2023-09-30,Initial recording of the municipality Tegerfelden,885
4320,2022-09-30,Initial recording of the municipality Tegerfelden,869
4320,2021-09-30,Initial recording of the municipality Tegerfelden,843
4320,2020-09-30,Initial recording of the municipality Tegerfelden,814
4320,2019-09-30,Initial recording of the municipality Tegerfelden,811
4320,2018-09-30,Initial recording of the municipality Tegerfelden,794
4320,2017-09-30,Initial recording of the municipality Tegerfelden,789
4320,2016-09-30,Initial recording of the municipality Tegerfelden,800
4320,2015-09-30,Initial recording of the municipality Tegerfelden,750
4320,2014-09-30,Initial recording of the municipality Tegerfelden,720
4320,2013-09-30,Initial recording of the municipality Tegerfelden,698
4320,2012-09-30,Initial recording of the municipality Tegerfelden,689
4320,2011-09-30,Initial recording of the municipality Tegerfelden,660
4320,2010-09-30,Initial recording of the municipality Tegerfelden,656
4320,2009-09-30,Initial recording of the municipality Tegerfelden,635
4320,2008-09-30,Initial recording of the municipality Tegerfelden,621
4320,2007-09-30,Initial recording of the municipality Tegerfelden,596
4320,2006-09-30,Initial recording of the municipality Tegerfelden,607
4320,2005-09-30,Initial recording of the municipality Tegerfelden,598
4320,2004-09-30,Initial recording of the municipality Tegerfelden,565
4320,2003-09-30,Initial recording of the municipality Tegerfelden,569
4320,2002-09-30,Initial recording of the municipality Tegerfelden,558
4320,2001-09-30,Initial recording of the municipality Tegerfelden,542
4320,2000-09-30,Initial recording of the municipality Tegerfelden,543
4320,1999-09-30,Initial recording of the municipality Tegerfelden,541
4320,1998-09-30,Initial recording of the municipality Tegerfelden,506
4320,1997-09-30,Initial recording of the municipality Tegerfelden,495
4320,1996-09-30,Initial recording of the municipality Tegerfelden,476
4320,1995-09-30,Initial recording of the municipality Tegerfelden,467
4320,1994-09-30,Initial recording of the municipality Tegerfelden,452
4320,1993-09-30,Initial recording of the municipality Tegerfelden,427
4320,1992-09-30,Initial recording of the municipality Tegerfelden,429
4320,1991-09-30,Initial recording of the municipality Tegerfelden,419
4320,1990-09-30,Initial recording of the municipality Tegerfelden,400
4320,1989-09-30,Initial recording of the municipality Tegerfelden,389
4320,1988-09-30,Initial recording of the municipality Tegerfelden,355
4320,1987-09-30,Initial recording of the municipality Tegerfelden,343
4320,1986-09-30,Initial recording of the municipality Tegerfelden,342
4320,1985-09-30,Initial recording of the municipality Tegerfelden,323
4320,1984-09-30,Initial recording of the municipality Tegerfelden,288
4320,1983-09-30,Initial recording of the municipality Tegerfelden,281
4320,1982-09-30,Initial recording of the municipality Tegerfelden,256
4320,1981-09-30,Initial recording of the municipality Tegerfelden,252
4320,1980-09-30,Initial recording of the municipality Tegerfelden,240
4320,1979-09-30,Initial recording of the municipality Tegerfelden,228
4320,1978-09-30,Initial recording of the municipality Tegerfelden,206
4320,1977-09-30,Initial recording of the municipality Tegerfelden,184
4320,1976-09-30,Initial recording of the municipality Tegerfelden,155
4145,2025-09-30,Initial recording of the municipality Teufenthal (AG),1173
4145,2024-09-30,Initial recording of the municipality Teufenthal (AG),1139
4145,2023-09-30,Initial recording of the municipality Teufenthal (AG),1152
4145,2022-09-30,Initial recording of the municipality Teufenthal (AG),1157
4145,2021-09-30,Initial recording of the municipality Teufenthal (AG),1155
4145,2020-09-30,Initial recording of the municipality Teufenthal (AG),1121
4145,2019-09-30,Initial recording of the municipality Teufenthal (AG),1137
4145,2018-09-30,Initial recording of the municipality Teufenthal (AG),1103
4145,2017-09-30,Initial recording of the municipality Teufenthal (AG),1053
4145,2016-09-30,Initial recording of the municipality Teufenthal (AG),1025
4145,2015-09-30,Initial recording of the municipality Teufenthal (AG),985
4145,2014-09-30,Initial recording of the municipality Teufenthal (AG),971
4145,2013-09-30,Initial recording of the municipality Teufenthal (AG),951
4145,2012-09-30,Initial recording of the municipality Teufenthal (AG),975
4145,2011-09-30,Initial recording of the municipality Teufenthal (AG),972
4145,2010-09-30,Initial recording of the municipality Teufenthal (AG),959
4145,2009-09-30,Initial recording of the municipality Teufenthal (AG),949
4145,2008-09-30,Initial recording of the municipality Teufenthal (AG),916
4145,2007-09-30,Initial recording of the municipality Teufenthal (AG),889
4145,2006-09-30,Initial recording of the municipality Teufenthal (AG),890
4145,2005-09-30,Initial recording of the municipality Teufenthal (AG),884
4145,2004-09-30,Initial recording of the municipality Teufenthal (AG),866
4145,2003-09-30,Initial recording of the municipality Teufenthal (AG),872
4145,2002-09-30,Initial recording of the municipality Teufenthal (AG),848
4145,2001-09-30,Initial recording of the municipality Teufenthal (AG),841
4145,2000-09-30,Initial recording of the municipality Teufenthal (AG),821
4145,1999-09-30,Initial recording of the municipality Teufenthal (AG),804
4145,1998-09-30,Initial recording of the municipality Teufenthal (AG),808
4145,1997-09-30,Initial recording of the municipality Teufenthal (AG),797
4145,1996-09-30,Initial recording of the municipality Teufenthal (AG),788
4145,1995-09-30,Initial recording of the municipality Teufenthal (AG),758
4145,1994-09-30,Initial recording of the municipality Teufenthal (AG),760
4145,1993-09-30,Initial recording of the municipality Teufenthal (AG),752
4145,1992-09-30,Initial recording of the municipality Teufenthal (AG),730
4145,1991-09-30,Initial recording of the municipality Teufenthal (AG),718
4145,1990-09-30,Initial recording of the municipality Teufenthal (AG),703
4145,1989-09-30,Initial recording of the municipality Teufenthal (AG),695
4145,1988-09-30,Initial recording of the municipality Teufenthal (AG),696
4145,1987-09-30,Initial recording of the municipality Teufenthal (AG),664
4145,1986-09-30,Initial recording of the municipality Teufenthal (AG),664
4145,1985-09-30,Initial recording of the municipality Teufenthal (AG),646
4145,1984-09-30,Initial recording of the municipality Teufenthal (AG),622
4145,1983-09-30,Initial recording of the municipality Teufenthal (AG),607
4145,1982-09-30,Initial recording of the municipality Teufenthal (AG),587
4145,1981-09-30,Initial recording of the municipality Teufenthal (AG),567
4145,1980-09-30,Initial recording of the municipality Teufenthal (AG),515
4145,1979-09-30,Initial recording of the municipality Teufenthal (AG),524
4145,1978-09-30,Initial recording of the municipality Teufenthal (AG),508
4145,1977-09-30,Initial recording of the municipality Teufenthal (AG),471
4145,1976-09-30,Initial recording of the municipality Teufenthal (AG),440
4117,2025-09-30,Initial recording of the municipality Thalheim (AG),682
4117,2024-09-30,Initial recording of the municipality Thalheim (AG),658
4117,2023-09-30,Initial recording of the municipality Thalheim (AG),645
4117,2022-09-30,Initial recording of the municipality Thalheim (AG),609
4117,2021-09-30,Initial recording of the municipality Thalheim (AG),579
4117,2020-09-30,Initial recording of the municipality Thalheim (AG),557
4117,2019-09-30,Initial recording of the municipality Thalheim (AG),562
4117,2018-09-30,Initial recording of the municipality Thalheim (AG),572
4117,2017-09-30,Initial recording of the municipality Thalheim (AG),598
4117,2016-09-30,Initial recording of the municipality Thalheim (AG),592
4117,2015-09-30,Initial recording of the municipality Thalheim (AG),580
4117,2014-09-30,Initial recording of the municipality Thalheim (AG),569
4117,2013-09-30,Initial recording of the municipality Thalheim (AG),538
4117,2012-09-30,Initial recording of the municipality Thalheim (AG),522
4117,2011-09-30,Initial recording of the municipality Thalheim (AG),519
4117,2010-09-30,Initial recording of the municipality Thalheim (AG),511
4117,2009-09-30,Initial recording of the municipality Thalheim (AG),512
4117,2008-09-30,Initial recording of the municipality Thalheim (AG),502
4117,2007-09-30,Initial recording of the municipality Thalheim (AG),502
4117,2006-09-30,Initial recording of the municipality Thalheim (AG),490
4117,2005-09-30,Initial recording of the municipality Thalheim (AG),490
4117,2004-09-30,Initial recording of the municipality Thalheim (AG),499
4117,2003-09-30,Initial recording of the municipality Thalheim (AG),480
4117,2002-09-30,Initial recording of the municipality Thalheim (AG),447
4117,2001-09-30,Initial recording of the municipality Thalheim (AG),441
4117,2000-09-30,Initial recording of the municipality Thalheim (AG),429
4117,1999-09-30,Initial recording of the municipality Thalheim (AG),424
4117,1998-09-30,Initial recording of the municipality Thalheim (AG),413
4117,1997-09-30,Initial recording of the municipality Thalheim (AG),403
4117,1996-09-30,Initial recording of the municipality Thalheim (AG),391
4117,1995-09-30,Initial recording of the municipality Thalheim (AG),377
4117,1994-09-30,Initial recording of the municipality Thalheim (AG),370
4117,1993-09-30,Initial recording of the municipality Thalheim (AG),373
4117,1992-09-30,Initial recording of the municipality Thalheim (AG),346
4117,1991-09-30,Initial recording of the municipality Thalheim (AG),323
4117,1990-09-30,Initial recording of the municipality Thalheim (AG),311
4117,1989-09-30,Initial recording of the municipality Thalheim (AG),296
4117,1988-09-30,Initial recording of the municipality Thalheim (AG),287
4117,1987-09-30,Initial recording of the municipality Thalheim (AG),282
4117,1986-09-30,Initial recording of the municipality Thalheim (AG),271
4117,1985-09-30,Initial recording of the municipality Thalheim (AG),269
4117,1984-09-30,Initial recording of the municipality Thalheim (AG),252
4117,1983-09-30,Initial recording of the municipality Thalheim (AG),246
4117,1982-09-30,Initial recording of the municipality Thalheim (AG),236
4117,1981-09-30,Initial recording of the municipality Thalheim (AG),229
4117,1980-09-30,Initial recording of the municipality Thalheim (AG),218
4117,1979-09-30,Initial recording of the municipality Thalheim (AG),211
4117,1978-09-30,Initial recording of the municipality Thalheim (AG),196
4117,1977-09-30,Initial recording of the municipality Thalheim (AG),184
4117,1976-09-30,Initial recording of the municipality Thalheim (AG),162
4042,2023-09-30,Initial recording of the municipality Turgi,1469
4042,2022-09-30,Initial recording of the municipality Turgi,1421
4042,2021-09-30,Initial recording of the municipality Turgi,1436
4042,2020-09-30,Initial recording of the municipality Turgi,1420
4042,2019-09-30,Initial recording of the municipality Turgi,1445
4042,2018-09-30,Initial recording of the municipality Turgi,1465
4042,2017-09-30,Initial recording of the municipality Turgi,1456
4042,2016-09-30,Initial recording of the municipality Turgi,1467
4042,2015-09-30,Initial recording of the municipality Turgi,1426
4042,2014-09-30,Initial recording of the municipality Turgi,1475
4042,2013-09-30,Initial recording of the municipality Turgi,1464
4042,2012-09-30,Initial recording of the municipality Turgi,1444
4042,2011-09-30,Initial recording of the municipality Turgi,1768
4042,2010-09-30,Initial recording of the municipality Turgi,1803
4042,2009-09-30,Initial recording of the municipality Turgi,1612
4042,2008-09-30,Initial recording of the municipality Turgi,1549
4042,2007-09-30,Initial recording of the municipality Turgi,1527
4042,2006-09-30,Initial recording of the municipality Turgi,1491
4042,2005-09-30,Initial recording of the municipality Turgi,1472
4042,2004-09-30,Initial recording of the municipality Turgi,1410
4042,2003-09-30,Initial recording of the municipality Turgi,1389
4042,2002-09-30,Initial recording of the municipality Turgi,1347
4042,2001-09-30,Initial recording of the municipality Turgi,1198
4042,2000-09-30,Initial recording of the municipality Turgi,1140
4042,1999-09-30,Initial recording of the municipality Turgi,1124
4042,1998-09-30,Initial recording of the municipality Turgi,1102
4042,1997-09-30,Initial recording of the municipality Turgi,1100
4042,1996-09-30,Initial recording of the municipality Turgi,1140
4042,1995-09-30,Initial recording of the municipality Turgi,1155
4042,1994-09-30,Initial recording of the municipality Turgi,1193
4042,1993-09-30,Initial recording of the municipality Turgi,1187
4042,1992-09-30,Initial recording of the municipality Turgi,1272
4042,1991-09-30,Initial recording of the municipality Turgi,1351
4042,1990-09-30,Initial recording of the municipality Turgi,1340
4042,1989-09-30,Initial recording of the municipality Turgi,1339
4042,1988-09-30,Initial recording of the municipality Turgi,1310
4042,1987-09-30,Initial recording of the municipality Turgi,1259
4042,1986-09-30,Initial recording of the municipality Turgi,1261
4042,1985-09-30,Initial recording of the municipality Turgi,1202
4042,1984-09-30,Initial recording of the municipality Turgi,1186
4042,1983-09-30,Initial recording of the municipality Turgi,1183
4042,1982-09-30,Initial recording of the municipality Turgi,1154
4042,1981-09-30,Initial recording of the municipality Turgi,1142
4042,1980-09-30,Initial recording of the municipality Turgi,1114
4042,1979-09-30,Initial recording of the municipality Turgi,1084
4042,1978-09-30,Initial recording of the municipality Turgi,1024
4042,1977-09-30,Initial recording of the municipality Turgi,963
4042,1976-09-30,Initial recording of the municipality Turgi,961
4077,2025-09-30,Initial recording of the municipality Tägerig,921
4077,2024-09-30,Initial recording of the municipality Tägerig,911
4077,2023-09-30,Initial recording of the municipality Tägerig,909
4077,2022-09-30,Initial recording of the municipality Tägerig,895
4077,2021-09-30,Initial recording of the municipality Tägerig,883
4077,2020-09-30,Initial recording of the municipality Tägerig,861
4077,2019-09-30,Initial recording of the municipality Tägerig,880
4077,2018-09-30,Initial recording of the municipality Tägerig,877
4077,2017-09-30,Initial recording of the municipality Tägerig,881
4077,2016-09-30,Initial recording of the municipality Tägerig,871
4077,2015-09-30,Initial recording of the municipality Tägerig,852
4077,2014-09-30,Initial recording of the municipality Tägerig,825
4077,2013-09-30,Initial recording of the municipality Tägerig,802
4077,2012-09-30,Initial recording of the municipality Tägerig,782
4077,2011-09-30,Initial recording of the municipality Tägerig,780
4077,2010-09-30,Initial recording of the municipality Tägerig,787
4077,2009-09-30,Initial recording of the municipality Tägerig,779
4077,2008-09-30,Initial recording of the municipality Tägerig,762
4077,2007-09-30,Initial recording of the municipality Tägerig,773
4077,2006-09-30,Initial recording of the municipality Tägerig,751
4077,2005-09-30,Initial recording of the municipality Tägerig,721
4077,2004-09-30,Initial recording of the municipality Tägerig,703
4077,2003-09-30,Initial recording of the municipality Tägerig,684
4077,2002-09-30,Initial recording of the municipality Tägerig,689
4077,2001-09-30,Initial recording of the municipality Tägerig,661
4077,2000-09-30,Initial recording of the municipality Tägerig,642
4077,1999-09-30,Initial recording of the municipality Tägerig,624
4077,1998-09-30,Initial recording of the municipality Tägerig,601
4077,1997-09-30,Initial recording of the municipality Tägerig,582
4077,1996-09-30,Initial recording of the municipality Tägerig,557
4077,1995-09-30,Initial recording of the municipality Tägerig,564
4077,1994-09-30,Initial recording of the municipality Tägerig,544
4077,1993-09-30,Initial recording of the municipality Tägerig,512
4077,1992-09-30,Initial recording of the municipality Tägerig,485
4077,1991-09-30,Initial recording of the municipality Tägerig,486
4077,1990-09-30,Initial recording of the municipality Tägerig,483
4077,1989-09-30,Initial recording of the municipality Tägerig,478
4077,1988-09-30,Initial recording of the municipality Tägerig,445
4077,1987-09-30,Initial recording of the municipality Tägerig,417
4077,1986-09-30,Initial recording of the municipality Tägerig,408
4077,1985-09-30,Initial recording of the municipality Tägerig,403
4077,1984-09-30,Initial recording of the municipality Tägerig,367
4077,1983-09-30,Initial recording of the municipality Tägerig,344
4077,1982-09-30,Initial recording of the municipality Tägerig,342
4077,1981-09-30,Initial recording of the municipality Tägerig,334
4077,1980-09-30,Initial recording of the municipality Tägerig,320
4077,1979-09-30,Initial recording of the municipality Tägerig,294
4077,1978-09-30,Initial recording of the municipality Tägerig,268
4077,1977-09-30,Initial recording of the municipality Tägerig,249
4077,1976-09-30,Initial recording of the municipality Tägerig,235
4179,2022-09-30,Initial recording of the municipality Ueken,638
4179,2021-09-30,Initial recording of the municipality Ueken,625
4179,2020-09-30,Initial recording of the municipality Ueken,586
4179,2019-09-30,Initial recording of the municipality Ueken,564
4179,2018-09-30,Initial recording of the municipality Ueken,568
4179,2017-09-30,Initial recording of the municipality Ueken,574
4179,2016-09-30,Initial recording of the municipality Ueken,563
4179,2015-09-30,Initial recording of the municipality Ueken,553
4179,2014-09-30,Initial recording of the municipality Ueken,526
4179,2013-09-30,Initial recording of the municipality Ueken,518
4179,2012-09-30,Initial recording of the municipality Ueken,532
4179,2011-09-30,Initial recording of the municipality Ueken,514
4179,2010-09-30,Initial recording of the municipality Ueken,498
4179,2009-09-30,Initial recording of the municipality Ueken,480
4179,2008-09-30,Initial recording of the municipality Ueken,487
4179,2007-09-30,Initial recording of the municipality Ueken,476
4179,2006-09-30,Initial recording of the municipality Ueken,483
4179,2005-09-30,Initial recording of the municipality Ueken,448
4179,2004-09-30,Initial recording of the municipality Ueken,413
4179,2003-09-30,Initial recording of the municipality Ueken,405
4179,2002-09-30,Initial recording of the municipality Ueken,408
4179,2001-09-30,Initial recording of the municipality Ueken,403
4179,2000-09-30,Initial recording of the municipality Ueken,384
4179,1999-09-30,Initial recording of the municipality Ueken,363
4179,1998-09-30,Initial recording of the municipality Ueken,349
4179,1997-09-30,Initial recording of the municipality Ueken,347
4179,1996-09-30,Initial recording of the municipality Ueken,332
4179,1995-09-30,Initial recording of the municipality Ueken,320
4179,1994-09-30,Initial recording of the municipality Ueken,306
4179,1993-09-30,Initial recording of the municipality Ueken,253
4179,1992-09-30,Initial recording of the municipality Ueken,243
4179,1991-09-30,Initial recording of the municipality Ueken,239
4179,1990-09-30,Initial recording of the municipality Ueken,225
4179,1989-09-30,Initial recording of the municipality Ueken,214
4179,1988-09-30,Initial recording of the municipality Ueken,188
4179,1987-09-30,Initial recording of the municipality Ueken,178
4179,1986-09-30,Initial recording of the municipality Ueken,168
4179,1985-09-30,Initial recording of the municipality Ueken,158
4179,1984-09-30,Initial recording of the municipality Ueken,133
4179,1983-09-30,Initial recording of the municipality Ueken,135
4179,1982-09-30,Initial recording of the municipality Ueken,126
4179,1981-09-30,Initial recording of the municipality Ueken,124
4179,1980-09-30,Initial recording of the municipality Ueken,119
4179,1979-09-30,Initial recording of the municipality Ueken,117
4179,1978-09-30,Initial recording of the municipality Ueken,107
4179,1977-09-30,Initial recording of the municipality Ueken,99
4179,1976-09-30,Initial recording of the municipality Ueken,88
4286,2025-09-30,Initial recording of the municipality Uerkheim,1010
4286,2024-09-30,Initial recording of the municipality Uerkheim,1012
4286,2023-09-30,Initial recording of the municipality Uerkheim,967
4286,2022-09-30,Initial recording of the municipality Uerkheim,930
4286,2021-09-30,Initial recording of the municipality Uerkheim,929
4286,2020-09-30,Initial recording of the municipality Uerkheim,911
4286,2019-09-30,Initial recording of the municipality Uerkheim,889
4286,2018-09-30,Initial recording of the municipality Uerkheim,894
4286,2017-09-30,Initial recording of the municipality Uerkheim,895
4286,2016-09-30,Initial recording of the municipality Uerkheim,917
4286,2015-09-30,Initial recording of the municipality Uerkheim,900
4286,2014-09-30,Initial recording of the municipality Uerkheim,858
4286,2013-09-30,Initial recording of the municipality Uerkheim,847
4286,2012-09-30,Initial recording of the municipality Uerkheim,819
4286,2011-09-30,Initial recording of the municipality Uerkheim,780
4286,2010-09-30,Initial recording of the municipality Uerkheim,766
4286,2009-09-30,Initial recording of the municipality Uerkheim,766
4286,2008-09-30,Initial recording of the municipality Uerkheim,779
4286,2007-09-30,Initial recording of the municipality Uerkheim,767
4286,2006-09-30,Initial recording of the municipality Uerkheim,770
4286,2005-09-30,Initial recording of the municipality Uerkheim,761
4286,2004-09-30,Initial recording of the municipality Uerkheim,754
4286,2003-09-30,Initial recording of the municipality Uerkheim,760
4286,2002-09-30,Initial recording of the municipality Uerkheim,741
4286,2001-09-30,Initial recording of the municipality Uerkheim,723
4286,2000-09-30,Initial recording of the municipality Uerkheim,700
4286,1999-09-30,Initial recording of the municipality Uerkheim,714
4286,1998-09-30,Initial recording of the municipality Uerkheim,700
4286,1997-09-30,Initial recording of the municipality Uerkheim,677
4286,1996-09-30,Initial recording of the municipality Uerkheim,679
4286,1995-09-30,Initial recording of the municipality Uerkheim,642
4286,1994-09-30,Initial recording of the municipality Uerkheim,609
4286,1993-09-30,Initial recording of the municipality Uerkheim,594
4286,1992-09-30,Initial recording of the municipality Uerkheim,583
4286,1991-09-30,Initial recording of the municipality Uerkheim,584
4286,1990-09-30,Initial recording of the municipality Uerkheim,587
4286,1989-09-30,Initial recording of the municipality Uerkheim,557
4286,1988-09-30,Initial recording of the municipality Uerkheim,535
4286,1987-09-30,Initial recording of the municipality Uerkheim,521
4286,1986-09-30,Initial recording of the municipality Uerkheim,505
4286,1985-09-30,Initial recording of the municipality Uerkheim,484
4286,1984-09-30,Initial recording of the municipality Uerkheim,485
4286,1983-09-30,Initial recording of the municipality Uerkheim,456
4286,1982-09-30,Initial recording of the municipality Uerkheim,457
4286,1981-09-30,Initial recording of the municipality Uerkheim,426
4286,1980-09-30,Initial recording of the municipality Uerkheim,414
4286,1979-09-30,Initial recording of the municipality Uerkheim,390
4286,1978-09-30,Initial recording of the municipality Uerkheim,358
4286,1977-09-30,Initial recording of the municipality Uerkheim,337
4286,1976-09-30,Initial recording of the municipality Uerkheim,298
4078,2025-09-30,Initial recording of the municipality Uezwil,359
4078,2024-09-30,Initial recording of the municipality Uezwil,369
4078,2023-09-30,Initial recording of the municipality Uezwil,350
4078,2022-09-30,Initial recording of the municipality Uezwil,330
4078,2021-09-30,Initial recording of the municipality Uezwil,329
4078,2020-09-30,Initial recording of the municipality Uezwil,332
4078,2019-09-30,Initial recording of the municipality Uezwil,314
4078,2018-09-30,Initial recording of the municipality Uezwil,320
4078,2017-09-30,Initial recording of the municipality Uezwil,302
4078,2016-09-30,Initial recording of the municipality Uezwil,287
4078,2015-09-30,Initial recording of the municipality Uezwil,282
4078,2014-09-30,Initial recording of the municipality Uezwil,280
4078,2013-09-30,Initial recording of the municipality Uezwil,253
4078,2012-09-30,Initial recording of the municipality Uezwil,256
4078,2011-09-30,Initial recording of the municipality Uezwil,253
4078,2010-09-30,Initial recording of the municipality Uezwil,240
4078,2009-09-30,Initial recording of the municipality Uezwil,185
4078,2008-09-30,Initial recording of the municipality Uezwil,184
4078,2007-09-30,Initial recording of the municipality Uezwil,184
4078,2006-09-30,Initial recording of the municipality Uezwil,196
4078,2005-09-30,Initial recording of the municipality Uezwil,190
4078,2004-09-30,Initial recording of the municipality Uezwil,199
4078,2003-09-30,Initial recording of the municipality Uezwil,204
4078,2002-09-30,Initial recording of the municipality Uezwil,204
4078,2001-09-30,Initial recording of the municipality Uezwil,197
4078,2000-09-30,Initial recording of the municipality Uezwil,187
4078,1999-09-30,Initial recording of the municipality Uezwil,176
4078,1998-09-30,Initial recording of the municipality Uezwil,165
4078,1997-09-30,Initial recording of the municipality Uezwil,161
4078,1996-09-30,Initial recording of the municipality Uezwil,166
4078,1995-09-30,Initial recording of the municipality Uezwil,159
4078,1994-09-30,Initial recording of the municipality Uezwil,151
4078,1993-09-30,Initial recording of the municipality Uezwil,150
4078,1992-09-30,Initial recording of the municipality Uezwil,141
4078,1991-09-30,Initial recording of the municipality Uezwil,135
4078,1990-09-30,Initial recording of the municipality Uezwil,133
4078,1989-09-30,Initial recording of the municipality Uezwil,139
4078,1988-09-30,Initial recording of the municipality Uezwil,132
4078,1987-09-30,Initial recording of the municipality Uezwil,124
4078,1986-09-30,Initial recording of the municipality Uezwil,121
4078,1985-09-30,Initial recording of the municipality Uezwil,115
4078,1984-09-30,Initial recording of the municipality Uezwil,103
4078,1983-09-30,Initial recording of the municipality Uezwil,92
4078,1982-09-30,Initial recording of the municipality Uezwil,86
4078,1981-09-30,Initial recording of the municipality Uezwil,82
4078,1980-09-30,Initial recording of the municipality Uezwil,80
4078,1979-09-30,Initial recording of the municipality Uezwil,72
4078,1978-09-30,Initial recording of the municipality Uezwil,69
4078,1977-09-30,Initial recording of the municipality Uezwil,57
4078,1976-09-30,Initial recording of the municipality Uezwil,55
4118,2009-09-30,Initial recording of the municipality Umiken,533
4118,2008-09-30,Initial recording of the municipality Umiken,535
4118,2007-09-30,Initial recording of the municipality Umiken,544
4118,2006-09-30,Initial recording of the municipality Umiken,538
4118,2005-09-30,Initial recording of the municipality Umiken,554
4118,2004-09-30,Initial recording of the municipality Umiken,540
4118,2003-09-30,Initial recording of the municipality Umiken,532
4118,2002-09-30,Initial recording of the municipality Umiken,510
4118,2001-09-30,Initial recording of the municipality Umiken,501
4118,2000-09-30,Initial recording of the municipality Umiken,485
4118,1999-09-30,Initial recording of the municipality Umiken,504
4118,1998-09-30,Initial recording of the municipality Umiken,488
4118,1997-09-30,Initial recording of the municipality Umiken,470
4118,1996-09-30,Initial recording of the municipality Umiken,451
4118,1995-09-30,Initial recording of the municipality Umiken,432
4118,1994-09-30,Initial recording of the municipality Umiken,369
4118,1993-09-30,Initial recording of the municipality Umiken,373
4118,1992-09-30,Initial recording of the municipality Umiken,394
4118,1991-09-30,Initial recording of the municipality Umiken,378
4118,1990-09-30,Initial recording of the municipality Umiken,362
4118,1989-09-30,Initial recording of the municipality Umiken,363
4118,1988-09-30,Initial recording of the municipality Umiken,366
4118,1987-09-30,Initial recording of the municipality Umiken,362
4118,1986-09-30,Initial recording of the municipality Umiken,352
4118,1985-09-30,Initial recording of the municipality Umiken,353
4118,1984-09-30,Initial recording of the municipality Umiken,333
4118,1983-09-30,Initial recording of the municipality Umiken,326
4118,1982-09-30,Initial recording of the municipality Umiken,318
4118,1981-09-30,Initial recording of the municipality Umiken,313
4118,1980-09-30,Initial recording of the municipality Umiken,307
4118,1979-09-30,Initial recording of the municipality Umiken,292
4118,1978-09-30,Initial recording of the municipality Umiken,280
4118,1977-09-30,Initial recording of the municipality Umiken,269
4118,1976-09-30,Initial recording of the municipality Umiken,263
4119,2012-09-30,Initial recording of the municipality Unterbözberg,469
4119,2011-09-30,Initial recording of the municipality Unterbözberg,458
4119,2010-09-30,Initial recording of the municipality Unterbözberg,448
4119,2009-09-30,Initial recording of the municipality Unterbözberg,469
4119,2008-09-30,Initial recording of the municipality Unterbözberg,457
4119,2007-09-30,Initial recording of the municipality Unterbözberg,453
4119,2006-09-30,Initial recording of the municipality Unterbözberg,455
4119,2005-09-30,Initial recording of the municipality Unterbözberg,449
4119,2004-09-30,Initial recording of the municipality Unterbözberg,421
4119,2003-09-30,Initial recording of the municipality Unterbözberg,416
4119,2002-09-30,Initial recording of the municipality Unterbözberg,410
4119,2001-09-30,Initial recording of the municipality Unterbözberg,389
4119,2000-09-30,Initial recording of the municipality Unterbözberg,388
4119,1999-09-30,Initial recording of the municipality Unterbözberg,392
4119,1998-09-30,Initial recording of the municipality Unterbözberg,375
4119,1997-09-30,Initial recording of the municipality Unterbözberg,361
4119,1996-09-30,Initial recording of the municipality Unterbözberg,345
4119,1995-09-30,Initial recording of the municipality Unterbözberg,333
4119,1994-09-30,Initial recording of the municipality Unterbözberg,321
4119,1993-09-30,Initial recording of the municipality Unterbözberg,314
4119,1992-09-30,Initial recording of the municipality Unterbözberg,310
4119,1991-09-30,Initial recording of the municipality Unterbözberg,325
4119,1990-09-30,Initial recording of the municipality Unterbözberg,329
4119,1989-09-30,Initial recording of the municipality Unterbözberg,325
4119,1988-09-30,Initial recording of the municipality Unterbözberg,316
4119,1987-09-30,Initial recording of the municipality Unterbözberg,295
4119,1986-09-30,Initial recording of the municipality Unterbözberg,282
4119,1985-09-30,Initial recording of the municipality Unterbözberg,263
4119,1984-09-30,Initial recording of the municipality Unterbözberg,266
4119,1983-09-30,Initial recording of the municipality Unterbözberg,256
4119,1982-09-30,Initial recording of the municipality Unterbözberg,254
4119,1981-09-30,Initial recording of the municipality Unterbözberg,254
4119,1980-09-30,Initial recording of the municipality Unterbözberg,247
4119,1979-09-30,Initial recording of the municipality Unterbözberg,234
4119,1978-09-30,Initial recording of the municipality Unterbözberg,231
4119,1977-09-30,Initial recording of the municipality Unterbözberg,224
4119,1976-09-30,Initial recording of the municipality Unterbözberg,203
4043,2005-09-30,Initial recording of the municipality Unterehrendingen,671
4043,2004-09-30,Initial recording of the municipality Unterehrendingen,878
4043,2003-09-30,Initial recording of the municipality Unterehrendingen,880
4043,2002-09-30,Initial recording of the municipality Unterehrendingen,851
4043,2001-09-30,Initial recording of the municipality Unterehrendingen,832
4043,2000-09-30,Initial recording of the municipality Unterehrendingen,791
4043,1999-09-30,Initial recording of the municipality Unterehrendingen,810
4043,1998-09-30,Initial recording of the municipality Unterehrendingen,754
4043,1997-09-30,Initial recording of the municipality Unterehrendingen,718
4043,1996-09-30,Initial recording of the municipality Unterehrendingen,700
4043,1995-09-30,Initial recording of the municipality Unterehrendingen,710
4043,1994-09-30,Initial recording of the municipality Unterehrendingen,700
4043,1993-09-30,Initial recording of the municipality Unterehrendingen,670
4043,1992-09-30,Initial recording of the municipality Unterehrendingen,665
4043,1991-09-30,Initial recording of the municipality Unterehrendingen,644
4043,1990-09-30,Initial recording of the municipality Unterehrendingen,639
4043,1989-09-30,Initial recording of the municipality Unterehrendingen,616
4043,1988-09-30,Initial recording of the municipality Unterehrendingen,592
4043,1987-09-30,Initial recording of the municipality Unterehrendingen,549
4043,1986-09-30,Initial recording of the municipality Unterehrendingen,537
4043,1985-09-30,Initial recording of the municipality Unterehrendingen,499
4043,1984-09-30,Initial recording of the municipality Unterehrendingen,467
4043,1983-09-30,Initial recording of the municipality Unterehrendingen,452
4043,1982-09-30,Initial recording of the municipality Unterehrendingen,436
4043,1981-09-30,Initial recording of the municipality Unterehrendingen,399
4043,1980-09-30,Initial recording of the municipality Unterehrendingen,369
4043,1979-09-30,Initial recording of the municipality Unterehrendingen,350
4043,1978-09-30,Initial recording of the municipality Unterehrendingen,348
4043,1977-09-30,Initial recording of the municipality Unterehrendingen,315
4043,1976-09-30,Initial recording of the municipality Unterehrendingen,290
4321,2013-09-30,Initial recording of the municipality Unterendingen,228
4321,2012-09-30,Initial recording of the municipality Unterendingen,228
4321,2011-09-30,Initial recording of the municipality Unterendingen,236
4321,2010-09-30,Initial recording of the municipality Unterendingen,239
4321,2009-09-30,Initial recording of the municipality Unterendingen,232
4321,2008-09-30,Initial recording of the municipality Unterendingen,233
4321,2007-09-30,Initial recording of the municipality Unterendingen,225
4321,2006-09-30,Initial recording of the municipality Unterendingen,213
4321,2005-09-30,Initial recording of the municipality Unterendingen,215
4321,2004-09-30,Initial recording of the municipality Unterendingen,215
4321,2003-09-30,Initial recording of the municipality Unterendingen,216
4321,2002-09-30,Initial recording of the municipality Unterendingen,219
4321,2001-09-30,Initial recording of the municipality Unterendingen,216
4321,2000-09-30,Initial recording of the municipality Unterendingen,219
4321,1999-09-30,Initial recording of the municipality Unterendingen,205
4321,1998-09-30,Initial recording of the municipality Unterendingen,195
4321,1997-09-30,Initial recording of the municipality Unterendingen,199
4321,1996-09-30,Initial recording of the municipality Unterendingen,195
4321,1995-09-30,Initial recording of the municipality Unterendingen,190
4321,1994-09-30,Initial recording of the municipality Unterendingen,176
4321,1993-09-30,Initial recording of the municipality Unterendingen,164
4321,1992-09-30,Initial recording of the municipality Unterendingen,168
4321,1991-09-30,Initial recording of the municipality Unterendingen,170
4321,1990-09-30,Initial recording of the municipality Unterendingen,163
4321,1989-09-30,Initial recording of the municipality Unterendingen,152
4321,1988-09-30,Initial recording of the municipality Unterendingen,150
4321,1987-09-30,Initial recording of the municipality Unterendingen,150
4321,1986-09-30,Initial recording of the municipality Unterendingen,137
4321,1985-09-30,Initial recording of the municipality Unterendingen,130
4321,1984-09-30,Initial recording of the municipality Unterendingen,114
4321,1983-09-30,Initial recording of the municipality Unterendingen,97
4321,1982-09-30,Initial recording of the municipality Unterendingen,80
4321,1981-09-30,Initial recording of the municipality Unterendingen,76
4321,1980-09-30,Initial recording of the municipality Unterendingen,76
4321,1979-09-30,Initial recording of the municipality Unterendingen,65
4321,1978-09-30,Initial recording of the municipality Unterendingen,63
4321,1977-09-30,Initial recording of the municipality Unterendingen,53
4321,1976-09-30,Initial recording of the municipality Unterendingen,39
4013,2025-09-30,Initial recording of the municipality Unterentfelden,2403
4013,2024-09-30,Initial recording of the municipality Unterentfelden,2404
4013,2023-09-30,Initial recording of the municipality Unterentfelden,2400
4013,2022-09-30,Initial recording of the municipality Unterentfelden,2371
4013,2021-09-30,Initial recording of the municipality Unterentfelden,2402
4013,2020-09-30,Initial recording of the municipality Unterentfelden,2370
4013,2019-09-30,Initial recording of the municipality Unterentfelden,2230
4013,2018-09-30,Initial recording of the municipality Unterentfelden,2202
4013,2017-09-30,Initial recording of the municipality Unterentfelden,2236
4013,2016-09-30,Initial recording of the municipality Unterentfelden,2247
4013,2015-09-30,Initial recording of the municipality Unterentfelden,2207
4013,2014-09-30,Initial recording of the municipality Unterentfelden,2209
4013,2013-09-30,Initial recording of the municipality Unterentfelden,2200
4013,2012-09-30,Initial recording of the municipality Unterentfelden,2135
4013,2011-09-30,Initial recording of the municipality Unterentfelden,2063
4013,2010-09-30,Initial recording of the municipality Unterentfelden,2034
4013,2009-09-30,Initial recording of the municipality Unterentfelden,2081
4013,2008-09-30,Initial recording of the municipality Unterentfelden,2066
4013,2007-09-30,Initial recording of the municipality Unterentfelden,2058
4013,2006-09-30,Initial recording of the municipality Unterentfelden,2062
4013,2005-09-30,Initial recording of the municipality Unterentfelden,1965
4013,2004-09-30,Initial recording of the municipality Unterentfelden,1875
4013,2003-09-30,Initial recording of the municipality Unterentfelden,1781
4013,2002-09-30,Initial recording of the municipality Unterentfelden,1722
4013,2001-09-30,Initial recording of the municipality Unterentfelden,1726
4013,2000-09-30,Initial recording of the municipality Unterentfelden,1682
4013,1999-09-30,Initial recording of the municipality Unterentfelden,1696
4013,1998-09-30,Initial recording of the municipality Unterentfelden,1662
4013,1997-09-30,Initial recording of the municipality Unterentfelden,1625
4013,1996-09-30,Initial recording of the municipality Unterentfelden,1644
4013,1995-09-30,Initial recording of the municipality Unterentfelden,1668
4013,1994-09-30,Initial recording of the municipality Unterentfelden,1664
4013,1993-09-30,Initial recording of the municipality Unterentfelden,1641
4013,1992-09-30,Initial recording of the municipality Unterentfelden,1662
4013,1991-09-30,Initial recording of the municipality Unterentfelden,1616
4013,1990-09-30,Initial recording of the municipality Unterentfelden,1609
4013,1989-09-30,Initial recording of the municipality Unterentfelden,1535
4013,1988-09-30,Initial recording of the municipality Unterentfelden,1538
4013,1987-09-30,Initial recording of the municipality Unterentfelden,1478
4013,1986-09-30,Initial recording of the municipality Unterentfelden,1450
4013,1985-09-30,Initial recording of the municipality Unterentfelden,1409
4013,1984-09-30,Initial recording of the municipality Unterentfelden,1343
4013,1983-09-30,Initial recording of the municipality Unterentfelden,1313
4013,1982-09-30,Initial recording of the municipality Unterentfelden,1248
4013,1981-09-30,Initial recording of the municipality Unterentfelden,1210
4013,1980-09-30,Initial recording of the municipality Unterentfelden,1138
4013,1979-09-30,Initial recording of the municipality Unterentfelden,1114
4013,1978-09-30,Initial recording of the municipality Unterentfelden,1076
4013,1977-09-30,Initial recording of the municipality Unterentfelden,1045
4013,1976-09-30,Initial recording of the municipality Unterentfelden,1010
4146,2025-09-30,Initial recording of the municipality Unterkulm,2230
4146,2024-09-30,Initial recording of the municipality Unterkulm,2091
4146,2023-09-30,Initial recording of the municipality Unterkulm,2050
4146,2022-09-30,Initial recording of the municipality Unterkulm,2008
4146,2021-09-30,Initial recording of the municipality Unterkulm,1984
4146,2020-09-30,Initial recording of the municipality Unterkulm,1915
4146,2019-09-30,Initial recording of the municipality Unterkulm,1802
4146,2018-09-30,Initial recording of the municipality Unterkulm,1755
4146,2017-09-30,Initial recording of the municipality Unterkulm,1764
4146,2016-09-30,Initial recording of the municipality Unterkulm,1691
4146,2015-09-30,Initial recording of the municipality Unterkulm,1670
4146,2014-09-30,Initial recording of the municipality Unterkulm,1643
4146,2013-09-30,Initial recording of the municipality Unterkulm,1619
4146,2012-09-30,Initial recording of the municipality Unterkulm,1614
4146,2011-09-30,Initial recording of the municipality Unterkulm,1577
4146,2010-09-30,Initial recording of the municipality Unterkulm,1554
4146,2009-09-30,Initial recording of the municipality Unterkulm,1526
4146,2008-09-30,Initial recording of the municipality Unterkulm,1514
4146,2007-09-30,Initial recording of the municipality Unterkulm,1515
4146,2006-09-30,Initial recording of the municipality Unterkulm,1493
4146,2005-09-30,Initial recording of the municipality Unterkulm,1501
4146,2004-09-30,Initial recording of the municipality Unterkulm,1495
4146,2003-09-30,Initial recording of the municipality Unterkulm,1444
4146,2002-09-30,Initial recording of the municipality Unterkulm,1377
4146,2001-09-30,Initial recording of the municipality Unterkulm,1352
4146,2000-09-30,Initial recording of the municipality Unterkulm,1331
4146,1999-09-30,Initial recording of the municipality Unterkulm,1313
4146,1998-09-30,Initial recording of the municipality Unterkulm,1286
4146,1997-09-30,Initial recording of the municipality Unterkulm,1267
4146,1996-09-30,Initial recording of the municipality Unterkulm,1249
4146,1995-09-30,Initial recording of the municipality Unterkulm,1237
4146,1994-09-30,Initial recording of the municipality Unterkulm,1235
4146,1993-09-30,Initial recording of the municipality Unterkulm,1148
4146,1992-09-30,Initial recording of the municipality Unterkulm,1116
4146,1991-09-30,Initial recording of the municipality Unterkulm,1116
4146,1990-09-30,Initial recording of the municipality Unterkulm,1110
4146,1989-09-30,Initial recording of the municipality Unterkulm,1049
4146,1988-09-30,Initial recording of the municipality Unterkulm,1044
4146,1987-09-30,Initial recording of the municipality Unterkulm,1001
4146,1986-09-30,Initial recording of the municipality Unterkulm,975
4146,1985-09-30,Initial recording of the municipality Unterkulm,956
4146,1984-09-30,Initial recording of the municipality Unterkulm,910
4146,1983-09-30,Initial recording of the municipality Unterkulm,909
4146,1982-09-30,Initial recording of the municipality Unterkulm,871
4146,1981-09-30,Initial recording of the municipality Unterkulm,858
4146,1980-09-30,Initial recording of the municipality Unterkulm,834
4146,1979-09-30,Initial recording of the municipality Unterkulm,812
4146,1978-09-30,Initial recording of the municipality Unterkulm,786
4146,1977-09-30,Initial recording of the municipality Unterkulm,763
4146,1976-09-30,Initial recording of the municipality Unterkulm,711
4079,2025-09-30,Initial recording of the municipality Unterlunkhofen,1143
4079,2024-09-30,Initial recording of the municipality Unterlunkhofen,1128
4079,2023-09-30,Initial recording of the municipality Unterlunkhofen,1068
4079,2022-09-30,Initial recording of the municipality Unterlunkhofen,1053
4079,2021-09-30,Initial recording of the municipality Unterlunkhofen,1039
4079,2020-09-30,Initial recording of the municipality Unterlunkhofen,1038
4079,2019-09-30,Initial recording of the municipality Unterlunkhofen,1007
4079,2018-09-30,Initial recording of the municipality Unterlunkhofen,949
4079,2017-09-30,Initial recording of the municipality Unterlunkhofen,893
4079,2016-09-30,Initial recording of the municipality Unterlunkhofen,882
4079,2015-09-30,Initial recording of the municipality Unterlunkhofen,844
4079,2014-09-30,Initial recording of the municipality Unterlunkhofen,816
4079,2013-09-30,Initial recording of the municipality Unterlunkhofen,843
4079,2012-09-30,Initial recording of the municipality Unterlunkhofen,827
4079,2011-09-30,Initial recording of the municipality Unterlunkhofen,823
4079,2010-09-30,Initial recording of the municipality Unterlunkhofen,810
4079,2009-09-30,Initial recording of the municipality Unterlunkhofen,783
4079,2008-09-30,Initial recording of the municipality Unterlunkhofen,769
4079,2007-09-30,Initial recording of the municipality Unterlunkhofen,753
4079,2006-09-30,Initial recording of the municipality Unterlunkhofen,756
4079,2005-09-30,Initial recording of the municipality Unterlunkhofen,741
4079,2004-09-30,Initial recording of the municipality Unterlunkhofen,717
4079,2003-09-30,Initial recording of the municipality Unterlunkhofen,731
4079,2002-09-30,Initial recording of the municipality Unterlunkhofen,708
4079,2001-09-30,Initial recording of the municipality Unterlunkhofen,702
4079,2000-09-30,Initial recording of the municipality Unterlunkhofen,685
4079,1999-09-30,Initial recording of the municipality Unterlunkhofen,629
4079,1998-09-30,Initial recording of the municipality Unterlunkhofen,580
4079,1997-09-30,Initial recording of the municipality Unterlunkhofen,561
4079,1996-09-30,Initial recording of the municipality Unterlunkhofen,545
4079,1995-09-30,Initial recording of the municipality Unterlunkhofen,498
4079,1994-09-30,Initial recording of the municipality Unterlunkhofen,483
4079,1993-09-30,Initial recording of the municipality Unterlunkhofen,468
4079,1992-09-30,Initial recording of the municipality Unterlunkhofen,420
4079,1991-09-30,Initial recording of the municipality Unterlunkhofen,396
4079,1990-09-30,Initial recording of the municipality Unterlunkhofen,385
4079,1989-09-30,Initial recording of the municipality Unterlunkhofen,361
4079,1988-09-30,Initial recording of the municipality Unterlunkhofen,350
4079,1987-09-30,Initial recording of the municipality Unterlunkhofen,313
4079,1986-09-30,Initial recording of the municipality Unterlunkhofen,291
4079,1985-09-30,Initial recording of the municipality Unterlunkhofen,273
4079,1984-09-30,Initial recording of the municipality Unterlunkhofen,249
4079,1983-09-30,Initial recording of the municipality Unterlunkhofen,228
4079,1982-09-30,Initial recording of the municipality Unterlunkhofen,195
4079,1981-09-30,Initial recording of the municipality Unterlunkhofen,161
4079,1980-09-30,Initial recording of the municipality Unterlunkhofen,153
4079,1979-09-30,Initial recording of the municipality Unterlunkhofen,139
4079,1978-09-30,Initial recording of the municipality Unterlunkhofen,138
4079,1977-09-30,Initial recording of the municipality Unterlunkhofen,128
4079,1976-09-30,Initial recording of the municipality Unterlunkhofen,110
4044,2025-09-30,Initial recording of the municipality Untersiggenthal,4047
4044,2024-09-30,Initial recording of the municipality Untersiggenthal,3963
4044,2023-09-30,Initial recording of the municipality Untersiggenthal,3883
4044,2022-09-30,Initial recording of the municipality Untersiggenthal,3846
4044,2021-09-30,Initial recording of the municipality Untersiggenthal,3789
4044,2020-09-30,Initial recording of the municipality Untersiggenthal,3764
4044,2019-09-30,Initial recording of the municipality Untersiggenthal,3683
4044,2018-09-30,Initial recording of the municipality Untersiggenthal,3685
4044,2017-09-30,Initial recording of the municipality Untersiggenthal,3728
4044,2016-09-30,Initial recording of the municipality Untersiggenthal,3762
4044,2015-09-30,Initial recording of the municipality Untersiggenthal,3768
4044,2014-09-30,Initial recording of the municipality Untersiggenthal,3698
4044,2013-09-30,Initial recording of the municipality Untersiggenthal,3661
4044,2012-09-30,Initial recording of the municipality Untersiggenthal,3573
4044,2011-09-30,Initial recording of the municipality Untersiggenthal,3277
4044,2010-09-30,Initial recording of the municipality Untersiggenthal,3218
4044,2009-09-30,Initial recording of the municipality Untersiggenthal,3056
4044,2008-09-30,Initial recording of the municipality Untersiggenthal,3023
4044,2007-09-30,Initial recording of the municipality Untersiggenthal,2926
4044,2006-09-30,Initial recording of the municipality Untersiggenthal,2916
4044,2005-09-30,Initial recording of the municipality Untersiggenthal,2862
4044,2004-09-30,Initial recording of the municipality Untersiggenthal,2915
4044,2003-09-30,Initial recording of the municipality Untersiggenthal,2860
4044,2002-09-30,Initial recording of the municipality Untersiggenthal,2756
4044,2001-09-30,Initial recording of the municipality Untersiggenthal,2650
4044,2000-09-30,Initial recording of the municipality Untersiggenthal,2555
4044,1999-09-30,Initial recording of the municipality Untersiggenthal,2526
4044,1998-09-30,Initial recording of the municipality Untersiggenthal,2449
4044,1997-09-30,Initial recording of the municipality Untersiggenthal,2331
4044,1996-09-30,Initial recording of the municipality Untersiggenthal,2290
4044,1995-09-30,Initial recording of the municipality Untersiggenthal,2279
4044,1994-09-30,Initial recording of the municipality Untersiggenthal,2246
4044,1993-09-30,Initial recording of the municipality Untersiggenthal,2228
4044,1992-09-30,Initial recording of the municipality Untersiggenthal,2162
4044,1991-09-30,Initial recording of the municipality Untersiggenthal,2002
4044,1990-09-30,Initial recording of the municipality Untersiggenthal,1967
4044,1989-09-30,Initial recording of the municipality Untersiggenthal,1914
4044,1988-09-30,Initial recording of the municipality Untersiggenthal,1848
4044,1987-09-30,Initial recording of the municipality Untersiggenthal,1796
4044,1986-09-30,Initial recording of the municipality Untersiggenthal,1705
4044,1985-09-30,Initial recording of the municipality Untersiggenthal,1680
4044,1984-09-30,Initial recording of the municipality Untersiggenthal,1659
4044,1983-09-30,Initial recording of the municipality Untersiggenthal,1614
4044,1982-09-30,Initial recording of the municipality Untersiggenthal,1602
4044,1981-09-30,Initial recording of the municipality Untersiggenthal,1560
4044,1980-09-30,Initial recording of the municipality Untersiggenthal,1482
4044,1979-09-30,Initial recording of the municipality Untersiggenthal,1409
4044,1978-09-30,Initial recording of the municipality Untersiggenthal,1264
4044,1977-09-30,Initial recording of the municipality Untersiggenthal,1228
4044,1976-09-30,Initial recording of the municipality Untersiggenthal,1208
4120,2025-09-30,Initial recording of the municipality Veltheim (AG),1056
4120,2024-09-30,Initial recording of the municipality Veltheim (AG),1035
4120,2023-09-30,Initial recording of the municipality Veltheim (AG),1017
4120,2022-09-30,Initial recording of the municipality Veltheim (AG),981
4120,2021-09-30,Initial recording of the municipality Veltheim (AG),997
4120,2020-09-30,Initial recording of the municipality Veltheim (AG),1004
4120,2019-09-30,Initial recording of the municipality Veltheim (AG),968
4120,2018-09-30,Initial recording of the municipality Veltheim (AG),938
4120,2017-09-30,Initial recording of the municipality Veltheim (AG),924
4120,2016-09-30,Initial recording of the municipality Veltheim (AG),915
4120,2015-09-30,Initial recording of the municipality Veltheim (AG),906
4120,2014-09-30,Initial recording of the municipality Veltheim (AG),902
4120,2013-09-30,Initial recording of the municipality Veltheim (AG),868
4120,2012-09-30,Initial recording of the municipality Veltheim (AG),856
4120,2011-09-30,Initial recording of the municipality Veltheim (AG),823
4120,2010-09-30,Initial recording of the municipality Veltheim (AG),749
4120,2009-09-30,Initial recording of the municipality Veltheim (AG),689
4120,2008-09-30,Initial recording of the municipality Veltheim (AG),719
4120,2007-09-30,Initial recording of the municipality Veltheim (AG),739
4120,2006-09-30,Initial recording of the municipality Veltheim (AG),722
4120,2005-09-30,Initial recording of the municipality Veltheim (AG),722
4120,2004-09-30,Initial recording of the municipality Veltheim (AG),719
4120,2003-09-30,Initial recording of the municipality Veltheim (AG),709
4120,2002-09-30,Initial recording of the municipality Veltheim (AG),711
4120,2001-09-30,Initial recording of the municipality Veltheim (AG),692
4120,2000-09-30,Initial recording of the municipality Veltheim (AG),665
4120,1999-09-30,Initial recording of the municipality Veltheim (AG),620
4120,1998-09-30,Initial recording of the municipality Veltheim (AG),615
4120,1997-09-30,Initial recording of the municipality Veltheim (AG),598
4120,1996-09-30,Initial recording of the municipality Veltheim (AG),562
4120,1995-09-30,Initial recording of the municipality Veltheim (AG),545
4120,1994-09-30,Initial recording of the municipality Veltheim (AG),528
4120,1993-09-30,Initial recording of the municipality Veltheim (AG),539
4120,1992-09-30,Initial recording of the municipality Veltheim (AG),518
4120,1991-09-30,Initial recording of the municipality Veltheim (AG),523
4120,1990-09-30,Initial recording of the municipality Veltheim (AG),473
4120,1989-09-30,Initial recording of the municipality Veltheim (AG),416
4120,1988-09-30,Initial recording of the municipality Veltheim (AG),406
4120,1987-09-30,Initial recording of the municipality Veltheim (AG),374
4120,1986-09-30,Initial recording of the municipality Veltheim (AG),367
4120,1985-09-30,Initial recording of the municipality Veltheim (AG),355
4120,1984-09-30,Initial recording of the municipality Veltheim (AG),342
4120,1983-09-30,Initial recording of the municipality Veltheim (AG),352
4120,1982-09-30,Initial recording of the municipality Veltheim (AG),336
4120,1981-09-30,Initial recording of the municipality Veltheim (AG),314
4120,1980-09-30,Initial recording of the municipality Veltheim (AG),308
4120,1979-09-30,Initial recording of the municipality Veltheim (AG),285
4120,1978-09-30,Initial recording of the municipality Veltheim (AG),272
4120,1977-09-30,Initial recording of the municipality Veltheim (AG),256
4120,1976-09-30,Initial recording of the municipality Veltheim (AG),240
4121,2025-09-30,Incorporation of Stilli into Villigen,1486
4121,2024-09-30,Incorporation of Stilli into Villigen,1438
4121,2023-09-30,Incorporation of Stilli into Villigen,1374
4121,2022-09-30,Incorporation of Stilli into Villigen,1405
4121,2021-09-30,Incorporation of Stilli into Villigen,1401
4121,2020-09-30,Incorporation of Stilli into Villigen,1379
4121,2019-09-30,Incorporation of Stilli into Villigen,1372
4121,2018-09-30,Incorporation of Stilli into Villigen,1345
4121,2017-09-30,Incorporation of Stilli into Villigen,1347
4121,2016-09-30,Incorporation of Stilli into Villigen,1331
4121,2015-09-30,Incorporation of Stilli into Villigen,1317
4121,2014-09-30,Incorporation of Stilli into Villigen,1275
4121,2013-09-30,Incorporation of Stilli into Villigen,1257
4121,2012-09-30,Incorporation of Stilli into Villigen,1243
4121,2011-09-30,Incorporation of Stilli into Villigen,1242
4121,2010-09-30,Incorporation of Stilli into Villigen,1217
4121,2009-09-30,Incorporation of Stilli into Villigen,1210
4121,2008-09-30,Incorporation of Stilli into Villigen,1156
4121,2007-09-30,Incorporation of Stilli into Villigen,1157
4121,2006-09-30,Incorporation of Stilli into Villigen,1131
4121,2005-09-30,Initial recording of the municipality Villigen,870
4121,2004-09-30,Initial recording of the municipality Villigen,876
4121,2003-09-30,Initial recording of the municipality Villigen,870
4121,2002-09-30,Initial recording of the municipality Villigen,835
4121,2001-09-30,Initial recording of the municipality Villigen,821
4121,2000-09-30,Initial recording of the municipality Villigen,782
4121,1999-09-30,Initial recording of the municipality Villigen,775
4121,1998-09-30,Initial recording of the municipality Villigen,768
4121,1997-09-30,Initial recording of the municipality Villigen,749
4121,1996-09-30,Initial recording of the municipality Villigen,716
4121,1995-09-30,Initial recording of the municipality Villigen,678
4121,1994-09-30,Initial recording of the municipality Villigen,649
4121,1993-09-30,Initial recording of the municipality Villigen,614
4121,1992-09-30,Initial recording of the municipality Villigen,607
4121,1991-09-30,Initial recording of the municipality Villigen,580
4121,1990-09-30,Initial recording of the municipality Villigen,576
4121,1989-09-30,Initial recording of the municipality Villigen,573
4121,1988-09-30,Initial recording of the municipality Villigen,552
4121,1987-09-30,Initial recording of the municipality Villigen,505
4121,1986-09-30,Initial recording of the municipality Villigen,474
4121,1985-09-30,Initial recording of the municipality Villigen,459
4121,1984-09-30,Initial recording of the municipality Villigen,421
4121,1983-09-30,Initial recording of the municipality Villigen,386
4121,1982-09-30,Initial recording of the municipality Villigen,386
4121,1981-09-30,Initial recording of the municipality Villigen,367
4121,1980-09-30,Initial recording of the municipality Villigen,348
4121,1979-09-30,Initial recording of the municipality Villigen,344
4121,1978-09-30,Initial recording of the municipality Villigen,319
4121,1977-09-30,Initial recording of the municipality Villigen,303
4121,1976-09-30,Initial recording of the municipality Villigen,285
4080,2025-09-30,Incorporation of Hilfikon into Villmergen,4425
4080,2024-09-30,Incorporation of Hilfikon into Villmergen,5047
4080,2023-09-30,Incorporation of Hilfikon into Villmergen,4969
4080,2022-09-30,Incorporation of Hilfikon into Villmergen,4851
4080,2021-09-30,Incorporation of Hilfikon into Villmergen,4799
4080,2020-09-30,Incorporation of Hilfikon into Villmergen,4751
4080,2019-09-30,Incorporation of Hilfikon into Villmergen,4629
4080,2018-09-30,Incorporation of Hilfikon into Villmergen,4669
4080,2017-09-30,Incorporation of Hilfikon into Villmergen,4630
4080,2016-09-30,Incorporation of Hilfikon into Villmergen,4554
4080,2015-09-30,Incorporation of Hilfikon into Villmergen,4435
4080,2014-09-30,Incorporation of Hilfikon into Villmergen,4389
4080,2013-09-30,Incorporation of Hilfikon into Villmergen,4277
4080,2012-09-30,Incorporation of Hilfikon into Villmergen,3489
4080,2011-09-30,Incorporation of Hilfikon into Villmergen,3265
4080,2010-09-30,Incorporation of Hilfikon into Villmergen,3119
4080,2009-09-30,Initial recording of the municipality Villmergen,2932
4080,2008-09-30,Initial recording of the municipality Villmergen,2787
4080,2007-09-30,Initial recording of the municipality Villmergen,2725
4080,2006-09-30,Initial recording of the municipality Villmergen,2716
4080,2005-09-30,Initial recording of the municipality Villmergen,2700
4080,2004-09-30,Initial recording of the municipality Villmergen,2636
4080,2003-09-30,Initial recording of the municipality Villmergen,2611
4080,2002-09-30,Initial recording of the municipality Villmergen,2547
4080,2001-09-30,Initial recording of the municipality Villmergen,2471
4080,2000-09-30,Initial recording of the municipality Villmergen,2421
4080,1999-09-30,Initial recording of the municipality Villmergen,2393
4080,1998-09-30,Initial recording of the municipality Villmergen,2327
4080,1997-09-30,Initial recording of the municipality Villmergen,2272
4080,1996-09-30,Initial recording of the municipality Villmergen,2243
4080,1995-09-30,Initial recording of the municipality Villmergen,2136
4080,1994-09-30,Initial recording of the municipality Villmergen,2095
4080,1993-09-30,Initial recording of the municipality Villmergen,2080
4080,1992-09-30,Initial recording of the municipality Villmergen,2061
4080,1991-09-30,Initial recording of the municipality Villmergen,2054
4080,1990-09-30,Initial recording of the municipality Villmergen,1999
4080,1989-09-30,Initial recording of the municipality Villmergen,1906
4080,1988-09-30,Initial recording of the municipality Villmergen,1818
4080,1987-09-30,Initial recording of the municipality Villmergen,1688
4080,1986-09-30,Initial recording of the municipality Villmergen,1605
4080,1985-09-30,Initial recording of the municipality Villmergen,1527
4080,1984-09-30,Initial recording of the municipality Villmergen,1463
4080,1983-09-30,Initial recording of the municipality Villmergen,1435
4080,1982-09-30,Initial recording of the municipality Villmergen,1412
4080,1981-09-30,Initial recording of the municipality Villmergen,1361
4080,1980-09-30,Initial recording of the municipality Villmergen,1317
4080,1979-09-30,Initial recording of the municipality Villmergen,1251
4080,1978-09-30,Initial recording of the municipality Villmergen,1155
4080,1977-09-30,Initial recording of the municipality Villmergen,1104
4080,1976-09-30,Initial recording of the municipality Villmergen,1061
4122,2025-09-30,Initial recording of the municipality Villnachern,1034
4122,2024-09-30,Initial recording of the municipality Villnachern,992
4122,2023-09-30,Initial recording of the municipality Villnachern,956
4122,2022-09-30,Initial recording of the municipality Villnachern,941
4122,2021-09-30,Initial recording of the municipality Villnachern,957
4122,2020-09-30,Initial recording of the municipality Villnachern,940
4122,2019-09-30,Initial recording of the municipality Villnachern,936
4122,2018-09-30,Initial recording of the municipality Villnachern,953
4122,2017-09-30,Initial recording of the municipality Villnachern,952
4122,2016-09-30,Initial recording of the municipality Villnachern,944
4122,2015-09-30,Initial recording of the municipality Villnachern,906
4122,2014-09-30,Initial recording of the municipality Villnachern,896
4122,2013-09-30,Initial recording of the municipality Villnachern,915
4122,2012-09-30,Initial recording of the municipality Villnachern,894
4122,2011-09-30,Initial recording of the municipality Villnachern,874
4122,2010-09-30,Initial recording of the municipality Villnachern,855
4122,2009-09-30,Initial recording of the municipality Villnachern,825
4122,2008-09-30,Initial recording of the municipality Villnachern,816
4122,2007-09-30,Initial recording of the municipality Villnachern,786
4122,2006-09-30,Initial recording of the municipality Villnachern,778
4122,2005-09-30,Initial recording of the municipality Villnachern,769
4122,2004-09-30,Initial recording of the municipality Villnachern,746
4122,2003-09-30,Initial recording of the municipality Villnachern,726
4122,2002-09-30,Initial recording of the municipality Villnachern,690
4122,2001-09-30,Initial recording of the municipality Villnachern,683
4122,2000-09-30,Initial recording of the municipality Villnachern,664
4122,1999-09-30,Initial recording of the municipality Villnachern,664
4122,1998-09-30,Initial recording of the municipality Villnachern,642
4122,1997-09-30,Initial recording of the municipality Villnachern,620
4122,1996-09-30,Initial recording of the municipality Villnachern,603
4122,1995-09-30,Initial recording of the municipality Villnachern,597
4122,1994-09-30,Initial recording of the municipality Villnachern,605
4122,1993-09-30,Initial recording of the municipality Villnachern,584
4122,1992-09-30,Initial recording of the municipality Villnachern,579
4122,1991-09-30,Initial recording of the municipality Villnachern,587
4122,1990-09-30,Initial recording of the municipality Villnachern,588
4122,1989-09-30,Initial recording of the municipality Villnachern,567
4122,1988-09-30,Initial recording of the municipality Villnachern,561
4122,1987-09-30,Initial recording of the municipality Villnachern,528
4122,1986-09-30,Initial recording of the municipality Villnachern,518
4122,1985-09-30,Initial recording of the municipality Villnachern,525
4122,1984-09-30,Initial recording of the municipality Villnachern,493
4122,1983-09-30,Initial recording of the municipality Villnachern,466
4122,1982-09-30,Initial recording of the municipality Villnachern,445
4122,1981-09-30,Initial recording of the municipality Villnachern,421
4122,1980-09-30,Initial recording of the municipality Villnachern,399
4122,1979-09-30,Initial recording of the municipality Villnachern,387
4122,1978-09-30,Initial recording of the municipality Villnachern,347
4122,1977-09-30,Initial recording of the municipality Villnachern,323
4122,1976-09-30,Initial recording of the municipality Villnachern,295
4287,2025-09-30,Initial recording of the municipality Vordemwald,1238
4287,2024-09-30,Initial recording of the municipality Vordemwald,1238
4287,2023-09-30,Initial recording of the municipality Vordemwald,1252
4287,2022-09-30,Initial recording of the municipality Vordemwald,1236
4287,2021-09-30,Initial recording of the municipality Vordemwald,1258
4287,2020-09-30,Initial recording of the municipality Vordemwald,1270
4287,2019-09-30,Initial recording of the municipality Vordemwald,1263
4287,2018-09-30,Initial recording of the municipality Vordemwald,1204
4287,2017-09-30,Initial recording of the municipality Vordemwald,1225
4287,2016-09-30,Initial recording of the municipality Vordemwald,1203
4287,2015-09-30,Initial recording of the municipality Vordemwald,1168
4287,2014-09-30,Initial recording of the municipality Vordemwald,1140
4287,2013-09-30,Initial recording of the municipality Vordemwald,1067
4287,2012-09-30,Initial recording of the municipality Vordemwald,1047
4287,2011-09-30,Initial recording of the municipality Vordemwald,1030
4287,2010-09-30,Initial recording of the municipality Vordemwald,995
4287,2009-09-30,Initial recording of the municipality Vordemwald,986
4287,2008-09-30,Initial recording of the municipality Vordemwald,981
4287,2007-09-30,Initial recording of the municipality Vordemwald,993
4287,2006-09-30,Initial recording of the municipality Vordemwald,966
4287,2005-09-30,Initial recording of the municipality Vordemwald,972
4287,2004-09-30,Initial recording of the municipality Vordemwald,950
4287,2003-09-30,Initial recording of the municipality Vordemwald,937
4287,2002-09-30,Initial recording of the municipality Vordemwald,942
4287,2001-09-30,Initial recording of the municipality Vordemwald,921
4287,2000-09-30,Initial recording of the municipality Vordemwald,901
4287,1999-09-30,Initial recording of the municipality Vordemwald,871
4287,1998-09-30,Initial recording of the municipality Vordemwald,853
4287,1997-09-30,Initial recording of the municipality Vordemwald,811
4287,1996-09-30,Initial recording of the municipality Vordemwald,775
4287,1995-09-30,Initial recording of the municipality Vordemwald,752
4287,1994-09-30,Initial recording of the municipality Vordemwald,734
4287,1993-09-30,Initial recording of the municipality Vordemwald,713
4287,1992-09-30,Initial recording of the municipality Vordemwald,692
4287,1991-09-30,Initial recording of the municipality Vordemwald,667
4287,1990-09-30,Initial recording of the municipality Vordemwald,658
4287,1989-09-30,Initial recording of the municipality Vordemwald,620
4287,1988-09-30,Initial recording of the municipality Vordemwald,630
4287,1987-09-30,Initial recording of the municipality Vordemwald,609
4287,1986-09-30,Initial recording of the municipality Vordemwald,600
4287,1985-09-30,Initial recording of the municipality Vordemwald,572
4287,1984-09-30,Initial recording of the municipality Vordemwald,551
4287,1983-09-30,Initial recording of the municipality Vordemwald,550
4287,1982-09-30,Initial recording of the municipality Vordemwald,530
4287,1981-09-30,Initial recording of the municipality Vordemwald,498
4287,1980-09-30,Initial recording of the municipality Vordemwald,466
4287,1979-09-30,Initial recording of the municipality Vordemwald,440
4287,1978-09-30,Initial recording of the municipality Vordemwald,425
4287,1977-09-30,Initial recording of the municipality Vordemwald,412
4287,1976-09-30,Initial recording of the municipality Vordemwald,347
4261,2025-09-30,Initial recording of the municipality Wallbach,1398
4261,2024-09-30,Initial recording of the municipality Wallbach,1392
4261,2023-09-30,Initial recording of the municipality Wallbach,1385
4261,2022-09-30,Initial recording of the municipality Wallbach,1362
4261,2021-09-30,Initial recording of the municipality Wallbach,1389
4261,2020-09-30,Initial recording of the municipality Wallbach,1372
4261,2019-09-30,Initial recording of the municipality Wallbach,1346
4261,2018-09-30,Initial recording of the municipality Wallbach,1335
4261,2017-09-30,Initial recording of the municipality Wallbach,1341
4261,2016-09-30,Initial recording of the municipality Wallbach,1310
4261,2015-09-30,Initial recording of the municipality Wallbach,1294
4261,2014-09-30,Initial recording of the municipality Wallbach,1233
4261,2013-09-30,Initial recording of the municipality Wallbach,1214
4261,2012-09-30,Initial recording of the municipality Wallbach,1201
4261,2011-09-30,Initial recording of the municipality Wallbach,1182
4261,2010-09-30,Initial recording of the municipality Wallbach,1146
4261,2009-09-30,Initial recording of the municipality Wallbach,1080
4261,2008-09-30,Initial recording of the municipality Wallbach,1054
4261,2007-09-30,Initial recording of the municipality Wallbach,1009
4261,2006-09-30,Initial recording of the municipality Wallbach,998
4261,2005-09-30,Initial recording of the municipality Wallbach,970
4261,2004-09-30,Initial recording of the municipality Wallbach,953
4261,2003-09-30,Initial recording of the municipality Wallbach,958
4261,2002-09-30,Initial recording of the municipality Wallbach,918
4261,2001-09-30,Initial recording of the municipality Wallbach,899
4261,2000-09-30,Initial recording of the municipality Wallbach,883
4261,1999-09-30,Initial recording of the municipality Wallbach,847
4261,1998-09-30,Initial recording of the municipality Wallbach,827
4261,1997-09-30,Initial recording of the municipality Wallbach,814
4261,1996-09-30,Initial recording of the municipality Wallbach,782
4261,1995-09-30,Initial recording of the municipality Wallbach,761
4261,1994-09-30,Initial recording of the municipality Wallbach,729
4261,1993-09-30,Initial recording of the municipality Wallbach,693
4261,1992-09-30,Initial recording of the municipality Wallbach,664
4261,1991-09-30,Initial recording of the municipality Wallbach,659
4261,1990-09-30,Initial recording of the municipality Wallbach,659
4261,1989-09-30,Initial recording of the municipality Wallbach,625
4261,1988-09-30,Initial recording of the municipality Wallbach,568
4261,1987-09-30,Initial recording of the municipality Wallbach,525
4261,1986-09-30,Initial recording of the municipality Wallbach,506
4261,1985-09-30,Initial recording of the municipality Wallbach,508
4261,1984-09-30,Initial recording of the municipality Wallbach,480
4261,1983-09-30,Initial recording of the municipality Wallbach,464
4261,1982-09-30,Initial recording of the municipality Wallbach,473
4261,1981-09-30,Initial recording of the municipality Wallbach,445
4261,1980-09-30,Initial recording of the municipality Wallbach,418
4261,1979-09-30,Initial recording of the municipality Wallbach,390
4261,1978-09-30,Initial recording of the municipality Wallbach,384
4261,1977-09-30,Initial recording of the municipality Wallbach,361
4261,1976-09-30,Initial recording of the municipality Wallbach,348
4240,2025-09-30,Initial recording of the municipality Waltenschwil,2138
4240,2024-09-30,Initial recording of the municipality Waltenschwil,2106
4240,2023-09-30,Initial recording of the municipality Waltenschwil,2092
4240,2022-09-30,Initial recording of the municipality Waltenschwil,2024
4240,2021-09-30,Initial recording of the municipality Waltenschwil,2062
4240,2020-09-30,Initial recording of the municipality Waltenschwil,2015
4240,2019-09-30,Initial recording of the municipality Waltenschwil,1955
4240,2018-09-30,Initial recording of the municipality Waltenschwil,1923
4240,2017-09-30,Initial recording of the municipality Waltenschwil,1841
4240,2016-09-30,Initial recording of the municipality Waltenschwil,1814
4240,2015-09-30,Initial recording of the municipality Waltenschwil,1755
4240,2014-09-30,Initial recording of the municipality Waltenschwil,1663
4240,2013-09-30,Initial recording of the municipality Waltenschwil,1645
4240,2012-09-30,Initial recording of the municipality Waltenschwil,1626
4240,2011-09-30,Initial recording of the municipality Waltenschwil,1562
4240,2010-09-30,Initial recording of the municipality Waltenschwil,1519
4240,2009-09-30,Initial recording of the municipality Waltenschwil,1460
4240,2008-09-30,Initial recording of the municipality Waltenschwil,1399
4240,2007-09-30,Initial recording of the municipality Waltenschwil,1368
4240,2006-09-30,Initial recording of the municipality Waltenschwil,1366
4240,2005-09-30,Initial recording of the municipality Waltenschwil,1345
4240,2004-09-30,Initial recording of the municipality Waltenschwil,1315
4240,2003-09-30,Initial recording of the municipality Waltenschwil,1269
4240,2002-09-30,Initial recording of the municipality Waltenschwil,1241
4240,2001-09-30,Initial recording of the municipality Waltenschwil,1196
4240,2000-09-30,Initial recording of the municipality Waltenschwil,1128
4240,1999-09-30,Initial recording of the municipality Waltenschwil,1093
4240,1998-09-30,Initial recording of the municipality Waltenschwil,1063
4240,1997-09-30,Initial recording of the municipality Waltenschwil,1038
4240,1996-09-30,Initial recording of the municipality Waltenschwil,996
4240,1995-09-30,Initial recording of the municipality Waltenschwil,969
4240,1994-09-30,Initial recording of the municipality Waltenschwil,941
4240,1993-09-30,Initial recording of the municipality Waltenschwil,925
4240,1992-09-30,Initial recording of the municipality Waltenschwil,913
4240,1991-09-30,Initial recording of the municipality Waltenschwil,893
4240,1990-09-30,Initial recording of the municipality Waltenschwil,815
4240,1989-09-30,Initial recording of the municipality Waltenschwil,777
4240,1988-09-30,Initial recording of the municipality Waltenschwil,762
4240,1987-09-30,Initial recording of the municipality Waltenschwil,685
4240,1986-09-30,Initial recording of the municipality Waltenschwil,678
4240,1985-09-30,Initial recording of the municipality Waltenschwil,649
4240,1984-09-30,Initial recording of the municipality Waltenschwil,615
4240,1983-09-30,Initial recording of the municipality Waltenschwil,596
4240,1982-09-30,Initial recording of the municipality Waltenschwil,547
4240,1981-09-30,Initial recording of the municipality Waltenschwil,478
4240,1980-09-30,Initial recording of the municipality Waltenschwil,438
4240,1979-09-30,Initial recording of the municipality Waltenschwil,392
4240,1978-09-30,Initial recording of the municipality Waltenschwil,375
4240,1977-09-30,Initial recording of the municipality Waltenschwil,351
4240,1976-09-30,Initial recording of the municipality Waltenschwil,324
4262,2025-09-30,Initial recording of the municipality Wegenstetten,684
4262,2024-09-30,Initial recording of the municipality Wegenstetten,683
4262,2023-09-30,Initial recording of the municipality Wegenstetten,668
4262,2022-09-30,Initial recording of the municipality Wegenstetten,672
4262,2021-09-30,Initial recording of the municipality Wegenstetten,674
4262,2020-09-30,Initial recording of the municipality Wegenstetten,679
4262,2019-09-30,Initial recording of the municipality Wegenstetten,664
4262,2018-09-30,Initial recording of the municipality Wegenstetten,674
4262,2017-09-30,Initial recording of the municipality Wegenstetten,685
4262,2016-09-30,Initial recording of the municipality Wegenstetten,678
4262,2015-09-30,Initial recording of the municipality Wegenstetten,651
4262,2014-09-30,Initial recording of the municipality Wegenstetten,645
4262,2013-09-30,Initial recording of the municipality Wegenstetten,638
4262,2012-09-30,Initial recording of the municipality Wegenstetten,639
4262,2011-09-30,Initial recording of the municipality Wegenstetten,657
4262,2010-09-30,Initial recording of the municipality Wegenstetten,623
4262,2009-09-30,Initial recording of the municipality Wegenstetten,621
4262,2008-09-30,Initial recording of the municipality Wegenstetten,628
4262,2007-09-30,Initial recording of the municipality Wegenstetten,616
4262,2006-09-30,Initial recording of the municipality Wegenstetten,599
4262,2005-09-30,Initial recording of the municipality Wegenstetten,583
4262,2004-09-30,Initial recording of the municipality Wegenstetten,573
4262,2003-09-30,Initial recording of the municipality Wegenstetten,553
4262,2002-09-30,Initial recording of the municipality Wegenstetten,540
4262,2001-09-30,Initial recording of the municipality Wegenstetten,539
4262,2000-09-30,Initial recording of the municipality Wegenstetten,526
4262,1999-09-30,Initial recording of the municipality Wegenstetten,513
4262,1998-09-30,Initial recording of the municipality Wegenstetten,510
4262,1997-09-30,Initial recording of the municipality Wegenstetten,492
4262,1996-09-30,Initial recording of the municipality Wegenstetten,488
4262,1995-09-30,Initial recording of the municipality Wegenstetten,459
4262,1994-09-30,Initial recording of the municipality Wegenstetten,440
4262,1993-09-30,Initial recording of the municipality Wegenstetten,427
4262,1992-09-30,Initial recording of the municipality Wegenstetten,409
4262,1991-09-30,Initial recording of the municipality Wegenstetten,394
4262,1990-09-30,Initial recording of the municipality Wegenstetten,390
4262,1989-09-30,Initial recording of the municipality Wegenstetten,376
4262,1988-09-30,Initial recording of the municipality Wegenstetten,362
4262,1987-09-30,Initial recording of the municipality Wegenstetten,339
4262,1986-09-30,Initial recording of the municipality Wegenstetten,333
4262,1985-09-30,Initial recording of the municipality Wegenstetten,304
4262,1984-09-30,Initial recording of the municipality Wegenstetten,277
4262,1983-09-30,Initial recording of the municipality Wegenstetten,261
4262,1982-09-30,Initial recording of the municipality Wegenstetten,242
4262,1981-09-30,Initial recording of the municipality Wegenstetten,229
4262,1980-09-30,Initial recording of the municipality Wegenstetten,217
4262,1979-09-30,Initial recording of the municipality Wegenstetten,198
4262,1978-09-30,Initial recording of the municipality Wegenstetten,186
4262,1977-09-30,Initial recording of the municipality Wegenstetten,172
4262,1976-09-30,Initial recording of the municipality Wegenstetten,154
4045,2025-09-30,Initial recording of the municipality Wettingen,10369
4045,2024-09-30,Initial recording of the municipality Wettingen,10277
4045,2023-09-30,Initial recording of the municipality Wettingen,10198
4045,2022-09-30,Initial recording of the municipality Wettingen,10205
4045,2021-09-30,Initial recording of the municipality Wettingen,10267
4045,2020-09-30,Initial recording of the municipality Wettingen,10371
4045,2019-09-30,Initial recording of the municipality Wettingen,10228
4045,2018-09-30,Initial recording of the municipality Wettingen,10220
4045,2017-09-30,Initial recording of the municipality Wettingen,10215
4045,2016-09-30,Initial recording of the municipality Wettingen,10062
4045,2015-09-30,Initial recording of the municipality Wettingen,9970
4045,2014-09-30,Initial recording of the municipality Wettingen,9919
4045,2013-09-30,Initial recording of the municipality Wettingen,9961
4045,2012-09-30,Initial recording of the municipality Wettingen,9898
4045,2011-09-30,Initial recording of the municipality Wettingen,9765
4045,2010-09-30,Initial recording of the municipality Wettingen,9606
4045,2009-09-30,Initial recording of the municipality Wettingen,9460
4045,2008-09-30,Initial recording of the municipality Wettingen,9417
4045,2007-09-30,Initial recording of the municipality Wettingen,9244
4045,2006-09-30,Initial recording of the municipality Wettingen,8985
4045,2005-09-30,Initial recording of the municipality Wettingen,8941
4045,2004-09-30,Initial recording of the municipality Wettingen,8911
4045,2003-09-30,Initial recording of the municipality Wettingen,8835
4045,2002-09-30,Initial recording of the municipality Wettingen,8725
4045,2001-09-30,Initial recording of the municipality Wettingen,8534
4045,2000-09-30,Initial recording of the municipality Wettingen,8352
4045,1999-09-30,Initial recording of the municipality Wettingen,8143
4045,1998-09-30,Initial recording of the municipality Wettingen,8067
4045,1997-09-30,Initial recording of the municipality Wettingen,7920
4045,1996-09-30,Initial recording of the municipality Wettingen,7866
4045,1995-09-30,Initial recording of the municipality Wettingen,7706
4045,1994-09-30,Initial recording of the municipality Wettingen,7689
4045,1993-09-30,Initial recording of the municipality Wettingen,7577
4045,1992-09-30,Initial recording of the municipality Wettingen,7486
4045,1991-09-30,Initial recording of the municipality Wettingen,7481
4045,1990-09-30,Initial recording of the municipality Wettingen,7366
4045,1989-09-30,Initial recording of the municipality Wettingen,7223
4045,1988-09-30,Initial recording of the municipality Wettingen,7035
4045,1987-09-30,Initial recording of the municipality Wettingen,6873
4045,1986-09-30,Initial recording of the municipality Wettingen,6785
4045,1985-09-30,Initial recording of the municipality Wettingen,6673
4045,1984-09-30,Initial recording of the municipality Wettingen,6577
4045,1983-09-30,Initial recording of the municipality Wettingen,6475
4045,1982-09-30,Initial recording of the municipality Wettingen,6306
4045,1981-09-30,Initial recording of the municipality Wettingen,6056
4045,1980-09-30,Initial recording of the municipality Wettingen,5921
4045,1979-09-30,Initial recording of the municipality Wettingen,5744
4045,1978-09-30,Initial recording of the municipality Wettingen,5482
4045,1977-09-30,Initial recording of the municipality Wettingen,5369
4045,1976-09-30,Initial recording of the municipality Wettingen,5408
4081,2025-09-30,Initial recording of the municipality Widen,2211
4081,2024-09-30,Initial recording of the municipality Widen,2195
4081,2023-09-30,Initial recording of the municipality Widen,2226
4081,2022-09-30,Initial recording of the municipality Widen,2268
4081,2021-09-30,Initial recording of the municipality Widen,2263
4081,2020-09-30,Initial recording of the municipality Widen,2207
4081,2019-09-30,Initial recording of the municipality Widen,2185
4081,2018-09-30,Initial recording of the municipality Widen,2155
4081,2017-09-30,Initial recording of the municipality Widen,2186
4081,2016-09-30,Initial recording of the municipality Widen,2157
4081,2015-09-30,Initial recording of the municipality Widen,2129
4081,2014-09-30,Initial recording of the municipality Widen,2126
4081,2013-09-30,Initial recording of the municipality Widen,2148
4081,2012-09-30,Initial recording of the municipality Widen,2166
4081,2011-09-30,Initial recording of the municipality Widen,2134
4081,2010-09-30,Initial recording of the municipality Widen,2142
4081,2009-09-30,Initial recording of the municipality Widen,2123
4081,2008-09-30,Initial recording of the municipality Widen,2120
4081,2007-09-30,Initial recording of the municipality Widen,2131
4081,2006-09-30,Initial recording of the municipality Widen,2084
4081,2005-09-30,Initial recording of the municipality Widen,2105
4081,2004-09-30,Initial recording of the municipality Widen,2155
4081,2003-09-30,Initial recording of the municipality Widen,2131
4081,2002-09-30,Initial recording of the municipality Widen,2069
4081,2001-09-30,Initial recording of the municipality Widen,2053
4081,2000-09-30,Initial recording of the municipality Widen,2051
4081,1999-09-30,Initial recording of the municipality Widen,2041
4081,1998-09-30,Initial recording of the municipality Widen,2037
4081,1997-09-30,Initial recording of the municipality Widen,2020
4081,1996-09-30,Initial recording of the municipality Widen,2021
4081,1995-09-30,Initial recording of the municipality Widen,1981
4081,1994-09-30,Initial recording of the municipality Widen,1963
4081,1993-09-30,Initial recording of the municipality Widen,1980
4081,1992-09-30,Initial recording of the municipality Widen,1987
4081,1991-09-30,Initial recording of the municipality Widen,1998
4081,1990-09-30,Initial recording of the municipality Widen,1996
4081,1989-09-30,Initial recording of the municipality Widen,2013
4081,1988-09-30,Initial recording of the municipality Widen,1984
4081,1987-09-30,Initial recording of the municipality Widen,1883
4081,1986-09-30,Initial recording of the municipality Widen,1824
4081,1985-09-30,Initial recording of the municipality Widen,1722
4081,1984-09-30,Initial recording of the municipality Widen,1669
4081,1983-09-30,Initial recording of the municipality Widen,1544
4081,1982-09-30,Initial recording of the municipality Widen,1376
4081,1981-09-30,Initial recording of the municipality Widen,1282
4081,1980-09-30,Initial recording of the municipality Widen,1145
4081,1979-09-30,Initial recording of the municipality Widen,1009
4081,1978-09-30,Initial recording of the municipality Widen,958
4081,1977-09-30,Initial recording of the municipality Widen,845
4081,1976-09-30,Initial recording of the municipality Widen,774
4180,2009-09-30,Initial recording of the municipality Wil (AG),372
4180,2008-09-30,Initial recording of the municipality Wil (AG),376
4180,2007-09-30,Initial recording of the municipality Wil (AG),365
4180,2006-09-30,Initial recording of the municipality Wil (AG),360
4180,2005-09-30,Initial recording of the municipality Wil (AG),361
4180,2004-09-30,Initial recording of the municipality Wil (AG),357
4180,2003-09-30,Initial recording of the municipality Wil (AG),368
4180,2002-09-30,Initial recording of the municipality Wil (AG),378
4180,2001-09-30,Initial recording of the municipality Wil (AG),365
4180,2000-09-30,Initial recording of the municipality Wil (AG),353
4180,1999-09-30,Initial recording of the municipality Wil (AG),336
4180,1998-09-30,Initial recording of the municipality Wil (AG),321
4180,1997-09-30,Initial recording of the municipality Wil (AG),314
4180,1996-09-30,Initial recording of the municipality Wil (AG),310
4180,1995-09-30,Initial recording of the municipality Wil (AG),293
4180,1994-09-30,Initial recording of the municipality Wil (AG),273
4180,1993-09-30,Initial recording of the municipality Wil (AG),265
4180,1992-09-30,Initial recording of the municipality Wil (AG),250
4180,1991-09-30,Initial recording of the municipality Wil (AG),242
4180,1990-09-30,Initial recording of the municipality Wil (AG),219
4180,1989-09-30,Initial recording of the municipality Wil (AG),213
4180,1988-09-30,Initial recording of the municipality Wil (AG),203
4180,1987-09-30,Initial recording of the municipality Wil (AG),195
4180,1986-09-30,Initial recording of the municipality Wil (AG),192
4180,1985-09-30,Initial recording of the municipality Wil (AG),194
4180,1984-09-30,Initial recording of the municipality Wil (AG),182
4180,1983-09-30,Initial recording of the municipality Wil (AG),177
4180,1982-09-30,Initial recording of the municipality Wil (AG),180
4180,1981-09-30,Initial recording of the municipality Wil (AG),173
4180,1980-09-30,Initial recording of the municipality Wil (AG),155
4180,1979-09-30,Initial recording of the municipality Wil (AG),155
4180,1978-09-30,Initial recording of the municipality Wil (AG),150
4180,1977-09-30,Initial recording of the municipality Wil (AG),137
4180,1976-09-30,Initial recording of the municipality Wil (AG),129
4288,2025-09-30,Initial recording of the municipality Wiliberg,129
4288,2024-09-30,Initial recording of the municipality Wiliberg,129
4288,2023-09-30,Initial recording of the municipality Wiliberg,128
4288,2022-09-30,Initial recording of the municipality Wiliberg,130
4288,2021-09-30,Initial recording of the municipality Wiliberg,127
4288,2020-09-30,Initial recording of the municipality Wiliberg,127
4288,2019-09-30,Initial recording of the municipality Wiliberg,128
4288,2018-09-30,Initial recording of the municipality Wiliberg,123
4288,2017-09-30,Initial recording of the municipality Wiliberg,126
4288,2016-09-30,Initial recording of the municipality Wiliberg,124
4288,2015-09-30,Initial recording of the municipality Wiliberg,119
4288,2014-09-30,Initial recording of the municipality Wiliberg,120
4288,2013-09-30,Initial recording of the municipality Wiliberg,116
4288,2012-09-30,Initial recording of the municipality Wiliberg,115
4288,2011-09-30,Initial recording of the municipality Wiliberg,107
4288,2010-09-30,Initial recording of the municipality Wiliberg,96
4288,2009-09-30,Initial recording of the municipality Wiliberg,97
4288,2008-09-30,Initial recording of the municipality Wiliberg,99
4288,2007-09-30,Initial recording of the municipality Wiliberg,100
4288,2006-09-30,Initial recording of the municipality Wiliberg,97
4288,2005-09-30,Initial recording of the municipality Wiliberg,96
4288,2004-09-30,Initial recording of the municipality Wiliberg,95
4288,2003-09-30,Initial recording of the municipality Wiliberg,94
4288,2002-09-30,Initial recording of the municipality Wiliberg,85
4288,2001-09-30,Initial recording of the municipality Wiliberg,88
4288,2000-09-30,Initial recording of the municipality Wiliberg,88
4288,1999-09-30,Initial recording of the municipality Wiliberg,90
4288,1998-09-30,Initial recording of the municipality Wiliberg,82
4288,1997-09-30,Initial recording of the municipality Wiliberg,78
4288,1996-09-30,Initial recording of the municipality Wiliberg,78
4288,1995-09-30,Initial recording of the municipality Wiliberg,80
4288,1994-09-30,Initial recording of the municipality Wiliberg,73
4288,1993-09-30,Initial recording of the municipality Wiliberg,70
4288,1992-09-30,Initial recording of the municipality Wiliberg,65
4288,1991-09-30,Initial recording of the municipality Wiliberg,66
4288,1990-09-30,Initial recording of the municipality Wiliberg,63
4288,1989-09-30,Initial recording of the municipality Wiliberg,58
4288,1988-09-30,Initial recording of the municipality Wiliberg,58
4288,1987-09-30,Initial recording of the municipality Wiliberg,50
4288,1986-09-30,Initial recording of the municipality Wiliberg,50
4288,1985-09-30,Initial recording of the municipality Wiliberg,48
4288,1984-09-30,Initial recording of the municipality Wiliberg,45
4288,1983-09-30,Initial recording of the municipality Wiliberg,43
4288,1982-09-30,Initial recording of the municipality Wiliberg,49
4288,1981-09-30,Initial recording of the municipality Wiliberg,46
4288,1980-09-30,Initial recording of the municipality Wiliberg,45
4288,1979-09-30,Initial recording of the municipality Wiliberg,42
4288,1978-09-30,Initial recording of the municipality Wiliberg,43
4288,1977-09-30,Initial recording of the municipality Wiliberg,33
4288,1976-09-30,Initial recording of the municipality Wiliberg,25
4123,2025-09-30,Initial recording of the municipality Windisch,3734
4123,2024-09-30,Initial recording of the municipality Windisch,3658
4123,2023-09-30,Initial recording of the municipality Windisch,3640
4123,2022-09-30,Initial recording of the municipality Windisch,3590
4123,2021-09-30,Initial recording of the municipality Windisch,3521
4123,2020-09-30,Initial recording of the municipality Windisch,3479
4123,2019-09-30,Initial recording of the municipality Windisch,3456
4123,2018-09-30,Initial recording of the municipality Windisch,3490
4123,2017-09-30,Initial recording of the municipality Windisch,3470
4123,2016-09-30,Initial recording of the municipality Windisch,3437
4123,2015-09-30,Initial recording of the municipality Windisch,3345
4123,2014-09-30,Initial recording of the municipality Windisch,3220
4123,2013-09-30,Initial recording of the municipality Windisch,3090
4123,2012-09-30,Initial recording of the municipality Windisch,3026
4123,2011-09-30,Initial recording of the municipality Windisch,2939
4123,2010-09-30,Initial recording of the municipality Windisch,2923
4123,2009-09-30,Initial recording of the municipality Windisch,2873
4123,2008-09-30,Initial recording of the municipality Windisch,2886
4123,2007-09-30,Initial recording of the municipality Windisch,2911
4123,2006-09-30,Initial recording of the municipality Windisch,2905
4123,2005-09-30,Initial recording of the municipality Windisch,2848
4123,2004-09-30,Initial recording of the municipality Windisch,2827
4123,2003-09-30,Initial recording of the municipality Windisch,2825
4123,2002-09-30,Initial recording of the municipality Windisch,2750
4123,2001-09-30,Initial recording of the municipality Windisch,2722
4123,2000-09-30,Initial recording of the municipality Windisch,2677
4123,1999-09-30,Initial recording of the municipality Windisch,2664
4123,1998-09-30,Initial recording of the municipality Windisch,2572
4123,1997-09-30,Initial recording of the municipality Windisch,2567
4123,1996-09-30,Initial recording of the municipality Windisch,2576
4123,1995-09-30,Initial recording of the municipality Windisch,2569
4123,1994-09-30,Initial recording of the municipality Windisch,2544
4123,1993-09-30,Initial recording of the municipality Windisch,2570
4123,1992-09-30,Initial recording of the municipality Windisch,2587
4123,1991-09-30,Initial recording of the municipality Windisch,2558
4123,1990-09-30,Initial recording of the municipality Windisch,2512
4123,1989-09-30,Initial recording of the municipality Windisch,2433
4123,1988-09-30,Initial recording of the municipality Windisch,2418
4123,1987-09-30,Initial recording of the municipality Windisch,2451
4123,1986-09-30,Initial recording of the municipality Windisch,2438
4123,1985-09-30,Initial recording of the municipality Windisch,2387
4123,1984-09-30,Initial recording of the municipality Windisch,2409
4123,1983-09-30,Initial recording of the municipality Windisch,2381
4123,1982-09-30,Initial recording of the municipality Windisch,2320
4123,1981-09-30,Initial recording of the municipality Windisch,2263
4123,1980-09-30,Initial recording of the municipality Windisch,2141
4123,1979-09-30,Initial recording of the municipality Windisch,2087
4123,1978-09-30,Initial recording of the municipality Windisch,1989
4123,1977-09-30,Initial recording of the municipality Windisch,1938
4123,1976-09-30,Initial recording of the municipality Windisch,1894
4322,2021-09-30,Initial recording of the municipality Wislikofen,237
4322,2020-09-30,Initial recording of the municipality Wislikofen,225
4322,2019-09-30,Initial recording of the municipality Wislikofen,223
4322,2018-09-30,Initial recording of the municipality Wislikofen,227
4322,2017-09-30,Initial recording of the municipality Wislikofen,232
4322,2016-09-30,Initial recording of the municipality Wislikofen,235
4322,2015-09-30,Initial recording of the municipality Wislikofen,235
4322,2014-09-30,Initial recording of the municipality Wislikofen,219
4322,2013-09-30,Initial recording of the municipality Wislikofen,218
4322,2012-09-30,Initial recording of the municipality Wislikofen,219
4322,2011-09-30,Initial recording of the municipality Wislikofen,209
4322,2010-09-30,Initial recording of the municipality Wislikofen,206
4322,2009-09-30,Initial recording of the municipality Wislikofen,197
4322,2008-09-30,Initial recording of the municipality Wislikofen,192
4322,2007-09-30,Initial recording of the municipality Wislikofen,197
4322,2006-09-30,Initial recording of the municipality Wislikofen,197
4322,2005-09-30,Initial recording of the municipality Wislikofen,194
4322,2004-09-30,Initial recording of the municipality Wislikofen,197
4322,2003-09-30,Initial recording of the municipality Wislikofen,197
4322,2002-09-30,Initial recording of the municipality Wislikofen,189
4322,2001-09-30,Initial recording of the municipality Wislikofen,187
4322,2000-09-30,Initial recording of the municipality Wislikofen,193
4322,1999-09-30,Initial recording of the municipality Wislikofen,191
4322,1998-09-30,Initial recording of the municipality Wislikofen,192
4322,1997-09-30,Initial recording of the municipality Wislikofen,167
4322,1996-09-30,Initial recording of the municipality Wislikofen,174
4322,1995-09-30,Initial recording of the municipality Wislikofen,173
4322,1994-09-30,Initial recording of the municipality Wislikofen,170
4322,1993-09-30,Initial recording of the municipality Wislikofen,174
4322,1992-09-30,Initial recording of the municipality Wislikofen,161
4322,1991-09-30,Initial recording of the municipality Wislikofen,177
4322,1990-09-30,Initial recording of the municipality Wislikofen,170
4322,1989-09-30,Initial recording of the municipality Wislikofen,165
4322,1988-09-30,Initial recording of the municipality Wislikofen,156
4322,1987-09-30,Initial recording of the municipality Wislikofen,153
4322,1986-09-30,Initial recording of the municipality Wislikofen,139
4322,1985-09-30,Initial recording of the municipality Wislikofen,128
4322,1984-09-30,Initial recording of the municipality Wislikofen,124
4322,1983-09-30,Initial recording of the municipality Wislikofen,125
4322,1982-09-30,Initial recording of the municipality Wislikofen,116
4322,1981-09-30,Initial recording of the municipality Wislikofen,109
4322,1980-09-30,Initial recording of the municipality Wislikofen,100
4322,1979-09-30,Initial recording of the municipality Wislikofen,97
4322,1978-09-30,Initial recording of the municipality Wislikofen,90
4322,1977-09-30,Initial recording of the municipality Wislikofen,88
4322,1976-09-30,Initial recording of the municipality Wislikofen,76
4181,2025-09-30,Initial recording of the municipality Wittnau,931
4181,2024-09-30,Initial recording of the municipality Wittnau,930
4181,2023-09-30,Initial recording of the municipality Wittnau,928
4181,2022-09-30,Initial recording of the municipality Wittnau,928
4181,2021-09-30,Initial recording of the municipality Wittnau,908
4181,2020-09-30,Initial recording of the municipality Wittnau,867
4181,2019-09-30,Initial recording of the municipality Wittnau,857
4181,2018-09-30,Initial recording of the municipality Wittnau,844
4181,2017-09-30,Initial recording of the municipality Wittnau,822
4181,2016-09-30,Initial recording of the municipality Wittnau,771
4181,2015-09-30,Initial recording of the municipality Wittnau,766
4181,2014-09-30,Initial recording of the municipality Wittnau,768
4181,2013-09-30,Initial recording of the municipality Wittnau,750
4181,2012-09-30,Initial recording of the municipality Wittnau,726
4181,2011-09-30,Initial recording of the municipality Wittnau,704
4181,2010-09-30,Initial recording of the municipality Wittnau,673
4181,2009-09-30,Initial recording of the municipality Wittnau,659
4181,2008-09-30,Initial recording of the municipality Wittnau,631
4181,2007-09-30,Initial recording of the municipality Wittnau,608
4181,2006-09-30,Initial recording of the municipality Wittnau,609
4181,2005-09-30,Initial recording of the municipality Wittnau,592
4181,2004-09-30,Initial recording of the municipality Wittnau,585
4181,2003-09-30,Initial recording of the municipality Wittnau,578
4181,2002-09-30,Initial recording of the municipality Wittnau,560
4181,2001-09-30,Initial recording of the municipality Wittnau,556
4181,2000-09-30,Initial recording of the municipality Wittnau,555
4181,1999-09-30,Initial recording of the municipality Wittnau,556
4181,1998-09-30,Initial recording of the municipality Wittnau,535
4181,1997-09-30,Initial recording of the municipality Wittnau,490
4181,1996-09-30,Initial recording of the municipality Wittnau,474
4181,1995-09-30,Initial recording of the municipality Wittnau,440
4181,1994-09-30,Initial recording of the municipality Wittnau,427
4181,1993-09-30,Initial recording of the municipality Wittnau,405
4181,1992-09-30,Initial recording of the municipality Wittnau,400
4181,1991-09-30,Initial recording of the municipality Wittnau,383
4181,1990-09-30,Initial recording of the municipality Wittnau,360
4181,1989-09-30,Initial recording of the municipality Wittnau,342
4181,1988-09-30,Initial recording of the municipality Wittnau,337
4181,1987-09-30,Initial recording of the municipality Wittnau,337
4181,1986-09-30,Initial recording of the municipality Wittnau,316
4181,1985-09-30,Initial recording of the municipality Wittnau,301
4181,1984-09-30,Initial recording of the municipality Wittnau,291
4181,1983-09-30,Initial recording of the municipality Wittnau,284
4181,1982-09-30,Initial recording of the municipality Wittnau,288
4181,1981-09-30,Initial recording of the municipality Wittnau,268
4181,1980-09-30,Initial recording of the municipality Wittnau,250
4181,1979-09-30,Initial recording of the municipality Wittnau,249
4181,1978-09-30,Initial recording of the municipality Wittnau,240
4181,1977-09-30,Initial recording of the municipality Wittnau,230
4181,1976-09-30,Initial recording of the municipality Wittnau,220
4082,2025-09-30,Initial recording of the municipality Wohlen (AG),10455
4082,2024-09-30,Initial recording of the municipality Wohlen (AG),10188
4082,2023-09-30,Initial recording of the municipality Wohlen (AG),9987
4082,2022-09-30,Initial recording of the municipality Wohlen (AG),9849
4082,2021-09-30,Initial recording of the municipality Wohlen (AG),9871
4082,2020-09-30,Initial recording of the municipality Wohlen (AG),9769
4082,2019-09-30,Initial recording of the municipality Wohlen (AG),9630
4082,2018-09-30,Initial recording of the municipality Wohlen (AG),9486
4082,2017-09-30,Initial recording of the municipality Wohlen (AG),9236
4082,2016-09-30,Initial recording of the municipality Wohlen (AG),9058
4082,2015-09-30,Initial recording of the municipality Wohlen (AG),8918
4082,2014-09-30,Initial recording of the municipality Wohlen (AG),8748
4082,2013-09-30,Initial recording of the municipality Wohlen (AG),8603
4082,2012-09-30,Initial recording of the municipality Wohlen (AG),8428
4082,2011-09-30,Initial recording of the municipality Wohlen (AG),8256
4082,2010-09-30,Initial recording of the municipality Wohlen (AG),8052
4082,2009-09-30,Initial recording of the municipality Wohlen (AG),7960
4082,2008-09-30,Initial recording of the municipality Wohlen (AG),7908
4082,2007-09-30,Initial recording of the municipality Wohlen (AG),7835
4082,2006-09-30,Initial recording of the municipality Wohlen (AG),7827
4082,2005-09-30,Initial recording of the municipality Wohlen (AG),7670
4082,2004-09-30,Initial recording of the municipality Wohlen (AG),7540
4082,2003-09-30,Initial recording of the municipality Wohlen (AG),7476
4082,2002-09-30,Initial recording of the municipality Wohlen (AG),7307
4082,2001-09-30,Initial recording of the municipality Wohlen (AG),7104
4082,2000-09-30,Initial recording of the municipality Wohlen (AG),6873
4082,1999-09-30,Initial recording of the municipality Wohlen (AG),6724
4082,1998-09-30,Initial recording of the municipality Wohlen (AG),6485
4082,1997-09-30,Initial recording of the municipality Wohlen (AG),6425
4082,1996-09-30,Initial recording of the municipality Wohlen (AG),6391
4082,1995-09-30,Initial recording of the municipality Wohlen (AG),6333
4082,1994-09-30,Initial recording of the municipality Wohlen (AG),6255
4082,1993-09-30,Initial recording of the municipality Wohlen (AG),6118
4082,1992-09-30,Initial recording of the municipality Wohlen (AG),6036
4082,1991-09-30,Initial recording of the municipality Wohlen (AG),6013
4082,1990-09-30,Initial recording of the municipality Wohlen (AG),5842
4082,1989-09-30,Initial recording of the municipality Wohlen (AG),5696
4082,1988-09-30,Initial recording of the municipality Wohlen (AG),5447
4082,1987-09-30,Initial recording of the municipality Wohlen (AG),5120
4082,1986-09-30,Initial recording of the municipality Wohlen (AG),4864
4082,1985-09-30,Initial recording of the municipality Wohlen (AG),4701
4082,1984-09-30,Initial recording of the municipality Wohlen (AG),4520
4082,1983-09-30,Initial recording of the municipality Wohlen (AG),4414
4082,1982-09-30,Initial recording of the municipality Wohlen (AG),4270
4082,1981-09-30,Initial recording of the municipality Wohlen (AG),4178
4082,1980-09-30,Initial recording of the municipality Wohlen (AG),4032
4082,1979-09-30,Initial recording of the municipality Wohlen (AG),3838
4082,1978-09-30,Initial recording of the municipality Wohlen (AG),3638
4082,1977-09-30,Initial recording of the municipality Wohlen (AG),3475
4082,1976-09-30,Initial recording of the municipality Wohlen (AG),3427
4046,2025-09-30,Initial recording of the municipality Wohlenschwil,1147
4046,2024-09-30,Initial recording of the municipality Wohlenschwil,1140
4046,2023-09-30,Initial recording of the municipality Wohlenschwil,1139
4046,2022-09-30,Initial recording of the municipality Wohlenschwil,1111
4046,2021-09-30,Initial recording of the municipality Wohlenschwil,1085
4046,2020-09-30,Initial recording of the municipality Wohlenschwil,1015
4046,2019-09-30,Initial recording of the municipality Wohlenschwil,953
4046,2018-09-30,Initial recording of the municipality Wohlenschwil,952
4046,2017-09-30,Initial recording of the municipality Wohlenschwil,924
4046,2016-09-30,Initial recording of the municipality Wohlenschwil,924
4046,2015-09-30,Initial recording of the municipality Wohlenschwil,921
4046,2014-09-30,Initial recording of the municipality Wohlenschwil,893
4046,2013-09-30,Initial recording of the municipality Wohlenschwil,859
4046,2012-09-30,Initial recording of the municipality Wohlenschwil,849
4046,2011-09-30,Initial recording of the municipality Wohlenschwil,835
4046,2010-09-30,Initial recording of the municipality Wohlenschwil,801
4046,2009-09-30,Initial recording of the municipality Wohlenschwil,755
4046,2008-09-30,Initial recording of the municipality Wohlenschwil,753
4046,2007-09-30,Initial recording of the municipality Wohlenschwil,761
4046,2006-09-30,Initial recording of the municipality Wohlenschwil,746
4046,2005-09-30,Initial recording of the municipality Wohlenschwil,743
4046,2004-09-30,Initial recording of the municipality Wohlenschwil,721
4046,2003-09-30,Initial recording of the municipality Wohlenschwil,703
4046,2002-09-30,Initial recording of the municipality Wohlenschwil,676
4046,2001-09-30,Initial recording of the municipality Wohlenschwil,687
4046,2000-09-30,Initial recording of the municipality Wohlenschwil,664
4046,1999-09-30,Initial recording of the municipality Wohlenschwil,656
4046,1998-09-30,Initial recording of the municipality Wohlenschwil,628
4046,1997-09-30,Initial recording of the municipality Wohlenschwil,606
4046,1996-09-30,Initial recording of the municipality Wohlenschwil,582
4046,1995-09-30,Initial recording of the municipality Wohlenschwil,565
4046,1994-09-30,Initial recording of the municipality Wohlenschwil,555
4046,1993-09-30,Initial recording of the municipality Wohlenschwil,546
4046,1992-09-30,Initial recording of the municipality Wohlenschwil,544
4046,1991-09-30,Initial recording of the municipality Wohlenschwil,536
4046,1990-09-30,Initial recording of the municipality Wohlenschwil,522
4046,1989-09-30,Initial recording of the municipality Wohlenschwil,476
4046,1988-09-30,Initial recording of the municipality Wohlenschwil,459
4046,1987-09-30,Initial recording of the municipality Wohlenschwil,425
4046,1986-09-30,Initial recording of the municipality Wohlenschwil,415
4046,1985-09-30,Initial recording of the municipality Wohlenschwil,413
4046,1984-09-30,Initial recording of the municipality Wohlenschwil,388
4046,1983-09-30,Initial recording of the municipality Wohlenschwil,367
4046,1982-09-30,Initial recording of the municipality Wohlenschwil,335
4046,1981-09-30,Initial recording of the municipality Wohlenschwil,312
4046,1980-09-30,Initial recording of the municipality Wohlenschwil,281
4046,1979-09-30,Initial recording of the municipality Wohlenschwil,262
4046,1978-09-30,Initial recording of the municipality Wohlenschwil,230
4046,1977-09-30,Initial recording of the municipality Wohlenschwil,227
4046,1976-09-30,Initial recording of the municipality Wohlenschwil,213
4182,2025-09-30,Initial recording of the municipality Wölflinswil,724
4182,2024-09-30,Initial recording of the municipality Wölflinswil,662
4182,2023-09-30,Initial recording of the municipality Wölflinswil,670
4182,2022-09-30,Initial recording of the municipality Wölflinswil,677
4182,2021-09-30,Initial recording of the municipality Wölflinswil,680
4182,2020-09-30,Initial recording of the municipality Wölflinswil,669
4182,2019-09-30,Initial recording of the municipality Wölflinswil,654
4182,2018-09-30,Initial recording of the municipality Wölflinswil,671
4182,2017-09-30,Initial recording of the municipality Wölflinswil,659
4182,2016-09-30,Initial recording of the municipality Wölflinswil,641
4182,2015-09-30,Initial recording of the municipality Wölflinswil,635
4182,2014-09-30,Initial recording of the municipality Wölflinswil,616
4182,2013-09-30,Initial recording of the municipality Wölflinswil,622
4182,2012-09-30,Initial recording of the municipality Wölflinswil,601
4182,2011-09-30,Initial recording of the municipality Wölflinswil,593
4182,2010-09-30,Initial recording of the municipality Wölflinswil,571
4182,2009-09-30,Initial recording of the municipality Wölflinswil,536
4182,2008-09-30,Initial recording of the municipality Wölflinswil,505
4182,2007-09-30,Initial recording of the municipality Wölflinswil,493
4182,2006-09-30,Initial recording of the municipality Wölflinswil,493
4182,2005-09-30,Initial recording of the municipality Wölflinswil,508
4182,2004-09-30,Initial recording of the municipality Wölflinswil,487
4182,2003-09-30,Initial recording of the municipality Wölflinswil,484
4182,2002-09-30,Initial recording of the municipality Wölflinswil,455
4182,2001-09-30,Initial recording of the municipality Wölflinswil,441
4182,2000-09-30,Initial recording of the municipality Wölflinswil,437
4182,1999-09-30,Initial recording of the municipality Wölflinswil,420
4182,1998-09-30,Initial recording of the municipality Wölflinswil,421
4182,1997-09-30,Initial recording of the municipality Wölflinswil,396
4182,1996-09-30,Initial recording of the municipality Wölflinswil,388
4182,1995-09-30,Initial recording of the municipality Wölflinswil,372
4182,1994-09-30,Initial recording of the municipality Wölflinswil,351
4182,1993-09-30,Initial recording of the municipality Wölflinswil,339
4182,1992-09-30,Initial recording of the municipality Wölflinswil,340
4182,1991-09-30,Initial recording of the municipality Wölflinswil,350
4182,1990-09-30,Initial recording of the municipality Wölflinswil,329
4182,1989-09-30,Initial recording of the municipality Wölflinswil,311
4182,1988-09-30,Initial recording of the municipality Wölflinswil,320
4182,1987-09-30,Initial recording of the municipality Wölflinswil,309
4182,1986-09-30,Initial recording of the municipality Wölflinswil,296
4182,1985-09-30,Initial recording of the municipality Wölflinswil,300
4182,1984-09-30,Initial recording of the municipality Wölflinswil,295
4182,1983-09-30,Initial recording of the municipality Wölflinswil,279
4182,1982-09-30,Initial recording of the municipality Wölflinswil,273
4182,1981-09-30,Initial recording of the municipality Wölflinswil,273
4182,1980-09-30,Initial recording of the municipality Wölflinswil,270
4182,1979-09-30,Initial recording of the municipality Wölflinswil,251
4182,1978-09-30,Initial recording of the municipality Wölflinswil,237
4182,1977-09-30,Initial recording of the municipality Wölflinswil,232
4182,1976-09-30,Initial recording of the municipality Wölflinswil,211
4047,2025-09-30,Initial recording of the municipality Würenlingen,3153
4047,2024-09-30,Initial recording of the municipality Würenlingen,3060
4047,2023-09-30,Initial recording of the municipality Würenlingen,3068
4047,2022-09-30,Initial recording of the municipality Würenlingen,3035
4047,2021-09-30,Initial recording of the municipality Würenlingen,2995
4047,2020-09-30,Initial recording of the municipality Würenlingen,2941
4047,2019-09-30,Initial recording of the municipality Würenlingen,2888
4047,2018-09-30,Initial recording of the municipality Würenlingen,2843
4047,2017-09-30,Initial recording of the municipality Würenlingen,2823
4047,2016-09-30,Initial recording of the municipality Würenlingen,2722
4047,2015-09-30,Initial recording of the municipality Würenlingen,2650
4047,2014-09-30,Initial recording of the municipality Würenlingen,2523
4047,2013-09-30,Initial recording of the municipality Würenlingen,2454
4047,2012-09-30,Initial recording of the municipality Würenlingen,2352
4047,2011-09-30,Initial recording of the municipality Würenlingen,2346
4047,2010-09-30,Initial recording of the municipality Würenlingen,2299
4047,2009-09-30,Initial recording of the municipality Würenlingen,2360
4047,2008-09-30,Initial recording of the municipality Würenlingen,2208
4047,2007-09-30,Initial recording of the municipality Würenlingen,2154
4047,2006-09-30,Initial recording of the municipality Würenlingen,2116
4047,2005-09-30,Initial recording of the municipality Würenlingen,2105
4047,2004-09-30,Initial recording of the municipality Würenlingen,2012
4047,2003-09-30,Initial recording of the municipality Würenlingen,2011
4047,2002-09-30,Initial recording of the municipality Würenlingen,2119
4047,2001-09-30,Initial recording of the municipality Würenlingen,2140
4047,2000-09-30,Initial recording of the municipality Würenlingen,2100
4047,1999-09-30,Initial recording of the municipality Würenlingen,2038
4047,1998-09-30,Initial recording of the municipality Würenlingen,1959
4047,1997-09-30,Initial recording of the municipality Würenlingen,1914
4047,1996-09-30,Initial recording of the municipality Würenlingen,1846
4047,1995-09-30,Initial recording of the municipality Würenlingen,1820
4047,1994-09-30,Initial recording of the municipality Würenlingen,1813
4047,1993-09-30,Initial recording of the municipality Würenlingen,1735
4047,1992-09-30,Initial recording of the municipality Würenlingen,1705
4047,1991-09-30,Initial recording of the municipality Würenlingen,1696
4047,1990-09-30,Initial recording of the municipality Würenlingen,1551
4047,1989-09-30,Initial recording of the municipality Würenlingen,1519
4047,1988-09-30,Initial recording of the municipality Würenlingen,1508
4047,1987-09-30,Initial recording of the municipality Würenlingen,1386
4047,1986-09-30,Initial recording of the municipality Würenlingen,1351
4047,1985-09-30,Initial recording of the municipality Würenlingen,1267
4047,1984-09-30,Initial recording of the municipality Würenlingen,1174
4047,1983-09-30,Initial recording of the municipality Würenlingen,1121
4047,1982-09-30,Initial recording of the municipality Würenlingen,1063
4047,1981-09-30,Initial recording of the municipality Würenlingen,1026
4047,1980-09-30,Initial recording of the municipality Würenlingen,962
4047,1979-09-30,Initial recording of the municipality Würenlingen,911
4047,1978-09-30,Initial recording of the municipality Würenlingen,856
4047,1977-09-30,Initial recording of the municipality Würenlingen,779
4047,1976-09-30,Initial recording of the municipality Würenlingen,717
4048,2025-09-30,Initial recording of the municipality Würenlos,3933
4048,2024-09-30,Initial recording of the municipality Würenlos,3884
4048,2023-09-30,Initial recording of the municipality Würenlos,3835
4048,2022-09-30,Initial recording of the municipality Würenlos,3770
4048,2021-09-30,Initial recording of the municipality Würenlos,3720
4048,2020-09-30,Initial recording of the municipality Würenlos,3711
4048,2019-09-30,Initial recording of the municipality Würenlos,3699
4048,2018-09-30,Initial recording of the municipality Würenlos,3642
4048,2017-09-30,Initial recording of the municipality Würenlos,3559
4048,2016-09-30,Initial recording of the municipality Würenlos,3525
4048,2015-09-30,Initial recording of the municipality Würenlos,3385
4048,2014-09-30,Initial recording of the municipality Würenlos,3334
4048,2013-09-30,Initial recording of the municipality Würenlos,3262
4048,2012-09-30,Initial recording of the municipality Würenlos,3240
4048,2011-09-30,Initial recording of the municipality Würenlos,3186
4048,2010-09-30,Initial recording of the municipality Würenlos,3035
4048,2009-09-30,Initial recording of the municipality Würenlos,2894
4048,2008-09-30,Initial recording of the municipality Würenlos,2876
4048,2007-09-30,Initial recording of the municipality Würenlos,2905
4048,2006-09-30,Initial recording of the municipality Würenlos,2917
4048,2005-09-30,Initial recording of the municipality Würenlos,2913
4048,2004-09-30,Initial recording of the municipality Würenlos,2800
4048,2003-09-30,Initial recording of the municipality Würenlos,2707
4048,2002-09-30,Initial recording of the municipality Würenlos,2647
4048,2001-09-30,Initial recording of the municipality Würenlos,2612
4048,2000-09-30,Initial recording of the municipality Würenlos,2562
4048,1999-09-30,Initial recording of the municipality Würenlos,2523
4048,1998-09-30,Initial recording of the municipality Würenlos,2410
4048,1997-09-30,Initial recording of the municipality Würenlos,2320
4048,1996-09-30,Initial recording of the municipality Würenlos,2242
4048,1995-09-30,Initial recording of the municipality Würenlos,2139
4048,1994-09-30,Initial recording of the municipality Würenlos,2095
4048,1993-09-30,Initial recording of the municipality Würenlos,2048
4048,1992-09-30,Initial recording of the municipality Würenlos,2032
4048,1991-09-30,Initial recording of the municipality Würenlos,2021
4048,1990-09-30,Initial recording of the municipality Würenlos,1967
4048,1989-09-30,Initial recording of the municipality Würenlos,1940
4048,1988-09-30,Initial recording of the municipality Würenlos,1863
4048,1987-09-30,Initial recording of the municipality Würenlos,1739
4048,1986-09-30,Initial recording of the municipality Würenlos,1669
4048,1985-09-30,Initial recording of the municipality Würenlos,1507
4048,1984-09-30,Initial recording of the municipality Würenlos,1429
4048,1983-09-30,Initial recording of the municipality Würenlos,1343
4048,1982-09-30,Initial recording of the municipality Würenlos,1293
4048,1981-09-30,Initial recording of the municipality Würenlos,1259
4048,1980-09-30,Initial recording of the municipality Würenlos,1238
4048,1979-09-30,Initial recording of the municipality Würenlos,1211
4048,1978-09-30,Initial recording of the municipality Würenlos,1115
4048,1977-09-30,Initial recording of the municipality Würenlos,1072
4048,1976-09-30,Initial recording of the municipality Würenlos,1025
4183,2025-09-30,Initial recording of the municipality Zeihen,815
4183,2024-09-30,Initial recording of the municipality Zeihen,829
4183,2023-09-30,Initial recording of the municipality Zeihen,839
4183,2022-09-30,Initial recording of the municipality Zeihen,822
4183,2021-09-30,Initial recording of the municipality Zeihen,801
4183,2020-09-30,Initial recording of the municipality Zeihen,797
4183,2019-09-30,Initial recording of the municipality Zeihen,820
4183,2018-09-30,Initial recording of the municipality Zeihen,808
4183,2017-09-30,Initial recording of the municipality Zeihen,801
4183,2016-09-30,Initial recording of the municipality Zeihen,767
4183,2015-09-30,Initial recording of the municipality Zeihen,755
4183,2014-09-30,Initial recording of the municipality Zeihen,722
4183,2013-09-30,Initial recording of the municipality Zeihen,707
4183,2012-09-30,Initial recording of the municipality Zeihen,653
4183,2011-09-30,Initial recording of the municipality Zeihen,630
4183,2010-09-30,Initial recording of the municipality Zeihen,589
4183,2009-09-30,Initial recording of the municipality Zeihen,559
4183,2008-09-30,Initial recording of the municipality Zeihen,554
4183,2007-09-30,Initial recording of the municipality Zeihen,524
4183,2006-09-30,Initial recording of the municipality Zeihen,516
4183,2005-09-30,Initial recording of the municipality Zeihen,491
4183,2004-09-30,Initial recording of the municipality Zeihen,475
4183,2003-09-30,Initial recording of the municipality Zeihen,445
4183,2002-09-30,Initial recording of the municipality Zeihen,431
4183,2001-09-30,Initial recording of the municipality Zeihen,437
4183,2000-09-30,Initial recording of the municipality Zeihen,420
4183,1999-09-30,Initial recording of the municipality Zeihen,396
4183,1998-09-30,Initial recording of the municipality Zeihen,376
4183,1997-09-30,Initial recording of the municipality Zeihen,338
4183,1996-09-30,Initial recording of the municipality Zeihen,316
4183,1995-09-30,Initial recording of the municipality Zeihen,297
4183,1994-09-30,Initial recording of the municipality Zeihen,301
4183,1993-09-30,Initial recording of the municipality Zeihen,287
4183,1992-09-30,Initial recording of the municipality Zeihen,277
4183,1991-09-30,Initial recording of the municipality Zeihen,291
4183,1990-09-30,Initial recording of the municipality Zeihen,292
4183,1989-09-30,Initial recording of the municipality Zeihen,280
4183,1988-09-30,Initial recording of the municipality Zeihen,273
4183,1987-09-30,Initial recording of the municipality Zeihen,249
4183,1986-09-30,Initial recording of the municipality Zeihen,247
4183,1985-09-30,Initial recording of the municipality Zeihen,253
4183,1984-09-30,Initial recording of the municipality Zeihen,244
4183,1983-09-30,Initial recording of the municipality Zeihen,242
4183,1982-09-30,Initial recording of the municipality Zeihen,233
4183,1981-09-30,Initial recording of the municipality Zeihen,215
4183,1980-09-30,Initial recording of the municipality Zeihen,208
4183,1979-09-30,Initial recording of the municipality Zeihen,200
4183,1978-09-30,Initial recording of the municipality Zeihen,198
4183,1977-09-30,Initial recording of the municipality Zeihen,173
4183,1976-09-30,Initial recording of the municipality Zeihen,158
4263,2025-09-30,Initial recording of the municipality Zeiningen,1750
4263,2024-09-30,Initial recording of the municipality Zeiningen,1703
4263,2023-09-30,Initial recording of the municipality Zeiningen,1668
4263,2022-09-30,Initial recording of the municipality Zeiningen,1668
4263,2021-09-30,Initial recording of the municipality Zeiningen,1610
4263,2020-09-30,Initial recording of the municipality Zeiningen,1589
4263,2019-09-30,Initial recording of the municipality Zeiningen,1583
4263,2018-09-30,Initial recording of the municipality Zeiningen,1557
4263,2017-09-30,Initial recording of the municipality Zeiningen,1527
4263,2016-09-30,Initial recording of the municipality Zeiningen,1497
4263,2015-09-30,Initial recording of the municipality Zeiningen,1505
4263,2014-09-30,Initial recording of the municipality Zeiningen,1464
4263,2013-09-30,Initial recording of the municipality Zeiningen,1408
4263,2012-09-30,Initial recording of the municipality Zeiningen,1384
4263,2011-09-30,Initial recording of the municipality Zeiningen,1376
4263,2010-09-30,Initial recording of the municipality Zeiningen,1345
4263,2009-09-30,Initial recording of the municipality Zeiningen,1322
4263,2008-09-30,Initial recording of the municipality Zeiningen,1323
4263,2007-09-30,Initial recording of the municipality Zeiningen,1274
4263,2006-09-30,Initial recording of the municipality Zeiningen,1228
4263,2005-09-30,Initial recording of the municipality Zeiningen,1199
4263,2004-09-30,Initial recording of the municipality Zeiningen,1136
4263,2003-09-30,Initial recording of the municipality Zeiningen,1109
4263,2002-09-30,Initial recording of the municipality Zeiningen,1067
4263,2001-09-30,Initial recording of the municipality Zeiningen,1010
4263,2000-09-30,Initial recording of the municipality Zeiningen,988
4263,1999-09-30,Initial recording of the municipality Zeiningen,943
4263,1998-09-30,Initial recording of the municipality Zeiningen,910
4263,1997-09-30,Initial recording of the municipality Zeiningen,881
4263,1996-09-30,Initial recording of the municipality Zeiningen,843
4263,1995-09-30,Initial recording of the municipality Zeiningen,840
4263,1994-09-30,Initial recording of the municipality Zeiningen,805
4263,1993-09-30,Initial recording of the municipality Zeiningen,780
4263,1992-09-30,Initial recording of the municipality Zeiningen,768
4263,1991-09-30,Initial recording of the municipality Zeiningen,761
4263,1990-09-30,Initial recording of the municipality Zeiningen,748
4263,1989-09-30,Initial recording of the municipality Zeiningen,707
4263,1988-09-30,Initial recording of the municipality Zeiningen,679
4263,1987-09-30,Initial recording of the municipality Zeiningen,657
4263,1986-09-30,Initial recording of the municipality Zeiningen,634
4263,1985-09-30,Initial recording of the municipality Zeiningen,596
4263,1984-09-30,Initial recording of the municipality Zeiningen,575
4263,1983-09-30,Initial recording of the municipality Zeiningen,526
4263,1982-09-30,Initial recording of the municipality Zeiningen,528
4263,1981-09-30,Initial recording of the municipality Zeiningen,494
4263,1980-09-30,Initial recording of the municipality Zeiningen,457
4263,1979-09-30,Initial recording of the municipality Zeiningen,439
4263,1978-09-30,Initial recording of the municipality Zeiningen,414
4263,1977-09-30,Initial recording of the municipality Zeiningen,377
4263,1976-09-30,Initial recording of the municipality Zeiningen,360
4147,2025-09-30,Initial recording of the municipality Zetzwil,905
4147,2024-09-30,Initial recording of the municipality Zetzwil,899
4147,2023-09-30,Initial recording of the municipality Zetzwil,916
4147,2022-09-30,Initial recording of the municipality Zetzwil,921
4147,2021-09-30,Initial recording of the municipality Zetzwil,937
4147,2020-09-30,Initial recording of the municipality Zetzwil,918
4147,2019-09-30,Initial recording of the municipality Zetzwil,915
4147,2018-09-30,Initial recording of the municipality Zetzwil,895
4147,2017-09-30,Initial recording of the municipality Zetzwil,917
4147,2016-09-30,Initial recording of the municipality Zetzwil,915
4147,2015-09-30,Initial recording of the municipality Zetzwil,892
4147,2014-09-30,Initial recording of the municipality Zetzwil,894
4147,2013-09-30,Initial recording of the municipality Zetzwil,879
4147,2012-09-30,Initial recording of the municipality Zetzwil,862
4147,2011-09-30,Initial recording of the municipality Zetzwil,843
4147,2010-09-30,Initial recording of the municipality Zetzwil,813
4147,2009-09-30,Initial recording of the municipality Zetzwil,804
4147,2008-09-30,Initial recording of the municipality Zetzwil,803
4147,2007-09-30,Initial recording of the municipality Zetzwil,772
4147,2006-09-30,Initial recording of the municipality Zetzwil,773
4147,2005-09-30,Initial recording of the municipality Zetzwil,767
4147,2004-09-30,Initial recording of the municipality Zetzwil,755
4147,2003-09-30,Initial recording of the municipality Zetzwil,733
4147,2002-09-30,Initial recording of the municipality Zetzwil,716
4147,2001-09-30,Initial recording of the municipality Zetzwil,711
4147,2000-09-30,Initial recording of the municipality Zetzwil,655
4147,1999-09-30,Initial recording of the municipality Zetzwil,641
4147,1998-09-30,Initial recording of the municipality Zetzwil,628
4147,1997-09-30,Initial recording of the municipality Zetzwil,580
4147,1996-09-30,Initial recording of the municipality Zetzwil,569
4147,1995-09-30,Initial recording of the municipality Zetzwil,569
4147,1994-09-30,Initial recording of the municipality Zetzwil,553
4147,1993-09-30,Initial recording of the municipality Zetzwil,557
4147,1992-09-30,Initial recording of the municipality Zetzwil,542
4147,1991-09-30,Initial recording of the municipality Zetzwil,563
4147,1990-09-30,Initial recording of the municipality Zetzwil,525
4147,1989-09-30,Initial recording of the municipality Zetzwil,512
4147,1988-09-30,Initial recording of the municipality Zetzwil,501
4147,1987-09-30,Initial recording of the municipality Zetzwil,474
4147,1986-09-30,Initial recording of the municipality Zetzwil,459
4147,1985-09-30,Initial recording of the municipality Zetzwil,409
4147,1984-09-30,Initial recording of the municipality Zetzwil,395
4147,1983-09-30,Initial recording of the municipality Zetzwil,370
4147,1982-09-30,Initial recording of the municipality Zetzwil,330
4147,1981-09-30,Initial recording of the municipality Zetzwil,303
4147,1980-09-30,Initial recording of the municipality Zetzwil,287
4147,1979-09-30,Initial recording of the municipality Zetzwil,277
4147,1978-09-30,Initial recording of the municipality Zetzwil,275
4147,1977-09-30,Initial recording of the municipality Zetzwil,262
4147,1976-09-30,Initial recording of the municipality Zetzwil,233
4289,2025-09-30,Incorporation of Mühlethal into Zofingen,7226
4289,2024-09-30,Incorporation of Mühlethal into Zofingen,7112
4289,2023-09-30,Incorporation of Mühlethal into Zofingen,7064
4289,2022-09-30,Incorporation of Mühlethal into Zofingen,6964
4289,2021-09-30,Incorporation of Mühlethal into Zofingen,6928
4289,2020-09-30,Incorporation of Mühlethal into Zofingen,6761
4289,2019-09-30,Incorporation of Mühlethal into Zofingen,6643
4289,2018-09-30,Incorporation of Mühlethal into Zofingen,6537
4289,2017-09-30,Incorporation of Mühlethal into Zofingen,6444
4289,2016-09-30,Incorporation of Mühlethal into Zofingen,6470
4289,2015-09-30,Incorporation of Mühlethal into Zofingen,6366
4289,2014-09-30,Incorporation of Mühlethal into Zofingen,6238
4289,2013-09-30,Incorporation of Mühlethal into Zofingen,6050
4289,2012-09-30,Incorporation of Mühlethal into Zofingen,5926
4289,2011-09-30,Incorporation of Mühlethal into Zofingen,5850
4289,2010-09-30,Incorporation of Mühlethal into Zofingen,5786
4289,2009-09-30,Incorporation of Mühlethal into Zofingen,5728
4289,2008-09-30,Incorporation of Mühlethal into Zofingen,5689
4289,2007-09-30,Incorporation of Mühlethal into Zofingen,5645
4289,2006-09-30,Incorporation of Mühlethal into Zofingen,5539
4289,2005-09-30,Incorporation of Mühlethal into Zofingen,5479
4289,2004-09-30,Incorporation of Mühlethal into Zofingen,5371
4289,2003-09-30,Incorporation of Mühlethal into Zofingen,5270
4289,2002-09-30,Incorporation of Mühlethal into Zofingen,5086
4289,2001-09-30,Initial recording of the municipality Zofingen,4461
4289,2000-09-30,Initial recording of the municipality Zofingen,4318
4289,1999-09-30,Initial recording of the municipality Zofingen,4215
4289,1998-09-30,Initial recording of the municipality Zofingen,4073
4289,1997-09-30,Initial recording of the municipality Zofingen,4094
4289,1996-09-30,Initial recording of the municipality Zofingen,4066
4289,1995-09-30,Initial recording of the municipality Zofingen,3978
4289,1994-09-30,Initial recording of the municipality Zofingen,3968
4289,1993-09-30,Initial recording of the municipality Zofingen,3884
4289,1992-09-30,Initial recording of the municipality Zofingen,4033
4289,1991-09-30,Initial recording of the municipality Zofingen,4143
4289,1990-09-30,Initial recording of the municipality Zofingen,4111
4289,1989-09-30,Initial recording of the municipality Zofingen,4020
4289,1988-09-30,Initial recording of the municipality Zofingen,3954
4289,1987-09-30,Initial recording of the municipality Zofingen,3857
4289,1986-09-30,Initial recording of the municipality Zofingen,3729
4289,1985-09-30,Initial recording of the municipality Zofingen,3604
4289,1984-09-30,Initial recording of the municipality Zofingen,3529
4289,1983-09-30,Initial recording of the municipality Zofingen,3528
4289,1982-09-30,Initial recording of the municipality Zofingen,3507
4289,1981-09-30,Initial recording of the municipality Zofingen,3432
4289,1980-09-30,Initial recording of the municipality Zofingen,3326
4289,1979-09-30,Initial recording of the municipality Zofingen,3225
4289,1978-09-30,Initial recording of the municipality Zofingen,3078
4289,1977-09-30,Initial recording of the municipality Zofingen,2955
4289,1976-09-30,Initial recording of the municipality Zofingen,2942
4083,2025-09-30,Initial recording of the municipality Zufikon,2873
4083,2024-09-30,Initial recording of the municipality Zufikon,2887
4083,2023-09-30,Initial recording of the municipality Zufikon,2773
4083,2022-09-30,Initial recording of the municipality Zufikon,2753
4083,2021-09-30,Initial recording of the municipality Zufikon,2750
4083,2020-09-30,Initial recording of the municipality Zufikon,2655
4083,2019-09-30,Initial recording of the municipality Zufikon,2638
4083,2018-09-30,Initial recording of the municipality Zufikon,2656
4083,2017-09-30,Initial recording of the municipality Zufikon,2653
4083,2016-09-30,Initial recording of the municipality Zufikon,2653
4083,2015-09-30,Initial recording of the municipality Zufikon,2598
4083,2014-09-30,Initial recording of the municipality Zufikon,2573
4083,2013-09-30,Initial recording of the municipality Zufikon,2550
4083,2012-09-30,Initial recording of the municipality Zufikon,2516
4083,2011-09-30,Initial recording of the municipality Zufikon,2448
4083,2010-09-30,Initial recording of the municipality Zufikon,2381
4083,2009-09-30,Initial recording of the municipality Zufikon,2302
4083,2008-09-30,Initial recording of the municipality Zufikon,2258
4083,2007-09-30,Initial recording of the municipality Zufikon,2230
4083,2006-09-30,Initial recording of the municipality Zufikon,2200
4083,2005-09-30,Initial recording of the municipality Zufikon,2073
4083,2004-09-30,Initial recording of the municipality Zufikon,2088
4083,2003-09-30,Initial recording of the municipality Zufikon,2052
4083,2002-09-30,Initial recording of the municipality Zufikon,2027
4083,2001-09-30,Initial recording of the municipality Zufikon,1965
4083,2000-09-30,Initial recording of the municipality Zufikon,1939
4083,1999-09-30,Initial recording of the municipality Zufikon,1898
4083,1998-09-30,Initial recording of the municipality Zufikon,1837
4083,1997-09-30,Initial recording of the municipality Zufikon,1813
4083,1996-09-30,Initial recording of the municipality Zufikon,1788
4083,1995-09-30,Initial recording of the municipality Zufikon,1753
4083,1994-09-30,Initial recording of the municipality Zufikon,1744
4083,1993-09-30,Initial recording of the municipality Zufikon,1722
4083,1992-09-30,Initial recording of the municipality Zufikon,1709
4083,1991-09-30,Initial recording of the municipality Zufikon,1715
4083,1990-09-30,Initial recording of the municipality Zufikon,1714
4083,1989-09-30,Initial recording of the municipality Zufikon,1677
4083,1988-09-30,Initial recording of the municipality Zufikon,1630
4083,1987-09-30,Initial recording of the municipality Zufikon,1570
4083,1986-09-30,Initial recording of the municipality Zufikon,1529
4083,1985-09-30,Initial recording of the municipality Zufikon,1419
4083,1984-09-30,Initial recording of the municipality Zufikon,1331
4083,1983-09-30,Initial recording of the municipality Zufikon,1240
4083,1982-09-30,Initial recording of the municipality Zufikon,1107
4083,1981-09-30,Initial recording of the municipality Zufikon,988
4083,1980-09-30,Initial recording of the municipality Zufikon,904
4083,1979-09-30,Initial recording of the municipality Zufikon,839
4083,1978-09-30,Initial recording of the municipality Zufikon,753
4083,1977-09-30,Initial recording of the municipality Zufikon,672
4083,1976-09-30,Initial recording of the municipality Zufikon,591
4324,2025-09-30,"Fusion of Bad Zurzach, Baldingen, Böbikon, Kaiserstuhl, Rekingen (AG), Rietheim, Rümikon and Wislikofen into Zurzach",5033
4324,2024-09-30,"Fusion of Bad Zurzach, Baldingen, Böbikon, Kaiserstuhl, Rekingen (AG), Rietheim, Rümikon and Wislikofen into Zurzach",4992
4324,2023-09-30,"Fusion of Bad Zurzach, Baldingen, Böbikon, Kaiserstuhl, Rekingen (AG), Rietheim, Rümikon and Wislikofen into Zurzach",4914
4324,2022-09-30,"Fusion of Bad Zurzach, Baldingen, Böbikon, Kaiserstuhl, Rekingen (AG), Rietheim, Rümikon and Wislikofen into Zurzach",4780
4264,2025-09-30,Initial recording of the municipality Zuzgen,623
4264,2024-09-30,Initial recording of the municipality Zuzgen,594
4264,2023-09-30,Initial recording of the municipality Zuzgen,610
4264,2022-09-30,Initial recording of the municipality Zuzgen,600
4264,2021-09-30,Initial recording of the municipality Zuzgen,596
4264,2020-09-30,Initial recording of the municipality Zuzgen,585
4264,2019-09-30,Initial recording of the municipality Zuzgen,594
4264,2018-09-30,Initial recording of the municipality Zuzgen,582
4264,2017-09-30,Initial recording of the municipality Zuzgen,587
4264,2016-09-30,Initial recording of the municipality Zuzgen,567
4264,2015-09-30,Initial recording of the municipality Zuzgen,552
4264,2014-09-30,Initial recording of the municipality Zuzgen,522
4264,2013-09-30,Initial recording of the municipality Zuzgen,518
4264,2012-09-30,Initial recording of the municipality Zuzgen,507
4264,2011-09-30,Initial recording of the municipality Zuzgen,493
4264,2010-09-30,Initial recording of the municipality Zuzgen,490
4264,2009-09-30,Initial recording of the municipality Zuzgen,484
4264,2008-09-30,Initial recording of the municipality Zuzgen,467
4264,2007-09-30,Initial recording of the municipality Zuzgen,456
4264,2006-09-30,Initial recording of the municipality Zuzgen,469
4264,2005-09-30,Initial recording of the municipality Zuzgen,457
4264,2004-09-30,Initial recording of the municipality Zuzgen,432
4264,2003-09-30,Initial recording of the municipality Zuzgen,439
4264,2002-09-30,Initial recording of the municipality Zuzgen,426
4264,2001-09-30,Initial recording of the municipality Zuzgen,397
4264,2000-09-30,Initial recording of the municipality Zuzgen,377
4264,1999-09-30,Initial recording of the municipality Zuzgen,386
4264,1998-09-30,Initial recording of the municipality Zuzgen,370
4264,1997-09-30,Initial recording of the municipality Zuzgen,347
4264,1996-09-30,Initial recording of the municipality Zuzgen,318
4264,1995-09-30,Initial recording of the municipality Zuzgen,302
4264,1994-09-30,Initial recording of the municipality Zuzgen,294
4264,1993-09-30,Initial recording of the municipality Zuzgen,299
4264,1992-09-30,Initial recording of the municipality Zuzgen,288
4264,1991-09-30,Initial recording of the municipality Zuzgen,276
4264,1990-09-30,Initial recording of the municipality Zuzgen,270
4264,1989-09-30,Initial recording of the municipality Zuzgen,277
4264,1988-09-30,Initial recording of the municipality Zuzgen,266
4264,1987-09-30,Initial recording of the municipality Zuzgen,246
4264,1986-09-30,Initial recording of the municipality Zuzgen,233
4264,1985-09-30,Initial recording of the municipality Zuzgen,221
4264,1984-09-30,Initial recording of the municipality Zuzgen,217
4264,1983-09-30,Initial recording of the municipality Zuzgen,204
4264,1982-09-30,Initial recording of the municipality Zuzgen,191
4264,1981-09-30,Initial recording of the municipality Zuzgen,199
4264,1980-09-30,Initial recording of the municipality Zuzgen,180
4264,1979-09-30,Initial recording of the municipality Zuzgen,173
4264,1978-09-30,Initial recording of the municipality Zuzgen,166
4264,1977-09-30,Initial recording of the municipality Zuzgen,161
4264,1976-09-30,Initial recording of the municipality Zuzgen,148
