bfsNr,locationName,PERS_WAGEN,date,change_event_name
4001,Aarau,10780,2025-09-30,Incorporation of Rohr (AG) into Aarau
4001,Aarau,10717,2024-09-30,Incorporation of Rohr (AG) into Aarau
4001,Aarau,10647,2023-09-30,Incorporation of Rohr (AG) into Aarau
4001,Aarau,10556,2022-09-30,Incorporation of Rohr (AG) into Aarau
4001,Aarau,10618,2021-09-30,Incorporation of Rohr (AG) into Aarau
4001,Aarau,10582,2020-09-30,Incorporation of Rohr (AG) into Aarau
4001,Aarau,10666,2019-09-30,Incorporation of Rohr (AG) into Aarau
4001,Aarau,10584,2018-09-30,Incorporation of Rohr (AG) into Aarau
4001,Aarau,10603,2017-09-30,Incorporation of Rohr (AG) into Aarau
4001,Aarau,10593,2016-09-30,Incorporation of Rohr (AG) into Aarau
4001,Aarau,10406,2015-09-30,Incorporation of Rohr (AG) into Aarau
4001,Aarau,10142,2014-09-30,Incorporation of Rohr (AG) into Aarau
4001,Aarau,10110,2013-09-30,Incorporation of Rohr (AG) into Aarau
4001,Aarau,10016,2012-09-30,Incorporation of Rohr (AG) into Aarau
4001,Aarau,9927,2011-09-30,Incorporation of Rohr (AG) into Aarau
4001,Aarau,9672,2010-09-30,Incorporation of Rohr (AG) into Aarau
4001,Aarau,7901,2009-09-30,Initial recording of the municipality Aarau
4001,Aarau,7847,2008-09-30,Initial recording of the municipality Aarau
4001,Aarau,7808,2007-09-30,Initial recording of the municipality Aarau
4001,Aarau,7784,2006-09-30,Initial recording of the municipality Aarau
4001,Aarau,7721,2005-09-30,Initial recording of the municipality Aarau
4001,Aarau,7767,2004-09-30,Initial recording of the municipality Aarau
4001,Aarau,7622,2003-09-30,Initial recording of the municipality Aarau
4001,Aarau,7473,2002-09-30,Initial recording of the municipality Aarau
4001,Aarau,7357,2001-09-30,Initial recording of the municipality Aarau
4001,Aarau,7230,2000-09-30,Initial recording of the municipality Aarau
4001,Aarau,7151,1999-09-30,Initial recording of the municipality Aarau
4001,Aarau,7203,1998-09-30,Initial recording of the municipality Aarau
4001,Aarau,7184,1997-09-30,Initial recording of the municipality Aarau
4001,Aarau,7197,1996-09-30,Initial recording of the municipality Aarau
4001,Aarau,7124,1995-09-30,Initial recording of the municipality Aarau
4001,Aarau,7093,1994-09-30,Initial recording of the municipality Aarau
4001,Aarau,7081,1993-09-30,Initial recording of the municipality Aarau
4001,Aarau,7062,1992-09-30,Initial recording of the municipality Aarau
4001,Aarau,7147,1991-09-30,Initial recording of the municipality Aarau
4001,Aarau,7044,1990-09-30,Initial recording of the municipality Aarau
4001,Aarau,6754,1989-09-30,Initial recording of the municipality Aarau
4001,Aarau,6600,1988-09-30,Initial recording of the municipality Aarau
4001,Aarau,6485,1987-09-30,Initial recording of the municipality Aarau
4001,Aarau,6385,1986-09-30,Initial recording of the municipality Aarau
4001,Aarau,6286,1985-09-30,Initial recording of the municipality Aarau
4001,Aarau,6172,1984-09-30,Initial recording of the municipality Aarau
4001,Aarau,5977,1983-09-30,Initial recording of the municipality Aarau
4001,Aarau,5873,1982-09-30,Initial recording of the municipality Aarau
4001,Aarau,5772,1981-09-30,Initial recording of the municipality Aarau
4001,Aarau,5757,1980-09-30,Initial recording of the municipality Aarau
4001,Aarau,5665,1979-09-30,Initial recording of the municipality Aarau
4001,Aarau,5450,1978-09-30,Initial recording of the municipality Aarau
4001,Aarau,5287,1977-09-30,Initial recording of the municipality Aarau
4001,Aarau,5337,1976-09-30,Initial recording of the municipality Aarau
4271,Aarburg,4976,2025-09-30,Initial recording of the municipality Aarburg
4271,Aarburg,4934,2024-09-30,Initial recording of the municipality Aarburg
4271,Aarburg,4864,2023-09-30,Initial recording of the municipality Aarburg
4271,Aarburg,4757,2022-09-30,Initial recording of the municipality Aarburg
4271,Aarburg,4719,2021-09-30,Initial recording of the municipality Aarburg
4271,Aarburg,4577,2020-09-30,Initial recording of the municipality Aarburg
4271,Aarburg,4503,2019-09-30,Initial recording of the municipality Aarburg
4271,Aarburg,4417,2018-09-30,Initial recording of the municipality Aarburg
4271,Aarburg,4308,2017-09-30,Initial recording of the municipality Aarburg
4271,Aarburg,4162,2016-09-30,Initial recording of the municipality Aarburg
4271,Aarburg,4109,2015-09-30,Initial recording of the municipality Aarburg
4271,Aarburg,3963,2014-09-30,Initial recording of the municipality Aarburg
4271,Aarburg,3892,2013-09-30,Initial recording of the municipality Aarburg
4271,Aarburg,3789,2012-09-30,Initial recording of the municipality Aarburg
4271,Aarburg,3773,2011-09-30,Initial recording of the municipality Aarburg
4271,Aarburg,3614,2010-09-30,Initial recording of the municipality Aarburg
4271,Aarburg,3453,2009-09-30,Initial recording of the municipality Aarburg
4271,Aarburg,3367,2008-09-30,Initial recording of the municipality Aarburg
4271,Aarburg,3307,2007-09-30,Initial recording of the municipality Aarburg
4271,Aarburg,3291,2006-09-30,Initial recording of the municipality Aarburg
4271,Aarburg,3278,2005-09-30,Initial recording of the municipality Aarburg
4271,Aarburg,3213,2004-09-30,Initial recording of the municipality Aarburg
4271,Aarburg,3150,2003-09-30,Initial recording of the municipality Aarburg
4271,Aarburg,3130,2002-09-30,Initial recording of the municipality Aarburg
4271,Aarburg,3062,2001-09-30,Initial recording of the municipality Aarburg
4271,Aarburg,3020,2000-09-30,Initial recording of the municipality Aarburg
4271,Aarburg,2997,1999-09-30,Initial recording of the municipality Aarburg
4271,Aarburg,2897,1998-09-30,Initial recording of the municipality Aarburg
4271,Aarburg,2862,1997-09-30,Initial recording of the municipality Aarburg
4271,Aarburg,2876,1996-09-30,Initial recording of the municipality Aarburg
4271,Aarburg,2795,1995-09-30,Initial recording of the municipality Aarburg
4271,Aarburg,2731,1994-09-30,Initial recording of the municipality Aarburg
4271,Aarburg,2614,1993-09-30,Initial recording of the municipality Aarburg
4271,Aarburg,2542,1992-09-30,Initial recording of the municipality Aarburg
4271,Aarburg,2481,1991-09-30,Initial recording of the municipality Aarburg
4271,Aarburg,2376,1990-09-30,Initial recording of the municipality Aarburg
4271,Aarburg,2285,1989-09-30,Initial recording of the municipality Aarburg
4271,Aarburg,2276,1988-09-30,Initial recording of the municipality Aarburg
4271,Aarburg,2178,1987-09-30,Initial recording of the municipality Aarburg
4271,Aarburg,2147,1986-09-30,Initial recording of the municipality Aarburg
4271,Aarburg,2110,1985-09-30,Initial recording of the municipality Aarburg
4271,Aarburg,2039,1984-09-30,Initial recording of the municipality Aarburg
4271,Aarburg,1960,1983-09-30,Initial recording of the municipality Aarburg
4271,Aarburg,1870,1982-09-30,Initial recording of the municipality Aarburg
4271,Aarburg,1772,1981-09-30,Initial recording of the municipality Aarburg
4271,Aarburg,1705,1980-09-30,Initial recording of the municipality Aarburg
4271,Aarburg,1649,1979-09-30,Initial recording of the municipality Aarburg
4271,Aarburg,1611,1978-09-30,Initial recording of the municipality Aarburg
4271,Aarburg,1523,1977-09-30,Initial recording of the municipality Aarburg
4271,Aarburg,1533,1976-09-30,Initial recording of the municipality Aarburg
4221,Abtwil,744,2025-09-30,Initial recording of the municipality Abtwil
4221,Abtwil,725,2024-09-30,Initial recording of the municipality Abtwil
4221,Abtwil,697,2023-09-30,Initial recording of the municipality Abtwil
4221,Abtwil,689,2022-09-30,Initial recording of the municipality Abtwil
4221,Abtwil,640,2021-09-30,Initial recording of the municipality Abtwil
4221,Abtwil,623,2020-09-30,Initial recording of the municipality Abtwil
4221,Abtwil,628,2019-09-30,Initial recording of the municipality Abtwil
4221,Abtwil,621,2018-09-30,Initial recording of the municipality Abtwil
4221,Abtwil,613,2017-09-30,Initial recording of the municipality Abtwil
4221,Abtwil,626,2016-09-30,Initial recording of the municipality Abtwil
4221,Abtwil,617,2015-09-30,Initial recording of the municipality Abtwil
4221,Abtwil,610,2014-09-30,Initial recording of the municipality Abtwil
4221,Abtwil,604,2013-09-30,Initial recording of the municipality Abtwil
4221,Abtwil,576,2012-09-30,Initial recording of the municipality Abtwil
4221,Abtwil,566,2011-09-30,Initial recording of the municipality Abtwil
4221,Abtwil,526,2010-09-30,Initial recording of the municipality Abtwil
4221,Abtwil,445,2009-09-30,Initial recording of the municipality Abtwil
4221,Abtwil,414,2008-09-30,Initial recording of the municipality Abtwil
4221,Abtwil,417,2007-09-30,Initial recording of the municipality Abtwil
4221,Abtwil,401,2006-09-30,Initial recording of the municipality Abtwil
4221,Abtwil,412,2005-09-30,Initial recording of the municipality Abtwil
4221,Abtwil,393,2004-09-30,Initial recording of the municipality Abtwil
4221,Abtwil,377,2003-09-30,Initial recording of the municipality Abtwil
4221,Abtwil,369,2002-09-30,Initial recording of the municipality Abtwil
4221,Abtwil,350,2001-09-30,Initial recording of the municipality Abtwil
4221,Abtwil,333,2000-09-30,Initial recording of the municipality Abtwil
4221,Abtwil,315,1999-09-30,Initial recording of the municipality Abtwil
4221,Abtwil,301,1998-09-30,Initial recording of the municipality Abtwil
4221,Abtwil,285,1997-09-30,Initial recording of the municipality Abtwil
4221,Abtwil,261,1996-09-30,Initial recording of the municipality Abtwil
4221,Abtwil,233,1995-09-30,Initial recording of the municipality Abtwil
4221,Abtwil,185,1994-09-30,Initial recording of the municipality Abtwil
4221,Abtwil,161,1993-09-30,Initial recording of the municipality Abtwil
4221,Abtwil,163,1992-09-30,Initial recording of the municipality Abtwil
4221,Abtwil,162,1991-09-30,Initial recording of the municipality Abtwil
4221,Abtwil,159,1990-09-30,Initial recording of the municipality Abtwil
4221,Abtwil,157,1989-09-30,Initial recording of the municipality Abtwil
4221,Abtwil,152,1988-09-30,Initial recording of the municipality Abtwil
4221,Abtwil,153,1987-09-30,Initial recording of the municipality Abtwil
4221,Abtwil,157,1986-09-30,Initial recording of the municipality Abtwil
4221,Abtwil,147,1985-09-30,Initial recording of the municipality Abtwil
4221,Abtwil,144,1984-09-30,Initial recording of the municipality Abtwil
4221,Abtwil,131,1983-09-30,Initial recording of the municipality Abtwil
4221,Abtwil,123,1982-09-30,Initial recording of the municipality Abtwil
4221,Abtwil,122,1981-09-30,Initial recording of the municipality Abtwil
4221,Abtwil,116,1980-09-30,Initial recording of the municipality Abtwil
4221,Abtwil,111,1979-09-30,Initial recording of the municipality Abtwil
4221,Abtwil,102,1978-09-30,Initial recording of the municipality Abtwil
4221,Abtwil,87,1977-09-30,Initial recording of the municipality Abtwil
4221,Abtwil,82,1976-09-30,Initial recording of the municipality Abtwil
4191,Ammerswil,501,2025-09-30,Initial recording of the municipality Ammerswil
4191,Ammerswil,506,2024-09-30,Initial recording of the municipality Ammerswil
4191,Ammerswil,497,2023-09-30,Initial recording of the municipality Ammerswil
4191,Ammerswil,495,2022-09-30,Initial recording of the municipality Ammerswil
4191,Ammerswil,477,2021-09-30,Initial recording of the municipality Ammerswil
4191,Ammerswil,483,2020-09-30,Initial recording of the municipality Ammerswil
4191,Ammerswil,471,2019-09-30,Initial recording of the municipality Ammerswil
4191,Ammerswil,451,2018-09-30,Initial recording of the municipality Ammerswil
4191,Ammerswil,432,2017-09-30,Initial recording of the municipality Ammerswil
4191,Ammerswil,431,2016-09-30,Initial recording of the municipality Ammerswil
4191,Ammerswil,427,2015-09-30,Initial recording of the municipality Ammerswil
4191,Ammerswil,447,2014-09-30,Initial recording of the municipality Ammerswil
4191,Ammerswil,440,2013-09-30,Initial recording of the municipality Ammerswil
4191,Ammerswil,444,2012-09-30,Initial recording of the municipality Ammerswil
4191,Ammerswil,421,2011-09-30,Initial recording of the municipality Ammerswil
4191,Ammerswil,364,2010-09-30,Initial recording of the municipality Ammerswil
4191,Ammerswil,302,2009-09-30,Initial recording of the municipality Ammerswil
4191,Ammerswil,309,2008-09-30,Initial recording of the municipality Ammerswil
4191,Ammerswil,308,2007-09-30,Initial recording of the municipality Ammerswil
4191,Ammerswil,319,2006-09-30,Initial recording of the municipality Ammerswil
4191,Ammerswil,338,2005-09-30,Initial recording of the municipality Ammerswil
4191,Ammerswil,352,2004-09-30,Initial recording of the municipality Ammerswil
4191,Ammerswil,365,2003-09-30,Initial recording of the municipality Ammerswil
4191,Ammerswil,383,2002-09-30,Initial recording of the municipality Ammerswil
4191,Ammerswil,367,2001-09-30,Initial recording of the municipality Ammerswil
4191,Ammerswil,356,2000-09-30,Initial recording of the municipality Ammerswil
4191,Ammerswil,328,1999-09-30,Initial recording of the municipality Ammerswil
4191,Ammerswil,304,1998-09-30,Initial recording of the municipality Ammerswil
4191,Ammerswil,283,1997-09-30,Initial recording of the municipality Ammerswil
4191,Ammerswil,246,1996-09-30,Initial recording of the municipality Ammerswil
4191,Ammerswil,214,1995-09-30,Initial recording of the municipality Ammerswil
4191,Ammerswil,214,1994-09-30,Initial recording of the municipality Ammerswil
4191,Ammerswil,218,1993-09-30,Initial recording of the municipality Ammerswil
4191,Ammerswil,220,1992-09-30,Initial recording of the municipality Ammerswil
4191,Ammerswil,212,1991-09-30,Initial recording of the municipality Ammerswil
4191,Ammerswil,210,1990-09-30,Initial recording of the municipality Ammerswil
4191,Ammerswil,199,1989-09-30,Initial recording of the municipality Ammerswil
4191,Ammerswil,199,1988-09-30,Initial recording of the municipality Ammerswil
4191,Ammerswil,200,1987-09-30,Initial recording of the municipality Ammerswil
4191,Ammerswil,200,1986-09-30,Initial recording of the municipality Ammerswil
4191,Ammerswil,193,1985-09-30,Initial recording of the municipality Ammerswil
4191,Ammerswil,184,1984-09-30,Initial recording of the municipality Ammerswil
4191,Ammerswil,167,1983-09-30,Initial recording of the municipality Ammerswil
4191,Ammerswil,158,1982-09-30,Initial recording of the municipality Ammerswil
4191,Ammerswil,145,1981-09-30,Initial recording of the municipality Ammerswil
4191,Ammerswil,136,1980-09-30,Initial recording of the municipality Ammerswil
4191,Ammerswil,127,1979-09-30,Initial recording of the municipality Ammerswil
4191,Ammerswil,117,1978-09-30,Initial recording of the municipality Ammerswil
4191,Ammerswil,114,1977-09-30,Initial recording of the municipality Ammerswil
4191,Ammerswil,98,1976-09-30,Initial recording of the municipality Ammerswil
4222,Aristau,1056,2025-09-30,Initial recording of the municipality Aristau
4222,Aristau,1023,2024-09-30,Initial recording of the municipality Aristau
4222,Aristau,1047,2023-09-30,Initial recording of the municipality Aristau
4222,Aristau,1034,2022-09-30,Initial recording of the municipality Aristau
4222,Aristau,1029,2021-09-30,Initial recording of the municipality Aristau
4222,Aristau,1038,2020-09-30,Initial recording of the municipality Aristau
4222,Aristau,1013,2019-09-30,Initial recording of the municipality Aristau
4222,Aristau,1017,2018-09-30,Initial recording of the municipality Aristau
4222,Aristau,970,2017-09-30,Initial recording of the municipality Aristau
4222,Aristau,954,2016-09-30,Initial recording of the municipality Aristau
4222,Aristau,932,2015-09-30,Initial recording of the municipality Aristau
4222,Aristau,922,2014-09-30,Initial recording of the municipality Aristau
4222,Aristau,898,2013-09-30,Initial recording of the municipality Aristau
4222,Aristau,860,2012-09-30,Initial recording of the municipality Aristau
4222,Aristau,837,2011-09-30,Initial recording of the municipality Aristau
4222,Aristau,823,2010-09-30,Initial recording of the municipality Aristau
4222,Aristau,805,2009-09-30,Initial recording of the municipality Aristau
4222,Aristau,801,2008-09-30,Initial recording of the municipality Aristau
4222,Aristau,771,2007-09-30,Initial recording of the municipality Aristau
4222,Aristau,765,2006-09-30,Initial recording of the municipality Aristau
4222,Aristau,746,2005-09-30,Initial recording of the municipality Aristau
4222,Aristau,711,2004-09-30,Initial recording of the municipality Aristau
4222,Aristau,695,2003-09-30,Initial recording of the municipality Aristau
4222,Aristau,685,2002-09-30,Initial recording of the municipality Aristau
4222,Aristau,677,2001-09-30,Initial recording of the municipality Aristau
4222,Aristau,669,2000-09-30,Initial recording of the municipality Aristau
4222,Aristau,642,1999-09-30,Initial recording of the municipality Aristau
4222,Aristau,625,1998-09-30,Initial recording of the municipality Aristau
4222,Aristau,604,1997-09-30,Initial recording of the municipality Aristau
4222,Aristau,575,1996-09-30,Initial recording of the municipality Aristau
4222,Aristau,573,1995-09-30,Initial recording of the municipality Aristau
4222,Aristau,537,1994-09-30,Initial recording of the municipality Aristau
4222,Aristau,501,1993-09-30,Initial recording of the municipality Aristau
4222,Aristau,481,1992-09-30,Initial recording of the municipality Aristau
4222,Aristau,439,1991-09-30,Initial recording of the municipality Aristau
4222,Aristau,431,1990-09-30,Initial recording of the municipality Aristau
4222,Aristau,450,1989-09-30,Initial recording of the municipality Aristau
4222,Aristau,418,1988-09-30,Initial recording of the municipality Aristau
4222,Aristau,389,1987-09-30,Initial recording of the municipality Aristau
4222,Aristau,355,1986-09-30,Initial recording of the municipality Aristau
4222,Aristau,329,1985-09-30,Initial recording of the municipality Aristau
4222,Aristau,316,1984-09-30,Initial recording of the municipality Aristau
4222,Aristau,313,1983-09-30,Initial recording of the municipality Aristau
4222,Aristau,303,1982-09-30,Initial recording of the municipality Aristau
4222,Aristau,281,1981-09-30,Initial recording of the municipality Aristau
4222,Aristau,244,1980-09-30,Initial recording of the municipality Aristau
4222,Aristau,214,1979-09-30,Initial recording of the municipality Aristau
4222,Aristau,212,1978-09-30,Initial recording of the municipality Aristau
4222,Aristau,204,1977-09-30,Initial recording of the municipality Aristau
4222,Aristau,175,1976-09-30,Initial recording of the municipality Aristau
4061,Arni (AG),1164,2025-09-30,Separation of Arni-Islisberg into Arni (AG) and Islisberg
4061,Arni (AG),1163,2024-09-30,Separation of Arni-Islisberg into Arni (AG) and Islisberg
4061,Arni (AG),1109,2023-09-30,Separation of Arni-Islisberg into Arni (AG) and Islisberg
4061,Arni (AG),1118,2022-09-30,Separation of Arni-Islisberg into Arni (AG) and Islisberg
4061,Arni (AG),1104,2021-09-30,Separation of Arni-Islisberg into Arni (AG) and Islisberg
4061,Arni (AG),1096,2020-09-30,Separation of Arni-Islisberg into Arni (AG) and Islisberg
4061,Arni (AG),1105,2019-09-30,Separation of Arni-Islisberg into Arni (AG) and Islisberg
4061,Arni (AG),1107,2018-09-30,Separation of Arni-Islisberg into Arni (AG) and Islisberg
4061,Arni (AG),1122,2017-09-30,Separation of Arni-Islisberg into Arni (AG) and Islisberg
4061,Arni (AG),1066,2016-09-30,Separation of Arni-Islisberg into Arni (AG) and Islisberg
4061,Arni (AG),1061,2015-09-30,Separation of Arni-Islisberg into Arni (AG) and Islisberg
4061,Arni (AG),1058,2014-09-30,Separation of Arni-Islisberg into Arni (AG) and Islisberg
4061,Arni (AG),1059,2013-09-30,Separation of Arni-Islisberg into Arni (AG) and Islisberg
4061,Arni (AG),1038,2012-09-30,Separation of Arni-Islisberg into Arni (AG) and Islisberg
4061,Arni (AG),1028,2011-09-30,Separation of Arni-Islisberg into Arni (AG) and Islisberg
4061,Arni (AG),964,2010-09-30,Separation of Arni-Islisberg into Arni (AG) and Islisberg
4061,Arni (AG),1018,2009-09-30,Separation of Arni-Islisberg into Arni (AG) and Islisberg
4061,Arni (AG),996,2008-09-30,Separation of Arni-Islisberg into Arni (AG) and Islisberg
4061,Arni (AG),967,2007-09-30,Separation of Arni-Islisberg into Arni (AG) and Islisberg
4061,Arni (AG),912,2006-09-30,Separation of Arni-Islisberg into Arni (AG) and Islisberg
4061,Arni (AG),903,2005-09-30,Separation of Arni-Islisberg into Arni (AG) and Islisberg
4061,Arni (AG),871,2004-09-30,Separation of Arni-Islisberg into Arni (AG) and Islisberg
4061,Arni (AG),852,2003-09-30,Separation of Arni-Islisberg into Arni (AG) and Islisberg
4061,Arni (AG),773,2002-09-30,Separation of Arni-Islisberg into Arni (AG) and Islisberg
4061,Arni (AG),708,2001-09-30,Separation of Arni-Islisberg into Arni (AG) and Islisberg
4061,Arni (AG),693,2000-09-30,Separation of Arni-Islisberg into Arni (AG) and Islisberg
4061,Arni (AG),660,1999-09-30,Separation of Arni-Islisberg into Arni (AG) and Islisberg
4061,Arni (AG),642,1998-09-30,Separation of Arni-Islisberg into Arni (AG) and Islisberg
4061,Arni (AG),630,1997-09-30,Separation of Arni-Islisberg into Arni (AG) and Islisberg
4061,Arni (AG),606,1996-09-30,Separation of Arni-Islisberg into Arni (AG) and Islisberg
4061,Arni (AG),587,1995-09-30,Separation of Arni-Islisberg into Arni (AG) and Islisberg
4061,Arni (AG),582,1994-09-30,Separation of Arni-Islisberg into Arni (AG) and Islisberg
4061,Arni (AG),552,1993-09-30,Separation of Arni-Islisberg into Arni (AG) and Islisberg
4061,Arni (AG),551,1992-09-30,Separation of Arni-Islisberg into Arni (AG) and Islisberg
4061,Arni (AG),536,1991-09-30,Separation of Arni-Islisberg into Arni (AG) and Islisberg
4061,Arni (AG),497,1990-09-30,Separation of Arni-Islisberg into Arni (AG) and Islisberg
4061,Arni (AG),480,1989-09-30,Separation of Arni-Islisberg into Arni (AG) and Islisberg
4061,Arni (AG),451,1988-09-30,Separation of Arni-Islisberg into Arni (AG) and Islisberg
4061,Arni (AG),426,1987-09-30,Separation of Arni-Islisberg into Arni (AG) and Islisberg
4061,Arni (AG),412,1986-09-30,Separation of Arni-Islisberg into Arni (AG) and Islisberg
4061,Arni (AG),379,1985-09-30,Separation of Arni-Islisberg into Arni (AG) and Islisberg
4061,Arni (AG),370,1984-09-30,Separation of Arni-Islisberg into Arni (AG) and Islisberg
4061,Arni (AG),340,1983-09-30,Separation of Arni-Islisberg into Arni (AG) and Islisberg
4061,Arni (AG),389,1982-09-30,Initial recording of the municipality Arni-Islisberg
4061,Arni (AG),362,1981-09-30,Initial recording of the municipality Arni-Islisberg
4061,Arni (AG),345,1980-09-30,Initial recording of the municipality Arni-Islisberg
4061,Arni (AG),316,1979-09-30,Initial recording of the municipality Arni-Islisberg
4061,Arni (AG),293,1978-09-30,Initial recording of the municipality Arni-Islisberg
4061,Arni (AG),258,1977-09-30,Initial recording of the municipality Arni-Islisberg
4061,Arni (AG),271,1976-09-30,Initial recording of the municipality Arni-Islisberg
4272,Attelwil,216,2018-09-30,Initial recording of the municipality Attelwil
4272,Attelwil,207,2017-09-30,Initial recording of the municipality Attelwil
4272,Attelwil,205,2016-09-30,Initial recording of the municipality Attelwil
4272,Attelwil,203,2015-09-30,Initial recording of the municipality Attelwil
4272,Attelwil,199,2014-09-30,Initial recording of the municipality Attelwil
4272,Attelwil,202,2013-09-30,Initial recording of the municipality Attelwil
4272,Attelwil,196,2012-09-30,Initial recording of the municipality Attelwil
4272,Attelwil,199,2011-09-30,Initial recording of the municipality Attelwil
4272,Attelwil,201,2010-09-30,Initial recording of the municipality Attelwil
4272,Attelwil,195,2009-09-30,Initial recording of the municipality Attelwil
4272,Attelwil,200,2008-09-30,Initial recording of the municipality Attelwil
4272,Attelwil,184,2007-09-30,Initial recording of the municipality Attelwil
4272,Attelwil,190,2006-09-30,Initial recording of the municipality Attelwil
4272,Attelwil,193,2005-09-30,Initial recording of the municipality Attelwil
4272,Attelwil,175,2004-09-30,Initial recording of the municipality Attelwil
4272,Attelwil,173,2003-09-30,Initial recording of the municipality Attelwil
4272,Attelwil,166,2002-09-30,Initial recording of the municipality Attelwil
4272,Attelwil,165,2001-09-30,Initial recording of the municipality Attelwil
4272,Attelwil,160,2000-09-30,Initial recording of the municipality Attelwil
4272,Attelwil,148,1999-09-30,Initial recording of the municipality Attelwil
4272,Attelwil,145,1998-09-30,Initial recording of the municipality Attelwil
4272,Attelwil,141,1997-09-30,Initial recording of the municipality Attelwil
4272,Attelwil,141,1996-09-30,Initial recording of the municipality Attelwil
4272,Attelwil,146,1995-09-30,Initial recording of the municipality Attelwil
4272,Attelwil,144,1994-09-30,Initial recording of the municipality Attelwil
4272,Attelwil,134,1993-09-30,Initial recording of the municipality Attelwil
4272,Attelwil,131,1992-09-30,Initial recording of the municipality Attelwil
4272,Attelwil,135,1991-09-30,Initial recording of the municipality Attelwil
4272,Attelwil,127,1990-09-30,Initial recording of the municipality Attelwil
4272,Attelwil,134,1989-09-30,Initial recording of the municipality Attelwil
4272,Attelwil,124,1988-09-30,Initial recording of the municipality Attelwil
4272,Attelwil,112,1987-09-30,Initial recording of the municipality Attelwil
4272,Attelwil,120,1986-09-30,Initial recording of the municipality Attelwil
4272,Attelwil,121,1985-09-30,Initial recording of the municipality Attelwil
4272,Attelwil,120,1984-09-30,Initial recording of the municipality Attelwil
4272,Attelwil,116,1983-09-30,Initial recording of the municipality Attelwil
4272,Attelwil,114,1982-09-30,Initial recording of the municipality Attelwil
4272,Attelwil,112,1981-09-30,Initial recording of the municipality Attelwil
4272,Attelwil,104,1980-09-30,Initial recording of the municipality Attelwil
4272,Attelwil,98,1979-09-30,Initial recording of the municipality Attelwil
4272,Attelwil,99,1978-09-30,Initial recording of the municipality Attelwil
4272,Attelwil,86,1977-09-30,Initial recording of the municipality Attelwil
4272,Attelwil,65,1976-09-30,Initial recording of the municipality Attelwil
4091,Auenstein,1177,2025-09-30,Initial recording of the municipality Auenstein
4091,Auenstein,1191,2024-09-30,Initial recording of the municipality Auenstein
4091,Auenstein,1203,2023-09-30,Initial recording of the municipality Auenstein
4091,Auenstein,1168,2022-09-30,Initial recording of the municipality Auenstein
4091,Auenstein,1176,2021-09-30,Initial recording of the municipality Auenstein
4091,Auenstein,1157,2020-09-30,Initial recording of the municipality Auenstein
4091,Auenstein,1173,2019-09-30,Initial recording of the municipality Auenstein
4091,Auenstein,1133,2018-09-30,Initial recording of the municipality Auenstein
4091,Auenstein,1111,2017-09-30,Initial recording of the municipality Auenstein
4091,Auenstein,1112,2016-09-30,Initial recording of the municipality Auenstein
4091,Auenstein,1107,2015-09-30,Initial recording of the municipality Auenstein
4091,Auenstein,1115,2014-09-30,Initial recording of the municipality Auenstein
4091,Auenstein,1090,2013-09-30,Initial recording of the municipality Auenstein
4091,Auenstein,1075,2012-09-30,Initial recording of the municipality Auenstein
4091,Auenstein,1079,2011-09-30,Initial recording of the municipality Auenstein
4091,Auenstein,1104,2010-09-30,Initial recording of the municipality Auenstein
4091,Auenstein,1103,2009-09-30,Initial recording of the municipality Auenstein
4091,Auenstein,1057,2008-09-30,Initial recording of the municipality Auenstein
4091,Auenstein,1024,2007-09-30,Initial recording of the municipality Auenstein
4091,Auenstein,1002,2006-09-30,Initial recording of the municipality Auenstein
4091,Auenstein,998,2005-09-30,Initial recording of the municipality Auenstein
4091,Auenstein,969,2004-09-30,Initial recording of the municipality Auenstein
4091,Auenstein,947,2003-09-30,Initial recording of the municipality Auenstein
4091,Auenstein,931,2002-09-30,Initial recording of the municipality Auenstein
4091,Auenstein,897,2001-09-30,Initial recording of the municipality Auenstein
4091,Auenstein,899,2000-09-30,Initial recording of the municipality Auenstein
4091,Auenstein,871,1999-09-30,Initial recording of the municipality Auenstein
4091,Auenstein,839,1998-09-30,Initial recording of the municipality Auenstein
4091,Auenstein,804,1997-09-30,Initial recording of the municipality Auenstein
4091,Auenstein,801,1996-09-30,Initial recording of the municipality Auenstein
4091,Auenstein,770,1995-09-30,Initial recording of the municipality Auenstein
4091,Auenstein,745,1994-09-30,Initial recording of the municipality Auenstein
4091,Auenstein,751,1993-09-30,Initial recording of the municipality Auenstein
4091,Auenstein,719,1992-09-30,Initial recording of the municipality Auenstein
4091,Auenstein,700,1991-09-30,Initial recording of the municipality Auenstein
4091,Auenstein,694,1990-09-30,Initial recording of the municipality Auenstein
4091,Auenstein,650,1989-09-30,Initial recording of the municipality Auenstein
4091,Auenstein,638,1988-09-30,Initial recording of the municipality Auenstein
4091,Auenstein,620,1987-09-30,Initial recording of the municipality Auenstein
4091,Auenstein,603,1986-09-30,Initial recording of the municipality Auenstein
4091,Auenstein,575,1985-09-30,Initial recording of the municipality Auenstein
4091,Auenstein,564,1984-09-30,Initial recording of the municipality Auenstein
4091,Auenstein,558,1983-09-30,Initial recording of the municipality Auenstein
4091,Auenstein,534,1982-09-30,Initial recording of the municipality Auenstein
4091,Auenstein,535,1981-09-30,Initial recording of the municipality Auenstein
4091,Auenstein,510,1980-09-30,Initial recording of the municipality Auenstein
4091,Auenstein,485,1979-09-30,Initial recording of the municipality Auenstein
4091,Auenstein,450,1978-09-30,Initial recording of the municipality Auenstein
4091,Auenstein,440,1977-09-30,Initial recording of the municipality Auenstein
4091,Auenstein,397,1976-09-30,Initial recording of the municipality Auenstein
4223,Auw,1418,2025-09-30,Initial recording of the municipality Auw
4223,Auw,1374,2024-09-30,Initial recording of the municipality Auw
4223,Auw,1360,2023-09-30,Initial recording of the municipality Auw
4223,Auw,1364,2022-09-30,Initial recording of the municipality Auw
4223,Auw,1344,2021-09-30,Initial recording of the municipality Auw
4223,Auw,1283,2020-09-30,Initial recording of the municipality Auw
4223,Auw,1266,2019-09-30,Initial recording of the municipality Auw
4223,Auw,1235,2018-09-30,Initial recording of the municipality Auw
4223,Auw,1225,2017-09-30,Initial recording of the municipality Auw
4223,Auw,1189,2016-09-30,Initial recording of the municipality Auw
4223,Auw,1127,2015-09-30,Initial recording of the municipality Auw
4223,Auw,1091,2014-09-30,Initial recording of the municipality Auw
4223,Auw,1079,2013-09-30,Initial recording of the municipality Auw
4223,Auw,1033,2012-09-30,Initial recording of the municipality Auw
4223,Auw,1013,2011-09-30,Initial recording of the municipality Auw
4223,Auw,966,2010-09-30,Initial recording of the municipality Auw
4223,Auw,928,2009-09-30,Initial recording of the municipality Auw
4223,Auw,909,2008-09-30,Initial recording of the municipality Auw
4223,Auw,917,2007-09-30,Initial recording of the municipality Auw
4223,Auw,886,2006-09-30,Initial recording of the municipality Auw
4223,Auw,895,2005-09-30,Initial recording of the municipality Auw
4223,Auw,836,2004-09-30,Initial recording of the municipality Auw
4223,Auw,801,2003-09-30,Initial recording of the municipality Auw
4223,Auw,741,2002-09-30,Initial recording of the municipality Auw
4223,Auw,704,2001-09-30,Initial recording of the municipality Auw
4223,Auw,650,2000-09-30,Initial recording of the municipality Auw
4223,Auw,651,1999-09-30,Initial recording of the municipality Auw
4223,Auw,613,1998-09-30,Initial recording of the municipality Auw
4223,Auw,606,1997-09-30,Initial recording of the municipality Auw
4223,Auw,589,1996-09-30,Initial recording of the municipality Auw
4223,Auw,568,1995-09-30,Initial recording of the municipality Auw
4223,Auw,535,1994-09-30,Initial recording of the municipality Auw
4223,Auw,509,1993-09-30,Initial recording of the municipality Auw
4223,Auw,491,1992-09-30,Initial recording of the municipality Auw
4223,Auw,497,1991-09-30,Initial recording of the municipality Auw
4223,Auw,479,1990-09-30,Initial recording of the municipality Auw
4223,Auw,451,1989-09-30,Initial recording of the municipality Auw
4223,Auw,429,1988-09-30,Initial recording of the municipality Auw
4223,Auw,425,1987-09-30,Initial recording of the municipality Auw
4223,Auw,405,1986-09-30,Initial recording of the municipality Auw
4223,Auw,384,1985-09-30,Initial recording of the municipality Auw
4223,Auw,354,1984-09-30,Initial recording of the municipality Auw
4223,Auw,341,1983-09-30,Initial recording of the municipality Auw
4223,Auw,335,1982-09-30,Initial recording of the municipality Auw
4223,Auw,312,1981-09-30,Initial recording of the municipality Auw
4223,Auw,304,1980-09-30,Initial recording of the municipality Auw
4223,Auw,296,1979-09-30,Initial recording of the municipality Auw
4223,Auw,266,1978-09-30,Initial recording of the municipality Auw
4223,Auw,247,1977-09-30,Initial recording of the municipality Auw
4223,Auw,229,1976-09-30,Initial recording of the municipality Auw
4323,Bad Zurzach,2552,2021-09-30,Name change from Zurzach to Bad Zurzach
4323,Bad Zurzach,2586,2020-09-30,Name change from Zurzach to Bad Zurzach
4323,Bad Zurzach,2579,2019-09-30,Name change from Zurzach to Bad Zurzach
4323,Bad Zurzach,2551,2018-09-30,Name change from Zurzach to Bad Zurzach
4323,Bad Zurzach,2482,2017-09-30,Name change from Zurzach to Bad Zurzach
4323,Bad Zurzach,2468,2016-09-30,Name change from Zurzach to Bad Zurzach
4323,Bad Zurzach,2432,2015-09-30,Name change from Zurzach to Bad Zurzach
4323,Bad Zurzach,2394,2014-09-30,Name change from Zurzach to Bad Zurzach
4323,Bad Zurzach,2356,2013-09-30,Name change from Zurzach to Bad Zurzach
4323,Bad Zurzach,2332,2012-09-30,Name change from Zurzach to Bad Zurzach
4323,Bad Zurzach,2270,2011-09-30,Name change from Zurzach to Bad Zurzach
4323,Bad Zurzach,2224,2010-09-30,Name change from Zurzach to Bad Zurzach
4323,Bad Zurzach,2140,2009-09-30,Name change from Zurzach to Bad Zurzach
4323,Bad Zurzach,2106,2008-09-30,Name change from Zurzach to Bad Zurzach
4323,Bad Zurzach,2090,2007-09-30,Name change from Zurzach to Bad Zurzach
4323,Bad Zurzach,2084,2006-09-30,Initial recording of the municipality Zurzach
4323,Bad Zurzach,2093,2005-09-30,Initial recording of the municipality Zurzach
4323,Bad Zurzach,2064,2004-09-30,Initial recording of the municipality Zurzach
4323,Bad Zurzach,2019,2003-09-30,Initial recording of the municipality Zurzach
4323,Bad Zurzach,1981,2002-09-30,Initial recording of the municipality Zurzach
4323,Bad Zurzach,1916,2001-09-30,Initial recording of the municipality Zurzach
4323,Bad Zurzach,1889,2000-09-30,Initial recording of the municipality Zurzach
4323,Bad Zurzach,1824,1999-09-30,Initial recording of the municipality Zurzach
4323,Bad Zurzach,1768,1998-09-30,Initial recording of the municipality Zurzach
4323,Bad Zurzach,1748,1997-09-30,Initial recording of the municipality Zurzach
4323,Bad Zurzach,1737,1996-09-30,Initial recording of the municipality Zurzach
4323,Bad Zurzach,1713,1995-09-30,Initial recording of the municipality Zurzach
4323,Bad Zurzach,1725,1994-09-30,Initial recording of the municipality Zurzach
4323,Bad Zurzach,1729,1993-09-30,Initial recording of the municipality Zurzach
4323,Bad Zurzach,1674,1992-09-30,Initial recording of the municipality Zurzach
4323,Bad Zurzach,1698,1991-09-30,Initial recording of the municipality Zurzach
4323,Bad Zurzach,1606,1990-09-30,Initial recording of the municipality Zurzach
4323,Bad Zurzach,1529,1989-09-30,Initial recording of the municipality Zurzach
4323,Bad Zurzach,1448,1988-09-30,Initial recording of the municipality Zurzach
4323,Bad Zurzach,1380,1987-09-30,Initial recording of the municipality Zurzach
4323,Bad Zurzach,1320,1986-09-30,Initial recording of the municipality Zurzach
4323,Bad Zurzach,1258,1985-09-30,Initial recording of the municipality Zurzach
4323,Bad Zurzach,1203,1984-09-30,Initial recording of the municipality Zurzach
4323,Bad Zurzach,1176,1983-09-30,Initial recording of the municipality Zurzach
4323,Bad Zurzach,1138,1982-09-30,Initial recording of the municipality Zurzach
4323,Bad Zurzach,1079,1981-09-30,Initial recording of the municipality Zurzach
4323,Bad Zurzach,1044,1980-09-30,Initial recording of the municipality Zurzach
4323,Bad Zurzach,1001,1979-09-30,Initial recording of the municipality Zurzach
4323,Bad Zurzach,946,1978-09-30,Initial recording of the municipality Zurzach
4323,Bad Zurzach,886,1977-09-30,Initial recording of the municipality Zurzach
4323,Bad Zurzach,858,1976-09-30,Initial recording of the municipality Zurzach
4021,Baden,11619,2025-09-30,Incorporation of Turgi into Baden
4021,Baden,11534,2024-09-30,Incorporation of Turgi into Baden
4021,Baden,9979,2023-09-30,Incorporation of Dättwil into Baden
4021,Baden,9864,2022-09-30,Incorporation of Dättwil into Baden
4021,Baden,9899,2021-09-30,Incorporation of Dättwil into Baden
4021,Baden,9858,2020-09-30,Incorporation of Dättwil into Baden
4021,Baden,9775,2019-09-30,Incorporation of Dättwil into Baden
4021,Baden,9749,2018-09-30,Incorporation of Dättwil into Baden
4021,Baden,9886,2017-09-30,Incorporation of Dättwil into Baden
4021,Baden,9918,2016-09-30,Incorporation of Dättwil into Baden
4021,Baden,9894,2015-09-30,Incorporation of Dättwil into Baden
4021,Baden,9801,2014-09-30,Incorporation of Dättwil into Baden
4021,Baden,9783,2013-09-30,Incorporation of Dättwil into Baden
4021,Baden,9717,2012-09-30,Incorporation of Dättwil into Baden
4021,Baden,9541,2011-09-30,Incorporation of Dättwil into Baden
4021,Baden,9375,2010-09-30,Incorporation of Dättwil into Baden
4021,Baden,9235,2009-09-30,Incorporation of Dättwil into Baden
4021,Baden,9125,2008-09-30,Incorporation of Dättwil into Baden
4021,Baden,8965,2007-09-30,Incorporation of Dättwil into Baden
4021,Baden,8908,2006-09-30,Incorporation of Dättwil into Baden
4021,Baden,8707,2005-09-30,Incorporation of Dättwil into Baden
4021,Baden,8631,2004-09-30,Incorporation of Dättwil into Baden
4021,Baden,8643,2003-09-30,Incorporation of Dättwil into Baden
4021,Baden,8602,2002-09-30,Incorporation of Dättwil into Baden
4021,Baden,8493,2001-09-30,Incorporation of Dättwil into Baden
4021,Baden,8383,2000-09-30,Incorporation of Dättwil into Baden
4021,Baden,8189,1999-09-30,Incorporation of Dättwil into Baden
4021,Baden,7989,1998-09-30,Incorporation of Dättwil into Baden
4021,Baden,7708,1997-09-30,Incorporation of Dättwil into Baden
4021,Baden,7603,1996-09-30,Incorporation of Dättwil into Baden
4021,Baden,7356,1995-09-30,Incorporation of Dättwil into Baden
4021,Baden,7239,1994-09-30,Incorporation of Dättwil into Baden
4021,Baden,7148,1993-09-30,Incorporation of Dättwil into Baden
4021,Baden,7061,1992-09-30,Incorporation of Dättwil into Baden
4021,Baden,7047,1991-09-30,Incorporation of Dättwil into Baden
4021,Baden,6867,1990-09-30,Incorporation of Dättwil into Baden
4021,Baden,6601,1989-09-30,Incorporation of Dättwil into Baden
4021,Baden,6308,1988-09-30,Incorporation of Dättwil into Baden
4021,Baden,6022,1987-09-30,Incorporation of Dättwil into Baden
4021,Baden,5925,1986-09-30,Incorporation of Dättwil into Baden
4021,Baden,5728,1985-09-30,Incorporation of Dättwil into Baden
4021,Baden,5586,1984-09-30,Incorporation of Dättwil into Baden
4021,Baden,5443,1983-09-30,Incorporation of Dättwil into Baden
4021,Baden,5261,1982-09-30,Incorporation of Dättwil into Baden
4021,Baden,5105,1981-09-30,Incorporation of Dättwil into Baden
4021,Baden,4912,1980-09-30,Incorporation of Dättwil into Baden
4021,Baden,4648,1979-09-30,Incorporation of Dättwil into Baden
4021,Baden,4458,1978-09-30,Incorporation of Dättwil into Baden
4021,Baden,4292,1977-09-30,Incorporation of Dättwil into Baden
4021,Baden,4364,1976-09-30,Incorporation of Dättwil into Baden
4301,Baldingen,197,2021-09-30,Initial recording of the municipality Baldingen
4301,Baldingen,200,2020-09-30,Initial recording of the municipality Baldingen
4301,Baldingen,198,2019-09-30,Initial recording of the municipality Baldingen
4301,Baldingen,210,2018-09-30,Initial recording of the municipality Baldingen
4301,Baldingen,211,2017-09-30,Initial recording of the municipality Baldingen
4301,Baldingen,212,2016-09-30,Initial recording of the municipality Baldingen
4301,Baldingen,214,2015-09-30,Initial recording of the municipality Baldingen
4301,Baldingen,207,2014-09-30,Initial recording of the municipality Baldingen
4301,Baldingen,210,2013-09-30,Initial recording of the municipality Baldingen
4301,Baldingen,208,2012-09-30,Initial recording of the municipality Baldingen
4301,Baldingen,194,2011-09-30,Initial recording of the municipality Baldingen
4301,Baldingen,182,2010-09-30,Initial recording of the municipality Baldingen
4301,Baldingen,171,2009-09-30,Initial recording of the municipality Baldingen
4301,Baldingen,169,2008-09-30,Initial recording of the municipality Baldingen
4301,Baldingen,152,2007-09-30,Initial recording of the municipality Baldingen
4301,Baldingen,151,2006-09-30,Initial recording of the municipality Baldingen
4301,Baldingen,144,2005-09-30,Initial recording of the municipality Baldingen
4301,Baldingen,150,2004-09-30,Initial recording of the municipality Baldingen
4301,Baldingen,134,2003-09-30,Initial recording of the municipality Baldingen
4301,Baldingen,134,2002-09-30,Initial recording of the municipality Baldingen
4301,Baldingen,130,2001-09-30,Initial recording of the municipality Baldingen
4301,Baldingen,127,2000-09-30,Initial recording of the municipality Baldingen
4301,Baldingen,133,1999-09-30,Initial recording of the municipality Baldingen
4301,Baldingen,133,1998-09-30,Initial recording of the municipality Baldingen
4301,Baldingen,134,1997-09-30,Initial recording of the municipality Baldingen
4301,Baldingen,133,1996-09-30,Initial recording of the municipality Baldingen
4301,Baldingen,135,1995-09-30,Initial recording of the municipality Baldingen
4301,Baldingen,127,1994-09-30,Initial recording of the municipality Baldingen
4301,Baldingen,119,1993-09-30,Initial recording of the municipality Baldingen
4301,Baldingen,127,1992-09-30,Initial recording of the municipality Baldingen
4301,Baldingen,120,1991-09-30,Initial recording of the municipality Baldingen
4301,Baldingen,106,1990-09-30,Initial recording of the municipality Baldingen
4301,Baldingen,107,1989-09-30,Initial recording of the municipality Baldingen
4301,Baldingen,109,1988-09-30,Initial recording of the municipality Baldingen
4301,Baldingen,111,1987-09-30,Initial recording of the municipality Baldingen
4301,Baldingen,108,1986-09-30,Initial recording of the municipality Baldingen
4301,Baldingen,96,1985-09-30,Initial recording of the municipality Baldingen
4301,Baldingen,79,1984-09-30,Initial recording of the municipality Baldingen
4301,Baldingen,71,1983-09-30,Initial recording of the municipality Baldingen
4301,Baldingen,66,1982-09-30,Initial recording of the municipality Baldingen
4301,Baldingen,55,1981-09-30,Initial recording of the municipality Baldingen
4301,Baldingen,52,1980-09-30,Initial recording of the municipality Baldingen
4301,Baldingen,62,1979-09-30,Initial recording of the municipality Baldingen
4301,Baldingen,56,1978-09-30,Initial recording of the municipality Baldingen
4301,Baldingen,55,1977-09-30,Initial recording of the municipality Baldingen
4301,Baldingen,49,1976-09-30,Initial recording of the municipality Baldingen
4224,Beinwil (Freiamt),821,2025-09-30,Initial recording of the municipality Beinwil (Freiamt)
4224,Beinwil (Freiamt),839,2024-09-30,Initial recording of the municipality Beinwil (Freiamt)
4224,Beinwil (Freiamt),831,2023-09-30,Initial recording of the municipality Beinwil (Freiamt)
4224,Beinwil (Freiamt),810,2022-09-30,Initial recording of the municipality Beinwil (Freiamt)
4224,Beinwil (Freiamt),778,2021-09-30,Initial recording of the municipality Beinwil (Freiamt)
4224,Beinwil (Freiamt),780,2020-09-30,Initial recording of the municipality Beinwil (Freiamt)
4224,Beinwil (Freiamt),786,2019-09-30,Initial recording of the municipality Beinwil (Freiamt)
4224,Beinwil (Freiamt),761,2018-09-30,Initial recording of the municipality Beinwil (Freiamt)
4224,Beinwil (Freiamt),742,2017-09-30,Initial recording of the municipality Beinwil (Freiamt)
4224,Beinwil (Freiamt),710,2016-09-30,Initial recording of the municipality Beinwil (Freiamt)
4224,Beinwil (Freiamt),740,2015-09-30,Initial recording of the municipality Beinwil (Freiamt)
4224,Beinwil (Freiamt),714,2014-09-30,Initial recording of the municipality Beinwil (Freiamt)
4224,Beinwil (Freiamt),671,2013-09-30,Initial recording of the municipality Beinwil (Freiamt)
4224,Beinwil (Freiamt),660,2012-09-30,Initial recording of the municipality Beinwil (Freiamt)
4224,Beinwil (Freiamt),659,2011-09-30,Initial recording of the municipality Beinwil (Freiamt)
4224,Beinwil (Freiamt),642,2010-09-30,Initial recording of the municipality Beinwil (Freiamt)
4224,Beinwil (Freiamt),667,2009-09-30,Initial recording of the municipality Beinwil (Freiamt)
4224,Beinwil (Freiamt),654,2008-09-30,Initial recording of the municipality Beinwil (Freiamt)
4224,Beinwil (Freiamt),624,2007-09-30,Initial recording of the municipality Beinwil (Freiamt)
4224,Beinwil (Freiamt),592,2006-09-30,Initial recording of the municipality Beinwil (Freiamt)
4224,Beinwil (Freiamt),575,2005-09-30,Initial recording of the municipality Beinwil (Freiamt)
4224,Beinwil (Freiamt),577,2004-09-30,Initial recording of the municipality Beinwil (Freiamt)
4224,Beinwil (Freiamt),554,2003-09-30,Initial recording of the municipality Beinwil (Freiamt)
4224,Beinwil (Freiamt),526,2002-09-30,Initial recording of the municipality Beinwil (Freiamt)
4224,Beinwil (Freiamt),524,2001-09-30,Initial recording of the municipality Beinwil (Freiamt)
4224,Beinwil (Freiamt),515,2000-09-30,Initial recording of the municipality Beinwil (Freiamt)
4224,Beinwil (Freiamt),488,1999-09-30,Initial recording of the municipality Beinwil (Freiamt)
4224,Beinwil (Freiamt),474,1998-09-30,Initial recording of the municipality Beinwil (Freiamt)
4224,Beinwil (Freiamt),474,1997-09-30,Initial recording of the municipality Beinwil (Freiamt)
4224,Beinwil (Freiamt),460,1996-09-30,Initial recording of the municipality Beinwil (Freiamt)
4224,Beinwil (Freiamt),444,1995-09-30,Initial recording of the municipality Beinwil (Freiamt)
4224,Beinwil (Freiamt),432,1994-09-30,Initial recording of the municipality Beinwil (Freiamt)
4224,Beinwil (Freiamt),416,1993-09-30,Initial recording of the municipality Beinwil (Freiamt)
4224,Beinwil (Freiamt),408,1992-09-30,Initial recording of the municipality Beinwil (Freiamt)
4224,Beinwil (Freiamt),387,1991-09-30,Initial recording of the municipality Beinwil (Freiamt)
4224,Beinwil (Freiamt),363,1990-09-30,Initial recording of the municipality Beinwil (Freiamt)
4224,Beinwil (Freiamt),346,1989-09-30,Initial recording of the municipality Beinwil (Freiamt)
4224,Beinwil (Freiamt),338,1988-09-30,Initial recording of the municipality Beinwil (Freiamt)
4224,Beinwil (Freiamt),328,1987-09-30,Initial recording of the municipality Beinwil (Freiamt)
4224,Beinwil (Freiamt),310,1986-09-30,Initial recording of the municipality Beinwil (Freiamt)
4224,Beinwil (Freiamt),294,1985-09-30,Initial recording of the municipality Beinwil (Freiamt)
4224,Beinwil (Freiamt),285,1984-09-30,Initial recording of the municipality Beinwil (Freiamt)
4224,Beinwil (Freiamt),271,1983-09-30,Initial recording of the municipality Beinwil (Freiamt)
4224,Beinwil (Freiamt),266,1982-09-30,Initial recording of the municipality Beinwil (Freiamt)
4224,Beinwil (Freiamt),266,1981-09-30,Initial recording of the municipality Beinwil (Freiamt)
4224,Beinwil (Freiamt),250,1980-09-30,Initial recording of the municipality Beinwil (Freiamt)
4224,Beinwil (Freiamt),249,1979-09-30,Initial recording of the municipality Beinwil (Freiamt)
4224,Beinwil (Freiamt),261,1978-09-30,Initial recording of the municipality Beinwil (Freiamt)
4224,Beinwil (Freiamt),251,1977-09-30,Initial recording of the municipality Beinwil (Freiamt)
4224,Beinwil (Freiamt),231,1976-09-30,Initial recording of the municipality Beinwil (Freiamt)
4131,Beinwil am See,2455,2025-09-30,Initial recording of the municipality Beinwil am See
4131,Beinwil am See,2380,2024-09-30,Initial recording of the municipality Beinwil am See
4131,Beinwil am See,2333,2023-09-30,Initial recording of the municipality Beinwil am See
4131,Beinwil am See,2275,2022-09-30,Initial recording of the municipality Beinwil am See
4131,Beinwil am See,2245,2021-09-30,Initial recording of the municipality Beinwil am See
4131,Beinwil am See,2238,2020-09-30,Initial recording of the municipality Beinwil am See
4131,Beinwil am See,2187,2019-09-30,Initial recording of the municipality Beinwil am See
4131,Beinwil am See,2075,2018-09-30,Initial recording of the municipality Beinwil am See
4131,Beinwil am See,1995,2017-09-30,Initial recording of the municipality Beinwil am See
4131,Beinwil am See,1950,2016-09-30,Initial recording of the municipality Beinwil am See
4131,Beinwil am See,1900,2015-09-30,Initial recording of the municipality Beinwil am See
4131,Beinwil am See,1866,2014-09-30,Initial recording of the municipality Beinwil am See
4131,Beinwil am See,1816,2013-09-30,Initial recording of the municipality Beinwil am See
4131,Beinwil am See,1798,2012-09-30,Initial recording of the municipality Beinwil am See
4131,Beinwil am See,1725,2011-09-30,Initial recording of the municipality Beinwil am See
4131,Beinwil am See,1685,2010-09-30,Initial recording of the municipality Beinwil am See
4131,Beinwil am See,1634,2009-09-30,Initial recording of the municipality Beinwil am See
4131,Beinwil am See,1598,2008-09-30,Initial recording of the municipality Beinwil am See
4131,Beinwil am See,1593,2007-09-30,Initial recording of the municipality Beinwil am See
4131,Beinwil am See,1559,2006-09-30,Initial recording of the municipality Beinwil am See
4131,Beinwil am See,1519,2005-09-30,Initial recording of the municipality Beinwil am See
4131,Beinwil am See,1449,2004-09-30,Initial recording of the municipality Beinwil am See
4131,Beinwil am See,1440,2003-09-30,Initial recording of the municipality Beinwil am See
4131,Beinwil am See,1440,2002-09-30,Initial recording of the municipality Beinwil am See
4131,Beinwil am See,1386,2001-09-30,Initial recording of the municipality Beinwil am See
4131,Beinwil am See,1358,2000-09-30,Initial recording of the municipality Beinwil am See
4131,Beinwil am See,1312,1999-09-30,Initial recording of the municipality Beinwil am See
4131,Beinwil am See,1282,1998-09-30,Initial recording of the municipality Beinwil am See
4131,Beinwil am See,1262,1997-09-30,Initial recording of the municipality Beinwil am See
4131,Beinwil am See,1247,1996-09-30,Initial recording of the municipality Beinwil am See
4131,Beinwil am See,1231,1995-09-30,Initial recording of the municipality Beinwil am See
4131,Beinwil am See,1181,1994-09-30,Initial recording of the municipality Beinwil am See
4131,Beinwil am See,1131,1993-09-30,Initial recording of the municipality Beinwil am See
4131,Beinwil am See,1133,1992-09-30,Initial recording of the municipality Beinwil am See
4131,Beinwil am See,1134,1991-09-30,Initial recording of the municipality Beinwil am See
4131,Beinwil am See,1105,1990-09-30,Initial recording of the municipality Beinwil am See
4131,Beinwil am See,1078,1989-09-30,Initial recording of the municipality Beinwil am See
4131,Beinwil am See,1073,1988-09-30,Initial recording of the municipality Beinwil am See
4131,Beinwil am See,1017,1987-09-30,Initial recording of the municipality Beinwil am See
4131,Beinwil am See,994,1986-09-30,Initial recording of the municipality Beinwil am See
4131,Beinwil am See,953,1985-09-30,Initial recording of the municipality Beinwil am See
4131,Beinwil am See,914,1984-09-30,Initial recording of the municipality Beinwil am See
4131,Beinwil am See,901,1983-09-30,Initial recording of the municipality Beinwil am See
4131,Beinwil am See,858,1982-09-30,Initial recording of the municipality Beinwil am See
4131,Beinwil am See,850,1981-09-30,Initial recording of the municipality Beinwil am See
4131,Beinwil am See,805,1980-09-30,Initial recording of the municipality Beinwil am See
4131,Beinwil am See,755,1979-09-30,Initial recording of the municipality Beinwil am See
4131,Beinwil am See,734,1978-09-30,Initial recording of the municipality Beinwil am See
4131,Beinwil am See,726,1977-09-30,Initial recording of the municipality Beinwil am See
4131,Beinwil am See,676,1976-09-30,Initial recording of the municipality Beinwil am See
4022,Bellikon,1063,2025-09-30,Initial recording of the municipality Bellikon
4022,Bellikon,1073,2024-09-30,Initial recording of the municipality Bellikon
4022,Bellikon,1049,2023-09-30,Initial recording of the municipality Bellikon
4022,Bellikon,1063,2022-09-30,Initial recording of the municipality Bellikon
4022,Bellikon,1054,2021-09-30,Initial recording of the municipality Bellikon
4022,Bellikon,1042,2020-09-30,Initial recording of the municipality Bellikon
4022,Bellikon,1059,2019-09-30,Initial recording of the municipality Bellikon
4022,Bellikon,1069,2018-09-30,Initial recording of the municipality Bellikon
4022,Bellikon,1036,2017-09-30,Initial recording of the municipality Bellikon
4022,Bellikon,1040,2016-09-30,Initial recording of the municipality Bellikon
4022,Bellikon,1037,2015-09-30,Initial recording of the municipality Bellikon
4022,Bellikon,1019,2014-09-30,Initial recording of the municipality Bellikon
4022,Bellikon,1020,2013-09-30,Initial recording of the municipality Bellikon
4022,Bellikon,1018,2012-09-30,Initial recording of the municipality Bellikon
4022,Bellikon,1025,2011-09-30,Initial recording of the municipality Bellikon
4022,Bellikon,976,2010-09-30,Initial recording of the municipality Bellikon
4022,Bellikon,942,2009-09-30,Initial recording of the municipality Bellikon
4022,Bellikon,931,2008-09-30,Initial recording of the municipality Bellikon
4022,Bellikon,904,2007-09-30,Initial recording of the municipality Bellikon
4022,Bellikon,908,2006-09-30,Initial recording of the municipality Bellikon
4022,Bellikon,890,2005-09-30,Initial recording of the municipality Bellikon
4022,Bellikon,875,2004-09-30,Initial recording of the municipality Bellikon
4022,Bellikon,818,2003-09-30,Initial recording of the municipality Bellikon
4022,Bellikon,778,2002-09-30,Initial recording of the municipality Bellikon
4022,Bellikon,779,2001-09-30,Initial recording of the municipality Bellikon
4022,Bellikon,763,2000-09-30,Initial recording of the municipality Bellikon
4022,Bellikon,741,1999-09-30,Initial recording of the municipality Bellikon
4022,Bellikon,736,1998-09-30,Initial recording of the municipality Bellikon
4022,Bellikon,717,1997-09-30,Initial recording of the municipality Bellikon
4022,Bellikon,707,1996-09-30,Initial recording of the municipality Bellikon
4022,Bellikon,677,1995-09-30,Initial recording of the municipality Bellikon
4022,Bellikon,631,1994-09-30,Initial recording of the municipality Bellikon
4022,Bellikon,591,1993-09-30,Initial recording of the municipality Bellikon
4022,Bellikon,569,1992-09-30,Initial recording of the municipality Bellikon
4022,Bellikon,547,1991-09-30,Initial recording of the municipality Bellikon
4022,Bellikon,546,1990-09-30,Initial recording of the municipality Bellikon
4022,Bellikon,520,1989-09-30,Initial recording of the municipality Bellikon
4022,Bellikon,500,1988-09-30,Initial recording of the municipality Bellikon
4022,Bellikon,477,1987-09-30,Initial recording of the municipality Bellikon
4022,Bellikon,492,1986-09-30,Initial recording of the municipality Bellikon
4022,Bellikon,467,1985-09-30,Initial recording of the municipality Bellikon
4022,Bellikon,465,1984-09-30,Initial recording of the municipality Bellikon
4022,Bellikon,451,1983-09-30,Initial recording of the municipality Bellikon
4022,Bellikon,430,1982-09-30,Initial recording of the municipality Bellikon
4022,Bellikon,405,1981-09-30,Initial recording of the municipality Bellikon
4022,Bellikon,403,1980-09-30,Initial recording of the municipality Bellikon
4022,Bellikon,390,1979-09-30,Initial recording of the municipality Bellikon
4022,Bellikon,358,1978-09-30,Initial recording of the municipality Bellikon
4022,Bellikon,311,1977-09-30,Initial recording of the municipality Bellikon
4022,Bellikon,287,1976-09-30,Initial recording of the municipality Bellikon
4225,Benzenschwil,321,2011-09-30,Initial recording of the municipality Benzenschwil
4225,Benzenschwil,302,2010-09-30,Initial recording of the municipality Benzenschwil
4225,Benzenschwil,292,2009-09-30,Initial recording of the municipality Benzenschwil
4225,Benzenschwil,283,2008-09-30,Initial recording of the municipality Benzenschwil
4225,Benzenschwil,278,2007-09-30,Initial recording of the municipality Benzenschwil
4225,Benzenschwil,271,2006-09-30,Initial recording of the municipality Benzenschwil
4225,Benzenschwil,266,2005-09-30,Initial recording of the municipality Benzenschwil
4225,Benzenschwil,268,2004-09-30,Initial recording of the municipality Benzenschwil
4225,Benzenschwil,266,2003-09-30,Initial recording of the municipality Benzenschwil
4225,Benzenschwil,258,2002-09-30,Initial recording of the municipality Benzenschwil
4225,Benzenschwil,261,2001-09-30,Initial recording of the municipality Benzenschwil
4225,Benzenschwil,258,2000-09-30,Initial recording of the municipality Benzenschwil
4225,Benzenschwil,245,1999-09-30,Initial recording of the municipality Benzenschwil
4225,Benzenschwil,242,1998-09-30,Initial recording of the municipality Benzenschwil
4225,Benzenschwil,227,1997-09-30,Initial recording of the municipality Benzenschwil
4225,Benzenschwil,226,1996-09-30,Initial recording of the municipality Benzenschwil
4225,Benzenschwil,230,1995-09-30,Initial recording of the municipality Benzenschwil
4225,Benzenschwil,220,1994-09-30,Initial recording of the municipality Benzenschwil
4225,Benzenschwil,213,1993-09-30,Initial recording of the municipality Benzenschwil
4225,Benzenschwil,210,1992-09-30,Initial recording of the municipality Benzenschwil
4225,Benzenschwil,212,1991-09-30,Initial recording of the municipality Benzenschwil
4225,Benzenschwil,200,1990-09-30,Initial recording of the municipality Benzenschwil
4225,Benzenschwil,182,1989-09-30,Initial recording of the municipality Benzenschwil
4225,Benzenschwil,168,1988-09-30,Initial recording of the municipality Benzenschwil
4225,Benzenschwil,163,1987-09-30,Initial recording of the municipality Benzenschwil
4225,Benzenschwil,163,1986-09-30,Initial recording of the municipality Benzenschwil
4225,Benzenschwil,167,1985-09-30,Initial recording of the municipality Benzenschwil
4225,Benzenschwil,161,1984-09-30,Initial recording of the municipality Benzenschwil
4225,Benzenschwil,155,1983-09-30,Initial recording of the municipality Benzenschwil
4225,Benzenschwil,157,1982-09-30,Initial recording of the municipality Benzenschwil
4225,Benzenschwil,140,1981-09-30,Initial recording of the municipality Benzenschwil
4225,Benzenschwil,135,1980-09-30,Initial recording of the municipality Benzenschwil
4225,Benzenschwil,138,1979-09-30,Initial recording of the municipality Benzenschwil
4225,Benzenschwil,121,1978-09-30,Initial recording of the municipality Benzenschwil
4225,Benzenschwil,108,1977-09-30,Initial recording of the municipality Benzenschwil
4225,Benzenschwil,92,1976-09-30,Initial recording of the municipality Benzenschwil
4023,Bergdietikon,1704,2025-09-30,Initial recording of the municipality Bergdietikon
4023,Bergdietikon,1714,2024-09-30,Initial recording of the municipality Bergdietikon
4023,Bergdietikon,1718,2023-09-30,Initial recording of the municipality Bergdietikon
4023,Bergdietikon,1721,2022-09-30,Initial recording of the municipality Bergdietikon
4023,Bergdietikon,1738,2021-09-30,Initial recording of the municipality Bergdietikon
4023,Bergdietikon,1711,2020-09-30,Initial recording of the municipality Bergdietikon
4023,Bergdietikon,1706,2019-09-30,Initial recording of the municipality Bergdietikon
4023,Bergdietikon,1727,2018-09-30,Initial recording of the municipality Bergdietikon
4023,Bergdietikon,1718,2017-09-30,Initial recording of the municipality Bergdietikon
4023,Bergdietikon,1684,2016-09-30,Initial recording of the municipality Bergdietikon
4023,Bergdietikon,1661,2015-09-30,Initial recording of the municipality Bergdietikon
4023,Bergdietikon,1646,2014-09-30,Initial recording of the municipality Bergdietikon
4023,Bergdietikon,1531,2013-09-30,Initial recording of the municipality Bergdietikon
4023,Bergdietikon,1514,2012-09-30,Initial recording of the municipality Bergdietikon
4023,Bergdietikon,1505,2011-09-30,Initial recording of the municipality Bergdietikon
4023,Bergdietikon,1485,2010-09-30,Initial recording of the municipality Bergdietikon
4023,Bergdietikon,1474,2009-09-30,Initial recording of the municipality Bergdietikon
4023,Bergdietikon,1436,2008-09-30,Initial recording of the municipality Bergdietikon
4023,Bergdietikon,1392,2007-09-30,Initial recording of the municipality Bergdietikon
4023,Bergdietikon,1409,2006-09-30,Initial recording of the municipality Bergdietikon
4023,Bergdietikon,1433,2005-09-30,Initial recording of the municipality Bergdietikon
4023,Bergdietikon,1427,2004-09-30,Initial recording of the municipality Bergdietikon
4023,Bergdietikon,1395,2003-09-30,Initial recording of the municipality Bergdietikon
4023,Bergdietikon,1407,2002-09-30,Initial recording of the municipality Bergdietikon
4023,Bergdietikon,1414,2001-09-30,Initial recording of the municipality Bergdietikon
4023,Bergdietikon,1404,2000-09-30,Initial recording of the municipality Bergdietikon
4023,Bergdietikon,1384,1999-09-30,Initial recording of the municipality Bergdietikon
4023,Bergdietikon,1349,1998-09-30,Initial recording of the municipality Bergdietikon
4023,Bergdietikon,1296,1997-09-30,Initial recording of the municipality Bergdietikon
4023,Bergdietikon,1288,1996-09-30,Initial recording of the municipality Bergdietikon
4023,Bergdietikon,1303,1995-09-30,Initial recording of the municipality Bergdietikon
4023,Bergdietikon,1267,1994-09-30,Initial recording of the municipality Bergdietikon
4023,Bergdietikon,1248,1993-09-30,Initial recording of the municipality Bergdietikon
4023,Bergdietikon,1206,1992-09-30,Initial recording of the municipality Bergdietikon
4023,Bergdietikon,1212,1991-09-30,Initial recording of the municipality Bergdietikon
4023,Bergdietikon,1171,1990-09-30,Initial recording of the municipality Bergdietikon
4023,Bergdietikon,1144,1989-09-30,Initial recording of the municipality Bergdietikon
4023,Bergdietikon,1111,1988-09-30,Initial recording of the municipality Bergdietikon
4023,Bergdietikon,1071,1987-09-30,Initial recording of the municipality Bergdietikon
4023,Bergdietikon,1028,1986-09-30,Initial recording of the municipality Bergdietikon
4023,Bergdietikon,1010,1985-09-30,Initial recording of the municipality Bergdietikon
4023,Bergdietikon,994,1984-09-30,Initial recording of the municipality Bergdietikon
4023,Bergdietikon,952,1983-09-30,Initial recording of the municipality Bergdietikon
4023,Bergdietikon,882,1982-09-30,Initial recording of the municipality Bergdietikon
4023,Bergdietikon,810,1981-09-30,Initial recording of the municipality Bergdietikon
4023,Bergdietikon,752,1980-09-30,Initial recording of the municipality Bergdietikon
4023,Bergdietikon,676,1979-09-30,Initial recording of the municipality Bergdietikon
4023,Bergdietikon,620,1978-09-30,Initial recording of the municipality Bergdietikon
4023,Bergdietikon,548,1977-09-30,Initial recording of the municipality Bergdietikon
4023,Bergdietikon,500,1976-09-30,Initial recording of the municipality Bergdietikon
4062,Berikon,2769,2025-09-30,Initial recording of the municipality Berikon
4062,Berikon,2767,2024-09-30,Initial recording of the municipality Berikon
4062,Berikon,2718,2023-09-30,Initial recording of the municipality Berikon
4062,Berikon,2709,2022-09-30,Initial recording of the municipality Berikon
4062,Berikon,2749,2021-09-30,Initial recording of the municipality Berikon
4062,Berikon,2711,2020-09-30,Initial recording of the municipality Berikon
4062,Berikon,2732,2019-09-30,Initial recording of the municipality Berikon
4062,Berikon,2736,2018-09-30,Initial recording of the municipality Berikon
4062,Berikon,2689,2017-09-30,Initial recording of the municipality Berikon
4062,Berikon,2692,2016-09-30,Initial recording of the municipality Berikon
4062,Berikon,2671,2015-09-30,Initial recording of the municipality Berikon
4062,Berikon,2623,2014-09-30,Initial recording of the municipality Berikon
4062,Berikon,2622,2013-09-30,Initial recording of the municipality Berikon
4062,Berikon,2616,2012-09-30,Initial recording of the municipality Berikon
4062,Berikon,2647,2011-09-30,Initial recording of the municipality Berikon
4062,Berikon,2622,2010-09-30,Initial recording of the municipality Berikon
4062,Berikon,2620,2009-09-30,Initial recording of the municipality Berikon
4062,Berikon,2553,2008-09-30,Initial recording of the municipality Berikon
4062,Berikon,2537,2007-09-30,Initial recording of the municipality Berikon
4062,Berikon,2535,2006-09-30,Initial recording of the municipality Berikon
4062,Berikon,2548,2005-09-30,Initial recording of the municipality Berikon
4062,Berikon,2577,2004-09-30,Initial recording of the municipality Berikon
4062,Berikon,2522,2003-09-30,Initial recording of the municipality Berikon
4062,Berikon,2494,2002-09-30,Initial recording of the municipality Berikon
4062,Berikon,2509,2001-09-30,Initial recording of the municipality Berikon
4062,Berikon,2492,2000-09-30,Initial recording of the municipality Berikon
4062,Berikon,2401,1999-09-30,Initial recording of the municipality Berikon
4062,Berikon,2374,1998-09-30,Initial recording of the municipality Berikon
4062,Berikon,2332,1997-09-30,Initial recording of the municipality Berikon
4062,Berikon,2226,1996-09-30,Initial recording of the municipality Berikon
4062,Berikon,2165,1995-09-30,Initial recording of the municipality Berikon
4062,Berikon,2085,1994-09-30,Initial recording of the municipality Berikon
4062,Berikon,1944,1993-09-30,Initial recording of the municipality Berikon
4062,Berikon,1946,1992-09-30,Initial recording of the municipality Berikon
4062,Berikon,1930,1991-09-30,Initial recording of the municipality Berikon
4062,Berikon,1936,1990-09-30,Initial recording of the municipality Berikon
4062,Berikon,1856,1989-09-30,Initial recording of the municipality Berikon
4062,Berikon,1784,1988-09-30,Initial recording of the municipality Berikon
4062,Berikon,1691,1987-09-30,Initial recording of the municipality Berikon
4062,Berikon,1543,1986-09-30,Initial recording of the municipality Berikon
4062,Berikon,1419,1985-09-30,Initial recording of the municipality Berikon
4062,Berikon,1300,1984-09-30,Initial recording of the municipality Berikon
4062,Berikon,1189,1983-09-30,Initial recording of the municipality Berikon
4062,Berikon,1087,1982-09-30,Initial recording of the municipality Berikon
4062,Berikon,986,1981-09-30,Initial recording of the municipality Berikon
4062,Berikon,919,1980-09-30,Initial recording of the municipality Berikon
4062,Berikon,832,1979-09-30,Initial recording of the municipality Berikon
4062,Berikon,746,1978-09-30,Initial recording of the municipality Berikon
4062,Berikon,689,1977-09-30,Initial recording of the municipality Berikon
4062,Berikon,691,1976-09-30,Initial recording of the municipality Berikon
4226,Besenbüren,481,2025-09-30,Initial recording of the municipality Besenbüren
4226,Besenbüren,435,2024-09-30,Initial recording of the municipality Besenbüren
4226,Besenbüren,440,2023-09-30,Initial recording of the municipality Besenbüren
4226,Besenbüren,442,2022-09-30,Initial recording of the municipality Besenbüren
4226,Besenbüren,444,2021-09-30,Initial recording of the municipality Besenbüren
4226,Besenbüren,438,2020-09-30,Initial recording of the municipality Besenbüren
4226,Besenbüren,440,2019-09-30,Initial recording of the municipality Besenbüren
4226,Besenbüren,432,2018-09-30,Initial recording of the municipality Besenbüren
4226,Besenbüren,413,2017-09-30,Initial recording of the municipality Besenbüren
4226,Besenbüren,420,2016-09-30,Initial recording of the municipality Besenbüren
4226,Besenbüren,396,2015-09-30,Initial recording of the municipality Besenbüren
4226,Besenbüren,393,2014-09-30,Initial recording of the municipality Besenbüren
4226,Besenbüren,382,2013-09-30,Initial recording of the municipality Besenbüren
4226,Besenbüren,376,2012-09-30,Initial recording of the municipality Besenbüren
4226,Besenbüren,366,2011-09-30,Initial recording of the municipality Besenbüren
4226,Besenbüren,358,2010-09-30,Initial recording of the municipality Besenbüren
4226,Besenbüren,362,2009-09-30,Initial recording of the municipality Besenbüren
4226,Besenbüren,360,2008-09-30,Initial recording of the municipality Besenbüren
4226,Besenbüren,362,2007-09-30,Initial recording of the municipality Besenbüren
4226,Besenbüren,343,2006-09-30,Initial recording of the municipality Besenbüren
4226,Besenbüren,354,2005-09-30,Initial recording of the municipality Besenbüren
4226,Besenbüren,344,2004-09-30,Initial recording of the municipality Besenbüren
4226,Besenbüren,317,2003-09-30,Initial recording of the municipality Besenbüren
4226,Besenbüren,305,2002-09-30,Initial recording of the municipality Besenbüren
4226,Besenbüren,295,2001-09-30,Initial recording of the municipality Besenbüren
4226,Besenbüren,278,2000-09-30,Initial recording of the municipality Besenbüren
4226,Besenbüren,246,1999-09-30,Initial recording of the municipality Besenbüren
4226,Besenbüren,224,1998-09-30,Initial recording of the municipality Besenbüren
4226,Besenbüren,217,1997-09-30,Initial recording of the municipality Besenbüren
4226,Besenbüren,224,1996-09-30,Initial recording of the municipality Besenbüren
4226,Besenbüren,206,1995-09-30,Initial recording of the municipality Besenbüren
4226,Besenbüren,195,1994-09-30,Initial recording of the municipality Besenbüren
4226,Besenbüren,188,1993-09-30,Initial recording of the municipality Besenbüren
4226,Besenbüren,185,1992-09-30,Initial recording of the municipality Besenbüren
4226,Besenbüren,170,1991-09-30,Initial recording of the municipality Besenbüren
4226,Besenbüren,185,1990-09-30,Initial recording of the municipality Besenbüren
4226,Besenbüren,175,1989-09-30,Initial recording of the municipality Besenbüren
4226,Besenbüren,165,1988-09-30,Initial recording of the municipality Besenbüren
4226,Besenbüren,159,1987-09-30,Initial recording of the municipality Besenbüren
4226,Besenbüren,149,1986-09-30,Initial recording of the municipality Besenbüren
4226,Besenbüren,144,1985-09-30,Initial recording of the municipality Besenbüren
4226,Besenbüren,134,1984-09-30,Initial recording of the municipality Besenbüren
4226,Besenbüren,126,1983-09-30,Initial recording of the municipality Besenbüren
4226,Besenbüren,127,1982-09-30,Initial recording of the municipality Besenbüren
4226,Besenbüren,115,1981-09-30,Initial recording of the municipality Besenbüren
4226,Besenbüren,103,1980-09-30,Initial recording of the municipality Besenbüren
4226,Besenbüren,100,1979-09-30,Initial recording of the municipality Besenbüren
4226,Besenbüren,85,1978-09-30,Initial recording of the municipality Besenbüren
4226,Besenbüren,84,1977-09-30,Initial recording of the municipality Besenbüren
4226,Besenbüren,77,1976-09-30,Initial recording of the municipality Besenbüren
4227,Bettwil,542,2025-09-30,Initial recording of the municipality Bettwil
4227,Bettwil,514,2024-09-30,Initial recording of the municipality Bettwil
4227,Bettwil,508,2023-09-30,Initial recording of the municipality Bettwil
4227,Bettwil,500,2022-09-30,Initial recording of the municipality Bettwil
4227,Bettwil,481,2021-09-30,Initial recording of the municipality Bettwil
4227,Bettwil,474,2020-09-30,Initial recording of the municipality Bettwil
4227,Bettwil,452,2019-09-30,Initial recording of the municipality Bettwil
4227,Bettwil,461,2018-09-30,Initial recording of the municipality Bettwil
4227,Bettwil,457,2017-09-30,Initial recording of the municipality Bettwil
4227,Bettwil,436,2016-09-30,Initial recording of the municipality Bettwil
4227,Bettwil,410,2015-09-30,Initial recording of the municipality Bettwil
4227,Bettwil,405,2014-09-30,Initial recording of the municipality Bettwil
4227,Bettwil,403,2013-09-30,Initial recording of the municipality Bettwil
4227,Bettwil,385,2012-09-30,Initial recording of the municipality Bettwil
4227,Bettwil,375,2011-09-30,Initial recording of the municipality Bettwil
4227,Bettwil,364,2010-09-30,Initial recording of the municipality Bettwil
4227,Bettwil,359,2009-09-30,Initial recording of the municipality Bettwil
4227,Bettwil,360,2008-09-30,Initial recording of the municipality Bettwil
4227,Bettwil,360,2007-09-30,Initial recording of the municipality Bettwil
4227,Bettwil,336,2006-09-30,Initial recording of the municipality Bettwil
4227,Bettwil,331,2005-09-30,Initial recording of the municipality Bettwil
4227,Bettwil,325,2004-09-30,Initial recording of the municipality Bettwil
4227,Bettwil,330,2003-09-30,Initial recording of the municipality Bettwil
4227,Bettwil,328,2002-09-30,Initial recording of the municipality Bettwil
4227,Bettwil,303,2001-09-30,Initial recording of the municipality Bettwil
4227,Bettwil,296,2000-09-30,Initial recording of the municipality Bettwil
4227,Bettwil,296,1999-09-30,Initial recording of the municipality Bettwil
4227,Bettwil,296,1998-09-30,Initial recording of the municipality Bettwil
4227,Bettwil,282,1997-09-30,Initial recording of the municipality Bettwil
4227,Bettwil,295,1996-09-30,Initial recording of the municipality Bettwil
4227,Bettwil,273,1995-09-30,Initial recording of the municipality Bettwil
4227,Bettwil,259,1994-09-30,Initial recording of the municipality Bettwil
4227,Bettwil,250,1993-09-30,Initial recording of the municipality Bettwil
4227,Bettwil,246,1992-09-30,Initial recording of the municipality Bettwil
4227,Bettwil,243,1991-09-30,Initial recording of the municipality Bettwil
4227,Bettwil,237,1990-09-30,Initial recording of the municipality Bettwil
4227,Bettwil,215,1989-09-30,Initial recording of the municipality Bettwil
4227,Bettwil,203,1988-09-30,Initial recording of the municipality Bettwil
4227,Bettwil,191,1987-09-30,Initial recording of the municipality Bettwil
4227,Bettwil,184,1986-09-30,Initial recording of the municipality Bettwil
4227,Bettwil,178,1985-09-30,Initial recording of the municipality Bettwil
4227,Bettwil,156,1984-09-30,Initial recording of the municipality Bettwil
4227,Bettwil,144,1983-09-30,Initial recording of the municipality Bettwil
4227,Bettwil,128,1982-09-30,Initial recording of the municipality Bettwil
4227,Bettwil,123,1981-09-30,Initial recording of the municipality Bettwil
4227,Bettwil,111,1980-09-30,Initial recording of the municipality Bettwil
4227,Bettwil,110,1979-09-30,Initial recording of the municipality Bettwil
4227,Bettwil,110,1978-09-30,Initial recording of the municipality Bettwil
4227,Bettwil,102,1977-09-30,Initial recording of the municipality Bettwil
4227,Bettwil,99,1976-09-30,Initial recording of the municipality Bettwil
4002,Biberstein,981,2025-09-30,Initial recording of the municipality Biberstein
4002,Biberstein,989,2024-09-30,Initial recording of the municipality Biberstein
4002,Biberstein,980,2023-09-30,Initial recording of the municipality Biberstein
4002,Biberstein,982,2022-09-30,Initial recording of the municipality Biberstein
4002,Biberstein,960,2021-09-30,Initial recording of the municipality Biberstein
4002,Biberstein,936,2020-09-30,Initial recording of the municipality Biberstein
4002,Biberstein,945,2019-09-30,Initial recording of the municipality Biberstein
4002,Biberstein,932,2018-09-30,Initial recording of the municipality Biberstein
4002,Biberstein,921,2017-09-30,Initial recording of the municipality Biberstein
4002,Biberstein,917,2016-09-30,Initial recording of the municipality Biberstein
4002,Biberstein,885,2015-09-30,Initial recording of the municipality Biberstein
4002,Biberstein,924,2014-09-30,Initial recording of the municipality Biberstein
4002,Biberstein,891,2013-09-30,Initial recording of the municipality Biberstein
4002,Biberstein,887,2012-09-30,Initial recording of the municipality Biberstein
4002,Biberstein,859,2011-09-30,Initial recording of the municipality Biberstein
4002,Biberstein,819,2010-09-30,Initial recording of the municipality Biberstein
4002,Biberstein,808,2009-09-30,Initial recording of the municipality Biberstein
4002,Biberstein,754,2008-09-30,Initial recording of the municipality Biberstein
4002,Biberstein,739,2007-09-30,Initial recording of the municipality Biberstein
4002,Biberstein,704,2006-09-30,Initial recording of the municipality Biberstein
4002,Biberstein,678,2005-09-30,Initial recording of the municipality Biberstein
4002,Biberstein,657,2004-09-30,Initial recording of the municipality Biberstein
4002,Biberstein,613,2003-09-30,Initial recording of the municipality Biberstein
4002,Biberstein,586,2002-09-30,Initial recording of the municipality Biberstein
4002,Biberstein,574,2001-09-30,Initial recording of the municipality Biberstein
4002,Biberstein,555,2000-09-30,Initial recording of the municipality Biberstein
4002,Biberstein,519,1999-09-30,Initial recording of the municipality Biberstein
4002,Biberstein,512,1998-09-30,Initial recording of the municipality Biberstein
4002,Biberstein,500,1997-09-30,Initial recording of the municipality Biberstein
4002,Biberstein,501,1996-09-30,Initial recording of the municipality Biberstein
4002,Biberstein,468,1995-09-30,Initial recording of the municipality Biberstein
4002,Biberstein,454,1994-09-30,Initial recording of the municipality Biberstein
4002,Biberstein,449,1993-09-30,Initial recording of the municipality Biberstein
4002,Biberstein,438,1992-09-30,Initial recording of the municipality Biberstein
4002,Biberstein,425,1991-09-30,Initial recording of the municipality Biberstein
4002,Biberstein,416,1990-09-30,Initial recording of the municipality Biberstein
4002,Biberstein,431,1989-09-30,Initial recording of the municipality Biberstein
4002,Biberstein,424,1988-09-30,Initial recording of the municipality Biberstein
4002,Biberstein,433,1987-09-30,Initial recording of the municipality Biberstein
4002,Biberstein,425,1986-09-30,Initial recording of the municipality Biberstein
4002,Biberstein,394,1985-09-30,Initial recording of the municipality Biberstein
4002,Biberstein,375,1984-09-30,Initial recording of the municipality Biberstein
4002,Biberstein,358,1983-09-30,Initial recording of the municipality Biberstein
4002,Biberstein,322,1982-09-30,Initial recording of the municipality Biberstein
4002,Biberstein,301,1981-09-30,Initial recording of the municipality Biberstein
4002,Biberstein,286,1980-09-30,Initial recording of the municipality Biberstein
4002,Biberstein,283,1979-09-30,Initial recording of the municipality Biberstein
4002,Biberstein,247,1978-09-30,Initial recording of the municipality Biberstein
4002,Biberstein,219,1977-09-30,Initial recording of the municipality Biberstein
4002,Biberstein,212,1976-09-30,Initial recording of the municipality Biberstein
4024,Birmenstorf (AG),1781,2025-09-30,Initial recording of the municipality Birmenstorf (AG)
4024,Birmenstorf (AG),1790,2024-09-30,Initial recording of the municipality Birmenstorf (AG)
4024,Birmenstorf (AG),1789,2023-09-30,Initial recording of the municipality Birmenstorf (AG)
4024,Birmenstorf (AG),1792,2022-09-30,Initial recording of the municipality Birmenstorf (AG)
4024,Birmenstorf (AG),1806,2021-09-30,Initial recording of the municipality Birmenstorf (AG)
4024,Birmenstorf (AG),1786,2020-09-30,Initial recording of the municipality Birmenstorf (AG)
4024,Birmenstorf (AG),1782,2019-09-30,Initial recording of the municipality Birmenstorf (AG)
4024,Birmenstorf (AG),1770,2018-09-30,Initial recording of the municipality Birmenstorf (AG)
4024,Birmenstorf (AG),1736,2017-09-30,Initial recording of the municipality Birmenstorf (AG)
4024,Birmenstorf (AG),1754,2016-09-30,Initial recording of the municipality Birmenstorf (AG)
4024,Birmenstorf (AG),1751,2015-09-30,Initial recording of the municipality Birmenstorf (AG)
4024,Birmenstorf (AG),1713,2014-09-30,Initial recording of the municipality Birmenstorf (AG)
4024,Birmenstorf (AG),1649,2013-09-30,Initial recording of the municipality Birmenstorf (AG)
4024,Birmenstorf (AG),1568,2012-09-30,Initial recording of the municipality Birmenstorf (AG)
4024,Birmenstorf (AG),1563,2011-09-30,Initial recording of the municipality Birmenstorf (AG)
4024,Birmenstorf (AG),1481,2010-09-30,Initial recording of the municipality Birmenstorf (AG)
4024,Birmenstorf (AG),1463,2009-09-30,Initial recording of the municipality Birmenstorf (AG)
4024,Birmenstorf (AG),1456,2008-09-30,Initial recording of the municipality Birmenstorf (AG)
4024,Birmenstorf (AG),1428,2007-09-30,Initial recording of the municipality Birmenstorf (AG)
4024,Birmenstorf (AG),1398,2006-09-30,Initial recording of the municipality Birmenstorf (AG)
4024,Birmenstorf (AG),1355,2005-09-30,Initial recording of the municipality Birmenstorf (AG)
4024,Birmenstorf (AG),1332,2004-09-30,Initial recording of the municipality Birmenstorf (AG)
4024,Birmenstorf (AG),1296,2003-09-30,Initial recording of the municipality Birmenstorf (AG)
4024,Birmenstorf (AG),1283,2002-09-30,Initial recording of the municipality Birmenstorf (AG)
4024,Birmenstorf (AG),1260,2001-09-30,Initial recording of the municipality Birmenstorf (AG)
4024,Birmenstorf (AG),1227,2000-09-30,Initial recording of the municipality Birmenstorf (AG)
4024,Birmenstorf (AG),1204,1999-09-30,Initial recording of the municipality Birmenstorf (AG)
4024,Birmenstorf (AG),1149,1998-09-30,Initial recording of the municipality Birmenstorf (AG)
4024,Birmenstorf (AG),1086,1997-09-30,Initial recording of the municipality Birmenstorf (AG)
4024,Birmenstorf (AG),1023,1996-09-30,Initial recording of the municipality Birmenstorf (AG)
4024,Birmenstorf (AG),1012,1995-09-30,Initial recording of the municipality Birmenstorf (AG)
4024,Birmenstorf (AG),980,1994-09-30,Initial recording of the municipality Birmenstorf (AG)
4024,Birmenstorf (AG),973,1993-09-30,Initial recording of the municipality Birmenstorf (AG)
4024,Birmenstorf (AG),939,1992-09-30,Initial recording of the municipality Birmenstorf (AG)
4024,Birmenstorf (AG),929,1991-09-30,Initial recording of the municipality Birmenstorf (AG)
4024,Birmenstorf (AG),916,1990-09-30,Initial recording of the municipality Birmenstorf (AG)
4024,Birmenstorf (AG),878,1989-09-30,Initial recording of the municipality Birmenstorf (AG)
4024,Birmenstorf (AG),831,1988-09-30,Initial recording of the municipality Birmenstorf (AG)
4024,Birmenstorf (AG),776,1987-09-30,Initial recording of the municipality Birmenstorf (AG)
4024,Birmenstorf (AG),743,1986-09-30,Initial recording of the municipality Birmenstorf (AG)
4024,Birmenstorf (AG),688,1985-09-30,Initial recording of the municipality Birmenstorf (AG)
4024,Birmenstorf (AG),624,1984-09-30,Initial recording of the municipality Birmenstorf (AG)
4024,Birmenstorf (AG),627,1983-09-30,Initial recording of the municipality Birmenstorf (AG)
4024,Birmenstorf (AG),575,1982-09-30,Initial recording of the municipality Birmenstorf (AG)
4024,Birmenstorf (AG),527,1981-09-30,Initial recording of the municipality Birmenstorf (AG)
4024,Birmenstorf (AG),515,1980-09-30,Initial recording of the municipality Birmenstorf (AG)
4024,Birmenstorf (AG),474,1979-09-30,Initial recording of the municipality Birmenstorf (AG)
4024,Birmenstorf (AG),458,1978-09-30,Initial recording of the municipality Birmenstorf (AG)
4024,Birmenstorf (AG),425,1977-09-30,Initial recording of the municipality Birmenstorf (AG)
4024,Birmenstorf (AG),441,1976-09-30,Initial recording of the municipality Birmenstorf (AG)
4092,Birr,2797,2025-09-30,Initial recording of the municipality Birr
4092,Birr,2714,2024-09-30,Initial recording of the municipality Birr
4092,Birr,2587,2023-09-30,Initial recording of the municipality Birr
4092,Birr,2558,2022-09-30,Initial recording of the municipality Birr
4092,Birr,2472,2021-09-30,Initial recording of the municipality Birr
4092,Birr,2523,2020-09-30,Initial recording of the municipality Birr
4092,Birr,2470,2019-09-30,Initial recording of the municipality Birr
4092,Birr,2387,2018-09-30,Initial recording of the municipality Birr
4092,Birr,2410,2017-09-30,Initial recording of the municipality Birr
4092,Birr,2396,2016-09-30,Initial recording of the municipality Birr
4092,Birr,2366,2015-09-30,Initial recording of the municipality Birr
4092,Birr,2293,2014-09-30,Initial recording of the municipality Birr
4092,Birr,2251,2013-09-30,Initial recording of the municipality Birr
4092,Birr,2173,2012-09-30,Initial recording of the municipality Birr
4092,Birr,2129,2011-09-30,Initial recording of the municipality Birr
4092,Birr,2084,2010-09-30,Initial recording of the municipality Birr
4092,Birr,1472,2009-09-30,Initial recording of the municipality Birr
4092,Birr,1497,2008-09-30,Initial recording of the municipality Birr
4092,Birr,1531,2007-09-30,Initial recording of the municipality Birr
4092,Birr,1570,2006-09-30,Initial recording of the municipality Birr
4092,Birr,1655,2005-09-30,Initial recording of the municipality Birr
4092,Birr,1718,2004-09-30,Initial recording of the municipality Birr
4092,Birr,1774,2003-09-30,Initial recording of the municipality Birr
4092,Birr,1847,2002-09-30,Initial recording of the municipality Birr
4092,Birr,1746,2001-09-30,Initial recording of the municipality Birr
4092,Birr,1722,2000-09-30,Initial recording of the municipality Birr
4092,Birr,1673,1999-09-30,Initial recording of the municipality Birr
4092,Birr,1658,1998-09-30,Initial recording of the municipality Birr
4092,Birr,1614,1997-09-30,Initial recording of the municipality Birr
4092,Birr,1605,1996-09-30,Initial recording of the municipality Birr
4092,Birr,1578,1995-09-30,Initial recording of the municipality Birr
4092,Birr,1573,1994-09-30,Initial recording of the municipality Birr
4092,Birr,1577,1993-09-30,Initial recording of the municipality Birr
4092,Birr,1591,1992-09-30,Initial recording of the municipality Birr
4092,Birr,1602,1991-09-30,Initial recording of the municipality Birr
4092,Birr,1562,1990-09-30,Initial recording of the municipality Birr
4092,Birr,1520,1989-09-30,Initial recording of the municipality Birr
4092,Birr,1427,1988-09-30,Initial recording of the municipality Birr
4092,Birr,1351,1987-09-30,Initial recording of the municipality Birr
4092,Birr,1257,1986-09-30,Initial recording of the municipality Birr
4092,Birr,1207,1985-09-30,Initial recording of the municipality Birr
4092,Birr,1146,1984-09-30,Initial recording of the municipality Birr
4092,Birr,1122,1983-09-30,Initial recording of the municipality Birr
4092,Birr,1037,1982-09-30,Initial recording of the municipality Birr
4092,Birr,1013,1981-09-30,Initial recording of the municipality Birr
4092,Birr,982,1980-09-30,Initial recording of the municipality Birr
4092,Birr,940,1979-09-30,Initial recording of the municipality Birr
4092,Birr,899,1978-09-30,Initial recording of the municipality Birr
4092,Birr,893,1977-09-30,Initial recording of the municipality Birr
4092,Birr,840,1976-09-30,Initial recording of the municipality Birr
4093,Birrhard,700,2025-09-30,Initial recording of the municipality Birrhard
4093,Birrhard,702,2024-09-30,Initial recording of the municipality Birrhard
4093,Birrhard,604,2023-09-30,Initial recording of the municipality Birrhard
4093,Birrhard,568,2022-09-30,Initial recording of the municipality Birrhard
4093,Birrhard,569,2021-09-30,Initial recording of the municipality Birrhard
4093,Birrhard,558,2020-09-30,Initial recording of the municipality Birrhard
4093,Birrhard,549,2019-09-30,Initial recording of the municipality Birrhard
4093,Birrhard,534,2018-09-30,Initial recording of the municipality Birrhard
4093,Birrhard,518,2017-09-30,Initial recording of the municipality Birrhard
4093,Birrhard,520,2016-09-30,Initial recording of the municipality Birrhard
4093,Birrhard,528,2015-09-30,Initial recording of the municipality Birrhard
4093,Birrhard,478,2014-09-30,Initial recording of the municipality Birrhard
4093,Birrhard,472,2013-09-30,Initial recording of the municipality Birrhard
4093,Birrhard,458,2012-09-30,Initial recording of the municipality Birrhard
4093,Birrhard,432,2011-09-30,Initial recording of the municipality Birrhard
4093,Birrhard,429,2010-09-30,Initial recording of the municipality Birrhard
4093,Birrhard,427,2009-09-30,Initial recording of the municipality Birrhard
4093,Birrhard,411,2008-09-30,Initial recording of the municipality Birrhard
4093,Birrhard,416,2007-09-30,Initial recording of the municipality Birrhard
4093,Birrhard,405,2006-09-30,Initial recording of the municipality Birrhard
4093,Birrhard,413,2005-09-30,Initial recording of the municipality Birrhard
4093,Birrhard,410,2004-09-30,Initial recording of the municipality Birrhard
4093,Birrhard,396,2003-09-30,Initial recording of the municipality Birrhard
4093,Birrhard,396,2002-09-30,Initial recording of the municipality Birrhard
4093,Birrhard,388,2001-09-30,Initial recording of the municipality Birrhard
4093,Birrhard,375,2000-09-30,Initial recording of the municipality Birrhard
4093,Birrhard,374,1999-09-30,Initial recording of the municipality Birrhard
4093,Birrhard,365,1998-09-30,Initial recording of the municipality Birrhard
4093,Birrhard,340,1997-09-30,Initial recording of the municipality Birrhard
4093,Birrhard,338,1996-09-30,Initial recording of the municipality Birrhard
4093,Birrhard,332,1995-09-30,Initial recording of the municipality Birrhard
4093,Birrhard,317,1994-09-30,Initial recording of the municipality Birrhard
4093,Birrhard,300,1993-09-30,Initial recording of the municipality Birrhard
4093,Birrhard,293,1992-09-30,Initial recording of the municipality Birrhard
4093,Birrhard,288,1991-09-30,Initial recording of the municipality Birrhard
4093,Birrhard,279,1990-09-30,Initial recording of the municipality Birrhard
4093,Birrhard,253,1989-09-30,Initial recording of the municipality Birrhard
4093,Birrhard,239,1988-09-30,Initial recording of the municipality Birrhard
4093,Birrhard,253,1987-09-30,Initial recording of the municipality Birrhard
4093,Birrhard,247,1986-09-30,Initial recording of the municipality Birrhard
4093,Birrhard,239,1985-09-30,Initial recording of the municipality Birrhard
4093,Birrhard,234,1984-09-30,Initial recording of the municipality Birrhard
4093,Birrhard,227,1983-09-30,Initial recording of the municipality Birrhard
4093,Birrhard,214,1982-09-30,Initial recording of the municipality Birrhard
4093,Birrhard,211,1981-09-30,Initial recording of the municipality Birrhard
4093,Birrhard,195,1980-09-30,Initial recording of the municipality Birrhard
4093,Birrhard,169,1979-09-30,Initial recording of the municipality Birrhard
4093,Birrhard,142,1978-09-30,Initial recording of the municipality Birrhard
4093,Birrhard,134,1977-09-30,Initial recording of the municipality Birrhard
4093,Birrhard,121,1976-09-30,Initial recording of the municipality Birrhard
4132,Birrwil,1021,2025-09-30,Initial recording of the municipality Birrwil
4132,Birrwil,1007,2024-09-30,Initial recording of the municipality Birrwil
4132,Birrwil,983,2023-09-30,Initial recording of the municipality Birrwil
4132,Birrwil,982,2022-09-30,Initial recording of the municipality Birrwil
4132,Birrwil,928,2021-09-30,Initial recording of the municipality Birrwil
4132,Birrwil,881,2020-09-30,Initial recording of the municipality Birrwil
4132,Birrwil,864,2019-09-30,Initial recording of the municipality Birrwil
4132,Birrwil,878,2018-09-30,Initial recording of the municipality Birrwil
4132,Birrwil,869,2017-09-30,Initial recording of the municipality Birrwil
4132,Birrwil,850,2016-09-30,Initial recording of the municipality Birrwil
4132,Birrwil,807,2015-09-30,Initial recording of the municipality Birrwil
4132,Birrwil,740,2014-09-30,Initial recording of the municipality Birrwil
4132,Birrwil,713,2013-09-30,Initial recording of the municipality Birrwil
4132,Birrwil,676,2012-09-30,Initial recording of the municipality Birrwil
4132,Birrwil,652,2011-09-30,Initial recording of the municipality Birrwil
4132,Birrwil,625,2010-09-30,Initial recording of the municipality Birrwil
4132,Birrwil,619,2009-09-30,Initial recording of the municipality Birrwil
4132,Birrwil,610,2008-09-30,Initial recording of the municipality Birrwil
4132,Birrwil,605,2007-09-30,Initial recording of the municipality Birrwil
4132,Birrwil,603,2006-09-30,Initial recording of the municipality Birrwil
4132,Birrwil,595,2005-09-30,Initial recording of the municipality Birrwil
4132,Birrwil,594,2004-09-30,Initial recording of the municipality Birrwil
4132,Birrwil,605,2003-09-30,Initial recording of the municipality Birrwil
4132,Birrwil,601,2002-09-30,Initial recording of the municipality Birrwil
4132,Birrwil,592,2001-09-30,Initial recording of the municipality Birrwil
4132,Birrwil,596,2000-09-30,Initial recording of the municipality Birrwil
4132,Birrwil,579,1999-09-30,Initial recording of the municipality Birrwil
4132,Birrwil,557,1998-09-30,Initial recording of the municipality Birrwil
4132,Birrwil,530,1997-09-30,Initial recording of the municipality Birrwil
4132,Birrwil,502,1996-09-30,Initial recording of the municipality Birrwil
4132,Birrwil,476,1995-09-30,Initial recording of the municipality Birrwil
4132,Birrwil,470,1994-09-30,Initial recording of the municipality Birrwil
4132,Birrwil,443,1993-09-30,Initial recording of the municipality Birrwil
4132,Birrwil,452,1992-09-30,Initial recording of the municipality Birrwil
4132,Birrwil,445,1991-09-30,Initial recording of the municipality Birrwil
4132,Birrwil,444,1990-09-30,Initial recording of the municipality Birrwil
4132,Birrwil,451,1989-09-30,Initial recording of the municipality Birrwil
4132,Birrwil,433,1988-09-30,Initial recording of the municipality Birrwil
4132,Birrwil,425,1987-09-30,Initial recording of the municipality Birrwil
4132,Birrwil,417,1986-09-30,Initial recording of the municipality Birrwil
4132,Birrwil,393,1985-09-30,Initial recording of the municipality Birrwil
4132,Birrwil,404,1984-09-30,Initial recording of the municipality Birrwil
4132,Birrwil,382,1983-09-30,Initial recording of the municipality Birrwil
4132,Birrwil,353,1982-09-30,Initial recording of the municipality Birrwil
4132,Birrwil,349,1981-09-30,Initial recording of the municipality Birrwil
4132,Birrwil,318,1980-09-30,Initial recording of the municipality Birrwil
4132,Birrwil,299,1979-09-30,Initial recording of the municipality Birrwil
4132,Birrwil,293,1978-09-30,Initial recording of the municipality Birrwil
4132,Birrwil,268,1977-09-30,Initial recording of the municipality Birrwil
4132,Birrwil,245,1976-09-30,Initial recording of the municipality Birrwil
4192,Boniswil,1140,2025-09-30,Initial recording of the municipality Boniswil
4192,Boniswil,1137,2024-09-30,Initial recording of the municipality Boniswil
4192,Boniswil,1126,2023-09-30,Initial recording of the municipality Boniswil
4192,Boniswil,1097,2022-09-30,Initial recording of the municipality Boniswil
4192,Boniswil,1078,2021-09-30,Initial recording of the municipality Boniswil
4192,Boniswil,1012,2020-09-30,Initial recording of the municipality Boniswil
4192,Boniswil,957,2019-09-30,Initial recording of the municipality Boniswil
4192,Boniswil,933,2018-09-30,Initial recording of the municipality Boniswil
4192,Boniswil,959,2017-09-30,Initial recording of the municipality Boniswil
4192,Boniswil,955,2016-09-30,Initial recording of the municipality Boniswil
4192,Boniswil,960,2015-09-30,Initial recording of the municipality Boniswil
4192,Boniswil,963,2014-09-30,Initial recording of the municipality Boniswil
4192,Boniswil,929,2013-09-30,Initial recording of the municipality Boniswil
4192,Boniswil,939,2012-09-30,Initial recording of the municipality Boniswil
4192,Boniswil,910,2011-09-30,Initial recording of the municipality Boniswil
4192,Boniswil,889,2010-09-30,Initial recording of the municipality Boniswil
4192,Boniswil,891,2009-09-30,Initial recording of the municipality Boniswil
4192,Boniswil,887,2008-09-30,Initial recording of the municipality Boniswil
4192,Boniswil,879,2007-09-30,Initial recording of the municipality Boniswil
4192,Boniswil,857,2006-09-30,Initial recording of the municipality Boniswil
4192,Boniswil,843,2005-09-30,Initial recording of the municipality Boniswil
4192,Boniswil,814,2004-09-30,Initial recording of the municipality Boniswil
4192,Boniswil,808,2003-09-30,Initial recording of the municipality Boniswil
4192,Boniswil,816,2002-09-30,Initial recording of the municipality Boniswil
4192,Boniswil,788,2001-09-30,Initial recording of the municipality Boniswil
4192,Boniswil,783,2000-09-30,Initial recording of the municipality Boniswil
4192,Boniswil,761,1999-09-30,Initial recording of the municipality Boniswil
4192,Boniswil,734,1998-09-30,Initial recording of the municipality Boniswil
4192,Boniswil,726,1997-09-30,Initial recording of the municipality Boniswil
4192,Boniswil,714,1996-09-30,Initial recording of the municipality Boniswil
4192,Boniswil,703,1995-09-30,Initial recording of the municipality Boniswil
4192,Boniswil,680,1994-09-30,Initial recording of the municipality Boniswil
4192,Boniswil,629,1993-09-30,Initial recording of the municipality Boniswil
4192,Boniswil,612,1992-09-30,Initial recording of the municipality Boniswil
4192,Boniswil,581,1991-09-30,Initial recording of the municipality Boniswil
4192,Boniswil,577,1990-09-30,Initial recording of the municipality Boniswil
4192,Boniswil,534,1989-09-30,Initial recording of the municipality Boniswil
4192,Boniswil,514,1988-09-30,Initial recording of the municipality Boniswil
4192,Boniswil,478,1987-09-30,Initial recording of the municipality Boniswil
4192,Boniswil,449,1986-09-30,Initial recording of the municipality Boniswil
4192,Boniswil,472,1985-09-30,Initial recording of the municipality Boniswil
4192,Boniswil,445,1984-09-30,Initial recording of the municipality Boniswil
4192,Boniswil,418,1983-09-30,Initial recording of the municipality Boniswil
4192,Boniswil,416,1982-09-30,Initial recording of the municipality Boniswil
4192,Boniswil,409,1981-09-30,Initial recording of the municipality Boniswil
4192,Boniswil,388,1980-09-30,Initial recording of the municipality Boniswil
4192,Boniswil,346,1979-09-30,Initial recording of the municipality Boniswil
4192,Boniswil,335,1978-09-30,Initial recording of the municipality Boniswil
4192,Boniswil,313,1977-09-30,Initial recording of the municipality Boniswil
4192,Boniswil,291,1976-09-30,Initial recording of the municipality Boniswil
4228,Boswil,2069,2025-09-30,Initial recording of the municipality Boswil
4228,Boswil,2082,2024-09-30,Initial recording of the municipality Boswil
4228,Boswil,2059,2023-09-30,Initial recording of the municipality Boswil
4228,Boswil,1993,2022-09-30,Initial recording of the municipality Boswil
4228,Boswil,1965,2021-09-30,Initial recording of the municipality Boswil
4228,Boswil,1889,2020-09-30,Initial recording of the municipality Boswil
4228,Boswil,1880,2019-09-30,Initial recording of the municipality Boswil
4228,Boswil,1816,2018-09-30,Initial recording of the municipality Boswil
4228,Boswil,1800,2017-09-30,Initial recording of the municipality Boswil
4228,Boswil,1802,2016-09-30,Initial recording of the municipality Boswil
4228,Boswil,1791,2015-09-30,Initial recording of the municipality Boswil
4228,Boswil,1725,2014-09-30,Initial recording of the municipality Boswil
4228,Boswil,1668,2013-09-30,Initial recording of the municipality Boswil
4228,Boswil,1608,2012-09-30,Initial recording of the municipality Boswil
4228,Boswil,1580,2011-09-30,Initial recording of the municipality Boswil
4228,Boswil,1552,2010-09-30,Initial recording of the municipality Boswil
4228,Boswil,1510,2009-09-30,Initial recording of the municipality Boswil
4228,Boswil,1463,2008-09-30,Initial recording of the municipality Boswil
4228,Boswil,1414,2007-09-30,Initial recording of the municipality Boswil
4228,Boswil,1381,2006-09-30,Initial recording of the municipality Boswil
4228,Boswil,1371,2005-09-30,Initial recording of the municipality Boswil
4228,Boswil,1326,2004-09-30,Initial recording of the municipality Boswil
4228,Boswil,1345,2003-09-30,Initial recording of the municipality Boswil
4228,Boswil,1341,2002-09-30,Initial recording of the municipality Boswil
4228,Boswil,1324,2001-09-30,Initial recording of the municipality Boswil
4228,Boswil,1300,2000-09-30,Initial recording of the municipality Boswil
4228,Boswil,1266,1999-09-30,Initial recording of the municipality Boswil
4228,Boswil,1209,1998-09-30,Initial recording of the municipality Boswil
4228,Boswil,1190,1997-09-30,Initial recording of the municipality Boswil
4228,Boswil,1136,1996-09-30,Initial recording of the municipality Boswil
4228,Boswil,1110,1995-09-30,Initial recording of the municipality Boswil
4228,Boswil,1080,1994-09-30,Initial recording of the municipality Boswil
4228,Boswil,1048,1993-09-30,Initial recording of the municipality Boswil
4228,Boswil,1038,1992-09-30,Initial recording of the municipality Boswil
4228,Boswil,1025,1991-09-30,Initial recording of the municipality Boswil
4228,Boswil,963,1990-09-30,Initial recording of the municipality Boswil
4228,Boswil,887,1989-09-30,Initial recording of the municipality Boswil
4228,Boswil,882,1988-09-30,Initial recording of the municipality Boswil
4228,Boswil,848,1987-09-30,Initial recording of the municipality Boswil
4228,Boswil,833,1986-09-30,Initial recording of the municipality Boswil
4228,Boswil,795,1985-09-30,Initial recording of the municipality Boswil
4228,Boswil,759,1984-09-30,Initial recording of the municipality Boswil
4228,Boswil,727,1983-09-30,Initial recording of the municipality Boswil
4228,Boswil,692,1982-09-30,Initial recording of the municipality Boswil
4228,Boswil,664,1981-09-30,Initial recording of the municipality Boswil
4228,Boswil,633,1980-09-30,Initial recording of the municipality Boswil
4228,Boswil,616,1979-09-30,Initial recording of the municipality Boswil
4228,Boswil,571,1978-09-30,Initial recording of the municipality Boswil
4228,Boswil,537,1977-09-30,Initial recording of the municipality Boswil
4228,Boswil,513,1976-09-30,Initial recording of the municipality Boswil
4273,Bottenwil,622,2025-09-30,Initial recording of the municipality Bottenwil
4273,Bottenwil,591,2024-09-30,Initial recording of the municipality Bottenwil
4273,Bottenwil,600,2023-09-30,Initial recording of the municipality Bottenwil
4273,Bottenwil,604,2022-09-30,Initial recording of the municipality Bottenwil
4273,Bottenwil,604,2021-09-30,Initial recording of the municipality Bottenwil
4273,Bottenwil,592,2020-09-30,Initial recording of the municipality Bottenwil
4273,Bottenwil,587,2019-09-30,Initial recording of the municipality Bottenwil
4273,Bottenwil,579,2018-09-30,Initial recording of the municipality Bottenwil
4273,Bottenwil,567,2017-09-30,Initial recording of the municipality Bottenwil
4273,Bottenwil,566,2016-09-30,Initial recording of the municipality Bottenwil
4273,Bottenwil,567,2015-09-30,Initial recording of the municipality Bottenwil
4273,Bottenwil,554,2014-09-30,Initial recording of the municipality Bottenwil
4273,Bottenwil,554,2013-09-30,Initial recording of the municipality Bottenwil
4273,Bottenwil,555,2012-09-30,Initial recording of the municipality Bottenwil
4273,Bottenwil,554,2011-09-30,Initial recording of the municipality Bottenwil
4273,Bottenwil,545,2010-09-30,Initial recording of the municipality Bottenwil
4273,Bottenwil,537,2009-09-30,Initial recording of the municipality Bottenwil
4273,Bottenwil,545,2008-09-30,Initial recording of the municipality Bottenwil
4273,Bottenwil,543,2007-09-30,Initial recording of the municipality Bottenwil
4273,Bottenwil,521,2006-09-30,Initial recording of the municipality Bottenwil
4273,Bottenwil,514,2005-09-30,Initial recording of the municipality Bottenwil
4273,Bottenwil,525,2004-09-30,Initial recording of the municipality Bottenwil
4273,Bottenwil,518,2003-09-30,Initial recording of the municipality Bottenwil
4273,Bottenwil,492,2002-09-30,Initial recording of the municipality Bottenwil
4273,Bottenwil,479,2001-09-30,Initial recording of the municipality Bottenwil
4273,Bottenwil,488,2000-09-30,Initial recording of the municipality Bottenwil
4273,Bottenwil,486,1999-09-30,Initial recording of the municipality Bottenwil
4273,Bottenwil,459,1998-09-30,Initial recording of the municipality Bottenwil
4273,Bottenwil,436,1997-09-30,Initial recording of the municipality Bottenwil
4273,Bottenwil,437,1996-09-30,Initial recording of the municipality Bottenwil
4273,Bottenwil,423,1995-09-30,Initial recording of the municipality Bottenwil
4273,Bottenwil,416,1994-09-30,Initial recording of the municipality Bottenwil
4273,Bottenwil,377,1993-09-30,Initial recording of the municipality Bottenwil
4273,Bottenwil,376,1992-09-30,Initial recording of the municipality Bottenwil
4273,Bottenwil,384,1991-09-30,Initial recording of the municipality Bottenwil
4273,Bottenwil,373,1990-09-30,Initial recording of the municipality Bottenwil
4273,Bottenwil,362,1989-09-30,Initial recording of the municipality Bottenwil
4273,Bottenwil,330,1988-09-30,Initial recording of the municipality Bottenwil
4273,Bottenwil,335,1987-09-30,Initial recording of the municipality Bottenwil
4273,Bottenwil,320,1986-09-30,Initial recording of the municipality Bottenwil
4273,Bottenwil,311,1985-09-30,Initial recording of the municipality Bottenwil
4273,Bottenwil,299,1984-09-30,Initial recording of the municipality Bottenwil
4273,Bottenwil,283,1983-09-30,Initial recording of the municipality Bottenwil
4273,Bottenwil,269,1982-09-30,Initial recording of the municipality Bottenwil
4273,Bottenwil,263,1981-09-30,Initial recording of the municipality Bottenwil
4273,Bottenwil,243,1980-09-30,Initial recording of the municipality Bottenwil
4273,Bottenwil,222,1979-09-30,Initial recording of the municipality Bottenwil
4273,Bottenwil,216,1978-09-30,Initial recording of the municipality Bottenwil
4273,Bottenwil,198,1977-09-30,Initial recording of the municipality Bottenwil
4273,Bottenwil,179,1976-09-30,Initial recording of the municipality Bottenwil
4063,Bremgarten (AG),5093,2025-09-30,Incorporation of Hermetschwil-Staffeln into Bremgarten (AG)
4063,Bremgarten (AG),5067,2024-09-30,Incorporation of Hermetschwil-Staffeln into Bremgarten (AG)
4063,Bremgarten (AG),5043,2023-09-30,Incorporation of Hermetschwil-Staffeln into Bremgarten (AG)
4063,Bremgarten (AG),4972,2022-09-30,Incorporation of Hermetschwil-Staffeln into Bremgarten (AG)
4063,Bremgarten (AG),4884,2021-09-30,Incorporation of Hermetschwil-Staffeln into Bremgarten (AG)
4063,Bremgarten (AG),4749,2020-09-30,Incorporation of Hermetschwil-Staffeln into Bremgarten (AG)
4063,Bremgarten (AG),4618,2019-09-30,Incorporation of Hermetschwil-Staffeln into Bremgarten (AG)
4063,Bremgarten (AG),4516,2018-09-30,Incorporation of Hermetschwil-Staffeln into Bremgarten (AG)
4063,Bremgarten (AG),4434,2017-09-30,Incorporation of Hermetschwil-Staffeln into Bremgarten (AG)
4063,Bremgarten (AG),4496,2016-09-30,Incorporation of Hermetschwil-Staffeln into Bremgarten (AG)
4063,Bremgarten (AG),4426,2015-09-30,Incorporation of Hermetschwil-Staffeln into Bremgarten (AG)
4063,Bremgarten (AG),4428,2014-09-30,Incorporation of Hermetschwil-Staffeln into Bremgarten (AG)
4063,Bremgarten (AG),3627,2013-09-30,Initial recording of the municipality Bremgarten (AG)
4063,Bremgarten (AG),3550,2012-09-30,Initial recording of the municipality Bremgarten (AG)
4063,Bremgarten (AG),3460,2011-09-30,Initial recording of the municipality Bremgarten (AG)
4063,Bremgarten (AG),3428,2010-09-30,Initial recording of the municipality Bremgarten (AG)
4063,Bremgarten (AG),3284,2009-09-30,Initial recording of the municipality Bremgarten (AG)
4063,Bremgarten (AG),3290,2008-09-30,Initial recording of the municipality Bremgarten (AG)
4063,Bremgarten (AG),3276,2007-09-30,Initial recording of the municipality Bremgarten (AG)
4063,Bremgarten (AG),3271,2006-09-30,Initial recording of the municipality Bremgarten (AG)
4063,Bremgarten (AG),3204,2005-09-30,Initial recording of the municipality Bremgarten (AG)
4063,Bremgarten (AG),3134,2004-09-30,Initial recording of the municipality Bremgarten (AG)
4063,Bremgarten (AG),3078,2003-09-30,Initial recording of the municipality Bremgarten (AG)
4063,Bremgarten (AG),2928,2002-09-30,Initial recording of the municipality Bremgarten (AG)
4063,Bremgarten (AG),2817,2001-09-30,Initial recording of the municipality Bremgarten (AG)
4063,Bremgarten (AG),2681,2000-09-30,Initial recording of the municipality Bremgarten (AG)
4063,Bremgarten (AG),2611,1999-09-30,Initial recording of the municipality Bremgarten (AG)
4063,Bremgarten (AG),2581,1998-09-30,Initial recording of the municipality Bremgarten (AG)
4063,Bremgarten (AG),2534,1997-09-30,Initial recording of the municipality Bremgarten (AG)
4063,Bremgarten (AG),2538,1996-09-30,Initial recording of the municipality Bremgarten (AG)
4063,Bremgarten (AG),2494,1995-09-30,Initial recording of the municipality Bremgarten (AG)
4063,Bremgarten (AG),2455,1994-09-30,Initial recording of the municipality Bremgarten (AG)
4063,Bremgarten (AG),2413,1993-09-30,Initial recording of the municipality Bremgarten (AG)
4063,Bremgarten (AG),2356,1992-09-30,Initial recording of the municipality Bremgarten (AG)
4063,Bremgarten (AG),2358,1991-09-30,Initial recording of the municipality Bremgarten (AG)
4063,Bremgarten (AG),2292,1990-09-30,Initial recording of the municipality Bremgarten (AG)
4063,Bremgarten (AG),2203,1989-09-30,Initial recording of the municipality Bremgarten (AG)
4063,Bremgarten (AG),2071,1988-09-30,Initial recording of the municipality Bremgarten (AG)
4063,Bremgarten (AG),1925,1987-09-30,Initial recording of the municipality Bremgarten (AG)
4063,Bremgarten (AG),1845,1986-09-30,Initial recording of the municipality Bremgarten (AG)
4063,Bremgarten (AG),1829,1985-09-30,Initial recording of the municipality Bremgarten (AG)
4063,Bremgarten (AG),1863,1984-09-30,Initial recording of the municipality Bremgarten (AG)
4063,Bremgarten (AG),1789,1983-09-30,Initial recording of the municipality Bremgarten (AG)
4063,Bremgarten (AG),1779,1982-09-30,Initial recording of the municipality Bremgarten (AG)
4063,Bremgarten (AG),1726,1981-09-30,Initial recording of the municipality Bremgarten (AG)
4063,Bremgarten (AG),1685,1980-09-30,Initial recording of the municipality Bremgarten (AG)
4063,Bremgarten (AG),1600,1979-09-30,Initial recording of the municipality Bremgarten (AG)
4063,Bremgarten (AG),1531,1978-09-30,Initial recording of the municipality Bremgarten (AG)
4063,Bremgarten (AG),1459,1977-09-30,Initial recording of the municipality Bremgarten (AG)
4063,Bremgarten (AG),1494,1976-09-30,Initial recording of the municipality Bremgarten (AG)
4274,Brittnau,2726,2025-09-30,Initial recording of the municipality Brittnau
4274,Brittnau,2710,2024-09-30,Initial recording of the municipality Brittnau
4274,Brittnau,2659,2023-09-30,Initial recording of the municipality Brittnau
4274,Brittnau,2608,2022-09-30,Initial recording of the municipality Brittnau
4274,Brittnau,2546,2021-09-30,Initial recording of the municipality Brittnau
4274,Brittnau,2463,2020-09-30,Initial recording of the municipality Brittnau
4274,Brittnau,2391,2019-09-30,Initial recording of the municipality Brittnau
4274,Brittnau,2355,2018-09-30,Initial recording of the municipality Brittnau
4274,Brittnau,2311,2017-09-30,Initial recording of the municipality Brittnau
4274,Brittnau,2280,2016-09-30,Initial recording of the municipality Brittnau
4274,Brittnau,2269,2015-09-30,Initial recording of the municipality Brittnau
4274,Brittnau,2240,2014-09-30,Initial recording of the municipality Brittnau
4274,Brittnau,2184,2013-09-30,Initial recording of the municipality Brittnau
4274,Brittnau,2091,2012-09-30,Initial recording of the municipality Brittnau
4274,Brittnau,2026,2011-09-30,Initial recording of the municipality Brittnau
4274,Brittnau,1990,2010-09-30,Initial recording of the municipality Brittnau
4274,Brittnau,1991,2009-09-30,Initial recording of the municipality Brittnau
4274,Brittnau,1997,2008-09-30,Initial recording of the municipality Brittnau
4274,Brittnau,2003,2007-09-30,Initial recording of the municipality Brittnau
4274,Brittnau,1962,2006-09-30,Initial recording of the municipality Brittnau
4274,Brittnau,1945,2005-09-30,Initial recording of the municipality Brittnau
4274,Brittnau,1934,2004-09-30,Initial recording of the municipality Brittnau
4274,Brittnau,1862,2003-09-30,Initial recording of the municipality Brittnau
4274,Brittnau,1845,2002-09-30,Initial recording of the municipality Brittnau
4274,Brittnau,1804,2001-09-30,Initial recording of the municipality Brittnau
4274,Brittnau,1769,2000-09-30,Initial recording of the municipality Brittnau
4274,Brittnau,1716,1999-09-30,Initial recording of the municipality Brittnau
4274,Brittnau,1663,1998-09-30,Initial recording of the municipality Brittnau
4274,Brittnau,1591,1997-09-30,Initial recording of the municipality Brittnau
4274,Brittnau,1550,1996-09-30,Initial recording of the municipality Brittnau
4274,Brittnau,1484,1995-09-30,Initial recording of the municipality Brittnau
4274,Brittnau,1455,1994-09-30,Initial recording of the municipality Brittnau
4274,Brittnau,1373,1993-09-30,Initial recording of the municipality Brittnau
4274,Brittnau,1341,1992-09-30,Initial recording of the municipality Brittnau
4274,Brittnau,1321,1991-09-30,Initial recording of the municipality Brittnau
4274,Brittnau,1276,1990-09-30,Initial recording of the municipality Brittnau
4274,Brittnau,1247,1989-09-30,Initial recording of the municipality Brittnau
4274,Brittnau,1209,1988-09-30,Initial recording of the municipality Brittnau
4274,Brittnau,1145,1987-09-30,Initial recording of the municipality Brittnau
4274,Brittnau,1081,1986-09-30,Initial recording of the municipality Brittnau
4274,Brittnau,1034,1985-09-30,Initial recording of the municipality Brittnau
4274,Brittnau,993,1984-09-30,Initial recording of the municipality Brittnau
4274,Brittnau,949,1983-09-30,Initial recording of the municipality Brittnau
4274,Brittnau,914,1982-09-30,Initial recording of the municipality Brittnau
4274,Brittnau,907,1981-09-30,Initial recording of the municipality Brittnau
4274,Brittnau,873,1980-09-30,Initial recording of the municipality Brittnau
4274,Brittnau,797,1979-09-30,Initial recording of the municipality Brittnau
4274,Brittnau,758,1978-09-30,Initial recording of the municipality Brittnau
4274,Brittnau,721,1977-09-30,Initial recording of the municipality Brittnau
4274,Brittnau,699,1976-09-30,Initial recording of the municipality Brittnau
4095,Brugg,6630,2025-09-30,Incorporation of Schinznach-Bad into Brugg
4095,Brugg,6644,2024-09-30,Incorporation of Schinznach-Bad into Brugg
4095,Brugg,6549,2023-09-30,Incorporation of Schinznach-Bad into Brugg
4095,Brugg,6546,2022-09-30,Incorporation of Schinznach-Bad into Brugg
4095,Brugg,6496,2021-09-30,Incorporation of Schinznach-Bad into Brugg
4095,Brugg,6400,2020-09-30,Incorporation of Schinznach-Bad into Brugg
4095,Brugg,5396,2019-09-30,Incorporation of Umiken into Brugg
4095,Brugg,5351,2018-09-30,Incorporation of Umiken into Brugg
4095,Brugg,5432,2017-09-30,Incorporation of Umiken into Brugg
4095,Brugg,5476,2016-09-30,Incorporation of Umiken into Brugg
4095,Brugg,5537,2015-09-30,Incorporation of Umiken into Brugg
4095,Brugg,5385,2014-09-30,Incorporation of Umiken into Brugg
4095,Brugg,5298,2013-09-30,Incorporation of Umiken into Brugg
4095,Brugg,5157,2012-09-30,Incorporation of Umiken into Brugg
4095,Brugg,5126,2011-09-30,Incorporation of Umiken into Brugg
4095,Brugg,5067,2010-09-30,Incorporation of Umiken into Brugg
4095,Brugg,4441,2009-09-30,Incorporation of Lauffohr into Brugg
4095,Brugg,4390,2008-09-30,Incorporation of Lauffohr into Brugg
4095,Brugg,4371,2007-09-30,Incorporation of Lauffohr into Brugg
4095,Brugg,4374,2006-09-30,Incorporation of Lauffohr into Brugg
4095,Brugg,4379,2005-09-30,Incorporation of Lauffohr into Brugg
4095,Brugg,4386,2004-09-30,Incorporation of Lauffohr into Brugg
4095,Brugg,4383,2003-09-30,Incorporation of Lauffohr into Brugg
4095,Brugg,4336,2002-09-30,Incorporation of Lauffohr into Brugg
4095,Brugg,4280,2001-09-30,Incorporation of Lauffohr into Brugg
4095,Brugg,4217,2000-09-30,Incorporation of Lauffohr into Brugg
4095,Brugg,4119,1999-09-30,Incorporation of Lauffohr into Brugg
4095,Brugg,4015,1998-09-30,Incorporation of Lauffohr into Brugg
4095,Brugg,3968,1997-09-30,Incorporation of Lauffohr into Brugg
4095,Brugg,3946,1996-09-30,Incorporation of Lauffohr into Brugg
4095,Brugg,3915,1995-09-30,Incorporation of Lauffohr into Brugg
4095,Brugg,3861,1994-09-30,Incorporation of Lauffohr into Brugg
4095,Brugg,3883,1993-09-30,Incorporation of Lauffohr into Brugg
4095,Brugg,3847,1992-09-30,Incorporation of Lauffohr into Brugg
4095,Brugg,3856,1991-09-30,Incorporation of Lauffohr into Brugg
4095,Brugg,3807,1990-09-30,Incorporation of Lauffohr into Brugg
4095,Brugg,3679,1989-09-30,Incorporation of Lauffohr into Brugg
4095,Brugg,3630,1988-09-30,Incorporation of Lauffohr into Brugg
4095,Brugg,3514,1987-09-30,Incorporation of Lauffohr into Brugg
4095,Brugg,3406,1986-09-30,Incorporation of Lauffohr into Brugg
4095,Brugg,3268,1985-09-30,Incorporation of Lauffohr into Brugg
4095,Brugg,3230,1984-09-30,Incorporation of Lauffohr into Brugg
4095,Brugg,3191,1983-09-30,Incorporation of Lauffohr into Brugg
4095,Brugg,3135,1982-09-30,Incorporation of Lauffohr into Brugg
4095,Brugg,2990,1981-09-30,Incorporation of Lauffohr into Brugg
4095,Brugg,2954,1980-09-30,Incorporation of Lauffohr into Brugg
4095,Brugg,2847,1979-09-30,Incorporation of Lauffohr into Brugg
4095,Brugg,2742,1978-09-30,Incorporation of Lauffohr into Brugg
4095,Brugg,2620,1977-09-30,Incorporation of Lauffohr into Brugg
4095,Brugg,2561,1976-09-30,Incorporation of Lauffohr into Brugg
4193,Brunegg,663,2025-09-30,Initial recording of the municipality Brunegg
4193,Brunegg,641,2024-09-30,Initial recording of the municipality Brunegg
4193,Brunegg,620,2023-09-30,Initial recording of the municipality Brunegg
4193,Brunegg,604,2022-09-30,Initial recording of the municipality Brunegg
4193,Brunegg,604,2021-09-30,Initial recording of the municipality Brunegg
4193,Brunegg,604,2020-09-30,Initial recording of the municipality Brunegg
4193,Brunegg,596,2019-09-30,Initial recording of the municipality Brunegg
4193,Brunegg,571,2018-09-30,Initial recording of the municipality Brunegg
4193,Brunegg,540,2017-09-30,Initial recording of the municipality Brunegg
4193,Brunegg,524,2016-09-30,Initial recording of the municipality Brunegg
4193,Brunegg,520,2015-09-30,Initial recording of the municipality Brunegg
4193,Brunegg,494,2014-09-30,Initial recording of the municipality Brunegg
4193,Brunegg,493,2013-09-30,Initial recording of the municipality Brunegg
4193,Brunegg,477,2012-09-30,Initial recording of the municipality Brunegg
4193,Brunegg,475,2011-09-30,Initial recording of the municipality Brunegg
4193,Brunegg,457,2010-09-30,Initial recording of the municipality Brunegg
4193,Brunegg,437,2009-09-30,Initial recording of the municipality Brunegg
4193,Brunegg,397,2008-09-30,Initial recording of the municipality Brunegg
4193,Brunegg,356,2007-09-30,Initial recording of the municipality Brunegg
4193,Brunegg,325,2006-09-30,Initial recording of the municipality Brunegg
4193,Brunegg,313,2005-09-30,Initial recording of the municipality Brunegg
4193,Brunegg,333,2004-09-30,Initial recording of the municipality Brunegg
4193,Brunegg,321,2003-09-30,Initial recording of the municipality Brunegg
4193,Brunegg,319,2002-09-30,Initial recording of the municipality Brunegg
4193,Brunegg,354,2001-09-30,Initial recording of the municipality Brunegg
4193,Brunegg,338,2000-09-30,Initial recording of the municipality Brunegg
4193,Brunegg,312,1999-09-30,Initial recording of the municipality Brunegg
4193,Brunegg,297,1998-09-30,Initial recording of the municipality Brunegg
4193,Brunegg,286,1997-09-30,Initial recording of the municipality Brunegg
4193,Brunegg,265,1996-09-30,Initial recording of the municipality Brunegg
4193,Brunegg,263,1995-09-30,Initial recording of the municipality Brunegg
4193,Brunegg,255,1994-09-30,Initial recording of the municipality Brunegg
4193,Brunegg,246,1993-09-30,Initial recording of the municipality Brunegg
4193,Brunegg,231,1992-09-30,Initial recording of the municipality Brunegg
4193,Brunegg,221,1991-09-30,Initial recording of the municipality Brunegg
4193,Brunegg,213,1990-09-30,Initial recording of the municipality Brunegg
4193,Brunegg,188,1989-09-30,Initial recording of the municipality Brunegg
4193,Brunegg,177,1988-09-30,Initial recording of the municipality Brunegg
4193,Brunegg,181,1987-09-30,Initial recording of the municipality Brunegg
4193,Brunegg,178,1986-09-30,Initial recording of the municipality Brunegg
4193,Brunegg,166,1985-09-30,Initial recording of the municipality Brunegg
4193,Brunegg,166,1984-09-30,Initial recording of the municipality Brunegg
4193,Brunegg,155,1983-09-30,Initial recording of the municipality Brunegg
4193,Brunegg,150,1982-09-30,Initial recording of the municipality Brunegg
4193,Brunegg,143,1981-09-30,Initial recording of the municipality Brunegg
4193,Brunegg,146,1980-09-30,Initial recording of the municipality Brunegg
4193,Brunegg,140,1979-09-30,Initial recording of the municipality Brunegg
4193,Brunegg,119,1978-09-30,Initial recording of the municipality Brunegg
4193,Brunegg,119,1977-09-30,Initial recording of the municipality Brunegg
4193,Brunegg,107,1976-09-30,Initial recording of the municipality Brunegg
4003,Buchs (AG),4325,2025-09-30,Initial recording of the municipality Buchs (AG)
4003,Buchs (AG),4310,2024-09-30,Initial recording of the municipality Buchs (AG)
4003,Buchs (AG),4290,2023-09-30,Initial recording of the municipality Buchs (AG)
4003,Buchs (AG),4270,2022-09-30,Initial recording of the municipality Buchs (AG)
4003,Buchs (AG),4226,2021-09-30,Initial recording of the municipality Buchs (AG)
4003,Buchs (AG),4231,2020-09-30,Initial recording of the municipality Buchs (AG)
4003,Buchs (AG),4191,2019-09-30,Initial recording of the municipality Buchs (AG)
4003,Buchs (AG),4160,2018-09-30,Initial recording of the municipality Buchs (AG)
4003,Buchs (AG),4097,2017-09-30,Initial recording of the municipality Buchs (AG)
4003,Buchs (AG),4058,2016-09-30,Initial recording of the municipality Buchs (AG)
4003,Buchs (AG),3989,2015-09-30,Initial recording of the municipality Buchs (AG)
4003,Buchs (AG),3910,2014-09-30,Initial recording of the municipality Buchs (AG)
4003,Buchs (AG),3851,2013-09-30,Initial recording of the municipality Buchs (AG)
4003,Buchs (AG),3842,2012-09-30,Initial recording of the municipality Buchs (AG)
4003,Buchs (AG),3760,2011-09-30,Initial recording of the municipality Buchs (AG)
4003,Buchs (AG),3619,2010-09-30,Initial recording of the municipality Buchs (AG)
4003,Buchs (AG),3490,2009-09-30,Initial recording of the municipality Buchs (AG)
4003,Buchs (AG),3376,2008-09-30,Initial recording of the municipality Buchs (AG)
4003,Buchs (AG),3322,2007-09-30,Initial recording of the municipality Buchs (AG)
4003,Buchs (AG),3326,2006-09-30,Initial recording of the municipality Buchs (AG)
4003,Buchs (AG),3321,2005-09-30,Initial recording of the municipality Buchs (AG)
4003,Buchs (AG),3362,2004-09-30,Initial recording of the municipality Buchs (AG)
4003,Buchs (AG),3311,2003-09-30,Initial recording of the municipality Buchs (AG)
4003,Buchs (AG),3198,2002-09-30,Initial recording of the municipality Buchs (AG)
4003,Buchs (AG),3101,2001-09-30,Initial recording of the municipality Buchs (AG)
4003,Buchs (AG),3006,2000-09-30,Initial recording of the municipality Buchs (AG)
4003,Buchs (AG),2875,1999-09-30,Initial recording of the municipality Buchs (AG)
4003,Buchs (AG),2780,1998-09-30,Initial recording of the municipality Buchs (AG)
4003,Buchs (AG),2746,1997-09-30,Initial recording of the municipality Buchs (AG)
4003,Buchs (AG),2773,1996-09-30,Initial recording of the municipality Buchs (AG)
4003,Buchs (AG),2718,1995-09-30,Initial recording of the municipality Buchs (AG)
4003,Buchs (AG),2604,1994-09-30,Initial recording of the municipality Buchs (AG)
4003,Buchs (AG),2597,1993-09-30,Initial recording of the municipality Buchs (AG)
4003,Buchs (AG),2604,1992-09-30,Initial recording of the municipality Buchs (AG)
4003,Buchs (AG),2585,1991-09-30,Initial recording of the municipality Buchs (AG)
4003,Buchs (AG),2520,1990-09-30,Initial recording of the municipality Buchs (AG)
4003,Buchs (AG),2386,1989-09-30,Initial recording of the municipality Buchs (AG)
4003,Buchs (AG),2353,1988-09-30,Initial recording of the municipality Buchs (AG)
4003,Buchs (AG),2278,1987-09-30,Initial recording of the municipality Buchs (AG)
4003,Buchs (AG),2244,1986-09-30,Initial recording of the municipality Buchs (AG)
4003,Buchs (AG),2204,1985-09-30,Initial recording of the municipality Buchs (AG)
4003,Buchs (AG),2143,1984-09-30,Initial recording of the municipality Buchs (AG)
4003,Buchs (AG),2155,1983-09-30,Initial recording of the municipality Buchs (AG)
4003,Buchs (AG),2130,1982-09-30,Initial recording of the municipality Buchs (AG)
4003,Buchs (AG),2105,1981-09-30,Initial recording of the municipality Buchs (AG)
4003,Buchs (AG),2072,1980-09-30,Initial recording of the municipality Buchs (AG)
4003,Buchs (AG),2008,1979-09-30,Initial recording of the municipality Buchs (AG)
4003,Buchs (AG),1956,1978-09-30,Initial recording of the municipality Buchs (AG)
4003,Buchs (AG),1864,1977-09-30,Initial recording of the municipality Buchs (AG)
4003,Buchs (AG),1828,1976-09-30,Initial recording of the municipality Buchs (AG)
4133,Burg (AG),689,2022-09-30,Initial recording of the municipality Burg (AG)
4133,Burg (AG),643,2021-09-30,Initial recording of the municipality Burg (AG)
4133,Burg (AG),654,2020-09-30,Initial recording of the municipality Burg (AG)
4133,Burg (AG),649,2019-09-30,Initial recording of the municipality Burg (AG)
4133,Burg (AG),666,2018-09-30,Initial recording of the municipality Burg (AG)
4133,Burg (AG),659,2017-09-30,Initial recording of the municipality Burg (AG)
4133,Burg (AG),656,2016-09-30,Initial recording of the municipality Burg (AG)
4133,Burg (AG),629,2015-09-30,Initial recording of the municipality Burg (AG)
4133,Burg (AG),635,2014-09-30,Initial recording of the municipality Burg (AG)
4133,Burg (AG),644,2013-09-30,Initial recording of the municipality Burg (AG)
4133,Burg (AG),653,2012-09-30,Initial recording of the municipality Burg (AG)
4133,Burg (AG),647,2011-09-30,Initial recording of the municipality Burg (AG)
4133,Burg (AG),638,2010-09-30,Initial recording of the municipality Burg (AG)
4133,Burg (AG),620,2009-09-30,Initial recording of the municipality Burg (AG)
4133,Burg (AG),638,2008-09-30,Initial recording of the municipality Burg (AG)
4133,Burg (AG),625,2007-09-30,Initial recording of the municipality Burg (AG)
4133,Burg (AG),585,2006-09-30,Initial recording of the municipality Burg (AG)
4133,Burg (AG),567,2005-09-30,Initial recording of the municipality Burg (AG)
4133,Burg (AG),548,2004-09-30,Initial recording of the municipality Burg (AG)
4133,Burg (AG),522,2003-09-30,Initial recording of the municipality Burg (AG)
4133,Burg (AG),498,2002-09-30,Initial recording of the municipality Burg (AG)
4133,Burg (AG),490,2001-09-30,Initial recording of the municipality Burg (AG)
4133,Burg (AG),504,2000-09-30,Initial recording of the municipality Burg (AG)
4133,Burg (AG),493,1999-09-30,Initial recording of the municipality Burg (AG)
4133,Burg (AG),492,1998-09-30,Initial recording of the municipality Burg (AG)
4133,Burg (AG),522,1997-09-30,Initial recording of the municipality Burg (AG)
4133,Burg (AG),505,1996-09-30,Initial recording of the municipality Burg (AG)
4133,Burg (AG),522,1995-09-30,Initial recording of the municipality Burg (AG)
4133,Burg (AG),521,1994-09-30,Initial recording of the municipality Burg (AG)
4133,Burg (AG),485,1993-09-30,Initial recording of the municipality Burg (AG)
4133,Burg (AG),485,1992-09-30,Initial recording of the municipality Burg (AG)
4133,Burg (AG),482,1991-09-30,Initial recording of the municipality Burg (AG)
4133,Burg (AG),481,1990-09-30,Initial recording of the municipality Burg (AG)
4133,Burg (AG),476,1989-09-30,Initial recording of the municipality Burg (AG)
4133,Burg (AG),430,1988-09-30,Initial recording of the municipality Burg (AG)
4133,Burg (AG),410,1987-09-30,Initial recording of the municipality Burg (AG)
4133,Burg (AG),391,1986-09-30,Initial recording of the municipality Burg (AG)
4133,Burg (AG),366,1985-09-30,Initial recording of the municipality Burg (AG)
4133,Burg (AG),364,1984-09-30,Initial recording of the municipality Burg (AG)
4133,Burg (AG),361,1983-09-30,Initial recording of the municipality Burg (AG)
4133,Burg (AG),338,1982-09-30,Initial recording of the municipality Burg (AG)
4133,Burg (AG),334,1981-09-30,Initial recording of the municipality Burg (AG)
4133,Burg (AG),304,1980-09-30,Initial recording of the municipality Burg (AG)
4133,Burg (AG),296,1979-09-30,Initial recording of the municipality Burg (AG)
4133,Burg (AG),271,1978-09-30,Initial recording of the municipality Burg (AG)
4133,Burg (AG),240,1977-09-30,Initial recording of the municipality Burg (AG)
4133,Burg (AG),242,1976-09-30,Initial recording of the municipality Burg (AG)
4230,Buttwil,873,2025-09-30,Initial recording of the municipality Buttwil
4230,Buttwil,860,2024-09-30,Initial recording of the municipality Buttwil
4230,Buttwil,891,2023-09-30,Initial recording of the municipality Buttwil
4230,Buttwil,881,2022-09-30,Initial recording of the municipality Buttwil
4230,Buttwil,871,2021-09-30,Initial recording of the municipality Buttwil
4230,Buttwil,871,2020-09-30,Initial recording of the municipality Buttwil
4230,Buttwil,862,2019-09-30,Initial recording of the municipality Buttwil
4230,Buttwil,856,2018-09-30,Initial recording of the municipality Buttwil
4230,Buttwil,824,2017-09-30,Initial recording of the municipality Buttwil
4230,Buttwil,827,2016-09-30,Initial recording of the municipality Buttwil
4230,Buttwil,787,2015-09-30,Initial recording of the municipality Buttwil
4230,Buttwil,773,2014-09-30,Initial recording of the municipality Buttwil
4230,Buttwil,772,2013-09-30,Initial recording of the municipality Buttwil
4230,Buttwil,790,2012-09-30,Initial recording of the municipality Buttwil
4230,Buttwil,754,2011-09-30,Initial recording of the municipality Buttwil
4230,Buttwil,752,2010-09-30,Initial recording of the municipality Buttwil
4230,Buttwil,757,2009-09-30,Initial recording of the municipality Buttwil
4230,Buttwil,746,2008-09-30,Initial recording of the municipality Buttwil
4230,Buttwil,714,2007-09-30,Initial recording of the municipality Buttwil
4230,Buttwil,705,2006-09-30,Initial recording of the municipality Buttwil
4230,Buttwil,726,2005-09-30,Initial recording of the municipality Buttwil
4230,Buttwil,709,2004-09-30,Initial recording of the municipality Buttwil
4230,Buttwil,697,2003-09-30,Initial recording of the municipality Buttwil
4230,Buttwil,679,2002-09-30,Initial recording of the municipality Buttwil
4230,Buttwil,658,2001-09-30,Initial recording of the municipality Buttwil
4230,Buttwil,627,2000-09-30,Initial recording of the municipality Buttwil
4230,Buttwil,642,1999-09-30,Initial recording of the municipality Buttwil
4230,Buttwil,628,1998-09-30,Initial recording of the municipality Buttwil
4230,Buttwil,632,1997-09-30,Initial recording of the municipality Buttwil
4230,Buttwil,597,1996-09-30,Initial recording of the municipality Buttwil
4230,Buttwil,572,1995-09-30,Initial recording of the municipality Buttwil
4230,Buttwil,524,1994-09-30,Initial recording of the municipality Buttwil
4230,Buttwil,510,1993-09-30,Initial recording of the municipality Buttwil
4230,Buttwil,525,1992-09-30,Initial recording of the municipality Buttwil
4230,Buttwil,519,1991-09-30,Initial recording of the municipality Buttwil
4230,Buttwil,483,1990-09-30,Initial recording of the municipality Buttwil
4230,Buttwil,478,1989-09-30,Initial recording of the municipality Buttwil
4230,Buttwil,431,1988-09-30,Initial recording of the municipality Buttwil
4230,Buttwil,421,1987-09-30,Initial recording of the municipality Buttwil
4230,Buttwil,403,1986-09-30,Initial recording of the municipality Buttwil
4230,Buttwil,382,1985-09-30,Initial recording of the municipality Buttwil
4230,Buttwil,366,1984-09-30,Initial recording of the municipality Buttwil
4230,Buttwil,348,1983-09-30,Initial recording of the municipality Buttwil
4230,Buttwil,313,1982-09-30,Initial recording of the municipality Buttwil
4230,Buttwil,278,1981-09-30,Initial recording of the municipality Buttwil
4230,Buttwil,255,1980-09-30,Initial recording of the municipality Buttwil
4230,Buttwil,236,1979-09-30,Initial recording of the municipality Buttwil
4230,Buttwil,216,1978-09-30,Initial recording of the municipality Buttwil
4230,Buttwil,202,1977-09-30,Initial recording of the municipality Buttwil
4230,Buttwil,178,1976-09-30,Initial recording of the municipality Buttwil
4302,Böbikon,130,2021-09-30,Initial recording of the municipality Böbikon
4302,Böbikon,127,2020-09-30,Initial recording of the municipality Böbikon
4302,Böbikon,131,2019-09-30,Initial recording of the municipality Böbikon
4302,Böbikon,129,2018-09-30,Initial recording of the municipality Böbikon
4302,Böbikon,129,2017-09-30,Initial recording of the municipality Böbikon
4302,Böbikon,122,2016-09-30,Initial recording of the municipality Böbikon
4302,Böbikon,124,2015-09-30,Initial recording of the municipality Böbikon
4302,Böbikon,115,2014-09-30,Initial recording of the municipality Böbikon
4302,Böbikon,116,2013-09-30,Initial recording of the municipality Böbikon
4302,Böbikon,110,2012-09-30,Initial recording of the municipality Böbikon
4302,Böbikon,109,2011-09-30,Initial recording of the municipality Böbikon
4302,Böbikon,110,2010-09-30,Initial recording of the municipality Böbikon
4302,Böbikon,97,2009-09-30,Initial recording of the municipality Böbikon
4302,Böbikon,103,2008-09-30,Initial recording of the municipality Böbikon
4302,Böbikon,107,2007-09-30,Initial recording of the municipality Böbikon
4302,Böbikon,105,2006-09-30,Initial recording of the municipality Böbikon
4302,Böbikon,108,2005-09-30,Initial recording of the municipality Böbikon
4302,Böbikon,109,2004-09-30,Initial recording of the municipality Böbikon
4302,Böbikon,103,2003-09-30,Initial recording of the municipality Böbikon
4302,Böbikon,98,2002-09-30,Initial recording of the municipality Böbikon
4302,Böbikon,96,2001-09-30,Initial recording of the municipality Böbikon
4302,Böbikon,92,2000-09-30,Initial recording of the municipality Böbikon
4302,Böbikon,91,1999-09-30,Initial recording of the municipality Böbikon
4302,Böbikon,87,1998-09-30,Initial recording of the municipality Böbikon
4302,Böbikon,89,1997-09-30,Initial recording of the municipality Böbikon
4302,Böbikon,87,1996-09-30,Initial recording of the municipality Böbikon
4302,Böbikon,89,1995-09-30,Initial recording of the municipality Böbikon
4302,Böbikon,85,1994-09-30,Initial recording of the municipality Böbikon
4302,Böbikon,82,1993-09-30,Initial recording of the municipality Böbikon
4302,Böbikon,72,1992-09-30,Initial recording of the municipality Böbikon
4302,Böbikon,75,1991-09-30,Initial recording of the municipality Böbikon
4302,Böbikon,59,1990-09-30,Initial recording of the municipality Böbikon
4302,Böbikon,61,1989-09-30,Initial recording of the municipality Böbikon
4302,Böbikon,60,1988-09-30,Initial recording of the municipality Böbikon
4302,Böbikon,58,1987-09-30,Initial recording of the municipality Böbikon
4302,Böbikon,63,1986-09-30,Initial recording of the municipality Böbikon
4302,Böbikon,61,1985-09-30,Initial recording of the municipality Böbikon
4302,Böbikon,58,1984-09-30,Initial recording of the municipality Böbikon
4302,Böbikon,61,1983-09-30,Initial recording of the municipality Böbikon
4302,Böbikon,57,1982-09-30,Initial recording of the municipality Böbikon
4302,Böbikon,59,1981-09-30,Initial recording of the municipality Böbikon
4302,Böbikon,48,1980-09-30,Initial recording of the municipality Böbikon
4302,Böbikon,43,1979-09-30,Initial recording of the municipality Böbikon
4302,Böbikon,38,1978-09-30,Initial recording of the municipality Böbikon
4302,Böbikon,37,1977-09-30,Initial recording of the municipality Böbikon
4302,Böbikon,39,1976-09-30,Initial recording of the municipality Böbikon
4303,Böttstein,2641,2025-09-30,Initial recording of the municipality Böttstein
4303,Böttstein,2611,2024-09-30,Initial recording of the municipality Böttstein
4303,Böttstein,2556,2023-09-30,Initial recording of the municipality Böttstein
4303,Böttstein,2443,2022-09-30,Initial recording of the municipality Böttstein
4303,Böttstein,2395,2021-09-30,Initial recording of the municipality Böttstein
4303,Böttstein,2387,2020-09-30,Initial recording of the municipality Böttstein
4303,Böttstein,2345,2019-09-30,Initial recording of the municipality Böttstein
4303,Böttstein,2323,2018-09-30,Initial recording of the municipality Böttstein
4303,Böttstein,2333,2017-09-30,Initial recording of the municipality Böttstein
4303,Böttstein,2300,2016-09-30,Initial recording of the municipality Böttstein
4303,Böttstein,2282,2015-09-30,Initial recording of the municipality Böttstein
4303,Böttstein,2151,2014-09-30,Initial recording of the municipality Böttstein
4303,Böttstein,2143,2013-09-30,Initial recording of the municipality Böttstein
4303,Böttstein,2155,2012-09-30,Initial recording of the municipality Böttstein
4303,Böttstein,2086,2011-09-30,Initial recording of the municipality Böttstein
4303,Böttstein,2029,2010-09-30,Initial recording of the municipality Böttstein
4303,Böttstein,2034,2009-09-30,Initial recording of the municipality Böttstein
4303,Böttstein,2008,2008-09-30,Initial recording of the municipality Böttstein
4303,Böttstein,1989,2007-09-30,Initial recording of the municipality Böttstein
4303,Böttstein,1962,2006-09-30,Initial recording of the municipality Böttstein
4303,Böttstein,1945,2005-09-30,Initial recording of the municipality Böttstein
4303,Böttstein,1892,2004-09-30,Initial recording of the municipality Böttstein
4303,Böttstein,1894,2003-09-30,Initial recording of the municipality Böttstein
4303,Böttstein,1848,2002-09-30,Initial recording of the municipality Böttstein
4303,Böttstein,1793,2001-09-30,Initial recording of the municipality Böttstein
4303,Böttstein,1784,2000-09-30,Initial recording of the municipality Böttstein
4303,Böttstein,1776,1999-09-30,Initial recording of the municipality Böttstein
4303,Böttstein,1757,1998-09-30,Initial recording of the municipality Böttstein
4303,Böttstein,1719,1997-09-30,Initial recording of the municipality Böttstein
4303,Böttstein,1719,1996-09-30,Initial recording of the municipality Böttstein
4303,Böttstein,1693,1995-09-30,Initial recording of the municipality Böttstein
4303,Böttstein,1668,1994-09-30,Initial recording of the municipality Böttstein
4303,Böttstein,1635,1993-09-30,Initial recording of the municipality Böttstein
4303,Böttstein,1606,1992-09-30,Initial recording of the municipality Böttstein
4303,Böttstein,1574,1991-09-30,Initial recording of the municipality Böttstein
4303,Böttstein,1515,1990-09-30,Initial recording of the municipality Böttstein
4303,Böttstein,1400,1989-09-30,Initial recording of the municipality Böttstein
4303,Böttstein,1342,1988-09-30,Initial recording of the municipality Böttstein
4303,Böttstein,1268,1987-09-30,Initial recording of the municipality Böttstein
4303,Böttstein,1192,1986-09-30,Initial recording of the municipality Böttstein
4303,Böttstein,1116,1985-09-30,Initial recording of the municipality Böttstein
4303,Böttstein,1108,1984-09-30,Initial recording of the municipality Böttstein
4303,Böttstein,1076,1983-09-30,Initial recording of the municipality Böttstein
4303,Böttstein,1051,1982-09-30,Initial recording of the municipality Böttstein
4303,Böttstein,1019,1981-09-30,Initial recording of the municipality Böttstein
4303,Böttstein,965,1980-09-30,Initial recording of the municipality Böttstein
4303,Böttstein,932,1979-09-30,Initial recording of the municipality Böttstein
4303,Böttstein,868,1978-09-30,Initial recording of the municipality Böttstein
4303,Böttstein,805,1977-09-30,Initial recording of the municipality Böttstein
4303,Böttstein,800,1976-09-30,Initial recording of the municipality Böttstein
4124,Bözberg,1138,2025-09-30,"Fusion of Gallenkirch, Linn, Oberbözberg and Unterbözberg into Bözberg"
4124,Bözberg,1140,2024-09-30,"Fusion of Gallenkirch, Linn, Oberbözberg and Unterbözberg into Bözberg"
4124,Bözberg,1092,2023-09-30,"Fusion of Gallenkirch, Linn, Oberbözberg and Unterbözberg into Bözberg"
4124,Bözberg,1085,2022-09-30,"Fusion of Gallenkirch, Linn, Oberbözberg and Unterbözberg into Bözberg"
4124,Bözberg,1072,2021-09-30,"Fusion of Gallenkirch, Linn, Oberbözberg and Unterbözberg into Bözberg"
4124,Bözberg,1079,2020-09-30,"Fusion of Gallenkirch, Linn, Oberbözberg and Unterbözberg into Bözberg"
4124,Bözberg,1064,2019-09-30,"Fusion of Gallenkirch, Linn, Oberbözberg and Unterbözberg into Bözberg"
4124,Bözberg,1048,2018-09-30,"Fusion of Gallenkirch, Linn, Oberbözberg and Unterbözberg into Bözberg"
4124,Bözberg,1023,2017-09-30,"Fusion of Gallenkirch, Linn, Oberbözberg and Unterbözberg into Bözberg"
4124,Bözberg,1046,2016-09-30,"Fusion of Gallenkirch, Linn, Oberbözberg and Unterbözberg into Bözberg"
4124,Bözberg,1051,2015-09-30,"Fusion of Gallenkirch, Linn, Oberbözberg and Unterbözberg into Bözberg"
4124,Bözberg,1042,2014-09-30,"Fusion of Gallenkirch, Linn, Oberbözberg and Unterbözberg into Bözberg"
4124,Bözberg,1013,2013-09-30,"Fusion of Gallenkirch, Linn, Oberbözberg and Unterbözberg into Bözberg"
4094,Bözen,581,2021-09-30,Initial recording of the municipality Bözen
4094,Bözen,593,2020-09-30,Initial recording of the municipality Bözen
4094,Bözen,539,2019-09-30,Initial recording of the municipality Bözen
4094,Bözen,506,2018-09-30,Initial recording of the municipality Bözen
4094,Bözen,517,2017-09-30,Initial recording of the municipality Bözen
4094,Bözen,507,2016-09-30,Initial recording of the municipality Bözen
4094,Bözen,492,2015-09-30,Initial recording of the municipality Bözen
4094,Bözen,489,2014-09-30,Initial recording of the municipality Bözen
4094,Bözen,494,2013-09-30,Initial recording of the municipality Bözen
4094,Bözen,465,2012-09-30,Initial recording of the municipality Bözen
4094,Bözen,446,2011-09-30,Initial recording of the municipality Bözen
4094,Bözen,447,2010-09-30,Initial recording of the municipality Bözen
4094,Bözen,413,2009-09-30,Initial recording of the municipality Bözen
4094,Bözen,414,2008-09-30,Initial recording of the municipality Bözen
4094,Bözen,408,2007-09-30,Initial recording of the municipality Bözen
4094,Bözen,390,2006-09-30,Initial recording of the municipality Bözen
4094,Bözen,389,2005-09-30,Initial recording of the municipality Bözen
4094,Bözen,381,2004-09-30,Initial recording of the municipality Bözen
4094,Bözen,377,2003-09-30,Initial recording of the municipality Bözen
4094,Bözen,363,2002-09-30,Initial recording of the municipality Bözen
4094,Bözen,350,2001-09-30,Initial recording of the municipality Bözen
4094,Bözen,344,2000-09-30,Initial recording of the municipality Bözen
4094,Bözen,323,1999-09-30,Initial recording of the municipality Bözen
4094,Bözen,309,1998-09-30,Initial recording of the municipality Bözen
4094,Bözen,301,1997-09-30,Initial recording of the municipality Bözen
4094,Bözen,297,1996-09-30,Initial recording of the municipality Bözen
4094,Bözen,286,1995-09-30,Initial recording of the municipality Bözen
4094,Bözen,292,1994-09-30,Initial recording of the municipality Bözen
4094,Bözen,278,1993-09-30,Initial recording of the municipality Bözen
4094,Bözen,284,1992-09-30,Initial recording of the municipality Bözen
4094,Bözen,266,1991-09-30,Initial recording of the municipality Bözen
4094,Bözen,255,1990-09-30,Initial recording of the municipality Bözen
4094,Bözen,238,1989-09-30,Initial recording of the municipality Bözen
4094,Bözen,230,1988-09-30,Initial recording of the municipality Bözen
4094,Bözen,223,1987-09-30,Initial recording of the municipality Bözen
4094,Bözen,206,1986-09-30,Initial recording of the municipality Bözen
4094,Bözen,208,1985-09-30,Initial recording of the municipality Bözen
4094,Bözen,187,1984-09-30,Initial recording of the municipality Bözen
4094,Bözen,174,1983-09-30,Initial recording of the municipality Bözen
4094,Bözen,164,1982-09-30,Initial recording of the municipality Bözen
4094,Bözen,151,1981-09-30,Initial recording of the municipality Bözen
4094,Bözen,152,1980-09-30,Initial recording of the municipality Bözen
4094,Bözen,139,1979-09-30,Initial recording of the municipality Bözen
4094,Bözen,134,1978-09-30,Initial recording of the municipality Bözen
4094,Bözen,130,1977-09-30,Initial recording of the municipality Bözen
4094,Bözen,121,1976-09-30,Initial recording of the municipality Bözen
4185,Böztal,1955,2025-09-30,"Fusion of Bözen, Effingen, Elfingen and Hornussen into Böztal"
4185,Böztal,1939,2024-09-30,"Fusion of Bözen, Effingen, Elfingen and Hornussen into Böztal"
4185,Böztal,1899,2023-09-30,"Fusion of Bözen, Effingen, Elfingen and Hornussen into Böztal"
4185,Böztal,1874,2022-09-30,"Fusion of Bözen, Effingen, Elfingen and Hornussen into Böztal"
4229,Bünzen,777,2025-09-30,Initial recording of the municipality Bünzen
4229,Bünzen,765,2024-09-30,Initial recording of the municipality Bünzen
4229,Bünzen,766,2023-09-30,Initial recording of the municipality Bünzen
4229,Bünzen,761,2022-09-30,Initial recording of the municipality Bünzen
4229,Bünzen,730,2021-09-30,Initial recording of the municipality Bünzen
4229,Bünzen,718,2020-09-30,Initial recording of the municipality Bünzen
4229,Bünzen,682,2019-09-30,Initial recording of the municipality Bünzen
4229,Bünzen,705,2018-09-30,Initial recording of the municipality Bünzen
4229,Bünzen,710,2017-09-30,Initial recording of the municipality Bünzen
4229,Bünzen,670,2016-09-30,Initial recording of the municipality Bünzen
4229,Bünzen,654,2015-09-30,Initial recording of the municipality Bünzen
4229,Bünzen,639,2014-09-30,Initial recording of the municipality Bünzen
4229,Bünzen,626,2013-09-30,Initial recording of the municipality Bünzen
4229,Bünzen,621,2012-09-30,Initial recording of the municipality Bünzen
4229,Bünzen,597,2011-09-30,Initial recording of the municipality Bünzen
4229,Bünzen,568,2010-09-30,Initial recording of the municipality Bünzen
4229,Bünzen,564,2009-09-30,Initial recording of the municipality Bünzen
4229,Bünzen,551,2008-09-30,Initial recording of the municipality Bünzen
4229,Bünzen,544,2007-09-30,Initial recording of the municipality Bünzen
4229,Bünzen,518,2006-09-30,Initial recording of the municipality Bünzen
4229,Bünzen,520,2005-09-30,Initial recording of the municipality Bünzen
4229,Bünzen,489,2004-09-30,Initial recording of the municipality Bünzen
4229,Bünzen,484,2003-09-30,Initial recording of the municipality Bünzen
4229,Bünzen,468,2002-09-30,Initial recording of the municipality Bünzen
4229,Bünzen,462,2001-09-30,Initial recording of the municipality Bünzen
4229,Bünzen,438,2000-09-30,Initial recording of the municipality Bünzen
4229,Bünzen,426,1999-09-30,Initial recording of the municipality Bünzen
4229,Bünzen,424,1998-09-30,Initial recording of the municipality Bünzen
4229,Bünzen,423,1997-09-30,Initial recording of the municipality Bünzen
4229,Bünzen,403,1996-09-30,Initial recording of the municipality Bünzen
4229,Bünzen,381,1995-09-30,Initial recording of the municipality Bünzen
4229,Bünzen,387,1994-09-30,Initial recording of the municipality Bünzen
4229,Bünzen,387,1993-09-30,Initial recording of the municipality Bünzen
4229,Bünzen,373,1992-09-30,Initial recording of the municipality Bünzen
4229,Bünzen,362,1991-09-30,Initial recording of the municipality Bünzen
4229,Bünzen,342,1990-09-30,Initial recording of the municipality Bünzen
4229,Bünzen,355,1989-09-30,Initial recording of the municipality Bünzen
4229,Bünzen,336,1988-09-30,Initial recording of the municipality Bünzen
4229,Bünzen,320,1987-09-30,Initial recording of the municipality Bünzen
4229,Bünzen,317,1986-09-30,Initial recording of the municipality Bünzen
4229,Bünzen,303,1985-09-30,Initial recording of the municipality Bünzen
4229,Bünzen,288,1984-09-30,Initial recording of the municipality Bünzen
4229,Bünzen,277,1983-09-30,Initial recording of the municipality Bünzen
4229,Bünzen,267,1982-09-30,Initial recording of the municipality Bünzen
4229,Bünzen,241,1981-09-30,Initial recording of the municipality Bünzen
4229,Bünzen,239,1980-09-30,Initial recording of the municipality Bünzen
4229,Bünzen,235,1979-09-30,Initial recording of the municipality Bünzen
4229,Bünzen,234,1978-09-30,Initial recording of the municipality Bünzen
4229,Bünzen,210,1977-09-30,Initial recording of the municipality Bünzen
4229,Bünzen,192,1976-09-30,Initial recording of the municipality Bünzen
4064,Büttikon,752,2025-09-30,Initial recording of the municipality Büttikon
4064,Büttikon,741,2024-09-30,Initial recording of the municipality Büttikon
4064,Büttikon,731,2023-09-30,Initial recording of the municipality Büttikon
4064,Büttikon,715,2022-09-30,Initial recording of the municipality Büttikon
4064,Büttikon,730,2021-09-30,Initial recording of the municipality Büttikon
4064,Büttikon,688,2020-09-30,Initial recording of the municipality Büttikon
4064,Büttikon,668,2019-09-30,Initial recording of the municipality Büttikon
4064,Büttikon,691,2018-09-30,Initial recording of the municipality Büttikon
4064,Büttikon,697,2017-09-30,Initial recording of the municipality Büttikon
4064,Büttikon,703,2016-09-30,Initial recording of the municipality Büttikon
4064,Büttikon,667,2015-09-30,Initial recording of the municipality Büttikon
4064,Büttikon,664,2014-09-30,Initial recording of the municipality Büttikon
4064,Büttikon,626,2013-09-30,Initial recording of the municipality Büttikon
4064,Büttikon,613,2012-09-30,Initial recording of the municipality Büttikon
4064,Büttikon,603,2011-09-30,Initial recording of the municipality Büttikon
4064,Büttikon,602,2010-09-30,Initial recording of the municipality Büttikon
4064,Büttikon,626,2009-09-30,Initial recording of the municipality Büttikon
4064,Büttikon,577,2008-09-30,Initial recording of the municipality Büttikon
4064,Büttikon,580,2007-09-30,Initial recording of the municipality Büttikon
4064,Büttikon,520,2006-09-30,Initial recording of the municipality Büttikon
4064,Büttikon,495,2005-09-30,Initial recording of the municipality Büttikon
4064,Büttikon,459,2004-09-30,Initial recording of the municipality Büttikon
4064,Büttikon,446,2003-09-30,Initial recording of the municipality Büttikon
4064,Büttikon,408,2002-09-30,Initial recording of the municipality Büttikon
4064,Büttikon,404,2001-09-30,Initial recording of the municipality Büttikon
4064,Büttikon,369,2000-09-30,Initial recording of the municipality Büttikon
4064,Büttikon,353,1999-09-30,Initial recording of the municipality Büttikon
4064,Büttikon,347,1998-09-30,Initial recording of the municipality Büttikon
4064,Büttikon,329,1997-09-30,Initial recording of the municipality Büttikon
4064,Büttikon,329,1996-09-30,Initial recording of the municipality Büttikon
4064,Büttikon,326,1995-09-30,Initial recording of the municipality Büttikon
4064,Büttikon,327,1994-09-30,Initial recording of the municipality Büttikon
4064,Büttikon,320,1993-09-30,Initial recording of the municipality Büttikon
4064,Büttikon,316,1992-09-30,Initial recording of the municipality Büttikon
4064,Büttikon,302,1991-09-30,Initial recording of the municipality Büttikon
4064,Büttikon,300,1990-09-30,Initial recording of the municipality Büttikon
4064,Büttikon,296,1989-09-30,Initial recording of the municipality Büttikon
4064,Büttikon,272,1988-09-30,Initial recording of the municipality Büttikon
4064,Büttikon,261,1987-09-30,Initial recording of the municipality Büttikon
4064,Büttikon,245,1986-09-30,Initial recording of the municipality Büttikon
4064,Büttikon,218,1985-09-30,Initial recording of the municipality Büttikon
4064,Büttikon,206,1984-09-30,Initial recording of the municipality Büttikon
4064,Büttikon,206,1983-09-30,Initial recording of the municipality Büttikon
4064,Büttikon,206,1982-09-30,Initial recording of the municipality Büttikon
4064,Büttikon,194,1981-09-30,Initial recording of the municipality Büttikon
4064,Büttikon,176,1980-09-30,Initial recording of the municipality Büttikon
4064,Büttikon,179,1979-09-30,Initial recording of the municipality Büttikon
4064,Büttikon,167,1978-09-30,Initial recording of the municipality Büttikon
4064,Büttikon,170,1977-09-30,Initial recording of the municipality Büttikon
4064,Büttikon,160,1976-09-30,Initial recording of the municipality Büttikon
4004,Densbüren,519,2025-09-30,Initial recording of the municipality Densbüren
4004,Densbüren,509,2024-09-30,Initial recording of the municipality Densbüren
4004,Densbüren,499,2023-09-30,Initial recording of the municipality Densbüren
4004,Densbüren,488,2022-09-30,Initial recording of the municipality Densbüren
4004,Densbüren,499,2021-09-30,Initial recording of the municipality Densbüren
4004,Densbüren,487,2020-09-30,Initial recording of the municipality Densbüren
4004,Densbüren,469,2019-09-30,Initial recording of the municipality Densbüren
4004,Densbüren,480,2018-09-30,Initial recording of the municipality Densbüren
4004,Densbüren,463,2017-09-30,Initial recording of the municipality Densbüren
4004,Densbüren,450,2016-09-30,Initial recording of the municipality Densbüren
4004,Densbüren,440,2015-09-30,Initial recording of the municipality Densbüren
4004,Densbüren,427,2014-09-30,Initial recording of the municipality Densbüren
4004,Densbüren,438,2013-09-30,Initial recording of the municipality Densbüren
4004,Densbüren,430,2012-09-30,Initial recording of the municipality Densbüren
4004,Densbüren,415,2011-09-30,Initial recording of the municipality Densbüren
4004,Densbüren,399,2010-09-30,Initial recording of the municipality Densbüren
4004,Densbüren,400,2009-09-30,Initial recording of the municipality Densbüren
4004,Densbüren,383,2008-09-30,Initial recording of the municipality Densbüren
4004,Densbüren,395,2007-09-30,Initial recording of the municipality Densbüren
4004,Densbüren,392,2006-09-30,Initial recording of the municipality Densbüren
4004,Densbüren,388,2005-09-30,Initial recording of the municipality Densbüren
4004,Densbüren,386,2004-09-30,Initial recording of the municipality Densbüren
4004,Densbüren,368,2003-09-30,Initial recording of the municipality Densbüren
4004,Densbüren,369,2002-09-30,Initial recording of the municipality Densbüren
4004,Densbüren,353,2001-09-30,Initial recording of the municipality Densbüren
4004,Densbüren,360,2000-09-30,Initial recording of the municipality Densbüren
4004,Densbüren,344,1999-09-30,Initial recording of the municipality Densbüren
4004,Densbüren,334,1998-09-30,Initial recording of the municipality Densbüren
4004,Densbüren,330,1997-09-30,Initial recording of the municipality Densbüren
4004,Densbüren,327,1996-09-30,Initial recording of the municipality Densbüren
4004,Densbüren,329,1995-09-30,Initial recording of the municipality Densbüren
4004,Densbüren,316,1994-09-30,Initial recording of the municipality Densbüren
4004,Densbüren,309,1993-09-30,Initial recording of the municipality Densbüren
4004,Densbüren,296,1992-09-30,Initial recording of the municipality Densbüren
4004,Densbüren,294,1991-09-30,Initial recording of the municipality Densbüren
4004,Densbüren,293,1990-09-30,Initial recording of the municipality Densbüren
4004,Densbüren,282,1989-09-30,Initial recording of the municipality Densbüren
4004,Densbüren,264,1988-09-30,Initial recording of the municipality Densbüren
4004,Densbüren,246,1987-09-30,Initial recording of the municipality Densbüren
4004,Densbüren,232,1986-09-30,Initial recording of the municipality Densbüren
4004,Densbüren,232,1985-09-30,Initial recording of the municipality Densbüren
4004,Densbüren,232,1984-09-30,Initial recording of the municipality Densbüren
4004,Densbüren,226,1983-09-30,Initial recording of the municipality Densbüren
4004,Densbüren,225,1982-09-30,Initial recording of the municipality Densbüren
4004,Densbüren,224,1981-09-30,Initial recording of the municipality Densbüren
4004,Densbüren,216,1980-09-30,Initial recording of the municipality Densbüren
4004,Densbüren,202,1979-09-30,Initial recording of the municipality Densbüren
4004,Densbüren,176,1978-09-30,Initial recording of the municipality Densbüren
4004,Densbüren,167,1977-09-30,Initial recording of the municipality Densbüren
4004,Densbüren,160,1976-09-30,Initial recording of the municipality Densbüren
4231,Dietwil,854,2025-09-30,Initial recording of the municipality Dietwil
4231,Dietwil,849,2024-09-30,Initial recording of the municipality Dietwil
4231,Dietwil,849,2023-09-30,Initial recording of the municipality Dietwil
4231,Dietwil,832,2022-09-30,Initial recording of the municipality Dietwil
4231,Dietwil,797,2021-09-30,Initial recording of the municipality Dietwil
4231,Dietwil,781,2020-09-30,Initial recording of the municipality Dietwil
4231,Dietwil,774,2019-09-30,Initial recording of the municipality Dietwil
4231,Dietwil,769,2018-09-30,Initial recording of the municipality Dietwil
4231,Dietwil,776,2017-09-30,Initial recording of the municipality Dietwil
4231,Dietwil,773,2016-09-30,Initial recording of the municipality Dietwil
4231,Dietwil,764,2015-09-30,Initial recording of the municipality Dietwil
4231,Dietwil,767,2014-09-30,Initial recording of the municipality Dietwil
4231,Dietwil,746,2013-09-30,Initial recording of the municipality Dietwil
4231,Dietwil,736,2012-09-30,Initial recording of the municipality Dietwil
4231,Dietwil,692,2011-09-30,Initial recording of the municipality Dietwil
4231,Dietwil,683,2010-09-30,Initial recording of the municipality Dietwil
4231,Dietwil,644,2009-09-30,Initial recording of the municipality Dietwil
4231,Dietwil,617,2008-09-30,Initial recording of the municipality Dietwil
4231,Dietwil,584,2007-09-30,Initial recording of the municipality Dietwil
4231,Dietwil,566,2006-09-30,Initial recording of the municipality Dietwil
4231,Dietwil,554,2005-09-30,Initial recording of the municipality Dietwil
4231,Dietwil,550,2004-09-30,Initial recording of the municipality Dietwil
4231,Dietwil,552,2003-09-30,Initial recording of the municipality Dietwil
4231,Dietwil,550,2002-09-30,Initial recording of the municipality Dietwil
4231,Dietwil,519,2001-09-30,Initial recording of the municipality Dietwil
4231,Dietwil,497,2000-09-30,Initial recording of the municipality Dietwil
4231,Dietwil,466,1999-09-30,Initial recording of the municipality Dietwil
4231,Dietwil,455,1998-09-30,Initial recording of the municipality Dietwil
4231,Dietwil,449,1997-09-30,Initial recording of the municipality Dietwil
4231,Dietwil,452,1996-09-30,Initial recording of the municipality Dietwil
4231,Dietwil,433,1995-09-30,Initial recording of the municipality Dietwil
4231,Dietwil,411,1994-09-30,Initial recording of the municipality Dietwil
4231,Dietwil,408,1993-09-30,Initial recording of the municipality Dietwil
4231,Dietwil,388,1992-09-30,Initial recording of the municipality Dietwil
4231,Dietwil,359,1991-09-30,Initial recording of the municipality Dietwil
4231,Dietwil,345,1990-09-30,Initial recording of the municipality Dietwil
4231,Dietwil,324,1989-09-30,Initial recording of the municipality Dietwil
4231,Dietwil,311,1988-09-30,Initial recording of the municipality Dietwil
4231,Dietwil,288,1987-09-30,Initial recording of the municipality Dietwil
4231,Dietwil,266,1986-09-30,Initial recording of the municipality Dietwil
4231,Dietwil,243,1985-09-30,Initial recording of the municipality Dietwil
4231,Dietwil,224,1984-09-30,Initial recording of the municipality Dietwil
4231,Dietwil,213,1983-09-30,Initial recording of the municipality Dietwil
4231,Dietwil,211,1982-09-30,Initial recording of the municipality Dietwil
4231,Dietwil,204,1981-09-30,Initial recording of the municipality Dietwil
4231,Dietwil,199,1980-09-30,Initial recording of the municipality Dietwil
4231,Dietwil,201,1979-09-30,Initial recording of the municipality Dietwil
4231,Dietwil,195,1978-09-30,Initial recording of the municipality Dietwil
4231,Dietwil,173,1977-09-30,Initial recording of the municipality Dietwil
4231,Dietwil,175,1976-09-30,Initial recording of the municipality Dietwil
4194,Dintikon,1579,2025-09-30,Initial recording of the municipality Dintikon
4194,Dintikon,1602,2024-09-30,Initial recording of the municipality Dintikon
4194,Dintikon,1609,2023-09-30,Initial recording of the municipality Dintikon
4194,Dintikon,1584,2022-09-30,Initial recording of the municipality Dintikon
4194,Dintikon,1549,2021-09-30,Initial recording of the municipality Dintikon
4194,Dintikon,1542,2020-09-30,Initial recording of the municipality Dintikon
4194,Dintikon,1508,2019-09-30,Initial recording of the municipality Dintikon
4194,Dintikon,1502,2018-09-30,Initial recording of the municipality Dintikon
4194,Dintikon,1482,2017-09-30,Initial recording of the municipality Dintikon
4194,Dintikon,1444,2016-09-30,Initial recording of the municipality Dintikon
4194,Dintikon,1426,2015-09-30,Initial recording of the municipality Dintikon
4194,Dintikon,1413,2014-09-30,Initial recording of the municipality Dintikon
4194,Dintikon,1375,2013-09-30,Initial recording of the municipality Dintikon
4194,Dintikon,1353,2012-09-30,Initial recording of the municipality Dintikon
4194,Dintikon,1302,2011-09-30,Initial recording of the municipality Dintikon
4194,Dintikon,1268,2010-09-30,Initial recording of the municipality Dintikon
4194,Dintikon,1206,2009-09-30,Initial recording of the municipality Dintikon
4194,Dintikon,1118,2008-09-30,Initial recording of the municipality Dintikon
4194,Dintikon,1011,2007-09-30,Initial recording of the municipality Dintikon
4194,Dintikon,946,2006-09-30,Initial recording of the municipality Dintikon
4194,Dintikon,917,2005-09-30,Initial recording of the municipality Dintikon
4194,Dintikon,899,2004-09-30,Initial recording of the municipality Dintikon
4194,Dintikon,884,2003-09-30,Initial recording of the municipality Dintikon
4194,Dintikon,868,2002-09-30,Initial recording of the municipality Dintikon
4194,Dintikon,799,2001-09-30,Initial recording of the municipality Dintikon
4194,Dintikon,788,2000-09-30,Initial recording of the municipality Dintikon
4194,Dintikon,762,1999-09-30,Initial recording of the municipality Dintikon
4194,Dintikon,726,1998-09-30,Initial recording of the municipality Dintikon
4194,Dintikon,694,1997-09-30,Initial recording of the municipality Dintikon
4194,Dintikon,672,1996-09-30,Initial recording of the municipality Dintikon
4194,Dintikon,652,1995-09-30,Initial recording of the municipality Dintikon
4194,Dintikon,627,1994-09-30,Initial recording of the municipality Dintikon
4194,Dintikon,591,1993-09-30,Initial recording of the municipality Dintikon
4194,Dintikon,571,1992-09-30,Initial recording of the municipality Dintikon
4194,Dintikon,575,1991-09-30,Initial recording of the municipality Dintikon
4194,Dintikon,557,1990-09-30,Initial recording of the municipality Dintikon
4194,Dintikon,493,1989-09-30,Initial recording of the municipality Dintikon
4194,Dintikon,474,1988-09-30,Initial recording of the municipality Dintikon
4194,Dintikon,479,1987-09-30,Initial recording of the municipality Dintikon
4194,Dintikon,460,1986-09-30,Initial recording of the municipality Dintikon
4194,Dintikon,424,1985-09-30,Initial recording of the municipality Dintikon
4194,Dintikon,397,1984-09-30,Initial recording of the municipality Dintikon
4194,Dintikon,366,1983-09-30,Initial recording of the municipality Dintikon
4194,Dintikon,340,1982-09-30,Initial recording of the municipality Dintikon
4194,Dintikon,321,1981-09-30,Initial recording of the municipality Dintikon
4194,Dintikon,289,1980-09-30,Initial recording of the municipality Dintikon
4194,Dintikon,269,1979-09-30,Initial recording of the municipality Dintikon
4194,Dintikon,251,1978-09-30,Initial recording of the municipality Dintikon
4194,Dintikon,234,1977-09-30,Initial recording of the municipality Dintikon
4194,Dintikon,229,1976-09-30,Initial recording of the municipality Dintikon
4065,Dottikon,3163,2025-09-30,Initial recording of the municipality Dottikon
4065,Dottikon,2515,2024-09-30,Initial recording of the municipality Dottikon
4065,Dottikon,2475,2023-09-30,Initial recording of the municipality Dottikon
4065,Dottikon,2470,2022-09-30,Initial recording of the municipality Dottikon
4065,Dottikon,2423,2021-09-30,Initial recording of the municipality Dottikon
4065,Dottikon,2393,2020-09-30,Initial recording of the municipality Dottikon
4065,Dottikon,2355,2019-09-30,Initial recording of the municipality Dottikon
4065,Dottikon,2351,2018-09-30,Initial recording of the municipality Dottikon
4065,Dottikon,2357,2017-09-30,Initial recording of the municipality Dottikon
4065,Dottikon,2344,2016-09-30,Initial recording of the municipality Dottikon
4065,Dottikon,2305,2015-09-30,Initial recording of the municipality Dottikon
4065,Dottikon,2299,2014-09-30,Initial recording of the municipality Dottikon
4065,Dottikon,2192,2013-09-30,Initial recording of the municipality Dottikon
4065,Dottikon,2631,2012-09-30,Initial recording of the municipality Dottikon
4065,Dottikon,2447,2011-09-30,Initial recording of the municipality Dottikon
4065,Dottikon,2357,2010-09-30,Initial recording of the municipality Dottikon
4065,Dottikon,2277,2009-09-30,Initial recording of the municipality Dottikon
4065,Dottikon,2253,2008-09-30,Initial recording of the municipality Dottikon
4065,Dottikon,2267,2007-09-30,Initial recording of the municipality Dottikon
4065,Dottikon,2229,2006-09-30,Initial recording of the municipality Dottikon
4065,Dottikon,2179,2005-09-30,Initial recording of the municipality Dottikon
4065,Dottikon,2130,2004-09-30,Initial recording of the municipality Dottikon
4065,Dottikon,2101,2003-09-30,Initial recording of the municipality Dottikon
4065,Dottikon,2073,2002-09-30,Initial recording of the municipality Dottikon
4065,Dottikon,2012,2001-09-30,Initial recording of the municipality Dottikon
4065,Dottikon,1930,2000-09-30,Initial recording of the municipality Dottikon
4065,Dottikon,1898,1999-09-30,Initial recording of the municipality Dottikon
4065,Dottikon,1801,1998-09-30,Initial recording of the municipality Dottikon
4065,Dottikon,1762,1997-09-30,Initial recording of the municipality Dottikon
4065,Dottikon,1733,1996-09-30,Initial recording of the municipality Dottikon
4065,Dottikon,1680,1995-09-30,Initial recording of the municipality Dottikon
4065,Dottikon,1621,1994-09-30,Initial recording of the municipality Dottikon
4065,Dottikon,1566,1993-09-30,Initial recording of the municipality Dottikon
4065,Dottikon,1504,1992-09-30,Initial recording of the municipality Dottikon
4065,Dottikon,1513,1991-09-30,Initial recording of the municipality Dottikon
4065,Dottikon,1479,1990-09-30,Initial recording of the municipality Dottikon
4065,Dottikon,1468,1989-09-30,Initial recording of the municipality Dottikon
4065,Dottikon,1401,1988-09-30,Initial recording of the municipality Dottikon
4065,Dottikon,1324,1987-09-30,Initial recording of the municipality Dottikon
4065,Dottikon,1252,1986-09-30,Initial recording of the municipality Dottikon
4065,Dottikon,1211,1985-09-30,Initial recording of the municipality Dottikon
4065,Dottikon,1162,1984-09-30,Initial recording of the municipality Dottikon
4065,Dottikon,1155,1983-09-30,Initial recording of the municipality Dottikon
4065,Dottikon,1104,1982-09-30,Initial recording of the municipality Dottikon
4065,Dottikon,1050,1981-09-30,Initial recording of the municipality Dottikon
4065,Dottikon,984,1980-09-30,Initial recording of the municipality Dottikon
4065,Dottikon,922,1979-09-30,Initial recording of the municipality Dottikon
4065,Dottikon,850,1978-09-30,Initial recording of the municipality Dottikon
4065,Dottikon,794,1977-09-30,Initial recording of the municipality Dottikon
4065,Dottikon,786,1976-09-30,Initial recording of the municipality Dottikon
4304,Döttingen,2861,2025-09-30,Initial recording of the municipality Döttingen
4304,Döttingen,2793,2024-09-30,Initial recording of the municipality Döttingen
4304,Döttingen,2798,2023-09-30,Initial recording of the municipality Döttingen
4304,Döttingen,2755,2022-09-30,Initial recording of the municipality Döttingen
4304,Döttingen,2698,2021-09-30,Initial recording of the municipality Döttingen
4304,Döttingen,2624,2020-09-30,Initial recording of the municipality Döttingen
4304,Döttingen,2554,2019-09-30,Initial recording of the municipality Döttingen
4304,Döttingen,2470,2018-09-30,Initial recording of the municipality Döttingen
4304,Döttingen,2408,2017-09-30,Initial recording of the municipality Döttingen
4304,Döttingen,2342,2016-09-30,Initial recording of the municipality Döttingen
4304,Döttingen,2252,2015-09-30,Initial recording of the municipality Döttingen
4304,Döttingen,2270,2014-09-30,Initial recording of the municipality Döttingen
4304,Döttingen,2209,2013-09-30,Initial recording of the municipality Döttingen
4304,Döttingen,2166,2012-09-30,Initial recording of the municipality Döttingen
4304,Döttingen,2118,2011-09-30,Initial recording of the municipality Döttingen
4304,Döttingen,2057,2010-09-30,Initial recording of the municipality Döttingen
4304,Döttingen,1994,2009-09-30,Initial recording of the municipality Döttingen
4304,Döttingen,1915,2008-09-30,Initial recording of the municipality Döttingen
4304,Döttingen,1822,2007-09-30,Initial recording of the municipality Döttingen
4304,Döttingen,1782,2006-09-30,Initial recording of the municipality Döttingen
4304,Döttingen,1785,2005-09-30,Initial recording of the municipality Döttingen
4304,Döttingen,1763,2004-09-30,Initial recording of the municipality Döttingen
4304,Döttingen,1763,2003-09-30,Initial recording of the municipality Döttingen
4304,Döttingen,1735,2002-09-30,Initial recording of the municipality Döttingen
4304,Döttingen,1699,2001-09-30,Initial recording of the municipality Döttingen
4304,Döttingen,1644,2000-09-30,Initial recording of the municipality Döttingen
4304,Döttingen,1628,1999-09-30,Initial recording of the municipality Döttingen
4304,Döttingen,1616,1998-09-30,Initial recording of the municipality Döttingen
4304,Döttingen,1603,1997-09-30,Initial recording of the municipality Döttingen
4304,Döttingen,1578,1996-09-30,Initial recording of the municipality Döttingen
4304,Döttingen,1591,1995-09-30,Initial recording of the municipality Döttingen
4304,Döttingen,1571,1994-09-30,Initial recording of the municipality Döttingen
4304,Döttingen,1518,1993-09-30,Initial recording of the municipality Döttingen
4304,Döttingen,1574,1992-09-30,Initial recording of the municipality Döttingen
4304,Döttingen,1527,1991-09-30,Initial recording of the municipality Döttingen
4304,Döttingen,1454,1990-09-30,Initial recording of the municipality Döttingen
4304,Döttingen,1425,1989-09-30,Initial recording of the municipality Döttingen
4304,Döttingen,1388,1988-09-30,Initial recording of the municipality Döttingen
4304,Döttingen,1351,1987-09-30,Initial recording of the municipality Döttingen
4304,Döttingen,1317,1986-09-30,Initial recording of the municipality Döttingen
4304,Döttingen,1277,1985-09-30,Initial recording of the municipality Döttingen
4304,Döttingen,1243,1984-09-30,Initial recording of the municipality Döttingen
4304,Döttingen,1207,1983-09-30,Initial recording of the municipality Döttingen
4304,Döttingen,1172,1982-09-30,Initial recording of the municipality Döttingen
4304,Döttingen,1148,1981-09-30,Initial recording of the municipality Döttingen
4304,Döttingen,1115,1980-09-30,Initial recording of the municipality Döttingen
4304,Döttingen,1086,1979-09-30,Initial recording of the municipality Döttingen
4304,Döttingen,1053,1978-09-30,Initial recording of the municipality Döttingen
4304,Döttingen,1018,1977-09-30,Initial recording of the municipality Döttingen
4304,Döttingen,978,1976-09-30,Initial recording of the municipality Döttingen
4134,Dürrenäsch,958,2025-09-30,Initial recording of the municipality Dürrenäsch
4134,Dürrenäsch,937,2024-09-30,Initial recording of the municipality Dürrenäsch
4134,Dürrenäsch,927,2023-09-30,Initial recording of the municipality Dürrenäsch
4134,Dürrenäsch,923,2022-09-30,Initial recording of the municipality Dürrenäsch
4134,Dürrenäsch,931,2021-09-30,Initial recording of the municipality Dürrenäsch
4134,Dürrenäsch,915,2020-09-30,Initial recording of the municipality Dürrenäsch
4134,Dürrenäsch,880,2019-09-30,Initial recording of the municipality Dürrenäsch
4134,Dürrenäsch,901,2018-09-30,Initial recording of the municipality Dürrenäsch
4134,Dürrenäsch,901,2017-09-30,Initial recording of the municipality Dürrenäsch
4134,Dürrenäsch,912,2016-09-30,Initial recording of the municipality Dürrenäsch
4134,Dürrenäsch,887,2015-09-30,Initial recording of the municipality Dürrenäsch
4134,Dürrenäsch,888,2014-09-30,Initial recording of the municipality Dürrenäsch
4134,Dürrenäsch,867,2013-09-30,Initial recording of the municipality Dürrenäsch
4134,Dürrenäsch,855,2012-09-30,Initial recording of the municipality Dürrenäsch
4134,Dürrenäsch,858,2011-09-30,Initial recording of the municipality Dürrenäsch
4134,Dürrenäsch,837,2010-09-30,Initial recording of the municipality Dürrenäsch
4134,Dürrenäsch,801,2009-09-30,Initial recording of the municipality Dürrenäsch
4134,Dürrenäsch,790,2008-09-30,Initial recording of the municipality Dürrenäsch
4134,Dürrenäsch,747,2007-09-30,Initial recording of the municipality Dürrenäsch
4134,Dürrenäsch,741,2006-09-30,Initial recording of the municipality Dürrenäsch
4134,Dürrenäsch,734,2005-09-30,Initial recording of the municipality Dürrenäsch
4134,Dürrenäsch,704,2004-09-30,Initial recording of the municipality Dürrenäsch
4134,Dürrenäsch,687,2003-09-30,Initial recording of the municipality Dürrenäsch
4134,Dürrenäsch,675,2002-09-30,Initial recording of the municipality Dürrenäsch
4134,Dürrenäsch,639,2001-09-30,Initial recording of the municipality Dürrenäsch
4134,Dürrenäsch,615,2000-09-30,Initial recording of the municipality Dürrenäsch
4134,Dürrenäsch,604,1999-09-30,Initial recording of the municipality Dürrenäsch
4134,Dürrenäsch,574,1998-09-30,Initial recording of the municipality Dürrenäsch
4134,Dürrenäsch,566,1997-09-30,Initial recording of the municipality Dürrenäsch
4134,Dürrenäsch,550,1996-09-30,Initial recording of the municipality Dürrenäsch
4134,Dürrenäsch,527,1995-09-30,Initial recording of the municipality Dürrenäsch
4134,Dürrenäsch,500,1994-09-30,Initial recording of the municipality Dürrenäsch
4134,Dürrenäsch,515,1993-09-30,Initial recording of the municipality Dürrenäsch
4134,Dürrenäsch,510,1992-09-30,Initial recording of the municipality Dürrenäsch
4134,Dürrenäsch,504,1991-09-30,Initial recording of the municipality Dürrenäsch
4134,Dürrenäsch,504,1990-09-30,Initial recording of the municipality Dürrenäsch
4134,Dürrenäsch,475,1989-09-30,Initial recording of the municipality Dürrenäsch
4134,Dürrenäsch,444,1988-09-30,Initial recording of the municipality Dürrenäsch
4134,Dürrenäsch,453,1987-09-30,Initial recording of the municipality Dürrenäsch
4134,Dürrenäsch,425,1986-09-30,Initial recording of the municipality Dürrenäsch
4134,Dürrenäsch,418,1985-09-30,Initial recording of the municipality Dürrenäsch
4134,Dürrenäsch,402,1984-09-30,Initial recording of the municipality Dürrenäsch
4134,Dürrenäsch,401,1983-09-30,Initial recording of the municipality Dürrenäsch
4134,Dürrenäsch,371,1982-09-30,Initial recording of the municipality Dürrenäsch
4134,Dürrenäsch,350,1981-09-30,Initial recording of the municipality Dürrenäsch
4134,Dürrenäsch,338,1980-09-30,Initial recording of the municipality Dürrenäsch
4134,Dürrenäsch,333,1979-09-30,Initial recording of the municipality Dürrenäsch
4134,Dürrenäsch,331,1978-09-30,Initial recording of the municipality Dürrenäsch
4134,Dürrenäsch,309,1977-09-30,Initial recording of the municipality Dürrenäsch
4134,Dürrenäsch,283,1976-09-30,Initial recording of the municipality Dürrenäsch
4096,Effingen,427,2021-09-30,Initial recording of the municipality Effingen
4096,Effingen,435,2020-09-30,Initial recording of the municipality Effingen
4096,Effingen,423,2019-09-30,Initial recording of the municipality Effingen
4096,Effingen,424,2018-09-30,Initial recording of the municipality Effingen
4096,Effingen,423,2017-09-30,Initial recording of the municipality Effingen
4096,Effingen,424,2016-09-30,Initial recording of the municipality Effingen
4096,Effingen,431,2015-09-30,Initial recording of the municipality Effingen
4096,Effingen,417,2014-09-30,Initial recording of the municipality Effingen
4096,Effingen,420,2013-09-30,Initial recording of the municipality Effingen
4096,Effingen,413,2012-09-30,Initial recording of the municipality Effingen
4096,Effingen,389,2011-09-30,Initial recording of the municipality Effingen
4096,Effingen,381,2010-09-30,Initial recording of the municipality Effingen
4096,Effingen,368,2009-09-30,Initial recording of the municipality Effingen
4096,Effingen,375,2008-09-30,Initial recording of the municipality Effingen
4096,Effingen,386,2007-09-30,Initial recording of the municipality Effingen
4096,Effingen,358,2006-09-30,Initial recording of the municipality Effingen
4096,Effingen,340,2005-09-30,Initial recording of the municipality Effingen
4096,Effingen,340,2004-09-30,Initial recording of the municipality Effingen
4096,Effingen,333,2003-09-30,Initial recording of the municipality Effingen
4096,Effingen,327,2002-09-30,Initial recording of the municipality Effingen
4096,Effingen,320,2001-09-30,Initial recording of the municipality Effingen
4096,Effingen,315,2000-09-30,Initial recording of the municipality Effingen
4096,Effingen,310,1999-09-30,Initial recording of the municipality Effingen
4096,Effingen,302,1998-09-30,Initial recording of the municipality Effingen
4096,Effingen,294,1997-09-30,Initial recording of the municipality Effingen
4096,Effingen,291,1996-09-30,Initial recording of the municipality Effingen
4096,Effingen,301,1995-09-30,Initial recording of the municipality Effingen
4096,Effingen,291,1994-09-30,Initial recording of the municipality Effingen
4096,Effingen,285,1993-09-30,Initial recording of the municipality Effingen
4096,Effingen,282,1992-09-30,Initial recording of the municipality Effingen
4096,Effingen,273,1991-09-30,Initial recording of the municipality Effingen
4096,Effingen,270,1990-09-30,Initial recording of the municipality Effingen
4096,Effingen,263,1989-09-30,Initial recording of the municipality Effingen
4096,Effingen,240,1988-09-30,Initial recording of the municipality Effingen
4096,Effingen,232,1987-09-30,Initial recording of the municipality Effingen
4096,Effingen,199,1986-09-30,Initial recording of the municipality Effingen
4096,Effingen,190,1985-09-30,Initial recording of the municipality Effingen
4096,Effingen,184,1984-09-30,Initial recording of the municipality Effingen
4096,Effingen,166,1983-09-30,Initial recording of the municipality Effingen
4096,Effingen,173,1982-09-30,Initial recording of the municipality Effingen
4096,Effingen,163,1981-09-30,Initial recording of the municipality Effingen
4096,Effingen,163,1980-09-30,Initial recording of the municipality Effingen
4096,Effingen,155,1979-09-30,Initial recording of the municipality Effingen
4096,Effingen,136,1978-09-30,Initial recording of the municipality Effingen
4096,Effingen,128,1977-09-30,Initial recording of the municipality Effingen
4096,Effingen,113,1976-09-30,Initial recording of the municipality Effingen
4066,Eggenwil,669,2025-09-30,Initial recording of the municipality Eggenwil
4066,Eggenwil,645,2024-09-30,Initial recording of the municipality Eggenwil
4066,Eggenwil,646,2023-09-30,Initial recording of the municipality Eggenwil
4066,Eggenwil,648,2022-09-30,Initial recording of the municipality Eggenwil
4066,Eggenwil,639,2021-09-30,Initial recording of the municipality Eggenwil
4066,Eggenwil,651,2020-09-30,Initial recording of the municipality Eggenwil
4066,Eggenwil,647,2019-09-30,Initial recording of the municipality Eggenwil
4066,Eggenwil,654,2018-09-30,Initial recording of the municipality Eggenwil
4066,Eggenwil,639,2017-09-30,Initial recording of the municipality Eggenwil
4066,Eggenwil,628,2016-09-30,Initial recording of the municipality Eggenwil
4066,Eggenwil,621,2015-09-30,Initial recording of the municipality Eggenwil
4066,Eggenwil,604,2014-09-30,Initial recording of the municipality Eggenwil
4066,Eggenwil,587,2013-09-30,Initial recording of the municipality Eggenwil
4066,Eggenwil,588,2012-09-30,Initial recording of the municipality Eggenwil
4066,Eggenwil,581,2011-09-30,Initial recording of the municipality Eggenwil
4066,Eggenwil,559,2010-09-30,Initial recording of the municipality Eggenwil
4066,Eggenwil,532,2009-09-30,Initial recording of the municipality Eggenwil
4066,Eggenwil,511,2008-09-30,Initial recording of the municipality Eggenwil
4066,Eggenwil,485,2007-09-30,Initial recording of the municipality Eggenwil
4066,Eggenwil,486,2006-09-30,Initial recording of the municipality Eggenwil
4066,Eggenwil,466,2005-09-30,Initial recording of the municipality Eggenwil
4066,Eggenwil,463,2004-09-30,Initial recording of the municipality Eggenwil
4066,Eggenwil,435,2003-09-30,Initial recording of the municipality Eggenwil
4066,Eggenwil,401,2002-09-30,Initial recording of the municipality Eggenwil
4066,Eggenwil,382,2001-09-30,Initial recording of the municipality Eggenwil
4066,Eggenwil,380,2000-09-30,Initial recording of the municipality Eggenwil
4066,Eggenwil,374,1999-09-30,Initial recording of the municipality Eggenwil
4066,Eggenwil,354,1998-09-30,Initial recording of the municipality Eggenwil
4066,Eggenwil,352,1997-09-30,Initial recording of the municipality Eggenwil
4066,Eggenwil,337,1996-09-30,Initial recording of the municipality Eggenwil
4066,Eggenwil,329,1995-09-30,Initial recording of the municipality Eggenwil
4066,Eggenwil,333,1994-09-30,Initial recording of the municipality Eggenwil
4066,Eggenwil,327,1993-09-30,Initial recording of the municipality Eggenwil
4066,Eggenwil,316,1992-09-30,Initial recording of the municipality Eggenwil
4066,Eggenwil,320,1991-09-30,Initial recording of the municipality Eggenwil
4066,Eggenwil,305,1990-09-30,Initial recording of the municipality Eggenwil
4066,Eggenwil,299,1989-09-30,Initial recording of the municipality Eggenwil
4066,Eggenwil,288,1988-09-30,Initial recording of the municipality Eggenwil
4066,Eggenwil,277,1987-09-30,Initial recording of the municipality Eggenwil
4066,Eggenwil,266,1986-09-30,Initial recording of the municipality Eggenwil
4066,Eggenwil,250,1985-09-30,Initial recording of the municipality Eggenwil
4066,Eggenwil,214,1984-09-30,Initial recording of the municipality Eggenwil
4066,Eggenwil,189,1983-09-30,Initial recording of the municipality Eggenwil
4066,Eggenwil,178,1982-09-30,Initial recording of the municipality Eggenwil
4066,Eggenwil,169,1981-09-30,Initial recording of the municipality Eggenwil
4066,Eggenwil,164,1980-09-30,Initial recording of the municipality Eggenwil
4066,Eggenwil,158,1979-09-30,Initial recording of the municipality Eggenwil
4066,Eggenwil,163,1978-09-30,Initial recording of the municipality Eggenwil
4066,Eggenwil,145,1977-09-30,Initial recording of the municipality Eggenwil
4066,Eggenwil,133,1976-09-30,Initial recording of the municipality Eggenwil
4195,Egliswil,1079,2025-09-30,Initial recording of the municipality Egliswil
4195,Egliswil,1073,2024-09-30,Initial recording of the municipality Egliswil
4195,Egliswil,1050,2023-09-30,Initial recording of the municipality Egliswil
4195,Egliswil,1057,2022-09-30,Initial recording of the municipality Egliswil
4195,Egliswil,1045,2021-09-30,Initial recording of the municipality Egliswil
4195,Egliswil,1030,2020-09-30,Initial recording of the municipality Egliswil
4195,Egliswil,1013,2019-09-30,Initial recording of the municipality Egliswil
4195,Egliswil,996,2018-09-30,Initial recording of the municipality Egliswil
4195,Egliswil,937,2017-09-30,Initial recording of the municipality Egliswil
4195,Egliswil,932,2016-09-30,Initial recording of the municipality Egliswil
4195,Egliswil,921,2015-09-30,Initial recording of the municipality Egliswil
4195,Egliswil,904,2014-09-30,Initial recording of the municipality Egliswil
4195,Egliswil,895,2013-09-30,Initial recording of the municipality Egliswil
4195,Egliswil,875,2012-09-30,Initial recording of the municipality Egliswil
4195,Egliswil,837,2011-09-30,Initial recording of the municipality Egliswil
4195,Egliswil,824,2010-09-30,Initial recording of the municipality Egliswil
4195,Egliswil,812,2009-09-30,Initial recording of the municipality Egliswil
4195,Egliswil,827,2008-09-30,Initial recording of the municipality Egliswil
4195,Egliswil,788,2007-09-30,Initial recording of the municipality Egliswil
4195,Egliswil,779,2006-09-30,Initial recording of the municipality Egliswil
4195,Egliswil,749,2005-09-30,Initial recording of the municipality Egliswil
4195,Egliswil,729,2004-09-30,Initial recording of the municipality Egliswil
4195,Egliswil,733,2003-09-30,Initial recording of the municipality Egliswil
4195,Egliswil,712,2002-09-30,Initial recording of the municipality Egliswil
4195,Egliswil,699,2001-09-30,Initial recording of the municipality Egliswil
4195,Egliswil,676,2000-09-30,Initial recording of the municipality Egliswil
4195,Egliswil,645,1999-09-30,Initial recording of the municipality Egliswil
4195,Egliswil,616,1998-09-30,Initial recording of the municipality Egliswil
4195,Egliswil,582,1997-09-30,Initial recording of the municipality Egliswil
4195,Egliswil,554,1996-09-30,Initial recording of the municipality Egliswil
4195,Egliswil,526,1995-09-30,Initial recording of the municipality Egliswil
4195,Egliswil,512,1994-09-30,Initial recording of the municipality Egliswil
4195,Egliswil,473,1993-09-30,Initial recording of the municipality Egliswil
4195,Egliswil,456,1992-09-30,Initial recording of the municipality Egliswil
4195,Egliswil,432,1991-09-30,Initial recording of the municipality Egliswil
4195,Egliswil,421,1990-09-30,Initial recording of the municipality Egliswil
4195,Egliswil,416,1989-09-30,Initial recording of the municipality Egliswil
4195,Egliswil,409,1988-09-30,Initial recording of the municipality Egliswil
4195,Egliswil,395,1987-09-30,Initial recording of the municipality Egliswil
4195,Egliswil,365,1986-09-30,Initial recording of the municipality Egliswil
4195,Egliswil,350,1985-09-30,Initial recording of the municipality Egliswil
4195,Egliswil,314,1984-09-30,Initial recording of the municipality Egliswil
4195,Egliswil,315,1983-09-30,Initial recording of the municipality Egliswil
4195,Egliswil,317,1982-09-30,Initial recording of the municipality Egliswil
4195,Egliswil,301,1981-09-30,Initial recording of the municipality Egliswil
4195,Egliswil,271,1980-09-30,Initial recording of the municipality Egliswil
4195,Egliswil,253,1979-09-30,Initial recording of the municipality Egliswil
4195,Egliswil,237,1978-09-30,Initial recording of the municipality Egliswil
4195,Egliswil,228,1977-09-30,Initial recording of the municipality Egliswil
4195,Egliswil,185,1976-09-30,Initial recording of the municipality Egliswil
4049,Ehrendingen,2707,2025-09-30,Fusion of Oberehrendingen and Unterehrendingen into Ehrendingen
4049,Ehrendingen,2670,2024-09-30,Fusion of Oberehrendingen and Unterehrendingen into Ehrendingen
4049,Ehrendingen,2666,2023-09-30,Fusion of Oberehrendingen and Unterehrendingen into Ehrendingen
4049,Ehrendingen,2660,2022-09-30,Fusion of Oberehrendingen and Unterehrendingen into Ehrendingen
4049,Ehrendingen,2639,2021-09-30,Fusion of Oberehrendingen and Unterehrendingen into Ehrendingen
4049,Ehrendingen,2680,2020-09-30,Fusion of Oberehrendingen and Unterehrendingen into Ehrendingen
4049,Ehrendingen,2670,2019-09-30,Fusion of Oberehrendingen and Unterehrendingen into Ehrendingen
4049,Ehrendingen,2691,2018-09-30,Fusion of Oberehrendingen and Unterehrendingen into Ehrendingen
4049,Ehrendingen,2715,2017-09-30,Fusion of Oberehrendingen and Unterehrendingen into Ehrendingen
4049,Ehrendingen,2658,2016-09-30,Fusion of Oberehrendingen and Unterehrendingen into Ehrendingen
4049,Ehrendingen,2621,2015-09-30,Fusion of Oberehrendingen and Unterehrendingen into Ehrendingen
4049,Ehrendingen,2572,2014-09-30,Fusion of Oberehrendingen and Unterehrendingen into Ehrendingen
4049,Ehrendingen,2434,2013-09-30,Fusion of Oberehrendingen and Unterehrendingen into Ehrendingen
4049,Ehrendingen,2355,2012-09-30,Fusion of Oberehrendingen and Unterehrendingen into Ehrendingen
4049,Ehrendingen,2271,2011-09-30,Fusion of Oberehrendingen and Unterehrendingen into Ehrendingen
4049,Ehrendingen,2220,2010-09-30,Fusion of Oberehrendingen and Unterehrendingen into Ehrendingen
4049,Ehrendingen,2203,2009-09-30,Fusion of Oberehrendingen and Unterehrendingen into Ehrendingen
4049,Ehrendingen,2121,2008-09-30,Fusion of Oberehrendingen and Unterehrendingen into Ehrendingen
4049,Ehrendingen,2093,2007-09-30,Fusion of Oberehrendingen and Unterehrendingen into Ehrendingen
4049,Ehrendingen,2036,2006-09-30,Fusion of Oberehrendingen and Unterehrendingen into Ehrendingen
4161,Eiken,1728,2025-09-30,Initial recording of the municipality Eiken
4161,Eiken,1703,2024-09-30,Initial recording of the municipality Eiken
4161,Eiken,1651,2023-09-30,Initial recording of the municipality Eiken
4161,Eiken,1596,2022-09-30,Initial recording of the municipality Eiken
4161,Eiken,1561,2021-09-30,Initial recording of the municipality Eiken
4161,Eiken,1535,2020-09-30,Initial recording of the municipality Eiken
4161,Eiken,1506,2019-09-30,Initial recording of the municipality Eiken
4161,Eiken,1487,2018-09-30,Initial recording of the municipality Eiken
4161,Eiken,1502,2017-09-30,Initial recording of the municipality Eiken
4161,Eiken,1460,2016-09-30,Initial recording of the municipality Eiken
4161,Eiken,1433,2015-09-30,Initial recording of the municipality Eiken
4161,Eiken,1419,2014-09-30,Initial recording of the municipality Eiken
4161,Eiken,1378,2013-09-30,Initial recording of the municipality Eiken
4161,Eiken,1314,2012-09-30,Initial recording of the municipality Eiken
4161,Eiken,1256,2011-09-30,Initial recording of the municipality Eiken
4161,Eiken,1219,2010-09-30,Initial recording of the municipality Eiken
4161,Eiken,1223,2009-09-30,Initial recording of the municipality Eiken
4161,Eiken,1201,2008-09-30,Initial recording of the municipality Eiken
4161,Eiken,1182,2007-09-30,Initial recording of the municipality Eiken
4161,Eiken,1150,2006-09-30,Initial recording of the municipality Eiken
4161,Eiken,1119,2005-09-30,Initial recording of the municipality Eiken
4161,Eiken,1048,2004-09-30,Initial recording of the municipality Eiken
4161,Eiken,1042,2003-09-30,Initial recording of the municipality Eiken
4161,Eiken,1016,2002-09-30,Initial recording of the municipality Eiken
4161,Eiken,980,2001-09-30,Initial recording of the municipality Eiken
4161,Eiken,938,2000-09-30,Initial recording of the municipality Eiken
4161,Eiken,943,1999-09-30,Initial recording of the municipality Eiken
4161,Eiken,886,1998-09-30,Initial recording of the municipality Eiken
4161,Eiken,881,1997-09-30,Initial recording of the municipality Eiken
4161,Eiken,820,1996-09-30,Initial recording of the municipality Eiken
4161,Eiken,793,1995-09-30,Initial recording of the municipality Eiken
4161,Eiken,753,1994-09-30,Initial recording of the municipality Eiken
4161,Eiken,732,1993-09-30,Initial recording of the municipality Eiken
4161,Eiken,709,1992-09-30,Initial recording of the municipality Eiken
4161,Eiken,687,1991-09-30,Initial recording of the municipality Eiken
4161,Eiken,656,1990-09-30,Initial recording of the municipality Eiken
4161,Eiken,626,1989-09-30,Initial recording of the municipality Eiken
4161,Eiken,613,1988-09-30,Initial recording of the municipality Eiken
4161,Eiken,557,1987-09-30,Initial recording of the municipality Eiken
4161,Eiken,522,1986-09-30,Initial recording of the municipality Eiken
4161,Eiken,467,1985-09-30,Initial recording of the municipality Eiken
4161,Eiken,452,1984-09-30,Initial recording of the municipality Eiken
4161,Eiken,427,1983-09-30,Initial recording of the municipality Eiken
4161,Eiken,390,1982-09-30,Initial recording of the municipality Eiken
4161,Eiken,401,1981-09-30,Initial recording of the municipality Eiken
4161,Eiken,379,1980-09-30,Initial recording of the municipality Eiken
4161,Eiken,377,1979-09-30,Initial recording of the municipality Eiken
4161,Eiken,357,1978-09-30,Initial recording of the municipality Eiken
4161,Eiken,332,1977-09-30,Initial recording of the municipality Eiken
4161,Eiken,309,1976-09-30,Initial recording of the municipality Eiken
4097,Elfingen,215,2021-09-30,Initial recording of the municipality Elfingen
4097,Elfingen,218,2020-09-30,Initial recording of the municipality Elfingen
4097,Elfingen,215,2019-09-30,Initial recording of the municipality Elfingen
4097,Elfingen,208,2018-09-30,Initial recording of the municipality Elfingen
4097,Elfingen,199,2017-09-30,Initial recording of the municipality Elfingen
4097,Elfingen,208,2016-09-30,Initial recording of the municipality Elfingen
4097,Elfingen,204,2015-09-30,Initial recording of the municipality Elfingen
4097,Elfingen,198,2014-09-30,Initial recording of the municipality Elfingen
4097,Elfingen,182,2013-09-30,Initial recording of the municipality Elfingen
4097,Elfingen,181,2012-09-30,Initial recording of the municipality Elfingen
4097,Elfingen,173,2011-09-30,Initial recording of the municipality Elfingen
4097,Elfingen,168,2010-09-30,Initial recording of the municipality Elfingen
4097,Elfingen,168,2009-09-30,Initial recording of the municipality Elfingen
4097,Elfingen,168,2008-09-30,Initial recording of the municipality Elfingen
4097,Elfingen,164,2007-09-30,Initial recording of the municipality Elfingen
4097,Elfingen,157,2006-09-30,Initial recording of the municipality Elfingen
4097,Elfingen,152,2005-09-30,Initial recording of the municipality Elfingen
4097,Elfingen,149,2004-09-30,Initial recording of the municipality Elfingen
4097,Elfingen,161,2003-09-30,Initial recording of the municipality Elfingen
4097,Elfingen,143,2002-09-30,Initial recording of the municipality Elfingen
4097,Elfingen,137,2001-09-30,Initial recording of the municipality Elfingen
4097,Elfingen,127,2000-09-30,Initial recording of the municipality Elfingen
4097,Elfingen,132,1999-09-30,Initial recording of the municipality Elfingen
4097,Elfingen,125,1998-09-30,Initial recording of the municipality Elfingen
4097,Elfingen,124,1997-09-30,Initial recording of the municipality Elfingen
4097,Elfingen,119,1996-09-30,Initial recording of the municipality Elfingen
4097,Elfingen,112,1995-09-30,Initial recording of the municipality Elfingen
4097,Elfingen,106,1994-09-30,Initial recording of the municipality Elfingen
4097,Elfingen,100,1993-09-30,Initial recording of the municipality Elfingen
4097,Elfingen,106,1992-09-30,Initial recording of the municipality Elfingen
4097,Elfingen,97,1991-09-30,Initial recording of the municipality Elfingen
4097,Elfingen,96,1990-09-30,Initial recording of the municipality Elfingen
4097,Elfingen,95,1989-09-30,Initial recording of the municipality Elfingen
4097,Elfingen,90,1988-09-30,Initial recording of the municipality Elfingen
4097,Elfingen,78,1987-09-30,Initial recording of the municipality Elfingen
4097,Elfingen,83,1986-09-30,Initial recording of the municipality Elfingen
4097,Elfingen,79,1985-09-30,Initial recording of the municipality Elfingen
4097,Elfingen,77,1984-09-30,Initial recording of the municipality Elfingen
4097,Elfingen,81,1983-09-30,Initial recording of the municipality Elfingen
4097,Elfingen,70,1982-09-30,Initial recording of the municipality Elfingen
4097,Elfingen,69,1981-09-30,Initial recording of the municipality Elfingen
4097,Elfingen,67,1980-09-30,Initial recording of the municipality Elfingen
4097,Elfingen,64,1979-09-30,Initial recording of the municipality Elfingen
4097,Elfingen,51,1978-09-30,Initial recording of the municipality Elfingen
4097,Elfingen,55,1977-09-30,Initial recording of the municipality Elfingen
4097,Elfingen,48,1976-09-30,Initial recording of the municipality Elfingen
4305,Endingen,1614,2025-09-30,Incorporation of Unterendingen into Endingen
4305,Endingen,1612,2024-09-30,Incorporation of Unterendingen into Endingen
4305,Endingen,1587,2023-09-30,Incorporation of Unterendingen into Endingen
4305,Endingen,1575,2022-09-30,Incorporation of Unterendingen into Endingen
4305,Endingen,1563,2021-09-30,Incorporation of Unterendingen into Endingen
4305,Endingen,1550,2020-09-30,Incorporation of Unterendingen into Endingen
4305,Endingen,1512,2019-09-30,Incorporation of Unterendingen into Endingen
4305,Endingen,1511,2018-09-30,Incorporation of Unterendingen into Endingen
4305,Endingen,1507,2017-09-30,Incorporation of Unterendingen into Endingen
4305,Endingen,1490,2016-09-30,Incorporation of Unterendingen into Endingen
4305,Endingen,1432,2015-09-30,Incorporation of Unterendingen into Endingen
4305,Endingen,1401,2014-09-30,Incorporation of Unterendingen into Endingen
4305,Endingen,1134,2013-09-30,Initial recording of the municipality Endingen
4305,Endingen,1121,2012-09-30,Initial recording of the municipality Endingen
4305,Endingen,1106,2011-09-30,Initial recording of the municipality Endingen
4305,Endingen,1074,2010-09-30,Initial recording of the municipality Endingen
4305,Endingen,1052,2009-09-30,Initial recording of the municipality Endingen
4305,Endingen,1049,2008-09-30,Initial recording of the municipality Endingen
4305,Endingen,1046,2007-09-30,Initial recording of the municipality Endingen
4305,Endingen,1033,2006-09-30,Initial recording of the municipality Endingen
4305,Endingen,1014,2005-09-30,Initial recording of the municipality Endingen
4305,Endingen,1019,2004-09-30,Initial recording of the municipality Endingen
4305,Endingen,1008,2003-09-30,Initial recording of the municipality Endingen
4305,Endingen,1005,2002-09-30,Initial recording of the municipality Endingen
4305,Endingen,1005,2001-09-30,Initial recording of the municipality Endingen
4305,Endingen,962,2000-09-30,Initial recording of the municipality Endingen
4305,Endingen,932,1999-09-30,Initial recording of the municipality Endingen
4305,Endingen,911,1998-09-30,Initial recording of the municipality Endingen
4305,Endingen,885,1997-09-30,Initial recording of the municipality Endingen
4305,Endingen,837,1996-09-30,Initial recording of the municipality Endingen
4305,Endingen,815,1995-09-30,Initial recording of the municipality Endingen
4305,Endingen,797,1994-09-30,Initial recording of the municipality Endingen
4305,Endingen,783,1993-09-30,Initial recording of the municipality Endingen
4305,Endingen,777,1992-09-30,Initial recording of the municipality Endingen
4305,Endingen,750,1991-09-30,Initial recording of the municipality Endingen
4305,Endingen,723,1990-09-30,Initial recording of the municipality Endingen
4305,Endingen,689,1989-09-30,Initial recording of the municipality Endingen
4305,Endingen,670,1988-09-30,Initial recording of the municipality Endingen
4305,Endingen,603,1987-09-30,Initial recording of the municipality Endingen
4305,Endingen,610,1986-09-30,Initial recording of the municipality Endingen
4305,Endingen,581,1985-09-30,Initial recording of the municipality Endingen
4305,Endingen,577,1984-09-30,Initial recording of the municipality Endingen
4305,Endingen,564,1983-09-30,Initial recording of the municipality Endingen
4305,Endingen,561,1982-09-30,Initial recording of the municipality Endingen
4305,Endingen,519,1981-09-30,Initial recording of the municipality Endingen
4305,Endingen,509,1980-09-30,Initial recording of the municipality Endingen
4305,Endingen,481,1979-09-30,Initial recording of the municipality Endingen
4305,Endingen,453,1978-09-30,Initial recording of the municipality Endingen
4305,Endingen,400,1977-09-30,Initial recording of the municipality Endingen
4305,Endingen,408,1976-09-30,Initial recording of the municipality Endingen
4026,Ennetbaden,1617,2025-09-30,Initial recording of the municipality Ennetbaden
4026,Ennetbaden,1602,2024-09-30,Initial recording of the municipality Ennetbaden
4026,Ennetbaden,1598,2023-09-30,Initial recording of the municipality Ennetbaden
4026,Ennetbaden,1615,2022-09-30,Initial recording of the municipality Ennetbaden
4026,Ennetbaden,1610,2021-09-30,Initial recording of the municipality Ennetbaden
4026,Ennetbaden,1579,2020-09-30,Initial recording of the municipality Ennetbaden
4026,Ennetbaden,1600,2019-09-30,Initial recording of the municipality Ennetbaden
4026,Ennetbaden,1616,2018-09-30,Initial recording of the municipality Ennetbaden
4026,Ennetbaden,1607,2017-09-30,Initial recording of the municipality Ennetbaden
4026,Ennetbaden,1560,2016-09-30,Initial recording of the municipality Ennetbaden
4026,Ennetbaden,1548,2015-09-30,Initial recording of the municipality Ennetbaden
4026,Ennetbaden,1530,2014-09-30,Initial recording of the municipality Ennetbaden
4026,Ennetbaden,1532,2013-09-30,Initial recording of the municipality Ennetbaden
4026,Ennetbaden,1532,2012-09-30,Initial recording of the municipality Ennetbaden
4026,Ennetbaden,1489,2011-09-30,Initial recording of the municipality Ennetbaden
4026,Ennetbaden,1477,2010-09-30,Initial recording of the municipality Ennetbaden
4026,Ennetbaden,1460,2009-09-30,Initial recording of the municipality Ennetbaden
4026,Ennetbaden,1462,2008-09-30,Initial recording of the municipality Ennetbaden
4026,Ennetbaden,1438,2007-09-30,Initial recording of the municipality Ennetbaden
4026,Ennetbaden,1433,2006-09-30,Initial recording of the municipality Ennetbaden
4026,Ennetbaden,1441,2005-09-30,Initial recording of the municipality Ennetbaden
4026,Ennetbaden,1475,2004-09-30,Initial recording of the municipality Ennetbaden
4026,Ennetbaden,1465,2003-09-30,Initial recording of the municipality Ennetbaden
4026,Ennetbaden,1443,2002-09-30,Initial recording of the municipality Ennetbaden
4026,Ennetbaden,1415,2001-09-30,Initial recording of the municipality Ennetbaden
4026,Ennetbaden,1382,2000-09-30,Initial recording of the municipality Ennetbaden
4026,Ennetbaden,1389,1999-09-30,Initial recording of the municipality Ennetbaden
4026,Ennetbaden,1341,1998-09-30,Initial recording of the municipality Ennetbaden
4026,Ennetbaden,1327,1997-09-30,Initial recording of the municipality Ennetbaden
4026,Ennetbaden,1317,1996-09-30,Initial recording of the municipality Ennetbaden
4026,Ennetbaden,1293,1995-09-30,Initial recording of the municipality Ennetbaden
4026,Ennetbaden,1262,1994-09-30,Initial recording of the municipality Ennetbaden
4026,Ennetbaden,1243,1993-09-30,Initial recording of the municipality Ennetbaden
4026,Ennetbaden,1244,1992-09-30,Initial recording of the municipality Ennetbaden
4026,Ennetbaden,1220,1991-09-30,Initial recording of the municipality Ennetbaden
4026,Ennetbaden,1200,1990-09-30,Initial recording of the municipality Ennetbaden
4026,Ennetbaden,1157,1989-09-30,Initial recording of the municipality Ennetbaden
4026,Ennetbaden,1106,1988-09-30,Initial recording of the municipality Ennetbaden
4026,Ennetbaden,1046,1987-09-30,Initial recording of the municipality Ennetbaden
4026,Ennetbaden,966,1986-09-30,Initial recording of the municipality Ennetbaden
4026,Ennetbaden,913,1985-09-30,Initial recording of the municipality Ennetbaden
4026,Ennetbaden,910,1984-09-30,Initial recording of the municipality Ennetbaden
4026,Ennetbaden,911,1983-09-30,Initial recording of the municipality Ennetbaden
4026,Ennetbaden,867,1982-09-30,Initial recording of the municipality Ennetbaden
4026,Ennetbaden,845,1981-09-30,Initial recording of the municipality Ennetbaden
4026,Ennetbaden,859,1980-09-30,Initial recording of the municipality Ennetbaden
4026,Ennetbaden,851,1979-09-30,Initial recording of the municipality Ennetbaden
4026,Ennetbaden,823,1978-09-30,Initial recording of the municipality Ennetbaden
4026,Ennetbaden,798,1977-09-30,Initial recording of the municipality Ennetbaden
4026,Ennetbaden,825,1976-09-30,Initial recording of the municipality Ennetbaden
4005,Erlinsbach (AG),2792,2025-09-30,Name change from Erlinsbach to Erlinsbach (AG)
4005,Erlinsbach (AG),2723,2024-09-30,Name change from Erlinsbach to Erlinsbach (AG)
4005,Erlinsbach (AG),2663,2023-09-30,Name change from Erlinsbach to Erlinsbach (AG)
4005,Erlinsbach (AG),2663,2022-09-30,Name change from Erlinsbach to Erlinsbach (AG)
4005,Erlinsbach (AG),2601,2021-09-30,Name change from Erlinsbach to Erlinsbach (AG)
4005,Erlinsbach (AG),2554,2020-09-30,Name change from Erlinsbach to Erlinsbach (AG)
4005,Erlinsbach (AG),2487,2019-09-30,Name change from Erlinsbach to Erlinsbach (AG)
4005,Erlinsbach (AG),2426,2018-09-30,Name change from Erlinsbach to Erlinsbach (AG)
4005,Erlinsbach (AG),2399,2017-09-30,Name change from Erlinsbach to Erlinsbach (AG)
4005,Erlinsbach (AG),2354,2016-09-30,Name change from Erlinsbach to Erlinsbach (AG)
4005,Erlinsbach (AG),2301,2015-09-30,Name change from Erlinsbach to Erlinsbach (AG)
4005,Erlinsbach (AG),2257,2014-09-30,Name change from Erlinsbach to Erlinsbach (AG)
4005,Erlinsbach (AG),2160,2013-09-30,Name change from Erlinsbach to Erlinsbach (AG)
4005,Erlinsbach (AG),2109,2012-09-30,Name change from Erlinsbach to Erlinsbach (AG)
4005,Erlinsbach (AG),2039,2011-09-30,Name change from Erlinsbach to Erlinsbach (AG)
4005,Erlinsbach (AG),1937,2010-09-30,Name change from Erlinsbach to Erlinsbach (AG)
4005,Erlinsbach (AG),1905,2009-09-30,Name change from Erlinsbach to Erlinsbach (AG)
4005,Erlinsbach (AG),1874,2008-09-30,Name change from Erlinsbach to Erlinsbach (AG)
4005,Erlinsbach (AG),1859,2007-09-30,Name change from Erlinsbach to Erlinsbach (AG)
4005,Erlinsbach (AG),1851,2006-09-30,Name change from Erlinsbach to Erlinsbach (AG)
4005,Erlinsbach (AG),1826,2005-09-30,Initial recording of the municipality Erlinsbach
4005,Erlinsbach (AG),1782,2004-09-30,Initial recording of the municipality Erlinsbach
4005,Erlinsbach (AG),1733,2003-09-30,Initial recording of the municipality Erlinsbach
4005,Erlinsbach (AG),1674,2002-09-30,Initial recording of the municipality Erlinsbach
4005,Erlinsbach (AG),1650,2001-09-30,Initial recording of the municipality Erlinsbach
4005,Erlinsbach (AG),1609,2000-09-30,Initial recording of the municipality Erlinsbach
4005,Erlinsbach (AG),1571,1999-09-30,Initial recording of the municipality Erlinsbach
4005,Erlinsbach (AG),1526,1998-09-30,Initial recording of the municipality Erlinsbach
4005,Erlinsbach (AG),1476,1997-09-30,Initial recording of the municipality Erlinsbach
4005,Erlinsbach (AG),1464,1996-09-30,Initial recording of the municipality Erlinsbach
4005,Erlinsbach (AG),1447,1995-09-30,Initial recording of the municipality Erlinsbach
4005,Erlinsbach (AG),1425,1994-09-30,Initial recording of the municipality Erlinsbach
4005,Erlinsbach (AG),1428,1993-09-30,Initial recording of the municipality Erlinsbach
4005,Erlinsbach (AG),1415,1992-09-30,Initial recording of the municipality Erlinsbach
4005,Erlinsbach (AG),1409,1991-09-30,Initial recording of the municipality Erlinsbach
4005,Erlinsbach (AG),1372,1990-09-30,Initial recording of the municipality Erlinsbach
4005,Erlinsbach (AG),1333,1989-09-30,Initial recording of the municipality Erlinsbach
4005,Erlinsbach (AG),1282,1988-09-30,Initial recording of the municipality Erlinsbach
4005,Erlinsbach (AG),1268,1987-09-30,Initial recording of the municipality Erlinsbach
4005,Erlinsbach (AG),1245,1986-09-30,Initial recording of the municipality Erlinsbach
4005,Erlinsbach (AG),1198,1985-09-30,Initial recording of the municipality Erlinsbach
4005,Erlinsbach (AG),1157,1984-09-30,Initial recording of the municipality Erlinsbach
4005,Erlinsbach (AG),1135,1983-09-30,Initial recording of the municipality Erlinsbach
4005,Erlinsbach (AG),1109,1982-09-30,Initial recording of the municipality Erlinsbach
4005,Erlinsbach (AG),1101,1981-09-30,Initial recording of the municipality Erlinsbach
4005,Erlinsbach (AG),1054,1980-09-30,Initial recording of the municipality Erlinsbach
4005,Erlinsbach (AG),966,1979-09-30,Initial recording of the municipality Erlinsbach
4005,Erlinsbach (AG),941,1978-09-30,Initial recording of the municipality Erlinsbach
4005,Erlinsbach (AG),868,1977-09-30,Initial recording of the municipality Erlinsbach
4005,Erlinsbach (AG),824,1976-09-30,Initial recording of the municipality Erlinsbach
4162,Etzgen,293,2009-09-30,Initial recording of the municipality Etzgen
4162,Etzgen,282,2008-09-30,Initial recording of the municipality Etzgen
4162,Etzgen,279,2007-09-30,Initial recording of the municipality Etzgen
4162,Etzgen,265,2006-09-30,Initial recording of the municipality Etzgen
4162,Etzgen,259,2005-09-30,Initial recording of the municipality Etzgen
4162,Etzgen,237,2004-09-30,Initial recording of the municipality Etzgen
4162,Etzgen,235,2003-09-30,Initial recording of the municipality Etzgen
4162,Etzgen,230,2002-09-30,Initial recording of the municipality Etzgen
4162,Etzgen,218,2001-09-30,Initial recording of the municipality Etzgen
4162,Etzgen,198,2000-09-30,Initial recording of the municipality Etzgen
4162,Etzgen,196,1999-09-30,Initial recording of the municipality Etzgen
4162,Etzgen,187,1998-09-30,Initial recording of the municipality Etzgen
4162,Etzgen,190,1997-09-30,Initial recording of the municipality Etzgen
4162,Etzgen,193,1996-09-30,Initial recording of the municipality Etzgen
4162,Etzgen,186,1995-09-30,Initial recording of the municipality Etzgen
4162,Etzgen,188,1994-09-30,Initial recording of the municipality Etzgen
4162,Etzgen,188,1993-09-30,Initial recording of the municipality Etzgen
4162,Etzgen,184,1992-09-30,Initial recording of the municipality Etzgen
4162,Etzgen,177,1991-09-30,Initial recording of the municipality Etzgen
4162,Etzgen,180,1990-09-30,Initial recording of the municipality Etzgen
4162,Etzgen,168,1989-09-30,Initial recording of the municipality Etzgen
4162,Etzgen,162,1988-09-30,Initial recording of the municipality Etzgen
4162,Etzgen,162,1987-09-30,Initial recording of the municipality Etzgen
4162,Etzgen,157,1986-09-30,Initial recording of the municipality Etzgen
4162,Etzgen,158,1985-09-30,Initial recording of the municipality Etzgen
4162,Etzgen,150,1984-09-30,Initial recording of the municipality Etzgen
4162,Etzgen,141,1983-09-30,Initial recording of the municipality Etzgen
4162,Etzgen,129,1982-09-30,Initial recording of the municipality Etzgen
4162,Etzgen,121,1981-09-30,Initial recording of the municipality Etzgen
4162,Etzgen,119,1980-09-30,Initial recording of the municipality Etzgen
4162,Etzgen,109,1979-09-30,Initial recording of the municipality Etzgen
4162,Etzgen,110,1978-09-30,Initial recording of the municipality Etzgen
4162,Etzgen,102,1977-09-30,Initial recording of the municipality Etzgen
4162,Etzgen,91,1976-09-30,Initial recording of the municipality Etzgen
4196,Fahrwangen,1640,2025-09-30,Initial recording of the municipality Fahrwangen
4196,Fahrwangen,1588,2024-09-30,Initial recording of the municipality Fahrwangen
4196,Fahrwangen,1545,2023-09-30,Initial recording of the municipality Fahrwangen
4196,Fahrwangen,1537,2022-09-30,Initial recording of the municipality Fahrwangen
4196,Fahrwangen,1525,2021-09-30,Initial recording of the municipality Fahrwangen
4196,Fahrwangen,1481,2020-09-30,Initial recording of the municipality Fahrwangen
4196,Fahrwangen,1437,2019-09-30,Initial recording of the municipality Fahrwangen
4196,Fahrwangen,1357,2018-09-30,Initial recording of the municipality Fahrwangen
4196,Fahrwangen,1330,2017-09-30,Initial recording of the municipality Fahrwangen
4196,Fahrwangen,1352,2016-09-30,Initial recording of the municipality Fahrwangen
4196,Fahrwangen,1314,2015-09-30,Initial recording of the municipality Fahrwangen
4196,Fahrwangen,1278,2014-09-30,Initial recording of the municipality Fahrwangen
4196,Fahrwangen,1230,2013-09-30,Initial recording of the municipality Fahrwangen
4196,Fahrwangen,1198,2012-09-30,Initial recording of the municipality Fahrwangen
4196,Fahrwangen,1161,2011-09-30,Initial recording of the municipality Fahrwangen
4196,Fahrwangen,1112,2010-09-30,Initial recording of the municipality Fahrwangen
4196,Fahrwangen,1070,2009-09-30,Initial recording of the municipality Fahrwangen
4196,Fahrwangen,1061,2008-09-30,Initial recording of the municipality Fahrwangen
4196,Fahrwangen,1040,2007-09-30,Initial recording of the municipality Fahrwangen
4196,Fahrwangen,998,2006-09-30,Initial recording of the municipality Fahrwangen
4196,Fahrwangen,976,2005-09-30,Initial recording of the municipality Fahrwangen
4196,Fahrwangen,937,2004-09-30,Initial recording of the municipality Fahrwangen
4196,Fahrwangen,937,2003-09-30,Initial recording of the municipality Fahrwangen
4196,Fahrwangen,921,2002-09-30,Initial recording of the municipality Fahrwangen
4196,Fahrwangen,908,2001-09-30,Initial recording of the municipality Fahrwangen
4196,Fahrwangen,921,2000-09-30,Initial recording of the municipality Fahrwangen
4196,Fahrwangen,900,1999-09-30,Initial recording of the municipality Fahrwangen
4196,Fahrwangen,890,1998-09-30,Initial recording of the municipality Fahrwangen
4196,Fahrwangen,867,1997-09-30,Initial recording of the municipality Fahrwangen
4196,Fahrwangen,843,1996-09-30,Initial recording of the municipality Fahrwangen
4196,Fahrwangen,836,1995-09-30,Initial recording of the municipality Fahrwangen
4196,Fahrwangen,805,1994-09-30,Initial recording of the municipality Fahrwangen
4196,Fahrwangen,761,1993-09-30,Initial recording of the municipality Fahrwangen
4196,Fahrwangen,735,1992-09-30,Initial recording of the municipality Fahrwangen
4196,Fahrwangen,740,1991-09-30,Initial recording of the municipality Fahrwangen
4196,Fahrwangen,703,1990-09-30,Initial recording of the municipality Fahrwangen
4196,Fahrwangen,658,1989-09-30,Initial recording of the municipality Fahrwangen
4196,Fahrwangen,623,1988-09-30,Initial recording of the municipality Fahrwangen
4196,Fahrwangen,605,1987-09-30,Initial recording of the municipality Fahrwangen
4196,Fahrwangen,598,1986-09-30,Initial recording of the municipality Fahrwangen
4196,Fahrwangen,565,1985-09-30,Initial recording of the municipality Fahrwangen
4196,Fahrwangen,555,1984-09-30,Initial recording of the municipality Fahrwangen
4196,Fahrwangen,530,1983-09-30,Initial recording of the municipality Fahrwangen
4196,Fahrwangen,508,1982-09-30,Initial recording of the municipality Fahrwangen
4196,Fahrwangen,475,1981-09-30,Initial recording of the municipality Fahrwangen
4196,Fahrwangen,451,1980-09-30,Initial recording of the municipality Fahrwangen
4196,Fahrwangen,425,1979-09-30,Initial recording of the municipality Fahrwangen
4196,Fahrwangen,377,1978-09-30,Initial recording of the municipality Fahrwangen
4196,Fahrwangen,366,1977-09-30,Initial recording of the municipality Fahrwangen
4196,Fahrwangen,354,1976-09-30,Initial recording of the municipality Fahrwangen
4067,Fischbach-Göslikon,1211,2025-09-30,Initial recording of the municipality Fischbach-Göslikon
4067,Fischbach-Göslikon,1140,2024-09-30,Initial recording of the municipality Fischbach-Göslikon
4067,Fischbach-Göslikon,1103,2023-09-30,Initial recording of the municipality Fischbach-Göslikon
4067,Fischbach-Göslikon,1119,2022-09-30,Initial recording of the municipality Fischbach-Göslikon
4067,Fischbach-Göslikon,1102,2021-09-30,Initial recording of the municipality Fischbach-Göslikon
4067,Fischbach-Göslikon,1056,2020-09-30,Initial recording of the municipality Fischbach-Göslikon
4067,Fischbach-Göslikon,1036,2019-09-30,Initial recording of the municipality Fischbach-Göslikon
4067,Fischbach-Göslikon,1059,2018-09-30,Initial recording of the municipality Fischbach-Göslikon
4067,Fischbach-Göslikon,1079,2017-09-30,Initial recording of the municipality Fischbach-Göslikon
4067,Fischbach-Göslikon,1072,2016-09-30,Initial recording of the municipality Fischbach-Göslikon
4067,Fischbach-Göslikon,1043,2015-09-30,Initial recording of the municipality Fischbach-Göslikon
4067,Fischbach-Göslikon,1025,2014-09-30,Initial recording of the municipality Fischbach-Göslikon
4067,Fischbach-Göslikon,1008,2013-09-30,Initial recording of the municipality Fischbach-Göslikon
4067,Fischbach-Göslikon,921,2012-09-30,Initial recording of the municipality Fischbach-Göslikon
4067,Fischbach-Göslikon,900,2011-09-30,Initial recording of the municipality Fischbach-Göslikon
4067,Fischbach-Göslikon,899,2010-09-30,Initial recording of the municipality Fischbach-Göslikon
4067,Fischbach-Göslikon,856,2009-09-30,Initial recording of the municipality Fischbach-Göslikon
4067,Fischbach-Göslikon,827,2008-09-30,Initial recording of the municipality Fischbach-Göslikon
4067,Fischbach-Göslikon,831,2007-09-30,Initial recording of the municipality Fischbach-Göslikon
4067,Fischbach-Göslikon,818,2006-09-30,Initial recording of the municipality Fischbach-Göslikon
4067,Fischbach-Göslikon,795,2005-09-30,Initial recording of the municipality Fischbach-Göslikon
4067,Fischbach-Göslikon,777,2004-09-30,Initial recording of the municipality Fischbach-Göslikon
4067,Fischbach-Göslikon,796,2003-09-30,Initial recording of the municipality Fischbach-Göslikon
4067,Fischbach-Göslikon,765,2002-09-30,Initial recording of the municipality Fischbach-Göslikon
4067,Fischbach-Göslikon,733,2001-09-30,Initial recording of the municipality Fischbach-Göslikon
4067,Fischbach-Göslikon,720,2000-09-30,Initial recording of the municipality Fischbach-Göslikon
4067,Fischbach-Göslikon,667,1999-09-30,Initial recording of the municipality Fischbach-Göslikon
4067,Fischbach-Göslikon,644,1998-09-30,Initial recording of the municipality Fischbach-Göslikon
4067,Fischbach-Göslikon,647,1997-09-30,Initial recording of the municipality Fischbach-Göslikon
4067,Fischbach-Göslikon,613,1996-09-30,Initial recording of the municipality Fischbach-Göslikon
4067,Fischbach-Göslikon,554,1995-09-30,Initial recording of the municipality Fischbach-Göslikon
4067,Fischbach-Göslikon,519,1994-09-30,Initial recording of the municipality Fischbach-Göslikon
4067,Fischbach-Göslikon,506,1993-09-30,Initial recording of the municipality Fischbach-Göslikon
4067,Fischbach-Göslikon,498,1992-09-30,Initial recording of the municipality Fischbach-Göslikon
4067,Fischbach-Göslikon,489,1991-09-30,Initial recording of the municipality Fischbach-Göslikon
4067,Fischbach-Göslikon,469,1990-09-30,Initial recording of the municipality Fischbach-Göslikon
4067,Fischbach-Göslikon,441,1989-09-30,Initial recording of the municipality Fischbach-Göslikon
4067,Fischbach-Göslikon,412,1988-09-30,Initial recording of the municipality Fischbach-Göslikon
4067,Fischbach-Göslikon,388,1987-09-30,Initial recording of the municipality Fischbach-Göslikon
4067,Fischbach-Göslikon,356,1986-09-30,Initial recording of the municipality Fischbach-Göslikon
4067,Fischbach-Göslikon,350,1985-09-30,Initial recording of the municipality Fischbach-Göslikon
4067,Fischbach-Göslikon,333,1984-09-30,Initial recording of the municipality Fischbach-Göslikon
4067,Fischbach-Göslikon,310,1983-09-30,Initial recording of the municipality Fischbach-Göslikon
4067,Fischbach-Göslikon,292,1982-09-30,Initial recording of the municipality Fischbach-Göslikon
4067,Fischbach-Göslikon,271,1981-09-30,Initial recording of the municipality Fischbach-Göslikon
4067,Fischbach-Göslikon,246,1980-09-30,Initial recording of the municipality Fischbach-Göslikon
4067,Fischbach-Göslikon,221,1979-09-30,Initial recording of the municipality Fischbach-Göslikon
4067,Fischbach-Göslikon,199,1978-09-30,Initial recording of the municipality Fischbach-Göslikon
4067,Fischbach-Göslikon,197,1977-09-30,Initial recording of the municipality Fischbach-Göslikon
4067,Fischbach-Göslikon,195,1976-09-30,Initial recording of the municipality Fischbach-Göslikon
4306,Fisibach,378,2025-09-30,Initial recording of the municipality Fisibach
4306,Fisibach,385,2024-09-30,Initial recording of the municipality Fisibach
4306,Fisibach,379,2023-09-30,Initial recording of the municipality Fisibach
4306,Fisibach,372,2022-09-30,Initial recording of the municipality Fisibach
4306,Fisibach,333,2021-09-30,Initial recording of the municipality Fisibach
4306,Fisibach,301,2020-09-30,Initial recording of the municipality Fisibach
4306,Fisibach,291,2019-09-30,Initial recording of the municipality Fisibach
4306,Fisibach,282,2018-09-30,Initial recording of the municipality Fisibach
4306,Fisibach,273,2017-09-30,Initial recording of the municipality Fisibach
4306,Fisibach,267,2016-09-30,Initial recording of the municipality Fisibach
4306,Fisibach,269,2015-09-30,Initial recording of the municipality Fisibach
4306,Fisibach,249,2014-09-30,Initial recording of the municipality Fisibach
4306,Fisibach,254,2013-09-30,Initial recording of the municipality Fisibach
4306,Fisibach,248,2012-09-30,Initial recording of the municipality Fisibach
4306,Fisibach,228,2011-09-30,Initial recording of the municipality Fisibach
4306,Fisibach,227,2010-09-30,Initial recording of the municipality Fisibach
4306,Fisibach,233,2009-09-30,Initial recording of the municipality Fisibach
4306,Fisibach,226,2008-09-30,Initial recording of the municipality Fisibach
4306,Fisibach,225,2007-09-30,Initial recording of the municipality Fisibach
4306,Fisibach,220,2006-09-30,Initial recording of the municipality Fisibach
4306,Fisibach,212,2005-09-30,Initial recording of the municipality Fisibach
4306,Fisibach,220,2004-09-30,Initial recording of the municipality Fisibach
4306,Fisibach,204,2003-09-30,Initial recording of the municipality Fisibach
4306,Fisibach,189,2002-09-30,Initial recording of the municipality Fisibach
4306,Fisibach,192,2001-09-30,Initial recording of the municipality Fisibach
4306,Fisibach,204,2000-09-30,Initial recording of the municipality Fisibach
4306,Fisibach,190,1999-09-30,Initial recording of the municipality Fisibach
4306,Fisibach,180,1998-09-30,Initial recording of the municipality Fisibach
4306,Fisibach,186,1997-09-30,Initial recording of the municipality Fisibach
4306,Fisibach,184,1996-09-30,Initial recording of the municipality Fisibach
4306,Fisibach,188,1995-09-30,Initial recording of the municipality Fisibach
4306,Fisibach,188,1994-09-30,Initial recording of the municipality Fisibach
4306,Fisibach,186,1993-09-30,Initial recording of the municipality Fisibach
4306,Fisibach,177,1992-09-30,Initial recording of the municipality Fisibach
4306,Fisibach,171,1991-09-30,Initial recording of the municipality Fisibach
4306,Fisibach,169,1990-09-30,Initial recording of the municipality Fisibach
4306,Fisibach,173,1989-09-30,Initial recording of the municipality Fisibach
4306,Fisibach,156,1988-09-30,Initial recording of the municipality Fisibach
4306,Fisibach,147,1987-09-30,Initial recording of the municipality Fisibach
4306,Fisibach,157,1986-09-30,Initial recording of the municipality Fisibach
4306,Fisibach,148,1985-09-30,Initial recording of the municipality Fisibach
4306,Fisibach,126,1984-09-30,Initial recording of the municipality Fisibach
4306,Fisibach,122,1983-09-30,Initial recording of the municipality Fisibach
4306,Fisibach,116,1982-09-30,Initial recording of the municipality Fisibach
4306,Fisibach,117,1981-09-30,Initial recording of the municipality Fisibach
4306,Fisibach,104,1980-09-30,Initial recording of the municipality Fisibach
4306,Fisibach,108,1979-09-30,Initial recording of the municipality Fisibach
4306,Fisibach,99,1978-09-30,Initial recording of the municipality Fisibach
4306,Fisibach,95,1977-09-30,Initial recording of the municipality Fisibach
4306,Fisibach,94,1976-09-30,Initial recording of the municipality Fisibach
4027,Fislisbach,3324,2025-09-30,Initial recording of the municipality Fislisbach
4027,Fislisbach,3329,2024-09-30,Initial recording of the municipality Fislisbach
4027,Fislisbach,3300,2023-09-30,Initial recording of the municipality Fislisbach
4027,Fislisbach,3212,2022-09-30,Initial recording of the municipality Fislisbach
4027,Fislisbach,3100,2021-09-30,Initial recording of the municipality Fislisbach
4027,Fislisbach,3011,2020-09-30,Initial recording of the municipality Fislisbach
4027,Fislisbach,3016,2019-09-30,Initial recording of the municipality Fislisbach
4027,Fislisbach,2997,2018-09-30,Initial recording of the municipality Fislisbach
4027,Fislisbach,3006,2017-09-30,Initial recording of the municipality Fislisbach
4027,Fislisbach,3010,2016-09-30,Initial recording of the municipality Fislisbach
4027,Fislisbach,2979,2015-09-30,Initial recording of the municipality Fislisbach
4027,Fislisbach,2925,2014-09-30,Initial recording of the municipality Fislisbach
4027,Fislisbach,2910,2013-09-30,Initial recording of the municipality Fislisbach
4027,Fislisbach,2941,2012-09-30,Initial recording of the municipality Fislisbach
4027,Fislisbach,2820,2011-09-30,Initial recording of the municipality Fislisbach
4027,Fislisbach,2777,2010-09-30,Initial recording of the municipality Fislisbach
4027,Fislisbach,2697,2009-09-30,Initial recording of the municipality Fislisbach
4027,Fislisbach,2649,2008-09-30,Initial recording of the municipality Fislisbach
4027,Fislisbach,2592,2007-09-30,Initial recording of the municipality Fislisbach
4027,Fislisbach,2598,2006-09-30,Initial recording of the municipality Fislisbach
4027,Fislisbach,2616,2005-09-30,Initial recording of the municipality Fislisbach
4027,Fislisbach,2593,2004-09-30,Initial recording of the municipality Fislisbach
4027,Fislisbach,2603,2003-09-30,Initial recording of the municipality Fislisbach
4027,Fislisbach,2584,2002-09-30,Initial recording of the municipality Fislisbach
4027,Fislisbach,2576,2001-09-30,Initial recording of the municipality Fislisbach
4027,Fislisbach,2468,2000-09-30,Initial recording of the municipality Fislisbach
4027,Fislisbach,2395,1999-09-30,Initial recording of the municipality Fislisbach
4027,Fislisbach,2278,1998-09-30,Initial recording of the municipality Fislisbach
4027,Fislisbach,2265,1997-09-30,Initial recording of the municipality Fislisbach
4027,Fislisbach,2241,1996-09-30,Initial recording of the municipality Fislisbach
4027,Fislisbach,2177,1995-09-30,Initial recording of the municipality Fislisbach
4027,Fislisbach,2113,1994-09-30,Initial recording of the municipality Fislisbach
4027,Fislisbach,2047,1993-09-30,Initial recording of the municipality Fislisbach
4027,Fislisbach,2031,1992-09-30,Initial recording of the municipality Fislisbach
4027,Fislisbach,2023,1991-09-30,Initial recording of the municipality Fislisbach
4027,Fislisbach,2034,1990-09-30,Initial recording of the municipality Fislisbach
4027,Fislisbach,2021,1989-09-30,Initial recording of the municipality Fislisbach
4027,Fislisbach,1948,1988-09-30,Initial recording of the municipality Fislisbach
4027,Fislisbach,1874,1987-09-30,Initial recording of the municipality Fislisbach
4027,Fislisbach,1735,1986-09-30,Initial recording of the municipality Fislisbach
4027,Fislisbach,1648,1985-09-30,Initial recording of the municipality Fislisbach
4027,Fislisbach,1614,1984-09-30,Initial recording of the municipality Fislisbach
4027,Fislisbach,1544,1983-09-30,Initial recording of the municipality Fislisbach
4027,Fislisbach,1489,1982-09-30,Initial recording of the municipality Fislisbach
4027,Fislisbach,1453,1981-09-30,Initial recording of the municipality Fislisbach
4027,Fislisbach,1393,1980-09-30,Initial recording of the municipality Fislisbach
4027,Fislisbach,1330,1979-09-30,Initial recording of the municipality Fislisbach
4027,Fislisbach,1273,1978-09-30,Initial recording of the municipality Fislisbach
4027,Fislisbach,1144,1977-09-30,Initial recording of the municipality Fislisbach
4027,Fislisbach,1142,1976-09-30,Initial recording of the municipality Fislisbach
4028,Freienwil,644,2025-09-30,Initial recording of the municipality Freienwil
4028,Freienwil,654,2024-09-30,Initial recording of the municipality Freienwil
4028,Freienwil,659,2023-09-30,Initial recording of the municipality Freienwil
4028,Freienwil,653,2022-09-30,Initial recording of the municipality Freienwil
4028,Freienwil,652,2021-09-30,Initial recording of the municipality Freienwil
4028,Freienwil,619,2020-09-30,Initial recording of the municipality Freienwil
4028,Freienwil,597,2019-09-30,Initial recording of the municipality Freienwil
4028,Freienwil,561,2018-09-30,Initial recording of the municipality Freienwil
4028,Freienwil,568,2017-09-30,Initial recording of the municipality Freienwil
4028,Freienwil,564,2016-09-30,Initial recording of the municipality Freienwil
4028,Freienwil,554,2015-09-30,Initial recording of the municipality Freienwil
4028,Freienwil,536,2014-09-30,Initial recording of the municipality Freienwil
4028,Freienwil,509,2013-09-30,Initial recording of the municipality Freienwil
4028,Freienwil,517,2012-09-30,Initial recording of the municipality Freienwil
4028,Freienwil,491,2011-09-30,Initial recording of the municipality Freienwil
4028,Freienwil,475,2010-09-30,Initial recording of the municipality Freienwil
4028,Freienwil,463,2009-09-30,Initial recording of the municipality Freienwil
4028,Freienwil,455,2008-09-30,Initial recording of the municipality Freienwil
4028,Freienwil,462,2007-09-30,Initial recording of the municipality Freienwil
4028,Freienwil,443,2006-09-30,Initial recording of the municipality Freienwil
4028,Freienwil,419,2005-09-30,Initial recording of the municipality Freienwil
4028,Freienwil,413,2004-09-30,Initial recording of the municipality Freienwil
4028,Freienwil,399,2003-09-30,Initial recording of the municipality Freienwil
4028,Freienwil,399,2002-09-30,Initial recording of the municipality Freienwil
4028,Freienwil,392,2001-09-30,Initial recording of the municipality Freienwil
4028,Freienwil,355,2000-09-30,Initial recording of the municipality Freienwil
4028,Freienwil,336,1999-09-30,Initial recording of the municipality Freienwil
4028,Freienwil,331,1998-09-30,Initial recording of the municipality Freienwil
4028,Freienwil,312,1997-09-30,Initial recording of the municipality Freienwil
4028,Freienwil,304,1996-09-30,Initial recording of the municipality Freienwil
4028,Freienwil,293,1995-09-30,Initial recording of the municipality Freienwil
4028,Freienwil,281,1994-09-30,Initial recording of the municipality Freienwil
4028,Freienwil,288,1993-09-30,Initial recording of the municipality Freienwil
4028,Freienwil,289,1992-09-30,Initial recording of the municipality Freienwil
4028,Freienwil,283,1991-09-30,Initial recording of the municipality Freienwil
4028,Freienwil,282,1990-09-30,Initial recording of the municipality Freienwil
4028,Freienwil,284,1989-09-30,Initial recording of the municipality Freienwil
4028,Freienwil,257,1988-09-30,Initial recording of the municipality Freienwil
4028,Freienwil,264,1987-09-30,Initial recording of the municipality Freienwil
4028,Freienwil,253,1986-09-30,Initial recording of the municipality Freienwil
4028,Freienwil,244,1985-09-30,Initial recording of the municipality Freienwil
4028,Freienwil,223,1984-09-30,Initial recording of the municipality Freienwil
4028,Freienwil,196,1983-09-30,Initial recording of the municipality Freienwil
4028,Freienwil,183,1982-09-30,Initial recording of the municipality Freienwil
4028,Freienwil,179,1981-09-30,Initial recording of the municipality Freienwil
4028,Freienwil,174,1980-09-30,Initial recording of the municipality Freienwil
4028,Freienwil,161,1979-09-30,Initial recording of the municipality Freienwil
4028,Freienwil,153,1978-09-30,Initial recording of the municipality Freienwil
4028,Freienwil,133,1977-09-30,Initial recording of the municipality Freienwil
4028,Freienwil,126,1976-09-30,Initial recording of the municipality Freienwil
4163,Frick,3707,2025-09-30,Initial recording of the municipality Frick
4163,Frick,3502,2024-09-30,Initial recording of the municipality Frick
4163,Frick,3428,2023-09-30,Initial recording of the municipality Frick
4163,Frick,3441,2022-09-30,Initial recording of the municipality Frick
4163,Frick,3402,2021-09-30,Initial recording of the municipality Frick
4163,Frick,3361,2020-09-30,Initial recording of the municipality Frick
4163,Frick,3355,2019-09-30,Initial recording of the municipality Frick
4163,Frick,3226,2018-09-30,Initial recording of the municipality Frick
4163,Frick,3156,2017-09-30,Initial recording of the municipality Frick
4163,Frick,3124,2016-09-30,Initial recording of the municipality Frick
4163,Frick,3092,2015-09-30,Initial recording of the municipality Frick
4163,Frick,3016,2014-09-30,Initial recording of the municipality Frick
4163,Frick,2923,2013-09-30,Initial recording of the municipality Frick
4163,Frick,2816,2012-09-30,Initial recording of the municipality Frick
4163,Frick,2708,2011-09-30,Initial recording of the municipality Frick
4163,Frick,2609,2010-09-30,Initial recording of the municipality Frick
4163,Frick,2541,2009-09-30,Initial recording of the municipality Frick
4163,Frick,2533,2008-09-30,Initial recording of the municipality Frick
4163,Frick,2503,2007-09-30,Initial recording of the municipality Frick
4163,Frick,2405,2006-09-30,Initial recording of the municipality Frick
4163,Frick,2277,2005-09-30,Initial recording of the municipality Frick
4163,Frick,2188,2004-09-30,Initial recording of the municipality Frick
4163,Frick,2159,2003-09-30,Initial recording of the municipality Frick
4163,Frick,2071,2002-09-30,Initial recording of the municipality Frick
4163,Frick,1989,2001-09-30,Initial recording of the municipality Frick
4163,Frick,1913,2000-09-30,Initial recording of the municipality Frick
4163,Frick,1849,1999-09-30,Initial recording of the municipality Frick
4163,Frick,1782,1998-09-30,Initial recording of the municipality Frick
4163,Frick,1732,1997-09-30,Initial recording of the municipality Frick
4163,Frick,1715,1996-09-30,Initial recording of the municipality Frick
4163,Frick,1691,1995-09-30,Initial recording of the municipality Frick
4163,Frick,1637,1994-09-30,Initial recording of the municipality Frick
4163,Frick,1598,1993-09-30,Initial recording of the municipality Frick
4163,Frick,1570,1992-09-30,Initial recording of the municipality Frick
4163,Frick,1536,1991-09-30,Initial recording of the municipality Frick
4163,Frick,1503,1990-09-30,Initial recording of the municipality Frick
4163,Frick,1437,1989-09-30,Initial recording of the municipality Frick
4163,Frick,1373,1988-09-30,Initial recording of the municipality Frick
4163,Frick,1304,1987-09-30,Initial recording of the municipality Frick
4163,Frick,1269,1986-09-30,Initial recording of the municipality Frick
4163,Frick,1243,1985-09-30,Initial recording of the municipality Frick
4163,Frick,1218,1984-09-30,Initial recording of the municipality Frick
4163,Frick,1180,1983-09-30,Initial recording of the municipality Frick
4163,Frick,1173,1982-09-30,Initial recording of the municipality Frick
4163,Frick,1140,1981-09-30,Initial recording of the municipality Frick
4163,Frick,1068,1980-09-30,Initial recording of the municipality Frick
4163,Frick,1011,1979-09-30,Initial recording of the municipality Frick
4163,Frick,989,1978-09-30,Initial recording of the municipality Frick
4163,Frick,962,1977-09-30,Initial recording of the municipality Frick
4163,Frick,916,1976-09-30,Initial recording of the municipality Frick
4307,Full-Reuenthal,669,2025-09-30,Initial recording of the municipality Full-Reuenthal
4307,Full-Reuenthal,664,2024-09-30,Initial recording of the municipality Full-Reuenthal
4307,Full-Reuenthal,629,2023-09-30,Initial recording of the municipality Full-Reuenthal
4307,Full-Reuenthal,616,2022-09-30,Initial recording of the municipality Full-Reuenthal
4307,Full-Reuenthal,585,2021-09-30,Initial recording of the municipality Full-Reuenthal
4307,Full-Reuenthal,568,2020-09-30,Initial recording of the municipality Full-Reuenthal
4307,Full-Reuenthal,569,2019-09-30,Initial recording of the municipality Full-Reuenthal
4307,Full-Reuenthal,562,2018-09-30,Initial recording of the municipality Full-Reuenthal
4307,Full-Reuenthal,563,2017-09-30,Initial recording of the municipality Full-Reuenthal
4307,Full-Reuenthal,567,2016-09-30,Initial recording of the municipality Full-Reuenthal
4307,Full-Reuenthal,546,2015-09-30,Initial recording of the municipality Full-Reuenthal
4307,Full-Reuenthal,520,2014-09-30,Initial recording of the municipality Full-Reuenthal
4307,Full-Reuenthal,516,2013-09-30,Initial recording of the municipality Full-Reuenthal
4307,Full-Reuenthal,496,2012-09-30,Initial recording of the municipality Full-Reuenthal
4307,Full-Reuenthal,489,2011-09-30,Initial recording of the municipality Full-Reuenthal
4307,Full-Reuenthal,473,2010-09-30,Initial recording of the municipality Full-Reuenthal
4307,Full-Reuenthal,476,2009-09-30,Initial recording of the municipality Full-Reuenthal
4307,Full-Reuenthal,463,2008-09-30,Initial recording of the municipality Full-Reuenthal
4307,Full-Reuenthal,458,2007-09-30,Initial recording of the municipality Full-Reuenthal
4307,Full-Reuenthal,456,2006-09-30,Initial recording of the municipality Full-Reuenthal
4307,Full-Reuenthal,437,2005-09-30,Initial recording of the municipality Full-Reuenthal
4307,Full-Reuenthal,442,2004-09-30,Initial recording of the municipality Full-Reuenthal
4307,Full-Reuenthal,447,2003-09-30,Initial recording of the municipality Full-Reuenthal
4307,Full-Reuenthal,437,2002-09-30,Initial recording of the municipality Full-Reuenthal
4307,Full-Reuenthal,432,2001-09-30,Initial recording of the municipality Full-Reuenthal
4307,Full-Reuenthal,436,2000-09-30,Initial recording of the municipality Full-Reuenthal
4307,Full-Reuenthal,417,1999-09-30,Initial recording of the municipality Full-Reuenthal
4307,Full-Reuenthal,392,1998-09-30,Initial recording of the municipality Full-Reuenthal
4307,Full-Reuenthal,381,1997-09-30,Initial recording of the municipality Full-Reuenthal
4307,Full-Reuenthal,375,1996-09-30,Initial recording of the municipality Full-Reuenthal
4307,Full-Reuenthal,352,1995-09-30,Initial recording of the municipality Full-Reuenthal
4307,Full-Reuenthal,347,1994-09-30,Initial recording of the municipality Full-Reuenthal
4307,Full-Reuenthal,344,1993-09-30,Initial recording of the municipality Full-Reuenthal
4307,Full-Reuenthal,344,1992-09-30,Initial recording of the municipality Full-Reuenthal
4307,Full-Reuenthal,344,1991-09-30,Initial recording of the municipality Full-Reuenthal
4307,Full-Reuenthal,341,1990-09-30,Initial recording of the municipality Full-Reuenthal
4307,Full-Reuenthal,342,1989-09-30,Initial recording of the municipality Full-Reuenthal
4307,Full-Reuenthal,335,1988-09-30,Initial recording of the municipality Full-Reuenthal
4307,Full-Reuenthal,329,1987-09-30,Initial recording of the municipality Full-Reuenthal
4307,Full-Reuenthal,341,1986-09-30,Initial recording of the municipality Full-Reuenthal
4307,Full-Reuenthal,340,1985-09-30,Initial recording of the municipality Full-Reuenthal
4307,Full-Reuenthal,322,1984-09-30,Initial recording of the municipality Full-Reuenthal
4307,Full-Reuenthal,306,1983-09-30,Initial recording of the municipality Full-Reuenthal
4307,Full-Reuenthal,292,1982-09-30,Initial recording of the municipality Full-Reuenthal
4307,Full-Reuenthal,298,1981-09-30,Initial recording of the municipality Full-Reuenthal
4307,Full-Reuenthal,275,1980-09-30,Initial recording of the municipality Full-Reuenthal
4307,Full-Reuenthal,263,1979-09-30,Initial recording of the municipality Full-Reuenthal
4307,Full-Reuenthal,244,1978-09-30,Initial recording of the municipality Full-Reuenthal
4307,Full-Reuenthal,233,1977-09-30,Initial recording of the municipality Full-Reuenthal
4307,Full-Reuenthal,220,1976-09-30,Initial recording of the municipality Full-Reuenthal
4098,Gallenkirch,91,2012-09-30,Initial recording of the municipality Gallenkirch
4098,Gallenkirch,94,2011-09-30,Initial recording of the municipality Gallenkirch
4098,Gallenkirch,86,2010-09-30,Initial recording of the municipality Gallenkirch
4098,Gallenkirch,67,2009-09-30,Initial recording of the municipality Gallenkirch
4098,Gallenkirch,62,2008-09-30,Initial recording of the municipality Gallenkirch
4098,Gallenkirch,61,2007-09-30,Initial recording of the municipality Gallenkirch
4098,Gallenkirch,60,2006-09-30,Initial recording of the municipality Gallenkirch
4098,Gallenkirch,63,2005-09-30,Initial recording of the municipality Gallenkirch
4098,Gallenkirch,65,2004-09-30,Initial recording of the municipality Gallenkirch
4098,Gallenkirch,70,2003-09-30,Initial recording of the municipality Gallenkirch
4098,Gallenkirch,70,2002-09-30,Initial recording of the municipality Gallenkirch
4098,Gallenkirch,67,2001-09-30,Initial recording of the municipality Gallenkirch
4098,Gallenkirch,62,2000-09-30,Initial recording of the municipality Gallenkirch
4098,Gallenkirch,57,1999-09-30,Initial recording of the municipality Gallenkirch
4098,Gallenkirch,47,1998-09-30,Initial recording of the municipality Gallenkirch
4098,Gallenkirch,47,1997-09-30,Initial recording of the municipality Gallenkirch
4098,Gallenkirch,39,1996-09-30,Initial recording of the municipality Gallenkirch
4098,Gallenkirch,44,1995-09-30,Initial recording of the municipality Gallenkirch
4098,Gallenkirch,41,1994-09-30,Initial recording of the municipality Gallenkirch
4098,Gallenkirch,39,1993-09-30,Initial recording of the municipality Gallenkirch
4098,Gallenkirch,41,1992-09-30,Initial recording of the municipality Gallenkirch
4098,Gallenkirch,44,1991-09-30,Initial recording of the municipality Gallenkirch
4098,Gallenkirch,41,1990-09-30,Initial recording of the municipality Gallenkirch
4098,Gallenkirch,39,1989-09-30,Initial recording of the municipality Gallenkirch
4098,Gallenkirch,35,1988-09-30,Initial recording of the municipality Gallenkirch
4098,Gallenkirch,28,1987-09-30,Initial recording of the municipality Gallenkirch
4098,Gallenkirch,28,1986-09-30,Initial recording of the municipality Gallenkirch
4098,Gallenkirch,31,1985-09-30,Initial recording of the municipality Gallenkirch
4098,Gallenkirch,28,1984-09-30,Initial recording of the municipality Gallenkirch
4098,Gallenkirch,26,1983-09-30,Initial recording of the municipality Gallenkirch
4098,Gallenkirch,25,1982-09-30,Initial recording of the municipality Gallenkirch
4098,Gallenkirch,23,1981-09-30,Initial recording of the municipality Gallenkirch
4098,Gallenkirch,24,1980-09-30,Initial recording of the municipality Gallenkirch
4098,Gallenkirch,22,1979-09-30,Initial recording of the municipality Gallenkirch
4098,Gallenkirch,23,1978-09-30,Initial recording of the municipality Gallenkirch
4098,Gallenkirch,23,1977-09-30,Initial recording of the municipality Gallenkirch
4098,Gallenkirch,19,1976-09-30,Initial recording of the municipality Gallenkirch
4164,Gansingen,711,2025-09-30,Initial recording of the municipality Gansingen
4164,Gansingen,720,2024-09-30,Initial recording of the municipality Gansingen
4164,Gansingen,709,2023-09-30,Initial recording of the municipality Gansingen
4164,Gansingen,699,2022-09-30,Initial recording of the municipality Gansingen
4164,Gansingen,684,2021-09-30,Initial recording of the municipality Gansingen
4164,Gansingen,703,2020-09-30,Initial recording of the municipality Gansingen
4164,Gansingen,699,2019-09-30,Initial recording of the municipality Gansingen
4164,Gansingen,685,2018-09-30,Initial recording of the municipality Gansingen
4164,Gansingen,682,2017-09-30,Initial recording of the municipality Gansingen
4164,Gansingen,663,2016-09-30,Initial recording of the municipality Gansingen
4164,Gansingen,645,2015-09-30,Initial recording of the municipality Gansingen
4164,Gansingen,641,2014-09-30,Initial recording of the municipality Gansingen
4164,Gansingen,626,2013-09-30,Initial recording of the municipality Gansingen
4164,Gansingen,622,2012-09-30,Initial recording of the municipality Gansingen
4164,Gansingen,591,2011-09-30,Initial recording of the municipality Gansingen
4164,Gansingen,573,2010-09-30,Initial recording of the municipality Gansingen
4164,Gansingen,560,2009-09-30,Initial recording of the municipality Gansingen
4164,Gansingen,560,2008-09-30,Initial recording of the municipality Gansingen
4164,Gansingen,554,2007-09-30,Initial recording of the municipality Gansingen
4164,Gansingen,553,2006-09-30,Initial recording of the municipality Gansingen
4164,Gansingen,533,2005-09-30,Initial recording of the municipality Gansingen
4164,Gansingen,525,2004-09-30,Initial recording of the municipality Gansingen
4164,Gansingen,523,2003-09-30,Initial recording of the municipality Gansingen
4164,Gansingen,505,2002-09-30,Initial recording of the municipality Gansingen
4164,Gansingen,483,2001-09-30,Initial recording of the municipality Gansingen
4164,Gansingen,480,2000-09-30,Initial recording of the municipality Gansingen
4164,Gansingen,473,1999-09-30,Initial recording of the municipality Gansingen
4164,Gansingen,454,1998-09-30,Initial recording of the municipality Gansingen
4164,Gansingen,450,1997-09-30,Initial recording of the municipality Gansingen
4164,Gansingen,439,1996-09-30,Initial recording of the municipality Gansingen
4164,Gansingen,425,1995-09-30,Initial recording of the municipality Gansingen
4164,Gansingen,424,1994-09-30,Initial recording of the municipality Gansingen
4164,Gansingen,422,1993-09-30,Initial recording of the municipality Gansingen
4164,Gansingen,422,1992-09-30,Initial recording of the municipality Gansingen
4164,Gansingen,394,1991-09-30,Initial recording of the municipality Gansingen
4164,Gansingen,384,1990-09-30,Initial recording of the municipality Gansingen
4164,Gansingen,359,1989-09-30,Initial recording of the municipality Gansingen
4164,Gansingen,349,1988-09-30,Initial recording of the municipality Gansingen
4164,Gansingen,340,1987-09-30,Initial recording of the municipality Gansingen
4164,Gansingen,309,1986-09-30,Initial recording of the municipality Gansingen
4164,Gansingen,295,1985-09-30,Initial recording of the municipality Gansingen
4164,Gansingen,286,1984-09-30,Initial recording of the municipality Gansingen
4164,Gansingen,267,1983-09-30,Initial recording of the municipality Gansingen
4164,Gansingen,241,1982-09-30,Initial recording of the municipality Gansingen
4164,Gansingen,225,1981-09-30,Initial recording of the municipality Gansingen
4164,Gansingen,210,1980-09-30,Initial recording of the municipality Gansingen
4164,Gansingen,213,1979-09-30,Initial recording of the municipality Gansingen
4164,Gansingen,209,1978-09-30,Initial recording of the municipality Gansingen
4164,Gansingen,181,1977-09-30,Initial recording of the municipality Gansingen
4164,Gansingen,174,1976-09-30,Initial recording of the municipality Gansingen
4029,Gebenstorf,3351,2025-09-30,Initial recording of the municipality Gebenstorf
4029,Gebenstorf,3313,2024-09-30,Initial recording of the municipality Gebenstorf
4029,Gebenstorf,3275,2023-09-30,Initial recording of the municipality Gebenstorf
4029,Gebenstorf,3239,2022-09-30,Initial recording of the municipality Gebenstorf
4029,Gebenstorf,3276,2021-09-30,Initial recording of the municipality Gebenstorf
4029,Gebenstorf,3198,2020-09-30,Initial recording of the municipality Gebenstorf
4029,Gebenstorf,3159,2019-09-30,Initial recording of the municipality Gebenstorf
4029,Gebenstorf,3142,2018-09-30,Initial recording of the municipality Gebenstorf
4029,Gebenstorf,3064,2017-09-30,Initial recording of the municipality Gebenstorf
4029,Gebenstorf,2953,2016-09-30,Initial recording of the municipality Gebenstorf
4029,Gebenstorf,2901,2015-09-30,Initial recording of the municipality Gebenstorf
4029,Gebenstorf,2805,2014-09-30,Initial recording of the municipality Gebenstorf
4029,Gebenstorf,2789,2013-09-30,Initial recording of the municipality Gebenstorf
4029,Gebenstorf,2638,2012-09-30,Initial recording of the municipality Gebenstorf
4029,Gebenstorf,2515,2011-09-30,Initial recording of the municipality Gebenstorf
4029,Gebenstorf,2355,2010-09-30,Initial recording of the municipality Gebenstorf
4029,Gebenstorf,2404,2009-09-30,Initial recording of the municipality Gebenstorf
4029,Gebenstorf,2345,2008-09-30,Initial recording of the municipality Gebenstorf
4029,Gebenstorf,2289,2007-09-30,Initial recording of the municipality Gebenstorf
4029,Gebenstorf,2249,2006-09-30,Initial recording of the municipality Gebenstorf
4029,Gebenstorf,2262,2005-09-30,Initial recording of the municipality Gebenstorf
4029,Gebenstorf,2195,2004-09-30,Initial recording of the municipality Gebenstorf
4029,Gebenstorf,2126,2003-09-30,Initial recording of the municipality Gebenstorf
4029,Gebenstorf,2083,2002-09-30,Initial recording of the municipality Gebenstorf
4029,Gebenstorf,2060,2001-09-30,Initial recording of the municipality Gebenstorf
4029,Gebenstorf,2016,2000-09-30,Initial recording of the municipality Gebenstorf
4029,Gebenstorf,1961,1999-09-30,Initial recording of the municipality Gebenstorf
4029,Gebenstorf,1940,1998-09-30,Initial recording of the municipality Gebenstorf
4029,Gebenstorf,1910,1997-09-30,Initial recording of the municipality Gebenstorf
4029,Gebenstorf,1883,1996-09-30,Initial recording of the municipality Gebenstorf
4029,Gebenstorf,1827,1995-09-30,Initial recording of the municipality Gebenstorf
4029,Gebenstorf,1826,1994-09-30,Initial recording of the municipality Gebenstorf
4029,Gebenstorf,1802,1993-09-30,Initial recording of the municipality Gebenstorf
4029,Gebenstorf,1789,1992-09-30,Initial recording of the municipality Gebenstorf
4029,Gebenstorf,1786,1991-09-30,Initial recording of the municipality Gebenstorf
4029,Gebenstorf,1753,1990-09-30,Initial recording of the municipality Gebenstorf
4029,Gebenstorf,1708,1989-09-30,Initial recording of the municipality Gebenstorf
4029,Gebenstorf,1687,1988-09-30,Initial recording of the municipality Gebenstorf
4029,Gebenstorf,1640,1987-09-30,Initial recording of the municipality Gebenstorf
4029,Gebenstorf,1536,1986-09-30,Initial recording of the municipality Gebenstorf
4029,Gebenstorf,1503,1985-09-30,Initial recording of the municipality Gebenstorf
4029,Gebenstorf,1443,1984-09-30,Initial recording of the municipality Gebenstorf
4029,Gebenstorf,1397,1983-09-30,Initial recording of the municipality Gebenstorf
4029,Gebenstorf,1327,1982-09-30,Initial recording of the municipality Gebenstorf
4029,Gebenstorf,1223,1981-09-30,Initial recording of the municipality Gebenstorf
4029,Gebenstorf,1136,1980-09-30,Initial recording of the municipality Gebenstorf
4029,Gebenstorf,1082,1979-09-30,Initial recording of the municipality Gebenstorf
4029,Gebenstorf,1016,1978-09-30,Initial recording of the municipality Gebenstorf
4029,Gebenstorf,949,1977-09-30,Initial recording of the municipality Gebenstorf
4029,Gebenstorf,923,1976-09-30,Initial recording of the municipality Gebenstorf
4232,Geltwil,175,2025-09-30,Initial recording of the municipality Geltwil
4232,Geltwil,166,2024-09-30,Initial recording of the municipality Geltwil
4232,Geltwil,154,2023-09-30,Initial recording of the municipality Geltwil
4232,Geltwil,158,2022-09-30,Initial recording of the municipality Geltwil
4232,Geltwil,149,2021-09-30,Initial recording of the municipality Geltwil
4232,Geltwil,149,2020-09-30,Initial recording of the municipality Geltwil
4232,Geltwil,149,2019-09-30,Initial recording of the municipality Geltwil
4232,Geltwil,148,2018-09-30,Initial recording of the municipality Geltwil
4232,Geltwil,135,2017-09-30,Initial recording of the municipality Geltwil
4232,Geltwil,128,2016-09-30,Initial recording of the municipality Geltwil
4232,Geltwil,127,2015-09-30,Initial recording of the municipality Geltwil
4232,Geltwil,119,2014-09-30,Initial recording of the municipality Geltwil
4232,Geltwil,115,2013-09-30,Initial recording of the municipality Geltwil
4232,Geltwil,105,2012-09-30,Initial recording of the municipality Geltwil
4232,Geltwil,107,2011-09-30,Initial recording of the municipality Geltwil
4232,Geltwil,95,2010-09-30,Initial recording of the municipality Geltwil
4232,Geltwil,62,2009-09-30,Initial recording of the municipality Geltwil
4232,Geltwil,66,2008-09-30,Initial recording of the municipality Geltwil
4232,Geltwil,68,2007-09-30,Initial recording of the municipality Geltwil
4232,Geltwil,73,2006-09-30,Initial recording of the municipality Geltwil
4232,Geltwil,74,2005-09-30,Initial recording of the municipality Geltwil
4232,Geltwil,78,2004-09-30,Initial recording of the municipality Geltwil
4232,Geltwil,78,2003-09-30,Initial recording of the municipality Geltwil
4232,Geltwil,84,2002-09-30,Initial recording of the municipality Geltwil
4232,Geltwil,69,2001-09-30,Initial recording of the municipality Geltwil
4232,Geltwil,60,2000-09-30,Initial recording of the municipality Geltwil
4232,Geltwil,57,1999-09-30,Initial recording of the municipality Geltwil
4232,Geltwil,60,1998-09-30,Initial recording of the municipality Geltwil
4232,Geltwil,60,1997-09-30,Initial recording of the municipality Geltwil
4232,Geltwil,57,1996-09-30,Initial recording of the municipality Geltwil
4232,Geltwil,54,1995-09-30,Initial recording of the municipality Geltwil
4232,Geltwil,58,1994-09-30,Initial recording of the municipality Geltwil
4232,Geltwil,60,1993-09-30,Initial recording of the municipality Geltwil
4232,Geltwil,59,1992-09-30,Initial recording of the municipality Geltwil
4232,Geltwil,60,1991-09-30,Initial recording of the municipality Geltwil
4232,Geltwil,62,1990-09-30,Initial recording of the municipality Geltwil
4232,Geltwil,63,1989-09-30,Initial recording of the municipality Geltwil
4232,Geltwil,61,1988-09-30,Initial recording of the municipality Geltwil
4232,Geltwil,58,1987-09-30,Initial recording of the municipality Geltwil
4232,Geltwil,43,1986-09-30,Initial recording of the municipality Geltwil
4232,Geltwil,43,1985-09-30,Initial recording of the municipality Geltwil
4232,Geltwil,40,1984-09-30,Initial recording of the municipality Geltwil
4232,Geltwil,42,1983-09-30,Initial recording of the municipality Geltwil
4232,Geltwil,38,1982-09-30,Initial recording of the municipality Geltwil
4232,Geltwil,41,1981-09-30,Initial recording of the municipality Geltwil
4232,Geltwil,45,1980-09-30,Initial recording of the municipality Geltwil
4232,Geltwil,31,1979-09-30,Initial recording of the municipality Geltwil
4232,Geltwil,29,1978-09-30,Initial recording of the municipality Geltwil
4232,Geltwil,28,1977-09-30,Initial recording of the municipality Geltwil
4232,Geltwil,27,1976-09-30,Initial recording of the municipality Geltwil
4165,Gipf-Oberfrick,2279,2025-09-30,Initial recording of the municipality Gipf-Oberfrick
4165,Gipf-Oberfrick,2285,2024-09-30,Initial recording of the municipality Gipf-Oberfrick
4165,Gipf-Oberfrick,2250,2023-09-30,Initial recording of the municipality Gipf-Oberfrick
4165,Gipf-Oberfrick,2245,2022-09-30,Initial recording of the municipality Gipf-Oberfrick
4165,Gipf-Oberfrick,2246,2021-09-30,Initial recording of the municipality Gipf-Oberfrick
4165,Gipf-Oberfrick,2154,2020-09-30,Initial recording of the municipality Gipf-Oberfrick
4165,Gipf-Oberfrick,2073,2019-09-30,Initial recording of the municipality Gipf-Oberfrick
4165,Gipf-Oberfrick,2046,2018-09-30,Initial recording of the municipality Gipf-Oberfrick
4165,Gipf-Oberfrick,2056,2017-09-30,Initial recording of the municipality Gipf-Oberfrick
4165,Gipf-Oberfrick,2063,2016-09-30,Initial recording of the municipality Gipf-Oberfrick
4165,Gipf-Oberfrick,2021,2015-09-30,Initial recording of the municipality Gipf-Oberfrick
4165,Gipf-Oberfrick,2007,2014-09-30,Initial recording of the municipality Gipf-Oberfrick
4165,Gipf-Oberfrick,1954,2013-09-30,Initial recording of the municipality Gipf-Oberfrick
4165,Gipf-Oberfrick,1859,2012-09-30,Initial recording of the municipality Gipf-Oberfrick
4165,Gipf-Oberfrick,1792,2011-09-30,Initial recording of the municipality Gipf-Oberfrick
4165,Gipf-Oberfrick,1774,2010-09-30,Initial recording of the municipality Gipf-Oberfrick
4165,Gipf-Oberfrick,1740,2009-09-30,Initial recording of the municipality Gipf-Oberfrick
4165,Gipf-Oberfrick,1711,2008-09-30,Initial recording of the municipality Gipf-Oberfrick
4165,Gipf-Oberfrick,1696,2007-09-30,Initial recording of the municipality Gipf-Oberfrick
4165,Gipf-Oberfrick,1671,2006-09-30,Initial recording of the municipality Gipf-Oberfrick
4165,Gipf-Oberfrick,1631,2005-09-30,Initial recording of the municipality Gipf-Oberfrick
4165,Gipf-Oberfrick,1624,2004-09-30,Initial recording of the municipality Gipf-Oberfrick
4165,Gipf-Oberfrick,1593,2003-09-30,Initial recording of the municipality Gipf-Oberfrick
4165,Gipf-Oberfrick,1542,2002-09-30,Initial recording of the municipality Gipf-Oberfrick
4165,Gipf-Oberfrick,1492,2001-09-30,Initial recording of the municipality Gipf-Oberfrick
4165,Gipf-Oberfrick,1439,2000-09-30,Initial recording of the municipality Gipf-Oberfrick
4165,Gipf-Oberfrick,1367,1999-09-30,Initial recording of the municipality Gipf-Oberfrick
4165,Gipf-Oberfrick,1275,1998-09-30,Initial recording of the municipality Gipf-Oberfrick
4165,Gipf-Oberfrick,1250,1997-09-30,Initial recording of the municipality Gipf-Oberfrick
4165,Gipf-Oberfrick,1190,1996-09-30,Initial recording of the municipality Gipf-Oberfrick
4165,Gipf-Oberfrick,1151,1995-09-30,Initial recording of the municipality Gipf-Oberfrick
4165,Gipf-Oberfrick,1076,1994-09-30,Initial recording of the municipality Gipf-Oberfrick
4165,Gipf-Oberfrick,1008,1993-09-30,Initial recording of the municipality Gipf-Oberfrick
4165,Gipf-Oberfrick,966,1992-09-30,Initial recording of the municipality Gipf-Oberfrick
4165,Gipf-Oberfrick,947,1991-09-30,Initial recording of the municipality Gipf-Oberfrick
4165,Gipf-Oberfrick,923,1990-09-30,Initial recording of the municipality Gipf-Oberfrick
4165,Gipf-Oberfrick,856,1989-09-30,Initial recording of the municipality Gipf-Oberfrick
4165,Gipf-Oberfrick,818,1988-09-30,Initial recording of the municipality Gipf-Oberfrick
4165,Gipf-Oberfrick,776,1987-09-30,Initial recording of the municipality Gipf-Oberfrick
4165,Gipf-Oberfrick,721,1986-09-30,Initial recording of the municipality Gipf-Oberfrick
4165,Gipf-Oberfrick,687,1985-09-30,Initial recording of the municipality Gipf-Oberfrick
4165,Gipf-Oberfrick,655,1984-09-30,Initial recording of the municipality Gipf-Oberfrick
4165,Gipf-Oberfrick,623,1983-09-30,Initial recording of the municipality Gipf-Oberfrick
4165,Gipf-Oberfrick,588,1982-09-30,Initial recording of the municipality Gipf-Oberfrick
4165,Gipf-Oberfrick,566,1981-09-30,Initial recording of the municipality Gipf-Oberfrick
4165,Gipf-Oberfrick,543,1980-09-30,Initial recording of the municipality Gipf-Oberfrick
4165,Gipf-Oberfrick,502,1979-09-30,Initial recording of the municipality Gipf-Oberfrick
4165,Gipf-Oberfrick,446,1978-09-30,Initial recording of the municipality Gipf-Oberfrick
4165,Gipf-Oberfrick,410,1977-09-30,Initial recording of the municipality Gipf-Oberfrick
4165,Gipf-Oberfrick,390,1976-09-30,Initial recording of the municipality Gipf-Oberfrick
4135,Gontenschwil,1617,2025-09-30,Initial recording of the municipality Gontenschwil
4135,Gontenschwil,1539,2024-09-30,Initial recording of the municipality Gontenschwil
4135,Gontenschwil,1548,2023-09-30,Initial recording of the municipality Gontenschwil
4135,Gontenschwil,1540,2022-09-30,Initial recording of the municipality Gontenschwil
4135,Gontenschwil,1545,2021-09-30,Initial recording of the municipality Gontenschwil
4135,Gontenschwil,1523,2020-09-30,Initial recording of the municipality Gontenschwil
4135,Gontenschwil,1520,2019-09-30,Initial recording of the municipality Gontenschwil
4135,Gontenschwil,1493,2018-09-30,Initial recording of the municipality Gontenschwil
4135,Gontenschwil,1464,2017-09-30,Initial recording of the municipality Gontenschwil
4135,Gontenschwil,1459,2016-09-30,Initial recording of the municipality Gontenschwil
4135,Gontenschwil,1412,2015-09-30,Initial recording of the municipality Gontenschwil
4135,Gontenschwil,1405,2014-09-30,Initial recording of the municipality Gontenschwil
4135,Gontenschwil,1419,2013-09-30,Initial recording of the municipality Gontenschwil
4135,Gontenschwil,1357,2012-09-30,Initial recording of the municipality Gontenschwil
4135,Gontenschwil,1344,2011-09-30,Initial recording of the municipality Gontenschwil
4135,Gontenschwil,1329,2010-09-30,Initial recording of the municipality Gontenschwil
4135,Gontenschwil,1310,2009-09-30,Initial recording of the municipality Gontenschwil
4135,Gontenschwil,1313,2008-09-30,Initial recording of the municipality Gontenschwil
4135,Gontenschwil,1301,2007-09-30,Initial recording of the municipality Gontenschwil
4135,Gontenschwil,1294,2006-09-30,Initial recording of the municipality Gontenschwil
4135,Gontenschwil,1251,2005-09-30,Initial recording of the municipality Gontenschwil
4135,Gontenschwil,1237,2004-09-30,Initial recording of the municipality Gontenschwil
4135,Gontenschwil,1227,2003-09-30,Initial recording of the municipality Gontenschwil
4135,Gontenschwil,1201,2002-09-30,Initial recording of the municipality Gontenschwil
4135,Gontenschwil,1189,2001-09-30,Initial recording of the municipality Gontenschwil
4135,Gontenschwil,1168,2000-09-30,Initial recording of the municipality Gontenschwil
4135,Gontenschwil,1123,1999-09-30,Initial recording of the municipality Gontenschwil
4135,Gontenschwil,1085,1998-09-30,Initial recording of the municipality Gontenschwil
4135,Gontenschwil,1054,1997-09-30,Initial recording of the municipality Gontenschwil
4135,Gontenschwil,1006,1996-09-30,Initial recording of the municipality Gontenschwil
4135,Gontenschwil,1034,1995-09-30,Initial recording of the municipality Gontenschwil
4135,Gontenschwil,1017,1994-09-30,Initial recording of the municipality Gontenschwil
4135,Gontenschwil,992,1993-09-30,Initial recording of the municipality Gontenschwil
4135,Gontenschwil,1004,1992-09-30,Initial recording of the municipality Gontenschwil
4135,Gontenschwil,979,1991-09-30,Initial recording of the municipality Gontenschwil
4135,Gontenschwil,944,1990-09-30,Initial recording of the municipality Gontenschwil
4135,Gontenschwil,905,1989-09-30,Initial recording of the municipality Gontenschwil
4135,Gontenschwil,877,1988-09-30,Initial recording of the municipality Gontenschwil
4135,Gontenschwil,858,1987-09-30,Initial recording of the municipality Gontenschwil
4135,Gontenschwil,822,1986-09-30,Initial recording of the municipality Gontenschwil
4135,Gontenschwil,814,1985-09-30,Initial recording of the municipality Gontenschwil
4135,Gontenschwil,803,1984-09-30,Initial recording of the municipality Gontenschwil
4135,Gontenschwil,785,1983-09-30,Initial recording of the municipality Gontenschwil
4135,Gontenschwil,749,1982-09-30,Initial recording of the municipality Gontenschwil
4135,Gontenschwil,741,1981-09-30,Initial recording of the municipality Gontenschwil
4135,Gontenschwil,717,1980-09-30,Initial recording of the municipality Gontenschwil
4135,Gontenschwil,694,1979-09-30,Initial recording of the municipality Gontenschwil
4135,Gontenschwil,653,1978-09-30,Initial recording of the municipality Gontenschwil
4135,Gontenschwil,611,1977-09-30,Initial recording of the municipality Gontenschwil
4135,Gontenschwil,553,1976-09-30,Initial recording of the municipality Gontenschwil
4006,Gränichen,4889,2025-09-30,Initial recording of the municipality Gränichen
4006,Gränichen,4835,2024-09-30,Initial recording of the municipality Gränichen
4006,Gränichen,4818,2023-09-30,Initial recording of the municipality Gränichen
4006,Gränichen,4823,2022-09-30,Initial recording of the municipality Gränichen
4006,Gränichen,4742,2021-09-30,Initial recording of the municipality Gränichen
4006,Gränichen,4641,2020-09-30,Initial recording of the municipality Gränichen
4006,Gränichen,4493,2019-09-30,Initial recording of the municipality Gränichen
4006,Gränichen,4434,2018-09-30,Initial recording of the municipality Gränichen
4006,Gränichen,4390,2017-09-30,Initial recording of the municipality Gränichen
4006,Gränichen,4350,2016-09-30,Initial recording of the municipality Gränichen
4006,Gränichen,4195,2015-09-30,Initial recording of the municipality Gränichen
4006,Gränichen,4158,2014-09-30,Initial recording of the municipality Gränichen
4006,Gränichen,4083,2013-09-30,Initial recording of the municipality Gränichen
4006,Gränichen,4011,2012-09-30,Initial recording of the municipality Gränichen
4006,Gränichen,3832,2011-09-30,Initial recording of the municipality Gränichen
4006,Gränichen,3712,2010-09-30,Initial recording of the municipality Gränichen
4006,Gränichen,3639,2009-09-30,Initial recording of the municipality Gränichen
4006,Gränichen,3516,2008-09-30,Initial recording of the municipality Gränichen
4006,Gränichen,3485,2007-09-30,Initial recording of the municipality Gränichen
4006,Gränichen,3436,2006-09-30,Initial recording of the municipality Gränichen
4006,Gränichen,3377,2005-09-30,Initial recording of the municipality Gränichen
4006,Gränichen,3354,2004-09-30,Initial recording of the municipality Gränichen
4006,Gränichen,3259,2003-09-30,Initial recording of the municipality Gränichen
4006,Gränichen,3163,2002-09-30,Initial recording of the municipality Gränichen
4006,Gränichen,3061,2001-09-30,Initial recording of the municipality Gränichen
4006,Gränichen,3026,2000-09-30,Initial recording of the municipality Gränichen
4006,Gränichen,2936,1999-09-30,Initial recording of the municipality Gränichen
4006,Gränichen,2856,1998-09-30,Initial recording of the municipality Gränichen
4006,Gränichen,2828,1997-09-30,Initial recording of the municipality Gränichen
4006,Gränichen,2814,1996-09-30,Initial recording of the municipality Gränichen
4006,Gränichen,2763,1995-09-30,Initial recording of the municipality Gränichen
4006,Gränichen,2708,1994-09-30,Initial recording of the municipality Gränichen
4006,Gränichen,2665,1993-09-30,Initial recording of the municipality Gränichen
4006,Gränichen,2609,1992-09-30,Initial recording of the municipality Gränichen
4006,Gränichen,2578,1991-09-30,Initial recording of the municipality Gränichen
4006,Gränichen,2562,1990-09-30,Initial recording of the municipality Gränichen
4006,Gränichen,2434,1989-09-30,Initial recording of the municipality Gränichen
4006,Gränichen,2332,1988-09-30,Initial recording of the municipality Gränichen
4006,Gränichen,2204,1987-09-30,Initial recording of the municipality Gränichen
4006,Gränichen,2180,1986-09-30,Initial recording of the municipality Gränichen
4006,Gränichen,2091,1985-09-30,Initial recording of the municipality Gränichen
4006,Gränichen,2046,1984-09-30,Initial recording of the municipality Gränichen
4006,Gränichen,1972,1983-09-30,Initial recording of the municipality Gränichen
4006,Gränichen,1908,1982-09-30,Initial recording of the municipality Gränichen
4006,Gränichen,1877,1981-09-30,Initial recording of the municipality Gränichen
4006,Gränichen,1766,1980-09-30,Initial recording of the municipality Gränichen
4006,Gränichen,1726,1979-09-30,Initial recording of the municipality Gränichen
4006,Gränichen,1669,1978-09-30,Initial recording of the municipality Gränichen
4006,Gränichen,1598,1977-09-30,Initial recording of the municipality Gränichen
4006,Gränichen,1497,1976-09-30,Initial recording of the municipality Gränichen
4099,Habsburg,299,2025-09-30,Initial recording of the municipality Habsburg
4099,Habsburg,300,2024-09-30,Initial recording of the municipality Habsburg
4099,Habsburg,294,2023-09-30,Initial recording of the municipality Habsburg
4099,Habsburg,298,2022-09-30,Initial recording of the municipality Habsburg
4099,Habsburg,293,2021-09-30,Initial recording of the municipality Habsburg
4099,Habsburg,298,2020-09-30,Initial recording of the municipality Habsburg
4099,Habsburg,295,2019-09-30,Initial recording of the municipality Habsburg
4099,Habsburg,294,2018-09-30,Initial recording of the municipality Habsburg
4099,Habsburg,291,2017-09-30,Initial recording of the municipality Habsburg
4099,Habsburg,278,2016-09-30,Initial recording of the municipality Habsburg
4099,Habsburg,271,2015-09-30,Initial recording of the municipality Habsburg
4099,Habsburg,274,2014-09-30,Initial recording of the municipality Habsburg
4099,Habsburg,273,2013-09-30,Initial recording of the municipality Habsburg
4099,Habsburg,276,2012-09-30,Initial recording of the municipality Habsburg
4099,Habsburg,267,2011-09-30,Initial recording of the municipality Habsburg
4099,Habsburg,270,2010-09-30,Initial recording of the municipality Habsburg
4099,Habsburg,275,2009-09-30,Initial recording of the municipality Habsburg
4099,Habsburg,258,2008-09-30,Initial recording of the municipality Habsburg
4099,Habsburg,244,2007-09-30,Initial recording of the municipality Habsburg
4099,Habsburg,248,2006-09-30,Initial recording of the municipality Habsburg
4099,Habsburg,241,2005-09-30,Initial recording of the municipality Habsburg
4099,Habsburg,243,2004-09-30,Initial recording of the municipality Habsburg
4099,Habsburg,233,2003-09-30,Initial recording of the municipality Habsburg
4099,Habsburg,213,2002-09-30,Initial recording of the municipality Habsburg
4099,Habsburg,210,2001-09-30,Initial recording of the municipality Habsburg
4099,Habsburg,213,2000-09-30,Initial recording of the municipality Habsburg
4099,Habsburg,210,1999-09-30,Initial recording of the municipality Habsburg
4099,Habsburg,202,1998-09-30,Initial recording of the municipality Habsburg
4099,Habsburg,194,1997-09-30,Initial recording of the municipality Habsburg
4099,Habsburg,201,1996-09-30,Initial recording of the municipality Habsburg
4099,Habsburg,193,1995-09-30,Initial recording of the municipality Habsburg
4099,Habsburg,175,1994-09-30,Initial recording of the municipality Habsburg
4099,Habsburg,171,1993-09-30,Initial recording of the municipality Habsburg
4099,Habsburg,154,1992-09-30,Initial recording of the municipality Habsburg
4099,Habsburg,148,1991-09-30,Initial recording of the municipality Habsburg
4099,Habsburg,142,1990-09-30,Initial recording of the municipality Habsburg
4099,Habsburg,136,1989-09-30,Initial recording of the municipality Habsburg
4099,Habsburg,136,1988-09-30,Initial recording of the municipality Habsburg
4099,Habsburg,126,1987-09-30,Initial recording of the municipality Habsburg
4099,Habsburg,125,1986-09-30,Initial recording of the municipality Habsburg
4099,Habsburg,122,1985-09-30,Initial recording of the municipality Habsburg
4099,Habsburg,110,1984-09-30,Initial recording of the municipality Habsburg
4099,Habsburg,102,1983-09-30,Initial recording of the municipality Habsburg
4099,Habsburg,103,1982-09-30,Initial recording of the municipality Habsburg
4099,Habsburg,101,1981-09-30,Initial recording of the municipality Habsburg
4099,Habsburg,92,1980-09-30,Initial recording of the municipality Habsburg
4099,Habsburg,86,1979-09-30,Initial recording of the municipality Habsburg
4099,Habsburg,74,1978-09-30,Initial recording of the municipality Habsburg
4099,Habsburg,75,1977-09-30,Initial recording of the municipality Habsburg
4099,Habsburg,64,1976-09-30,Initial recording of the municipality Habsburg
4197,Hallwil,687,2025-09-30,Initial recording of the municipality Hallwil
4197,Hallwil,703,2024-09-30,Initial recording of the municipality Hallwil
4197,Hallwil,695,2023-09-30,Initial recording of the municipality Hallwil
4197,Hallwil,691,2022-09-30,Initial recording of the municipality Hallwil
4197,Hallwil,658,2021-09-30,Initial recording of the municipality Hallwil
4197,Hallwil,641,2020-09-30,Initial recording of the municipality Hallwil
4197,Hallwil,596,2019-09-30,Initial recording of the municipality Hallwil
4197,Hallwil,612,2018-09-30,Initial recording of the municipality Hallwil
4197,Hallwil,585,2017-09-30,Initial recording of the municipality Hallwil
4197,Hallwil,578,2016-09-30,Initial recording of the municipality Hallwil
4197,Hallwil,540,2015-09-30,Initial recording of the municipality Hallwil
4197,Hallwil,548,2014-09-30,Initial recording of the municipality Hallwil
4197,Hallwil,528,2013-09-30,Initial recording of the municipality Hallwil
4197,Hallwil,511,2012-09-30,Initial recording of the municipality Hallwil
4197,Hallwil,495,2011-09-30,Initial recording of the municipality Hallwil
4197,Hallwil,501,2010-09-30,Initial recording of the municipality Hallwil
4197,Hallwil,496,2009-09-30,Initial recording of the municipality Hallwil
4197,Hallwil,500,2008-09-30,Initial recording of the municipality Hallwil
4197,Hallwil,478,2007-09-30,Initial recording of the municipality Hallwil
4197,Hallwil,466,2006-09-30,Initial recording of the municipality Hallwil
4197,Hallwil,441,2005-09-30,Initial recording of the municipality Hallwil
4197,Hallwil,453,2004-09-30,Initial recording of the municipality Hallwil
4197,Hallwil,460,2003-09-30,Initial recording of the municipality Hallwil
4197,Hallwil,456,2002-09-30,Initial recording of the municipality Hallwil
4197,Hallwil,467,2001-09-30,Initial recording of the municipality Hallwil
4197,Hallwil,442,2000-09-30,Initial recording of the municipality Hallwil
4197,Hallwil,430,1999-09-30,Initial recording of the municipality Hallwil
4197,Hallwil,415,1998-09-30,Initial recording of the municipality Hallwil
4197,Hallwil,388,1997-09-30,Initial recording of the municipality Hallwil
4197,Hallwil,377,1996-09-30,Initial recording of the municipality Hallwil
4197,Hallwil,359,1995-09-30,Initial recording of the municipality Hallwil
4197,Hallwil,346,1994-09-30,Initial recording of the municipality Hallwil
4197,Hallwil,327,1993-09-30,Initial recording of the municipality Hallwil
4197,Hallwil,313,1992-09-30,Initial recording of the municipality Hallwil
4197,Hallwil,313,1991-09-30,Initial recording of the municipality Hallwil
4197,Hallwil,302,1990-09-30,Initial recording of the municipality Hallwil
4197,Hallwil,280,1989-09-30,Initial recording of the municipality Hallwil
4197,Hallwil,261,1988-09-30,Initial recording of the municipality Hallwil
4197,Hallwil,250,1987-09-30,Initial recording of the municipality Hallwil
4197,Hallwil,235,1986-09-30,Initial recording of the municipality Hallwil
4197,Hallwil,227,1985-09-30,Initial recording of the municipality Hallwil
4197,Hallwil,210,1984-09-30,Initial recording of the municipality Hallwil
4197,Hallwil,208,1983-09-30,Initial recording of the municipality Hallwil
4197,Hallwil,194,1982-09-30,Initial recording of the municipality Hallwil
4197,Hallwil,186,1981-09-30,Initial recording of the municipality Hallwil
4197,Hallwil,188,1980-09-30,Initial recording of the municipality Hallwil
4197,Hallwil,189,1979-09-30,Initial recording of the municipality Hallwil
4197,Hallwil,178,1978-09-30,Initial recording of the municipality Hallwil
4197,Hallwil,177,1977-09-30,Initial recording of the municipality Hallwil
4197,Hallwil,167,1976-09-30,Initial recording of the municipality Hallwil
4100,Hausen (AG),2366,2025-09-30,Name change from Hausen bei Brugg to Hausen (AG)
4100,Hausen (AG),2316,2024-09-30,Name change from Hausen bei Brugg to Hausen (AG)
4100,Hausen (AG),2303,2023-09-30,Name change from Hausen bei Brugg to Hausen (AG)
4100,Hausen (AG),2333,2022-09-30,Name change from Hausen bei Brugg to Hausen (AG)
4100,Hausen (AG),2358,2021-09-30,Name change from Hausen bei Brugg to Hausen (AG)
4100,Hausen (AG),2289,2020-09-30,Name change from Hausen bei Brugg to Hausen (AG)
4100,Hausen (AG),2274,2019-09-30,Name change from Hausen bei Brugg to Hausen (AG)
4100,Hausen (AG),2245,2018-09-30,Name change from Hausen bei Brugg to Hausen (AG)
4100,Hausen (AG),2214,2017-09-30,Name change from Hausen bei Brugg to Hausen (AG)
4100,Hausen (AG),2188,2016-09-30,Name change from Hausen bei Brugg to Hausen (AG)
4100,Hausen (AG),2100,2015-09-30,Name change from Hausen bei Brugg to Hausen (AG)
4100,Hausen (AG),2033,2014-09-30,Name change from Hausen bei Brugg to Hausen (AG)
4100,Hausen (AG),1937,2013-09-30,Name change from Hausen bei Brugg to Hausen (AG)
4100,Hausen (AG),1865,2012-09-30,Name change from Hausen bei Brugg to Hausen (AG)
4100,Hausen (AG),1782,2011-09-30,Name change from Hausen bei Brugg to Hausen (AG)
4100,Hausen (AG),1685,2010-09-30,Name change from Hausen bei Brugg to Hausen (AG)
4100,Hausen (AG),1651,2009-09-30,Name change from Hausen bei Brugg to Hausen (AG)
4100,Hausen (AG),1633,2008-09-30,Name change from Hausen bei Brugg to Hausen (AG)
4100,Hausen (AG),1608,2007-09-30,Name change from Hausen bei Brugg to Hausen (AG)
4100,Hausen (AG),1566,2006-09-30,Name change from Hausen bei Brugg to Hausen (AG)
4100,Hausen (AG),1508,2005-09-30,Name change from Hausen bei Brugg to Hausen (AG)
4100,Hausen (AG),1484,2004-09-30,Name change from Hausen bei Brugg to Hausen (AG)
4100,Hausen (AG),1454,2003-09-30,Name change from Hausen bei Brugg to Hausen (AG)
4100,Hausen (AG),1405,2002-09-30,Initial recording of the municipality Hausen bei Brugg
4100,Hausen (AG),1378,2001-09-30,Initial recording of the municipality Hausen bei Brugg
4100,Hausen (AG),1364,2000-09-30,Initial recording of the municipality Hausen bei Brugg
4100,Hausen (AG),1346,1999-09-30,Initial recording of the municipality Hausen bei Brugg
4100,Hausen (AG),1283,1998-09-30,Initial recording of the municipality Hausen bei Brugg
4100,Hausen (AG),1248,1997-09-30,Initial recording of the municipality Hausen bei Brugg
4100,Hausen (AG),1173,1996-09-30,Initial recording of the municipality Hausen bei Brugg
4100,Hausen (AG),1090,1995-09-30,Initial recording of the municipality Hausen bei Brugg
4100,Hausen (AG),1056,1994-09-30,Initial recording of the municipality Hausen bei Brugg
4100,Hausen (AG),1003,1993-09-30,Initial recording of the municipality Hausen bei Brugg
4100,Hausen (AG),970,1992-09-30,Initial recording of the municipality Hausen bei Brugg
4100,Hausen (AG),970,1991-09-30,Initial recording of the municipality Hausen bei Brugg
4100,Hausen (AG),966,1990-09-30,Initial recording of the municipality Hausen bei Brugg
4100,Hausen (AG),956,1989-09-30,Initial recording of the municipality Hausen bei Brugg
4100,Hausen (AG),935,1988-09-30,Initial recording of the municipality Hausen bei Brugg
4100,Hausen (AG),907,1987-09-30,Initial recording of the municipality Hausen bei Brugg
4100,Hausen (AG),877,1986-09-30,Initial recording of the municipality Hausen bei Brugg
4100,Hausen (AG),843,1985-09-30,Initial recording of the municipality Hausen bei Brugg
4100,Hausen (AG),783,1984-09-30,Initial recording of the municipality Hausen bei Brugg
4100,Hausen (AG),717,1983-09-30,Initial recording of the municipality Hausen bei Brugg
4100,Hausen (AG),679,1982-09-30,Initial recording of the municipality Hausen bei Brugg
4100,Hausen (AG),626,1981-09-30,Initial recording of the municipality Hausen bei Brugg
4100,Hausen (AG),584,1980-09-30,Initial recording of the municipality Hausen bei Brugg
4100,Hausen (AG),559,1979-09-30,Initial recording of the municipality Hausen bei Brugg
4100,Hausen (AG),522,1978-09-30,Initial recording of the municipality Hausen bei Brugg
4100,Hausen (AG),484,1977-09-30,Initial recording of the municipality Hausen bei Brugg
4100,Hausen (AG),460,1976-09-30,Initial recording of the municipality Hausen bei Brugg
4251,Hellikon,590,2025-09-30,Initial recording of the municipality Hellikon
4251,Hellikon,585,2024-09-30,Initial recording of the municipality Hellikon
4251,Hellikon,579,2023-09-30,Initial recording of the municipality Hellikon
4251,Hellikon,575,2022-09-30,Initial recording of the municipality Hellikon
4251,Hellikon,549,2021-09-30,Initial recording of the municipality Hellikon
4251,Hellikon,535,2020-09-30,Initial recording of the municipality Hellikon
4251,Hellikon,535,2019-09-30,Initial recording of the municipality Hellikon
4251,Hellikon,526,2018-09-30,Initial recording of the municipality Hellikon
4251,Hellikon,528,2017-09-30,Initial recording of the municipality Hellikon
4251,Hellikon,525,2016-09-30,Initial recording of the municipality Hellikon
4251,Hellikon,524,2015-09-30,Initial recording of the municipality Hellikon
4251,Hellikon,511,2014-09-30,Initial recording of the municipality Hellikon
4251,Hellikon,509,2013-09-30,Initial recording of the municipality Hellikon
4251,Hellikon,515,2012-09-30,Initial recording of the municipality Hellikon
4251,Hellikon,503,2011-09-30,Initial recording of the municipality Hellikon
4251,Hellikon,503,2010-09-30,Initial recording of the municipality Hellikon
4251,Hellikon,501,2009-09-30,Initial recording of the municipality Hellikon
4251,Hellikon,474,2008-09-30,Initial recording of the municipality Hellikon
4251,Hellikon,456,2007-09-30,Initial recording of the municipality Hellikon
4251,Hellikon,448,2006-09-30,Initial recording of the municipality Hellikon
4251,Hellikon,435,2005-09-30,Initial recording of the municipality Hellikon
4251,Hellikon,413,2004-09-30,Initial recording of the municipality Hellikon
4251,Hellikon,408,2003-09-30,Initial recording of the municipality Hellikon
4251,Hellikon,394,2002-09-30,Initial recording of the municipality Hellikon
4251,Hellikon,381,2001-09-30,Initial recording of the municipality Hellikon
4251,Hellikon,382,2000-09-30,Initial recording of the municipality Hellikon
4251,Hellikon,366,1999-09-30,Initial recording of the municipality Hellikon
4251,Hellikon,355,1998-09-30,Initial recording of the municipality Hellikon
4251,Hellikon,353,1997-09-30,Initial recording of the municipality Hellikon
4251,Hellikon,328,1996-09-30,Initial recording of the municipality Hellikon
4251,Hellikon,317,1995-09-30,Initial recording of the municipality Hellikon
4251,Hellikon,303,1994-09-30,Initial recording of the municipality Hellikon
4251,Hellikon,283,1993-09-30,Initial recording of the municipality Hellikon
4251,Hellikon,292,1992-09-30,Initial recording of the municipality Hellikon
4251,Hellikon,285,1991-09-30,Initial recording of the municipality Hellikon
4251,Hellikon,263,1990-09-30,Initial recording of the municipality Hellikon
4251,Hellikon,249,1989-09-30,Initial recording of the municipality Hellikon
4251,Hellikon,252,1988-09-30,Initial recording of the municipality Hellikon
4251,Hellikon,242,1987-09-30,Initial recording of the municipality Hellikon
4251,Hellikon,241,1986-09-30,Initial recording of the municipality Hellikon
4251,Hellikon,233,1985-09-30,Initial recording of the municipality Hellikon
4251,Hellikon,219,1984-09-30,Initial recording of the municipality Hellikon
4251,Hellikon,204,1983-09-30,Initial recording of the municipality Hellikon
4251,Hellikon,200,1982-09-30,Initial recording of the municipality Hellikon
4251,Hellikon,200,1981-09-30,Initial recording of the municipality Hellikon
4251,Hellikon,192,1980-09-30,Initial recording of the municipality Hellikon
4251,Hellikon,185,1979-09-30,Initial recording of the municipality Hellikon
4251,Hellikon,171,1978-09-30,Initial recording of the municipality Hellikon
4251,Hellikon,161,1977-09-30,Initial recording of the municipality Hellikon
4251,Hellikon,140,1976-09-30,Initial recording of the municipality Hellikon
4198,Hendschiken,935,2025-09-30,Initial recording of the municipality Hendschiken
4198,Hendschiken,913,2024-09-30,Initial recording of the municipality Hendschiken
4198,Hendschiken,906,2023-09-30,Initial recording of the municipality Hendschiken
4198,Hendschiken,903,2022-09-30,Initial recording of the municipality Hendschiken
4198,Hendschiken,897,2021-09-30,Initial recording of the municipality Hendschiken
4198,Hendschiken,886,2020-09-30,Initial recording of the municipality Hendschiken
4198,Hendschiken,872,2019-09-30,Initial recording of the municipality Hendschiken
4198,Hendschiken,820,2018-09-30,Initial recording of the municipality Hendschiken
4198,Hendschiken,793,2017-09-30,Initial recording of the municipality Hendschiken
4198,Hendschiken,771,2016-09-30,Initial recording of the municipality Hendschiken
4198,Hendschiken,750,2015-09-30,Initial recording of the municipality Hendschiken
4198,Hendschiken,706,2014-09-30,Initial recording of the municipality Hendschiken
4198,Hendschiken,677,2013-09-30,Initial recording of the municipality Hendschiken
4198,Hendschiken,668,2012-09-30,Initial recording of the municipality Hendschiken
4198,Hendschiken,646,2011-09-30,Initial recording of the municipality Hendschiken
4198,Hendschiken,617,2010-09-30,Initial recording of the municipality Hendschiken
4198,Hendschiken,597,2009-09-30,Initial recording of the municipality Hendschiken
4198,Hendschiken,581,2008-09-30,Initial recording of the municipality Hendschiken
4198,Hendschiken,573,2007-09-30,Initial recording of the municipality Hendschiken
4198,Hendschiken,552,2006-09-30,Initial recording of the municipality Hendschiken
4198,Hendschiken,564,2005-09-30,Initial recording of the municipality Hendschiken
4198,Hendschiken,564,2004-09-30,Initial recording of the municipality Hendschiken
4198,Hendschiken,531,2003-09-30,Initial recording of the municipality Hendschiken
4198,Hendschiken,536,2002-09-30,Initial recording of the municipality Hendschiken
4198,Hendschiken,545,2001-09-30,Initial recording of the municipality Hendschiken
4198,Hendschiken,542,2000-09-30,Initial recording of the municipality Hendschiken
4198,Hendschiken,533,1999-09-30,Initial recording of the municipality Hendschiken
4198,Hendschiken,522,1998-09-30,Initial recording of the municipality Hendschiken
4198,Hendschiken,473,1997-09-30,Initial recording of the municipality Hendschiken
4198,Hendschiken,473,1996-09-30,Initial recording of the municipality Hendschiken
4198,Hendschiken,445,1995-09-30,Initial recording of the municipality Hendschiken
4198,Hendschiken,425,1994-09-30,Initial recording of the municipality Hendschiken
4198,Hendschiken,409,1993-09-30,Initial recording of the municipality Hendschiken
4198,Hendschiken,396,1992-09-30,Initial recording of the municipality Hendschiken
4198,Hendschiken,393,1991-09-30,Initial recording of the municipality Hendschiken
4198,Hendschiken,379,1990-09-30,Initial recording of the municipality Hendschiken
4198,Hendschiken,363,1989-09-30,Initial recording of the municipality Hendschiken
4198,Hendschiken,362,1988-09-30,Initial recording of the municipality Hendschiken
4198,Hendschiken,348,1987-09-30,Initial recording of the municipality Hendschiken
4198,Hendschiken,340,1986-09-30,Initial recording of the municipality Hendschiken
4198,Hendschiken,319,1985-09-30,Initial recording of the municipality Hendschiken
4198,Hendschiken,325,1984-09-30,Initial recording of the municipality Hendschiken
4198,Hendschiken,326,1983-09-30,Initial recording of the municipality Hendschiken
4198,Hendschiken,306,1982-09-30,Initial recording of the municipality Hendschiken
4198,Hendschiken,312,1981-09-30,Initial recording of the municipality Hendschiken
4198,Hendschiken,275,1980-09-30,Initial recording of the municipality Hendschiken
4198,Hendschiken,255,1979-09-30,Initial recording of the municipality Hendschiken
4198,Hendschiken,252,1978-09-30,Initial recording of the municipality Hendschiken
4198,Hendschiken,242,1977-09-30,Initial recording of the municipality Hendschiken
4198,Hendschiken,237,1976-09-30,Initial recording of the municipality Hendschiken
4069,Hermetschwil-Staffeln,741,2013-09-30,Initial recording of the municipality Hermetschwil-Staffeln
4069,Hermetschwil-Staffeln,737,2012-09-30,Initial recording of the municipality Hermetschwil-Staffeln
4069,Hermetschwil-Staffeln,699,2011-09-30,Initial recording of the municipality Hermetschwil-Staffeln
4069,Hermetschwil-Staffeln,649,2010-09-30,Initial recording of the municipality Hermetschwil-Staffeln
4069,Hermetschwil-Staffeln,659,2009-09-30,Initial recording of the municipality Hermetschwil-Staffeln
4069,Hermetschwil-Staffeln,662,2008-09-30,Initial recording of the municipality Hermetschwil-Staffeln
4069,Hermetschwil-Staffeln,657,2007-09-30,Initial recording of the municipality Hermetschwil-Staffeln
4069,Hermetschwil-Staffeln,643,2006-09-30,Initial recording of the municipality Hermetschwil-Staffeln
4069,Hermetschwil-Staffeln,651,2005-09-30,Initial recording of the municipality Hermetschwil-Staffeln
4069,Hermetschwil-Staffeln,648,2004-09-30,Initial recording of the municipality Hermetschwil-Staffeln
4069,Hermetschwil-Staffeln,637,2003-09-30,Initial recording of the municipality Hermetschwil-Staffeln
4069,Hermetschwil-Staffeln,619,2002-09-30,Initial recording of the municipality Hermetschwil-Staffeln
4069,Hermetschwil-Staffeln,601,2001-09-30,Initial recording of the municipality Hermetschwil-Staffeln
4069,Hermetschwil-Staffeln,607,2000-09-30,Initial recording of the municipality Hermetschwil-Staffeln
4069,Hermetschwil-Staffeln,585,1999-09-30,Initial recording of the municipality Hermetschwil-Staffeln
4069,Hermetschwil-Staffeln,566,1998-09-30,Initial recording of the municipality Hermetschwil-Staffeln
4069,Hermetschwil-Staffeln,531,1997-09-30,Initial recording of the municipality Hermetschwil-Staffeln
4069,Hermetschwil-Staffeln,529,1996-09-30,Initial recording of the municipality Hermetschwil-Staffeln
4069,Hermetschwil-Staffeln,450,1995-09-30,Initial recording of the municipality Hermetschwil-Staffeln
4069,Hermetschwil-Staffeln,407,1994-09-30,Initial recording of the municipality Hermetschwil-Staffeln
4069,Hermetschwil-Staffeln,389,1993-09-30,Initial recording of the municipality Hermetschwil-Staffeln
4069,Hermetschwil-Staffeln,355,1992-09-30,Initial recording of the municipality Hermetschwil-Staffeln
4069,Hermetschwil-Staffeln,330,1991-09-30,Initial recording of the municipality Hermetschwil-Staffeln
4069,Hermetschwil-Staffeln,292,1990-09-30,Initial recording of the municipality Hermetschwil-Staffeln
4069,Hermetschwil-Staffeln,277,1989-09-30,Initial recording of the municipality Hermetschwil-Staffeln
4069,Hermetschwil-Staffeln,277,1988-09-30,Initial recording of the municipality Hermetschwil-Staffeln
4069,Hermetschwil-Staffeln,258,1987-09-30,Initial recording of the municipality Hermetschwil-Staffeln
4069,Hermetschwil-Staffeln,233,1986-09-30,Initial recording of the municipality Hermetschwil-Staffeln
4069,Hermetschwil-Staffeln,230,1985-09-30,Initial recording of the municipality Hermetschwil-Staffeln
4069,Hermetschwil-Staffeln,228,1984-09-30,Initial recording of the municipality Hermetschwil-Staffeln
4069,Hermetschwil-Staffeln,220,1983-09-30,Initial recording of the municipality Hermetschwil-Staffeln
4069,Hermetschwil-Staffeln,214,1982-09-30,Initial recording of the municipality Hermetschwil-Staffeln
4069,Hermetschwil-Staffeln,191,1981-09-30,Initial recording of the municipality Hermetschwil-Staffeln
4069,Hermetschwil-Staffeln,165,1980-09-30,Initial recording of the municipality Hermetschwil-Staffeln
4069,Hermetschwil-Staffeln,150,1979-09-30,Initial recording of the municipality Hermetschwil-Staffeln
4069,Hermetschwil-Staffeln,132,1978-09-30,Initial recording of the municipality Hermetschwil-Staffeln
4069,Hermetschwil-Staffeln,113,1977-09-30,Initial recording of the municipality Hermetschwil-Staffeln
4069,Hermetschwil-Staffeln,107,1976-09-30,Initial recording of the municipality Hermetschwil-Staffeln
4166,Herznach,1007,2022-09-30,Initial recording of the municipality Herznach
4166,Herznach,987,2021-09-30,Initial recording of the municipality Herznach
4166,Herznach,970,2020-09-30,Initial recording of the municipality Herznach
4166,Herznach,969,2019-09-30,Initial recording of the municipality Herznach
4166,Herznach,965,2018-09-30,Initial recording of the municipality Herznach
4166,Herznach,933,2017-09-30,Initial recording of the municipality Herznach
4166,Herznach,921,2016-09-30,Initial recording of the municipality Herznach
4166,Herznach,894,2015-09-30,Initial recording of the municipality Herznach
4166,Herznach,871,2014-09-30,Initial recording of the municipality Herznach
4166,Herznach,844,2013-09-30,Initial recording of the municipality Herznach
4166,Herznach,827,2012-09-30,Initial recording of the municipality Herznach
4166,Herznach,798,2011-09-30,Initial recording of the municipality Herznach
4166,Herznach,768,2010-09-30,Initial recording of the municipality Herznach
4166,Herznach,758,2009-09-30,Initial recording of the municipality Herznach
4166,Herznach,744,2008-09-30,Initial recording of the municipality Herznach
4166,Herznach,734,2007-09-30,Initial recording of the municipality Herznach
4166,Herznach,697,2006-09-30,Initial recording of the municipality Herznach
4166,Herznach,680,2005-09-30,Initial recording of the municipality Herznach
4166,Herznach,649,2004-09-30,Initial recording of the municipality Herznach
4166,Herznach,617,2003-09-30,Initial recording of the municipality Herznach
4166,Herznach,595,2002-09-30,Initial recording of the municipality Herznach
4166,Herznach,580,2001-09-30,Initial recording of the municipality Herznach
4166,Herznach,539,2000-09-30,Initial recording of the municipality Herznach
4166,Herznach,538,1999-09-30,Initial recording of the municipality Herznach
4166,Herznach,506,1998-09-30,Initial recording of the municipality Herznach
4166,Herznach,497,1997-09-30,Initial recording of the municipality Herznach
4166,Herznach,489,1996-09-30,Initial recording of the municipality Herznach
4166,Herznach,476,1995-09-30,Initial recording of the municipality Herznach
4166,Herznach,463,1994-09-30,Initial recording of the municipality Herznach
4166,Herznach,446,1993-09-30,Initial recording of the municipality Herznach
4166,Herznach,439,1992-09-30,Initial recording of the municipality Herznach
4166,Herznach,422,1991-09-30,Initial recording of the municipality Herznach
4166,Herznach,407,1990-09-30,Initial recording of the municipality Herznach
4166,Herznach,395,1989-09-30,Initial recording of the municipality Herznach
4166,Herznach,363,1988-09-30,Initial recording of the municipality Herznach
4166,Herznach,342,1987-09-30,Initial recording of the municipality Herznach
4166,Herznach,315,1986-09-30,Initial recording of the municipality Herznach
4166,Herznach,305,1985-09-30,Initial recording of the municipality Herznach
4166,Herznach,289,1984-09-30,Initial recording of the municipality Herznach
4166,Herznach,268,1983-09-30,Initial recording of the municipality Herznach
4166,Herznach,254,1982-09-30,Initial recording of the municipality Herznach
4166,Herznach,248,1981-09-30,Initial recording of the municipality Herznach
4166,Herznach,234,1980-09-30,Initial recording of the municipality Herznach
4166,Herznach,216,1979-09-30,Initial recording of the municipality Herznach
4166,Herznach,215,1978-09-30,Initial recording of the municipality Herznach
4166,Herznach,196,1977-09-30,Initial recording of the municipality Herznach
4166,Herznach,189,1976-09-30,Initial recording of the municipality Herznach
4186,Herznach-Ueken,1797,2025-09-30,Fusion of Herznach and Ueken into Herznach-Ueken
4186,Herznach-Ueken,1663,2024-09-30,Fusion of Herznach and Ueken into Herznach-Ueken
4186,Herznach-Ueken,1659,2023-09-30,Fusion of Herznach and Ueken into Herznach-Ueken
4070,Hilfikon,172,2009-09-30,Initial recording of the municipality Hilfikon
4070,Hilfikon,158,2008-09-30,Initial recording of the municipality Hilfikon
4070,Hilfikon,153,2007-09-30,Initial recording of the municipality Hilfikon
4070,Hilfikon,142,2006-09-30,Initial recording of the municipality Hilfikon
4070,Hilfikon,138,2005-09-30,Initial recording of the municipality Hilfikon
4070,Hilfikon,134,2004-09-30,Initial recording of the municipality Hilfikon
4070,Hilfikon,139,2003-09-30,Initial recording of the municipality Hilfikon
4070,Hilfikon,135,2002-09-30,Initial recording of the municipality Hilfikon
4070,Hilfikon,132,2001-09-30,Initial recording of the municipality Hilfikon
4070,Hilfikon,136,2000-09-30,Initial recording of the municipality Hilfikon
4070,Hilfikon,126,1999-09-30,Initial recording of the municipality Hilfikon
4070,Hilfikon,124,1998-09-30,Initial recording of the municipality Hilfikon
4070,Hilfikon,130,1997-09-30,Initial recording of the municipality Hilfikon
4070,Hilfikon,121,1996-09-30,Initial recording of the municipality Hilfikon
4070,Hilfikon,115,1995-09-30,Initial recording of the municipality Hilfikon
4070,Hilfikon,112,1994-09-30,Initial recording of the municipality Hilfikon
4070,Hilfikon,115,1993-09-30,Initial recording of the municipality Hilfikon
4070,Hilfikon,119,1992-09-30,Initial recording of the municipality Hilfikon
4070,Hilfikon,129,1991-09-30,Initial recording of the municipality Hilfikon
4070,Hilfikon,119,1990-09-30,Initial recording of the municipality Hilfikon
4070,Hilfikon,116,1989-09-30,Initial recording of the municipality Hilfikon
4070,Hilfikon,106,1988-09-30,Initial recording of the municipality Hilfikon
4070,Hilfikon,104,1987-09-30,Initial recording of the municipality Hilfikon
4070,Hilfikon,104,1986-09-30,Initial recording of the municipality Hilfikon
4070,Hilfikon,89,1985-09-30,Initial recording of the municipality Hilfikon
4070,Hilfikon,88,1984-09-30,Initial recording of the municipality Hilfikon
4070,Hilfikon,81,1983-09-30,Initial recording of the municipality Hilfikon
4070,Hilfikon,84,1982-09-30,Initial recording of the municipality Hilfikon
4070,Hilfikon,76,1981-09-30,Initial recording of the municipality Hilfikon
4070,Hilfikon,75,1980-09-30,Initial recording of the municipality Hilfikon
4070,Hilfikon,63,1979-09-30,Initial recording of the municipality Hilfikon
4070,Hilfikon,61,1978-09-30,Initial recording of the municipality Hilfikon
4070,Hilfikon,63,1977-09-30,Initial recording of the municipality Hilfikon
4070,Hilfikon,52,1976-09-30,Initial recording of the municipality Hilfikon
4007,Hirschthal,1276,2025-09-30,Initial recording of the municipality Hirschthal
4007,Hirschthal,1243,2024-09-30,Initial recording of the municipality Hirschthal
4007,Hirschthal,1196,2023-09-30,Initial recording of the municipality Hirschthal
4007,Hirschthal,1150,2022-09-30,Initial recording of the municipality Hirschthal
4007,Hirschthal,1120,2021-09-30,Initial recording of the municipality Hirschthal
4007,Hirschthal,1128,2020-09-30,Initial recording of the municipality Hirschthal
4007,Hirschthal,1117,2019-09-30,Initial recording of the municipality Hirschthal
4007,Hirschthal,1090,2018-09-30,Initial recording of the municipality Hirschthal
4007,Hirschthal,1096,2017-09-30,Initial recording of the municipality Hirschthal
4007,Hirschthal,1075,2016-09-30,Initial recording of the municipality Hirschthal
4007,Hirschthal,1072,2015-09-30,Initial recording of the municipality Hirschthal
4007,Hirschthal,1017,2014-09-30,Initial recording of the municipality Hirschthal
4007,Hirschthal,995,2013-09-30,Initial recording of the municipality Hirschthal
4007,Hirschthal,984,2012-09-30,Initial recording of the municipality Hirschthal
4007,Hirschthal,970,2011-09-30,Initial recording of the municipality Hirschthal
4007,Hirschthal,931,2010-09-30,Initial recording of the municipality Hirschthal
4007,Hirschthal,940,2009-09-30,Initial recording of the municipality Hirschthal
4007,Hirschthal,905,2008-09-30,Initial recording of the municipality Hirschthal
4007,Hirschthal,896,2007-09-30,Initial recording of the municipality Hirschthal
4007,Hirschthal,874,2006-09-30,Initial recording of the municipality Hirschthal
4007,Hirschthal,842,2005-09-30,Initial recording of the municipality Hirschthal
4007,Hirschthal,801,2004-09-30,Initial recording of the municipality Hirschthal
4007,Hirschthal,760,2003-09-30,Initial recording of the municipality Hirschthal
4007,Hirschthal,729,2002-09-30,Initial recording of the municipality Hirschthal
4007,Hirschthal,724,2001-09-30,Initial recording of the municipality Hirschthal
4007,Hirschthal,673,2000-09-30,Initial recording of the municipality Hirschthal
4007,Hirschthal,644,1999-09-30,Initial recording of the municipality Hirschthal
4007,Hirschthal,616,1998-09-30,Initial recording of the municipality Hirschthal
4007,Hirschthal,608,1997-09-30,Initial recording of the municipality Hirschthal
4007,Hirschthal,585,1996-09-30,Initial recording of the municipality Hirschthal
4007,Hirschthal,544,1995-09-30,Initial recording of the municipality Hirschthal
4007,Hirschthal,545,1994-09-30,Initial recording of the municipality Hirschthal
4007,Hirschthal,539,1993-09-30,Initial recording of the municipality Hirschthal
4007,Hirschthal,513,1992-09-30,Initial recording of the municipality Hirschthal
4007,Hirschthal,506,1991-09-30,Initial recording of the municipality Hirschthal
4007,Hirschthal,510,1990-09-30,Initial recording of the municipality Hirschthal
4007,Hirschthal,494,1989-09-30,Initial recording of the municipality Hirschthal
4007,Hirschthal,466,1988-09-30,Initial recording of the municipality Hirschthal
4007,Hirschthal,451,1987-09-30,Initial recording of the municipality Hirschthal
4007,Hirschthal,424,1986-09-30,Initial recording of the municipality Hirschthal
4007,Hirschthal,407,1985-09-30,Initial recording of the municipality Hirschthal
4007,Hirschthal,386,1984-09-30,Initial recording of the municipality Hirschthal
4007,Hirschthal,379,1983-09-30,Initial recording of the municipality Hirschthal
4007,Hirschthal,354,1982-09-30,Initial recording of the municipality Hirschthal
4007,Hirschthal,345,1981-09-30,Initial recording of the municipality Hirschthal
4007,Hirschthal,304,1980-09-30,Initial recording of the municipality Hirschthal
4007,Hirschthal,285,1979-09-30,Initial recording of the municipality Hirschthal
4007,Hirschthal,276,1978-09-30,Initial recording of the municipality Hirschthal
4007,Hirschthal,245,1977-09-30,Initial recording of the municipality Hirschthal
4007,Hirschthal,213,1976-09-30,Initial recording of the municipality Hirschthal
4199,Holderbank (AG),1115,2025-09-30,Initial recording of the municipality Holderbank (AG)
4199,Holderbank (AG),1078,2024-09-30,Initial recording of the municipality Holderbank (AG)
4199,Holderbank (AG),1030,2023-09-30,Initial recording of the municipality Holderbank (AG)
4199,Holderbank (AG),1031,2022-09-30,Initial recording of the municipality Holderbank (AG)
4199,Holderbank (AG),977,2021-09-30,Initial recording of the municipality Holderbank (AG)
4199,Holderbank (AG),966,2020-09-30,Initial recording of the municipality Holderbank (AG)
4199,Holderbank (AG),901,2019-09-30,Initial recording of the municipality Holderbank (AG)
4199,Holderbank (AG),881,2018-09-30,Initial recording of the municipality Holderbank (AG)
4199,Holderbank (AG),818,2017-09-30,Initial recording of the municipality Holderbank (AG)
4199,Holderbank (AG),770,2016-09-30,Initial recording of the municipality Holderbank (AG)
4199,Holderbank (AG),751,2015-09-30,Initial recording of the municipality Holderbank (AG)
4199,Holderbank (AG),717,2014-09-30,Initial recording of the municipality Holderbank (AG)
4199,Holderbank (AG),689,2013-09-30,Initial recording of the municipality Holderbank (AG)
4199,Holderbank (AG),665,2012-09-30,Initial recording of the municipality Holderbank (AG)
4199,Holderbank (AG),632,2011-09-30,Initial recording of the municipality Holderbank (AG)
4199,Holderbank (AG),594,2010-09-30,Initial recording of the municipality Holderbank (AG)
4199,Holderbank (AG),555,2009-09-30,Initial recording of the municipality Holderbank (AG)
4199,Holderbank (AG),539,2008-09-30,Initial recording of the municipality Holderbank (AG)
4199,Holderbank (AG),539,2007-09-30,Initial recording of the municipality Holderbank (AG)
4199,Holderbank (AG),546,2006-09-30,Initial recording of the municipality Holderbank (AG)
4199,Holderbank (AG),531,2005-09-30,Initial recording of the municipality Holderbank (AG)
4199,Holderbank (AG),516,2004-09-30,Initial recording of the municipality Holderbank (AG)
4199,Holderbank (AG),507,2003-09-30,Initial recording of the municipality Holderbank (AG)
4199,Holderbank (AG),507,2002-09-30,Initial recording of the municipality Holderbank (AG)
4199,Holderbank (AG),505,2001-09-30,Initial recording of the municipality Holderbank (AG)
4199,Holderbank (AG),503,2000-09-30,Initial recording of the municipality Holderbank (AG)
4199,Holderbank (AG),495,1999-09-30,Initial recording of the municipality Holderbank (AG)
4199,Holderbank (AG),498,1998-09-30,Initial recording of the municipality Holderbank (AG)
4199,Holderbank (AG),489,1997-09-30,Initial recording of the municipality Holderbank (AG)
4199,Holderbank (AG),475,1996-09-30,Initial recording of the municipality Holderbank (AG)
4199,Holderbank (AG),456,1995-09-30,Initial recording of the municipality Holderbank (AG)
4199,Holderbank (AG),440,1994-09-30,Initial recording of the municipality Holderbank (AG)
4199,Holderbank (AG),434,1993-09-30,Initial recording of the municipality Holderbank (AG)
4199,Holderbank (AG),440,1992-09-30,Initial recording of the municipality Holderbank (AG)
4199,Holderbank (AG),421,1991-09-30,Initial recording of the municipality Holderbank (AG)
4199,Holderbank (AG),395,1990-09-30,Initial recording of the municipality Holderbank (AG)
4199,Holderbank (AG),398,1989-09-30,Initial recording of the municipality Holderbank (AG)
4199,Holderbank (AG),370,1988-09-30,Initial recording of the municipality Holderbank (AG)
4199,Holderbank (AG),348,1987-09-30,Initial recording of the municipality Holderbank (AG)
4199,Holderbank (AG),333,1986-09-30,Initial recording of the municipality Holderbank (AG)
4199,Holderbank (AG),321,1985-09-30,Initial recording of the municipality Holderbank (AG)
4199,Holderbank (AG),323,1984-09-30,Initial recording of the municipality Holderbank (AG)
4199,Holderbank (AG),310,1983-09-30,Initial recording of the municipality Holderbank (AG)
4199,Holderbank (AG),300,1982-09-30,Initial recording of the municipality Holderbank (AG)
4199,Holderbank (AG),292,1981-09-30,Initial recording of the municipality Holderbank (AG)
4199,Holderbank (AG),301,1980-09-30,Initial recording of the municipality Holderbank (AG)
4199,Holderbank (AG),275,1979-09-30,Initial recording of the municipality Holderbank (AG)
4199,Holderbank (AG),259,1978-09-30,Initial recording of the municipality Holderbank (AG)
4199,Holderbank (AG),239,1977-09-30,Initial recording of the municipality Holderbank (AG)
4199,Holderbank (AG),230,1976-09-30,Initial recording of the municipality Holderbank (AG)
4136,Holziken,1138,2025-09-30,Initial recording of the municipality Holziken
4136,Holziken,1130,2024-09-30,Initial recording of the municipality Holziken
4136,Holziken,1140,2023-09-30,Initial recording of the municipality Holziken
4136,Holziken,1097,2022-09-30,Initial recording of the municipality Holziken
4136,Holziken,1109,2021-09-30,Initial recording of the municipality Holziken
4136,Holziken,1016,2020-09-30,Initial recording of the municipality Holziken
4136,Holziken,1003,2019-09-30,Initial recording of the municipality Holziken
4136,Holziken,966,2018-09-30,Initial recording of the municipality Holziken
4136,Holziken,884,2017-09-30,Initial recording of the municipality Holziken
4136,Holziken,885,2016-09-30,Initial recording of the municipality Holziken
4136,Holziken,868,2015-09-30,Initial recording of the municipality Holziken
4136,Holziken,865,2014-09-30,Initial recording of the municipality Holziken
4136,Holziken,865,2013-09-30,Initial recording of the municipality Holziken
4136,Holziken,868,2012-09-30,Initial recording of the municipality Holziken
4136,Holziken,818,2011-09-30,Initial recording of the municipality Holziken
4136,Holziken,766,2010-09-30,Initial recording of the municipality Holziken
4136,Holziken,743,2009-09-30,Initial recording of the municipality Holziken
4136,Holziken,726,2008-09-30,Initial recording of the municipality Holziken
4136,Holziken,731,2007-09-30,Initial recording of the municipality Holziken
4136,Holziken,745,2006-09-30,Initial recording of the municipality Holziken
4136,Holziken,732,2005-09-30,Initial recording of the municipality Holziken
4136,Holziken,721,2004-09-30,Initial recording of the municipality Holziken
4136,Holziken,726,2003-09-30,Initial recording of the municipality Holziken
4136,Holziken,711,2002-09-30,Initial recording of the municipality Holziken
4136,Holziken,706,2001-09-30,Initial recording of the municipality Holziken
4136,Holziken,671,2000-09-30,Initial recording of the municipality Holziken
4136,Holziken,666,1999-09-30,Initial recording of the municipality Holziken
4136,Holziken,650,1998-09-30,Initial recording of the municipality Holziken
4136,Holziken,619,1997-09-30,Initial recording of the municipality Holziken
4136,Holziken,584,1996-09-30,Initial recording of the municipality Holziken
4136,Holziken,591,1995-09-30,Initial recording of the municipality Holziken
4136,Holziken,565,1994-09-30,Initial recording of the municipality Holziken
4136,Holziken,553,1993-09-30,Initial recording of the municipality Holziken
4136,Holziken,510,1992-09-30,Initial recording of the municipality Holziken
4136,Holziken,507,1991-09-30,Initial recording of the municipality Holziken
4136,Holziken,484,1990-09-30,Initial recording of the municipality Holziken
4136,Holziken,501,1989-09-30,Initial recording of the municipality Holziken
4136,Holziken,491,1988-09-30,Initial recording of the municipality Holziken
4136,Holziken,466,1987-09-30,Initial recording of the municipality Holziken
4136,Holziken,462,1986-09-30,Initial recording of the municipality Holziken
4136,Holziken,445,1985-09-30,Initial recording of the municipality Holziken
4136,Holziken,443,1984-09-30,Initial recording of the municipality Holziken
4136,Holziken,433,1983-09-30,Initial recording of the municipality Holziken
4136,Holziken,399,1982-09-30,Initial recording of the municipality Holziken
4136,Holziken,379,1981-09-30,Initial recording of the municipality Holziken
4136,Holziken,375,1980-09-30,Initial recording of the municipality Holziken
4136,Holziken,361,1979-09-30,Initial recording of the municipality Holziken
4136,Holziken,331,1978-09-30,Initial recording of the municipality Holziken
4136,Holziken,307,1977-09-30,Initial recording of the municipality Holziken
4136,Holziken,302,1976-09-30,Initial recording of the municipality Holziken
4167,Hornussen,652,2021-09-30,Initial recording of the municipality Hornussen
4167,Hornussen,614,2020-09-30,Initial recording of the municipality Hornussen
4167,Hornussen,606,2019-09-30,Initial recording of the municipality Hornussen
4167,Hornussen,580,2018-09-30,Initial recording of the municipality Hornussen
4167,Hornussen,605,2017-09-30,Initial recording of the municipality Hornussen
4167,Hornussen,585,2016-09-30,Initial recording of the municipality Hornussen
4167,Hornussen,584,2015-09-30,Initial recording of the municipality Hornussen
4167,Hornussen,588,2014-09-30,Initial recording of the municipality Hornussen
4167,Hornussen,579,2013-09-30,Initial recording of the municipality Hornussen
4167,Hornussen,550,2012-09-30,Initial recording of the municipality Hornussen
4167,Hornussen,536,2011-09-30,Initial recording of the municipality Hornussen
4167,Hornussen,539,2010-09-30,Initial recording of the municipality Hornussen
4167,Hornussen,525,2009-09-30,Initial recording of the municipality Hornussen
4167,Hornussen,512,2008-09-30,Initial recording of the municipality Hornussen
4167,Hornussen,523,2007-09-30,Initial recording of the municipality Hornussen
4167,Hornussen,496,2006-09-30,Initial recording of the municipality Hornussen
4167,Hornussen,488,2005-09-30,Initial recording of the municipality Hornussen
4167,Hornussen,471,2004-09-30,Initial recording of the municipality Hornussen
4167,Hornussen,452,2003-09-30,Initial recording of the municipality Hornussen
4167,Hornussen,463,2002-09-30,Initial recording of the municipality Hornussen
4167,Hornussen,459,2001-09-30,Initial recording of the municipality Hornussen
4167,Hornussen,452,2000-09-30,Initial recording of the municipality Hornussen
4167,Hornussen,414,1999-09-30,Initial recording of the municipality Hornussen
4167,Hornussen,404,1998-09-30,Initial recording of the municipality Hornussen
4167,Hornussen,386,1997-09-30,Initial recording of the municipality Hornussen
4167,Hornussen,360,1996-09-30,Initial recording of the municipality Hornussen
4167,Hornussen,351,1995-09-30,Initial recording of the municipality Hornussen
4167,Hornussen,348,1994-09-30,Initial recording of the municipality Hornussen
4167,Hornussen,338,1993-09-30,Initial recording of the municipality Hornussen
4167,Hornussen,324,1992-09-30,Initial recording of the municipality Hornussen
4167,Hornussen,312,1991-09-30,Initial recording of the municipality Hornussen
4167,Hornussen,298,1990-09-30,Initial recording of the municipality Hornussen
4167,Hornussen,293,1989-09-30,Initial recording of the municipality Hornussen
4167,Hornussen,274,1988-09-30,Initial recording of the municipality Hornussen
4167,Hornussen,260,1987-09-30,Initial recording of the municipality Hornussen
4167,Hornussen,247,1986-09-30,Initial recording of the municipality Hornussen
4167,Hornussen,244,1985-09-30,Initial recording of the municipality Hornussen
4167,Hornussen,238,1984-09-30,Initial recording of the municipality Hornussen
4167,Hornussen,243,1983-09-30,Initial recording of the municipality Hornussen
4167,Hornussen,237,1982-09-30,Initial recording of the municipality Hornussen
4167,Hornussen,214,1981-09-30,Initial recording of the municipality Hornussen
4167,Hornussen,211,1980-09-30,Initial recording of the municipality Hornussen
4167,Hornussen,201,1979-09-30,Initial recording of the municipality Hornussen
4167,Hornussen,191,1978-09-30,Initial recording of the municipality Hornussen
4167,Hornussen,171,1977-09-30,Initial recording of the municipality Hornussen
4167,Hornussen,162,1976-09-30,Initial recording of the municipality Hornussen
4101,Hottwil,182,2009-09-30,Initial recording of the municipality Hottwil
4101,Hottwil,183,2008-09-30,Initial recording of the municipality Hottwil
4101,Hottwil,177,2007-09-30,Initial recording of the municipality Hottwil
4101,Hottwil,167,2006-09-30,Initial recording of the municipality Hottwil
4101,Hottwil,165,2005-09-30,Initial recording of the municipality Hottwil
4101,Hottwil,157,2004-09-30,Initial recording of the municipality Hottwil
4101,Hottwil,151,2003-09-30,Initial recording of the municipality Hottwil
4101,Hottwil,148,2002-09-30,Initial recording of the municipality Hottwil
4101,Hottwil,146,2001-09-30,Initial recording of the municipality Hottwil
4101,Hottwil,147,2000-09-30,Initial recording of the municipality Hottwil
4101,Hottwil,148,1999-09-30,Initial recording of the municipality Hottwil
4101,Hottwil,145,1998-09-30,Initial recording of the municipality Hottwil
4101,Hottwil,140,1997-09-30,Initial recording of the municipality Hottwil
4101,Hottwil,126,1996-09-30,Initial recording of the municipality Hottwil
4101,Hottwil,115,1995-09-30,Initial recording of the municipality Hottwil
4101,Hottwil,109,1994-09-30,Initial recording of the municipality Hottwil
4101,Hottwil,107,1993-09-30,Initial recording of the municipality Hottwil
4101,Hottwil,105,1992-09-30,Initial recording of the municipality Hottwil
4101,Hottwil,98,1991-09-30,Initial recording of the municipality Hottwil
4101,Hottwil,92,1990-09-30,Initial recording of the municipality Hottwil
4101,Hottwil,91,1989-09-30,Initial recording of the municipality Hottwil
4101,Hottwil,94,1988-09-30,Initial recording of the municipality Hottwil
4101,Hottwil,96,1987-09-30,Initial recording of the municipality Hottwil
4101,Hottwil,89,1986-09-30,Initial recording of the municipality Hottwil
4101,Hottwil,80,1985-09-30,Initial recording of the municipality Hottwil
4101,Hottwil,75,1984-09-30,Initial recording of the municipality Hottwil
4101,Hottwil,69,1983-09-30,Initial recording of the municipality Hottwil
4101,Hottwil,64,1982-09-30,Initial recording of the municipality Hottwil
4101,Hottwil,60,1981-09-30,Initial recording of the municipality Hottwil
4101,Hottwil,56,1980-09-30,Initial recording of the municipality Hottwil
4101,Hottwil,58,1979-09-30,Initial recording of the municipality Hottwil
4101,Hottwil,54,1978-09-30,Initial recording of the municipality Hottwil
4101,Hottwil,54,1977-09-30,Initial recording of the municipality Hottwil
4101,Hottwil,55,1976-09-30,Initial recording of the municipality Hottwil
4200,Hunzenschwil,2930,2025-09-30,Initial recording of the municipality Hunzenschwil
4200,Hunzenschwil,2897,2024-09-30,Initial recording of the municipality Hunzenschwil
4200,Hunzenschwil,2875,2023-09-30,Initial recording of the municipality Hunzenschwil
4200,Hunzenschwil,2812,2022-09-30,Initial recording of the municipality Hunzenschwil
4200,Hunzenschwil,2799,2021-09-30,Initial recording of the municipality Hunzenschwil
4200,Hunzenschwil,2792,2020-09-30,Initial recording of the municipality Hunzenschwil
4200,Hunzenschwil,2693,2019-09-30,Initial recording of the municipality Hunzenschwil
4200,Hunzenschwil,2760,2018-09-30,Initial recording of the municipality Hunzenschwil
4200,Hunzenschwil,2768,2017-09-30,Initial recording of the municipality Hunzenschwil
4200,Hunzenschwil,2723,2016-09-30,Initial recording of the municipality Hunzenschwil
4200,Hunzenschwil,2608,2015-09-30,Initial recording of the municipality Hunzenschwil
4200,Hunzenschwil,2470,2014-09-30,Initial recording of the municipality Hunzenschwil
4200,Hunzenschwil,2400,2013-09-30,Initial recording of the municipality Hunzenschwil
4200,Hunzenschwil,2325,2012-09-30,Initial recording of the municipality Hunzenschwil
4200,Hunzenschwil,2243,2011-09-30,Initial recording of the municipality Hunzenschwil
4200,Hunzenschwil,2209,2010-09-30,Initial recording of the municipality Hunzenschwil
4200,Hunzenschwil,2097,2009-09-30,Initial recording of the municipality Hunzenschwil
4200,Hunzenschwil,2018,2008-09-30,Initial recording of the municipality Hunzenschwil
4200,Hunzenschwil,1995,2007-09-30,Initial recording of the municipality Hunzenschwil
4200,Hunzenschwil,1879,2006-09-30,Initial recording of the municipality Hunzenschwil
4200,Hunzenschwil,1799,2005-09-30,Initial recording of the municipality Hunzenschwil
4200,Hunzenschwil,1769,2004-09-30,Initial recording of the municipality Hunzenschwil
4200,Hunzenschwil,1760,2003-09-30,Initial recording of the municipality Hunzenschwil
4200,Hunzenschwil,1696,2002-09-30,Initial recording of the municipality Hunzenschwil
4200,Hunzenschwil,1682,2001-09-30,Initial recording of the municipality Hunzenschwil
4200,Hunzenschwil,1645,2000-09-30,Initial recording of the municipality Hunzenschwil
4200,Hunzenschwil,1577,1999-09-30,Initial recording of the municipality Hunzenschwil
4200,Hunzenschwil,1509,1998-09-30,Initial recording of the municipality Hunzenschwil
4200,Hunzenschwil,1493,1997-09-30,Initial recording of the municipality Hunzenschwil
4200,Hunzenschwil,1513,1996-09-30,Initial recording of the municipality Hunzenschwil
4200,Hunzenschwil,1488,1995-09-30,Initial recording of the municipality Hunzenschwil
4200,Hunzenschwil,1416,1994-09-30,Initial recording of the municipality Hunzenschwil
4200,Hunzenschwil,1381,1993-09-30,Initial recording of the municipality Hunzenschwil
4200,Hunzenschwil,1350,1992-09-30,Initial recording of the municipality Hunzenschwil
4200,Hunzenschwil,1335,1991-09-30,Initial recording of the municipality Hunzenschwil
4200,Hunzenschwil,1288,1990-09-30,Initial recording of the municipality Hunzenschwil
4200,Hunzenschwil,1255,1989-09-30,Initial recording of the municipality Hunzenschwil
4200,Hunzenschwil,1237,1988-09-30,Initial recording of the municipality Hunzenschwil
4200,Hunzenschwil,1204,1987-09-30,Initial recording of the municipality Hunzenschwil
4200,Hunzenschwil,1170,1986-09-30,Initial recording of the municipality Hunzenschwil
4200,Hunzenschwil,1125,1985-09-30,Initial recording of the municipality Hunzenschwil
4200,Hunzenschwil,1118,1984-09-30,Initial recording of the municipality Hunzenschwil
4200,Hunzenschwil,1081,1983-09-30,Initial recording of the municipality Hunzenschwil
4200,Hunzenschwil,1054,1982-09-30,Initial recording of the municipality Hunzenschwil
4200,Hunzenschwil,996,1981-09-30,Initial recording of the municipality Hunzenschwil
4200,Hunzenschwil,963,1980-09-30,Initial recording of the municipality Hunzenschwil
4200,Hunzenschwil,927,1979-09-30,Initial recording of the municipality Hunzenschwil
4200,Hunzenschwil,833,1978-09-30,Initial recording of the municipality Hunzenschwil
4200,Hunzenschwil,761,1977-09-30,Initial recording of the municipality Hunzenschwil
4200,Hunzenschwil,718,1976-09-30,Initial recording of the municipality Hunzenschwil
4068,Hägglingen,1796,2025-09-30,Initial recording of the municipality Hägglingen
4068,Hägglingen,1711,2024-09-30,Initial recording of the municipality Hägglingen
4068,Hägglingen,1628,2023-09-30,Initial recording of the municipality Hägglingen
4068,Hägglingen,1639,2022-09-30,Initial recording of the municipality Hägglingen
4068,Hägglingen,1606,2021-09-30,Initial recording of the municipality Hägglingen
4068,Hägglingen,1590,2020-09-30,Initial recording of the municipality Hägglingen
4068,Hägglingen,1592,2019-09-30,Initial recording of the municipality Hägglingen
4068,Hägglingen,1567,2018-09-30,Initial recording of the municipality Hägglingen
4068,Hägglingen,1557,2017-09-30,Initial recording of the municipality Hägglingen
4068,Hägglingen,1507,2016-09-30,Initial recording of the municipality Hägglingen
4068,Hägglingen,1489,2015-09-30,Initial recording of the municipality Hägglingen
4068,Hägglingen,1452,2014-09-30,Initial recording of the municipality Hägglingen
4068,Hägglingen,1418,2013-09-30,Initial recording of the municipality Hägglingen
4068,Hägglingen,1430,2012-09-30,Initial recording of the municipality Hägglingen
4068,Hägglingen,1410,2011-09-30,Initial recording of the municipality Hägglingen
4068,Hägglingen,1366,2010-09-30,Initial recording of the municipality Hägglingen
4068,Hägglingen,1317,2009-09-30,Initial recording of the municipality Hägglingen
4068,Hägglingen,1279,2008-09-30,Initial recording of the municipality Hägglingen
4068,Hägglingen,1241,2007-09-30,Initial recording of the municipality Hägglingen
4068,Hägglingen,1191,2006-09-30,Initial recording of the municipality Hägglingen
4068,Hägglingen,1179,2005-09-30,Initial recording of the municipality Hägglingen
4068,Hägglingen,1177,2004-09-30,Initial recording of the municipality Hägglingen
4068,Hägglingen,1148,2003-09-30,Initial recording of the municipality Hägglingen
4068,Hägglingen,1112,2002-09-30,Initial recording of the municipality Hägglingen
4068,Hägglingen,1118,2001-09-30,Initial recording of the municipality Hägglingen
4068,Hägglingen,1093,2000-09-30,Initial recording of the municipality Hägglingen
4068,Hägglingen,1068,1999-09-30,Initial recording of the municipality Hägglingen
4068,Hägglingen,1049,1998-09-30,Initial recording of the municipality Hägglingen
4068,Hägglingen,1046,1997-09-30,Initial recording of the municipality Hägglingen
4068,Hägglingen,1007,1996-09-30,Initial recording of the municipality Hägglingen
4068,Hägglingen,969,1995-09-30,Initial recording of the municipality Hägglingen
4068,Hägglingen,956,1994-09-30,Initial recording of the municipality Hägglingen
4068,Hägglingen,939,1993-09-30,Initial recording of the municipality Hägglingen
4068,Hägglingen,916,1992-09-30,Initial recording of the municipality Hägglingen
4068,Hägglingen,894,1991-09-30,Initial recording of the municipality Hägglingen
4068,Hägglingen,874,1990-09-30,Initial recording of the municipality Hägglingen
4068,Hägglingen,838,1989-09-30,Initial recording of the municipality Hägglingen
4068,Hägglingen,824,1988-09-30,Initial recording of the municipality Hägglingen
4068,Hägglingen,804,1987-09-30,Initial recording of the municipality Hägglingen
4068,Hägglingen,737,1986-09-30,Initial recording of the municipality Hägglingen
4068,Hägglingen,695,1985-09-30,Initial recording of the municipality Hägglingen
4068,Hägglingen,679,1984-09-30,Initial recording of the municipality Hägglingen
4068,Hägglingen,639,1983-09-30,Initial recording of the municipality Hägglingen
4068,Hägglingen,615,1982-09-30,Initial recording of the municipality Hägglingen
4068,Hägglingen,564,1981-09-30,Initial recording of the municipality Hägglingen
4068,Hägglingen,532,1980-09-30,Initial recording of the municipality Hägglingen
4068,Hägglingen,515,1979-09-30,Initial recording of the municipality Hägglingen
4068,Hägglingen,506,1978-09-30,Initial recording of the municipality Hägglingen
4068,Hägglingen,482,1977-09-30,Initial recording of the municipality Hägglingen
4068,Hägglingen,440,1976-09-30,Initial recording of the municipality Hägglingen
4084,Islisberg,394,2025-09-30,Separation of Arni-Islisberg into Arni (AG) and Islisberg
4084,Islisberg,392,2024-09-30,Separation of Arni-Islisberg into Arni (AG) and Islisberg
4084,Islisberg,383,2023-09-30,Separation of Arni-Islisberg into Arni (AG) and Islisberg
4084,Islisberg,361,2022-09-30,Separation of Arni-Islisberg into Arni (AG) and Islisberg
4084,Islisberg,361,2021-09-30,Separation of Arni-Islisberg into Arni (AG) and Islisberg
4084,Islisberg,355,2020-09-30,Separation of Arni-Islisberg into Arni (AG) and Islisberg
4084,Islisberg,331,2019-09-30,Separation of Arni-Islisberg into Arni (AG) and Islisberg
4084,Islisberg,353,2018-09-30,Separation of Arni-Islisberg into Arni (AG) and Islisberg
4084,Islisberg,356,2017-09-30,Separation of Arni-Islisberg into Arni (AG) and Islisberg
4084,Islisberg,357,2016-09-30,Separation of Arni-Islisberg into Arni (AG) and Islisberg
4084,Islisberg,348,2015-09-30,Separation of Arni-Islisberg into Arni (AG) and Islisberg
4084,Islisberg,344,2014-09-30,Separation of Arni-Islisberg into Arni (AG) and Islisberg
4084,Islisberg,331,2013-09-30,Separation of Arni-Islisberg into Arni (AG) and Islisberg
4084,Islisberg,315,2012-09-30,Separation of Arni-Islisberg into Arni (AG) and Islisberg
4084,Islisberg,292,2011-09-30,Separation of Arni-Islisberg into Arni (AG) and Islisberg
4084,Islisberg,280,2010-09-30,Separation of Arni-Islisberg into Arni (AG) and Islisberg
4084,Islisberg,169,2009-09-30,Separation of Arni-Islisberg into Arni (AG) and Islisberg
4084,Islisberg,166,2008-09-30,Separation of Arni-Islisberg into Arni (AG) and Islisberg
4084,Islisberg,177,2007-09-30,Separation of Arni-Islisberg into Arni (AG) and Islisberg
4084,Islisberg,185,2006-09-30,Separation of Arni-Islisberg into Arni (AG) and Islisberg
4084,Islisberg,196,2005-09-30,Separation of Arni-Islisberg into Arni (AG) and Islisberg
4084,Islisberg,211,2004-09-30,Separation of Arni-Islisberg into Arni (AG) and Islisberg
4084,Islisberg,220,2003-09-30,Separation of Arni-Islisberg into Arni (AG) and Islisberg
4084,Islisberg,227,2002-09-30,Separation of Arni-Islisberg into Arni (AG) and Islisberg
4084,Islisberg,213,2001-09-30,Separation of Arni-Islisberg into Arni (AG) and Islisberg
4084,Islisberg,196,2000-09-30,Separation of Arni-Islisberg into Arni (AG) and Islisberg
4084,Islisberg,152,1999-09-30,Separation of Arni-Islisberg into Arni (AG) and Islisberg
4084,Islisberg,147,1998-09-30,Separation of Arni-Islisberg into Arni (AG) and Islisberg
4084,Islisberg,137,1997-09-30,Separation of Arni-Islisberg into Arni (AG) and Islisberg
4084,Islisberg,139,1996-09-30,Separation of Arni-Islisberg into Arni (AG) and Islisberg
4084,Islisberg,138,1995-09-30,Separation of Arni-Islisberg into Arni (AG) and Islisberg
4084,Islisberg,125,1994-09-30,Separation of Arni-Islisberg into Arni (AG) and Islisberg
4084,Islisberg,129,1993-09-30,Separation of Arni-Islisberg into Arni (AG) and Islisberg
4084,Islisberg,127,1992-09-30,Separation of Arni-Islisberg into Arni (AG) and Islisberg
4084,Islisberg,115,1991-09-30,Separation of Arni-Islisberg into Arni (AG) and Islisberg
4084,Islisberg,124,1990-09-30,Separation of Arni-Islisberg into Arni (AG) and Islisberg
4084,Islisberg,120,1989-09-30,Separation of Arni-Islisberg into Arni (AG) and Islisberg
4084,Islisberg,116,1988-09-30,Separation of Arni-Islisberg into Arni (AG) and Islisberg
4084,Islisberg,94,1987-09-30,Separation of Arni-Islisberg into Arni (AG) and Islisberg
4084,Islisberg,90,1986-09-30,Separation of Arni-Islisberg into Arni (AG) and Islisberg
4084,Islisberg,78,1985-09-30,Separation of Arni-Islisberg into Arni (AG) and Islisberg
4084,Islisberg,75,1984-09-30,Separation of Arni-Islisberg into Arni (AG) and Islisberg
4084,Islisberg,72,1983-09-30,Separation of Arni-Islisberg into Arni (AG) and Islisberg
4168,Ittenthal,145,2009-09-30,Initial recording of the municipality Ittenthal
4168,Ittenthal,139,2008-09-30,Initial recording of the municipality Ittenthal
4168,Ittenthal,133,2007-09-30,Initial recording of the municipality Ittenthal
4168,Ittenthal,126,2006-09-30,Initial recording of the municipality Ittenthal
4168,Ittenthal,128,2005-09-30,Initial recording of the municipality Ittenthal
4168,Ittenthal,129,2004-09-30,Initial recording of the municipality Ittenthal
4168,Ittenthal,129,2003-09-30,Initial recording of the municipality Ittenthal
4168,Ittenthal,124,2002-09-30,Initial recording of the municipality Ittenthal
4168,Ittenthal,116,2001-09-30,Initial recording of the municipality Ittenthal
4168,Ittenthal,111,2000-09-30,Initial recording of the municipality Ittenthal
4168,Ittenthal,116,1999-09-30,Initial recording of the municipality Ittenthal
4168,Ittenthal,108,1998-09-30,Initial recording of the municipality Ittenthal
4168,Ittenthal,104,1997-09-30,Initial recording of the municipality Ittenthal
4168,Ittenthal,98,1996-09-30,Initial recording of the municipality Ittenthal
4168,Ittenthal,103,1995-09-30,Initial recording of the municipality Ittenthal
4168,Ittenthal,104,1994-09-30,Initial recording of the municipality Ittenthal
4168,Ittenthal,98,1993-09-30,Initial recording of the municipality Ittenthal
4168,Ittenthal,94,1992-09-30,Initial recording of the municipality Ittenthal
4168,Ittenthal,96,1991-09-30,Initial recording of the municipality Ittenthal
4168,Ittenthal,99,1990-09-30,Initial recording of the municipality Ittenthal
4168,Ittenthal,104,1989-09-30,Initial recording of the municipality Ittenthal
4168,Ittenthal,97,1988-09-30,Initial recording of the municipality Ittenthal
4168,Ittenthal,92,1987-09-30,Initial recording of the municipality Ittenthal
4168,Ittenthal,91,1986-09-30,Initial recording of the municipality Ittenthal
4168,Ittenthal,83,1985-09-30,Initial recording of the municipality Ittenthal
4168,Ittenthal,75,1984-09-30,Initial recording of the municipality Ittenthal
4168,Ittenthal,72,1983-09-30,Initial recording of the municipality Ittenthal
4168,Ittenthal,71,1982-09-30,Initial recording of the municipality Ittenthal
4168,Ittenthal,67,1981-09-30,Initial recording of the municipality Ittenthal
4168,Ittenthal,71,1980-09-30,Initial recording of the municipality Ittenthal
4168,Ittenthal,57,1979-09-30,Initial recording of the municipality Ittenthal
4168,Ittenthal,58,1978-09-30,Initial recording of the municipality Ittenthal
4168,Ittenthal,43,1977-09-30,Initial recording of the municipality Ittenthal
4168,Ittenthal,43,1976-09-30,Initial recording of the municipality Ittenthal
4071,Jonen,1405,2025-09-30,Initial recording of the municipality Jonen
4071,Jonen,1400,2024-09-30,Initial recording of the municipality Jonen
4071,Jonen,1390,2023-09-30,Initial recording of the municipality Jonen
4071,Jonen,1360,2022-09-30,Initial recording of the municipality Jonen
4071,Jonen,1358,2021-09-30,Initial recording of the municipality Jonen
4071,Jonen,1334,2020-09-30,Initial recording of the municipality Jonen
4071,Jonen,1316,2019-09-30,Initial recording of the municipality Jonen
4071,Jonen,1262,2018-09-30,Initial recording of the municipality Jonen
4071,Jonen,1253,2017-09-30,Initial recording of the municipality Jonen
4071,Jonen,1239,2016-09-30,Initial recording of the municipality Jonen
4071,Jonen,1225,2015-09-30,Initial recording of the municipality Jonen
4071,Jonen,1175,2014-09-30,Initial recording of the municipality Jonen
4071,Jonen,1164,2013-09-30,Initial recording of the municipality Jonen
4071,Jonen,1123,2012-09-30,Initial recording of the municipality Jonen
4071,Jonen,1091,2011-09-30,Initial recording of the municipality Jonen
4071,Jonen,1077,2010-09-30,Initial recording of the municipality Jonen
4071,Jonen,1053,2009-09-30,Initial recording of the municipality Jonen
4071,Jonen,1018,2008-09-30,Initial recording of the municipality Jonen
4071,Jonen,987,2007-09-30,Initial recording of the municipality Jonen
4071,Jonen,964,2006-09-30,Initial recording of the municipality Jonen
4071,Jonen,946,2005-09-30,Initial recording of the municipality Jonen
4071,Jonen,959,2004-09-30,Initial recording of the municipality Jonen
4071,Jonen,937,2003-09-30,Initial recording of the municipality Jonen
4071,Jonen,933,2002-09-30,Initial recording of the municipality Jonen
4071,Jonen,910,2001-09-30,Initial recording of the municipality Jonen
4071,Jonen,857,2000-09-30,Initial recording of the municipality Jonen
4071,Jonen,811,1999-09-30,Initial recording of the municipality Jonen
4071,Jonen,747,1998-09-30,Initial recording of the municipality Jonen
4071,Jonen,733,1997-09-30,Initial recording of the municipality Jonen
4071,Jonen,732,1996-09-30,Initial recording of the municipality Jonen
4071,Jonen,678,1995-09-30,Initial recording of the municipality Jonen
4071,Jonen,633,1994-09-30,Initial recording of the municipality Jonen
4071,Jonen,598,1993-09-30,Initial recording of the municipality Jonen
4071,Jonen,551,1992-09-30,Initial recording of the municipality Jonen
4071,Jonen,534,1991-09-30,Initial recording of the municipality Jonen
4071,Jonen,556,1990-09-30,Initial recording of the municipality Jonen
4071,Jonen,519,1989-09-30,Initial recording of the municipality Jonen
4071,Jonen,454,1988-09-30,Initial recording of the municipality Jonen
4071,Jonen,423,1987-09-30,Initial recording of the municipality Jonen
4071,Jonen,411,1986-09-30,Initial recording of the municipality Jonen
4071,Jonen,387,1985-09-30,Initial recording of the municipality Jonen
4071,Jonen,369,1984-09-30,Initial recording of the municipality Jonen
4071,Jonen,338,1983-09-30,Initial recording of the municipality Jonen
4071,Jonen,316,1982-09-30,Initial recording of the municipality Jonen
4071,Jonen,295,1981-09-30,Initial recording of the municipality Jonen
4071,Jonen,263,1980-09-30,Initial recording of the municipality Jonen
4071,Jonen,256,1979-09-30,Initial recording of the municipality Jonen
4071,Jonen,242,1978-09-30,Initial recording of the municipality Jonen
4071,Jonen,227,1977-09-30,Initial recording of the municipality Jonen
4071,Jonen,217,1976-09-30,Initial recording of the municipality Jonen
4252,Kaiseraugst,3217,2025-09-30,Initial recording of the municipality Kaiseraugst
4252,Kaiseraugst,3129,2024-09-30,Initial recording of the municipality Kaiseraugst
4252,Kaiseraugst,2948,2023-09-30,Initial recording of the municipality Kaiseraugst
4252,Kaiseraugst,2940,2022-09-30,Initial recording of the municipality Kaiseraugst
4252,Kaiseraugst,2969,2021-09-30,Initial recording of the municipality Kaiseraugst
4252,Kaiseraugst,3002,2020-09-30,Initial recording of the municipality Kaiseraugst
4252,Kaiseraugst,3007,2019-09-30,Initial recording of the municipality Kaiseraugst
4252,Kaiseraugst,3021,2018-09-30,Initial recording of the municipality Kaiseraugst
4252,Kaiseraugst,3054,2017-09-30,Initial recording of the municipality Kaiseraugst
4252,Kaiseraugst,3005,2016-09-30,Initial recording of the municipality Kaiseraugst
4252,Kaiseraugst,2951,2015-09-30,Initial recording of the municipality Kaiseraugst
4252,Kaiseraugst,2993,2014-09-30,Initial recording of the municipality Kaiseraugst
4252,Kaiseraugst,2932,2013-09-30,Initial recording of the municipality Kaiseraugst
4252,Kaiseraugst,2903,2012-09-30,Initial recording of the municipality Kaiseraugst
4252,Kaiseraugst,2750,2011-09-30,Initial recording of the municipality Kaiseraugst
4252,Kaiseraugst,2640,2010-09-30,Initial recording of the municipality Kaiseraugst
4252,Kaiseraugst,2547,2009-09-30,Initial recording of the municipality Kaiseraugst
4252,Kaiseraugst,2471,2008-09-30,Initial recording of the municipality Kaiseraugst
4252,Kaiseraugst,2395,2007-09-30,Initial recording of the municipality Kaiseraugst
4252,Kaiseraugst,2365,2006-09-30,Initial recording of the municipality Kaiseraugst
4252,Kaiseraugst,2363,2005-09-30,Initial recording of the municipality Kaiseraugst
4252,Kaiseraugst,2260,2004-09-30,Initial recording of the municipality Kaiseraugst
4252,Kaiseraugst,2101,2003-09-30,Initial recording of the municipality Kaiseraugst
4252,Kaiseraugst,2051,2002-09-30,Initial recording of the municipality Kaiseraugst
4252,Kaiseraugst,1967,2001-09-30,Initial recording of the municipality Kaiseraugst
4252,Kaiseraugst,1881,2000-09-30,Initial recording of the municipality Kaiseraugst
4252,Kaiseraugst,1805,1999-09-30,Initial recording of the municipality Kaiseraugst
4252,Kaiseraugst,1753,1998-09-30,Initial recording of the municipality Kaiseraugst
4252,Kaiseraugst,1688,1997-09-30,Initial recording of the municipality Kaiseraugst
4252,Kaiseraugst,1668,1996-09-30,Initial recording of the municipality Kaiseraugst
4252,Kaiseraugst,1657,1995-09-30,Initial recording of the municipality Kaiseraugst
4252,Kaiseraugst,1685,1994-09-30,Initial recording of the municipality Kaiseraugst
4252,Kaiseraugst,1651,1993-09-30,Initial recording of the municipality Kaiseraugst
4252,Kaiseraugst,1633,1992-09-30,Initial recording of the municipality Kaiseraugst
4252,Kaiseraugst,1607,1991-09-30,Initial recording of the municipality Kaiseraugst
4252,Kaiseraugst,1575,1990-09-30,Initial recording of the municipality Kaiseraugst
4252,Kaiseraugst,1477,1989-09-30,Initial recording of the municipality Kaiseraugst
4252,Kaiseraugst,1406,1988-09-30,Initial recording of the municipality Kaiseraugst
4252,Kaiseraugst,1379,1987-09-30,Initial recording of the municipality Kaiseraugst
4252,Kaiseraugst,1342,1986-09-30,Initial recording of the municipality Kaiseraugst
4252,Kaiseraugst,1292,1985-09-30,Initial recording of the municipality Kaiseraugst
4252,Kaiseraugst,1279,1984-09-30,Initial recording of the municipality Kaiseraugst
4252,Kaiseraugst,1280,1983-09-30,Initial recording of the municipality Kaiseraugst
4252,Kaiseraugst,1300,1982-09-30,Initial recording of the municipality Kaiseraugst
4252,Kaiseraugst,1266,1981-09-30,Initial recording of the municipality Kaiseraugst
4252,Kaiseraugst,1154,1980-09-30,Initial recording of the municipality Kaiseraugst
4252,Kaiseraugst,1049,1979-09-30,Initial recording of the municipality Kaiseraugst
4252,Kaiseraugst,865,1978-09-30,Initial recording of the municipality Kaiseraugst
4252,Kaiseraugst,704,1977-09-30,Initial recording of the municipality Kaiseraugst
4252,Kaiseraugst,569,1976-09-30,Initial recording of the municipality Kaiseraugst
4308,Kaiserstuhl,261,2021-09-30,Initial recording of the municipality Kaiserstuhl
4308,Kaiserstuhl,268,2020-09-30,Initial recording of the municipality Kaiserstuhl
4308,Kaiserstuhl,265,2019-09-30,Initial recording of the municipality Kaiserstuhl
4308,Kaiserstuhl,259,2018-09-30,Initial recording of the municipality Kaiserstuhl
4308,Kaiserstuhl,240,2017-09-30,Initial recording of the municipality Kaiserstuhl
4308,Kaiserstuhl,248,2016-09-30,Initial recording of the municipality Kaiserstuhl
4308,Kaiserstuhl,245,2015-09-30,Initial recording of the municipality Kaiserstuhl
4308,Kaiserstuhl,233,2014-09-30,Initial recording of the municipality Kaiserstuhl
4308,Kaiserstuhl,215,2013-09-30,Initial recording of the municipality Kaiserstuhl
4308,Kaiserstuhl,215,2012-09-30,Initial recording of the municipality Kaiserstuhl
4308,Kaiserstuhl,214,2011-09-30,Initial recording of the municipality Kaiserstuhl
4308,Kaiserstuhl,205,2010-09-30,Initial recording of the municipality Kaiserstuhl
4308,Kaiserstuhl,212,2009-09-30,Initial recording of the municipality Kaiserstuhl
4308,Kaiserstuhl,212,2008-09-30,Initial recording of the municipality Kaiserstuhl
4308,Kaiserstuhl,210,2007-09-30,Initial recording of the municipality Kaiserstuhl
4308,Kaiserstuhl,226,2006-09-30,Initial recording of the municipality Kaiserstuhl
4308,Kaiserstuhl,209,2005-09-30,Initial recording of the municipality Kaiserstuhl
4308,Kaiserstuhl,215,2004-09-30,Initial recording of the municipality Kaiserstuhl
4308,Kaiserstuhl,224,2003-09-30,Initial recording of the municipality Kaiserstuhl
4308,Kaiserstuhl,230,2002-09-30,Initial recording of the municipality Kaiserstuhl
4308,Kaiserstuhl,236,2001-09-30,Initial recording of the municipality Kaiserstuhl
4308,Kaiserstuhl,225,2000-09-30,Initial recording of the municipality Kaiserstuhl
4308,Kaiserstuhl,217,1999-09-30,Initial recording of the municipality Kaiserstuhl
4308,Kaiserstuhl,224,1998-09-30,Initial recording of the municipality Kaiserstuhl
4308,Kaiserstuhl,223,1997-09-30,Initial recording of the municipality Kaiserstuhl
4308,Kaiserstuhl,224,1996-09-30,Initial recording of the municipality Kaiserstuhl
4308,Kaiserstuhl,220,1995-09-30,Initial recording of the municipality Kaiserstuhl
4308,Kaiserstuhl,210,1994-09-30,Initial recording of the municipality Kaiserstuhl
4308,Kaiserstuhl,215,1993-09-30,Initial recording of the municipality Kaiserstuhl
4308,Kaiserstuhl,214,1992-09-30,Initial recording of the municipality Kaiserstuhl
4308,Kaiserstuhl,207,1991-09-30,Initial recording of the municipality Kaiserstuhl
4308,Kaiserstuhl,198,1990-09-30,Initial recording of the municipality Kaiserstuhl
4308,Kaiserstuhl,172,1989-09-30,Initial recording of the municipality Kaiserstuhl
4308,Kaiserstuhl,168,1988-09-30,Initial recording of the municipality Kaiserstuhl
4308,Kaiserstuhl,157,1987-09-30,Initial recording of the municipality Kaiserstuhl
4308,Kaiserstuhl,150,1986-09-30,Initial recording of the municipality Kaiserstuhl
4308,Kaiserstuhl,152,1985-09-30,Initial recording of the municipality Kaiserstuhl
4308,Kaiserstuhl,159,1984-09-30,Initial recording of the municipality Kaiserstuhl
4308,Kaiserstuhl,149,1983-09-30,Initial recording of the municipality Kaiserstuhl
4308,Kaiserstuhl,155,1982-09-30,Initial recording of the municipality Kaiserstuhl
4308,Kaiserstuhl,150,1981-09-30,Initial recording of the municipality Kaiserstuhl
4308,Kaiserstuhl,150,1980-09-30,Initial recording of the municipality Kaiserstuhl
4308,Kaiserstuhl,146,1979-09-30,Initial recording of the municipality Kaiserstuhl
4308,Kaiserstuhl,121,1978-09-30,Initial recording of the municipality Kaiserstuhl
4308,Kaiserstuhl,118,1977-09-30,Initial recording of the municipality Kaiserstuhl
4308,Kaiserstuhl,121,1976-09-30,Initial recording of the municipality Kaiserstuhl
4169,Kaisten,1911,2025-09-30,Incorporation of Ittenthal into Kaisten
4169,Kaisten,1915,2024-09-30,Incorporation of Ittenthal into Kaisten
4169,Kaisten,1883,2023-09-30,Incorporation of Ittenthal into Kaisten
4169,Kaisten,1800,2022-09-30,Incorporation of Ittenthal into Kaisten
4169,Kaisten,1760,2021-09-30,Incorporation of Ittenthal into Kaisten
4169,Kaisten,1725,2020-09-30,Incorporation of Ittenthal into Kaisten
4169,Kaisten,1699,2019-09-30,Incorporation of Ittenthal into Kaisten
4169,Kaisten,1656,2018-09-30,Incorporation of Ittenthal into Kaisten
4169,Kaisten,1584,2017-09-30,Incorporation of Ittenthal into Kaisten
4169,Kaisten,1552,2016-09-30,Incorporation of Ittenthal into Kaisten
4169,Kaisten,1519,2015-09-30,Incorporation of Ittenthal into Kaisten
4169,Kaisten,1495,2014-09-30,Incorporation of Ittenthal into Kaisten
4169,Kaisten,1461,2013-09-30,Incorporation of Ittenthal into Kaisten
4169,Kaisten,1452,2012-09-30,Incorporation of Ittenthal into Kaisten
4169,Kaisten,1459,2011-09-30,Incorporation of Ittenthal into Kaisten
4169,Kaisten,1376,2010-09-30,Incorporation of Ittenthal into Kaisten
4169,Kaisten,1223,2009-09-30,Initial recording of the municipality Kaisten
4169,Kaisten,1199,2008-09-30,Initial recording of the municipality Kaisten
4169,Kaisten,1176,2007-09-30,Initial recording of the municipality Kaisten
4169,Kaisten,1187,2006-09-30,Initial recording of the municipality Kaisten
4169,Kaisten,1134,2005-09-30,Initial recording of the municipality Kaisten
4169,Kaisten,1116,2004-09-30,Initial recording of the municipality Kaisten
4169,Kaisten,1106,2003-09-30,Initial recording of the municipality Kaisten
4169,Kaisten,1076,2002-09-30,Initial recording of the municipality Kaisten
4169,Kaisten,1037,2001-09-30,Initial recording of the municipality Kaisten
4169,Kaisten,981,2000-09-30,Initial recording of the municipality Kaisten
4169,Kaisten,964,1999-09-30,Initial recording of the municipality Kaisten
4169,Kaisten,947,1998-09-30,Initial recording of the municipality Kaisten
4169,Kaisten,891,1997-09-30,Initial recording of the municipality Kaisten
4169,Kaisten,844,1996-09-30,Initial recording of the municipality Kaisten
4169,Kaisten,836,1995-09-30,Initial recording of the municipality Kaisten
4169,Kaisten,814,1994-09-30,Initial recording of the municipality Kaisten
4169,Kaisten,787,1993-09-30,Initial recording of the municipality Kaisten
4169,Kaisten,768,1992-09-30,Initial recording of the municipality Kaisten
4169,Kaisten,748,1991-09-30,Initial recording of the municipality Kaisten
4169,Kaisten,729,1990-09-30,Initial recording of the municipality Kaisten
4169,Kaisten,725,1989-09-30,Initial recording of the municipality Kaisten
4169,Kaisten,708,1988-09-30,Initial recording of the municipality Kaisten
4169,Kaisten,662,1987-09-30,Initial recording of the municipality Kaisten
4169,Kaisten,638,1986-09-30,Initial recording of the municipality Kaisten
4169,Kaisten,610,1985-09-30,Initial recording of the municipality Kaisten
4169,Kaisten,586,1984-09-30,Initial recording of the municipality Kaisten
4169,Kaisten,565,1983-09-30,Initial recording of the municipality Kaisten
4169,Kaisten,548,1982-09-30,Initial recording of the municipality Kaisten
4169,Kaisten,518,1981-09-30,Initial recording of the municipality Kaisten
4169,Kaisten,478,1980-09-30,Initial recording of the municipality Kaisten
4169,Kaisten,451,1979-09-30,Initial recording of the municipality Kaisten
4169,Kaisten,436,1978-09-30,Initial recording of the municipality Kaisten
4169,Kaisten,403,1977-09-30,Initial recording of the municipality Kaisten
4169,Kaisten,375,1976-09-30,Initial recording of the municipality Kaisten
4233,Kallern,271,2025-09-30,Initial recording of the municipality Kallern
4233,Kallern,276,2024-09-30,Initial recording of the municipality Kallern
4233,Kallern,273,2023-09-30,Initial recording of the municipality Kallern
4233,Kallern,269,2022-09-30,Initial recording of the municipality Kallern
4233,Kallern,268,2021-09-30,Initial recording of the municipality Kallern
4233,Kallern,273,2020-09-30,Initial recording of the municipality Kallern
4233,Kallern,269,2019-09-30,Initial recording of the municipality Kallern
4233,Kallern,271,2018-09-30,Initial recording of the municipality Kallern
4233,Kallern,252,2017-09-30,Initial recording of the municipality Kallern
4233,Kallern,235,2016-09-30,Initial recording of the municipality Kallern
4233,Kallern,223,2015-09-30,Initial recording of the municipality Kallern
4233,Kallern,223,2014-09-30,Initial recording of the municipality Kallern
4233,Kallern,212,2013-09-30,Initial recording of the municipality Kallern
4233,Kallern,214,2012-09-30,Initial recording of the municipality Kallern
4233,Kallern,218,2011-09-30,Initial recording of the municipality Kallern
4233,Kallern,209,2010-09-30,Initial recording of the municipality Kallern
4233,Kallern,201,2009-09-30,Initial recording of the municipality Kallern
4233,Kallern,199,2008-09-30,Initial recording of the municipality Kallern
4233,Kallern,205,2007-09-30,Initial recording of the municipality Kallern
4233,Kallern,183,2006-09-30,Initial recording of the municipality Kallern
4233,Kallern,178,2005-09-30,Initial recording of the municipality Kallern
4233,Kallern,166,2004-09-30,Initial recording of the municipality Kallern
4233,Kallern,146,2003-09-30,Initial recording of the municipality Kallern
4233,Kallern,144,2002-09-30,Initial recording of the municipality Kallern
4233,Kallern,136,2001-09-30,Initial recording of the municipality Kallern
4233,Kallern,145,2000-09-30,Initial recording of the municipality Kallern
4233,Kallern,138,1999-09-30,Initial recording of the municipality Kallern
4233,Kallern,146,1998-09-30,Initial recording of the municipality Kallern
4233,Kallern,143,1997-09-30,Initial recording of the municipality Kallern
4233,Kallern,156,1996-09-30,Initial recording of the municipality Kallern
4233,Kallern,142,1995-09-30,Initial recording of the municipality Kallern
4233,Kallern,143,1994-09-30,Initial recording of the municipality Kallern
4233,Kallern,145,1993-09-30,Initial recording of the municipality Kallern
4233,Kallern,141,1992-09-30,Initial recording of the municipality Kallern
4233,Kallern,140,1991-09-30,Initial recording of the municipality Kallern
4233,Kallern,140,1990-09-30,Initial recording of the municipality Kallern
4233,Kallern,124,1989-09-30,Initial recording of the municipality Kallern
4233,Kallern,113,1988-09-30,Initial recording of the municipality Kallern
4233,Kallern,107,1987-09-30,Initial recording of the municipality Kallern
4233,Kallern,103,1986-09-30,Initial recording of the municipality Kallern
4233,Kallern,92,1985-09-30,Initial recording of the municipality Kallern
4233,Kallern,90,1984-09-30,Initial recording of the municipality Kallern
4233,Kallern,89,1983-09-30,Initial recording of the municipality Kallern
4233,Kallern,76,1982-09-30,Initial recording of the municipality Kallern
4233,Kallern,71,1981-09-30,Initial recording of the municipality Kallern
4233,Kallern,67,1980-09-30,Initial recording of the municipality Kallern
4233,Kallern,67,1979-09-30,Initial recording of the municipality Kallern
4233,Kallern,64,1978-09-30,Initial recording of the municipality Kallern
4233,Kallern,58,1977-09-30,Initial recording of the municipality Kallern
4233,Kallern,54,1976-09-30,Initial recording of the municipality Kallern
4030,Killwangen,1214,2025-09-30,Initial recording of the municipality Killwangen
4030,Killwangen,1223,2024-09-30,Initial recording of the municipality Killwangen
4030,Killwangen,1176,2023-09-30,Initial recording of the municipality Killwangen
4030,Killwangen,1180,2022-09-30,Initial recording of the municipality Killwangen
4030,Killwangen,1174,2021-09-30,Initial recording of the municipality Killwangen
4030,Killwangen,1193,2020-09-30,Initial recording of the municipality Killwangen
4030,Killwangen,1199,2019-09-30,Initial recording of the municipality Killwangen
4030,Killwangen,1203,2018-09-30,Initial recording of the municipality Killwangen
4030,Killwangen,1187,2017-09-30,Initial recording of the municipality Killwangen
4030,Killwangen,1160,2016-09-30,Initial recording of the municipality Killwangen
4030,Killwangen,1146,2015-09-30,Initial recording of the municipality Killwangen
4030,Killwangen,1167,2014-09-30,Initial recording of the municipality Killwangen
4030,Killwangen,1117,2013-09-30,Initial recording of the municipality Killwangen
4030,Killwangen,1067,2012-09-30,Initial recording of the municipality Killwangen
4030,Killwangen,1043,2011-09-30,Initial recording of the municipality Killwangen
4030,Killwangen,1000,2010-09-30,Initial recording of the municipality Killwangen
4030,Killwangen,986,2009-09-30,Initial recording of the municipality Killwangen
4030,Killwangen,986,2008-09-30,Initial recording of the municipality Killwangen
4030,Killwangen,993,2007-09-30,Initial recording of the municipality Killwangen
4030,Killwangen,954,2006-09-30,Initial recording of the municipality Killwangen
4030,Killwangen,899,2005-09-30,Initial recording of the municipality Killwangen
4030,Killwangen,892,2004-09-30,Initial recording of the municipality Killwangen
4030,Killwangen,862,2003-09-30,Initial recording of the municipality Killwangen
4030,Killwangen,825,2002-09-30,Initial recording of the municipality Killwangen
4030,Killwangen,759,2001-09-30,Initial recording of the municipality Killwangen
4030,Killwangen,742,2000-09-30,Initial recording of the municipality Killwangen
4030,Killwangen,726,1999-09-30,Initial recording of the municipality Killwangen
4030,Killwangen,713,1998-09-30,Initial recording of the municipality Killwangen
4030,Killwangen,692,1997-09-30,Initial recording of the municipality Killwangen
4030,Killwangen,675,1996-09-30,Initial recording of the municipality Killwangen
4030,Killwangen,673,1995-09-30,Initial recording of the municipality Killwangen
4030,Killwangen,681,1994-09-30,Initial recording of the municipality Killwangen
4030,Killwangen,658,1993-09-30,Initial recording of the municipality Killwangen
4030,Killwangen,646,1992-09-30,Initial recording of the municipality Killwangen
4030,Killwangen,647,1991-09-30,Initial recording of the municipality Killwangen
4030,Killwangen,646,1990-09-30,Initial recording of the municipality Killwangen
4030,Killwangen,629,1989-09-30,Initial recording of the municipality Killwangen
4030,Killwangen,597,1988-09-30,Initial recording of the municipality Killwangen
4030,Killwangen,541,1987-09-30,Initial recording of the municipality Killwangen
4030,Killwangen,503,1986-09-30,Initial recording of the municipality Killwangen
4030,Killwangen,488,1985-09-30,Initial recording of the municipality Killwangen
4030,Killwangen,467,1984-09-30,Initial recording of the municipality Killwangen
4030,Killwangen,443,1983-09-30,Initial recording of the municipality Killwangen
4030,Killwangen,448,1982-09-30,Initial recording of the municipality Killwangen
4030,Killwangen,404,1981-09-30,Initial recording of the municipality Killwangen
4030,Killwangen,403,1980-09-30,Initial recording of the municipality Killwangen
4030,Killwangen,370,1979-09-30,Initial recording of the municipality Killwangen
4030,Killwangen,350,1978-09-30,Initial recording of the municipality Killwangen
4030,Killwangen,315,1977-09-30,Initial recording of the municipality Killwangen
4030,Killwangen,322,1976-09-30,Initial recording of the municipality Killwangen
4275,Kirchleerau,740,2025-09-30,Initial recording of the municipality Kirchleerau
4275,Kirchleerau,715,2024-09-30,Initial recording of the municipality Kirchleerau
4275,Kirchleerau,725,2023-09-30,Initial recording of the municipality Kirchleerau
4275,Kirchleerau,719,2022-09-30,Initial recording of the municipality Kirchleerau
4275,Kirchleerau,702,2021-09-30,Initial recording of the municipality Kirchleerau
4275,Kirchleerau,667,2020-09-30,Initial recording of the municipality Kirchleerau
4275,Kirchleerau,624,2019-09-30,Initial recording of the municipality Kirchleerau
4275,Kirchleerau,633,2018-09-30,Initial recording of the municipality Kirchleerau
4275,Kirchleerau,630,2017-09-30,Initial recording of the municipality Kirchleerau
4275,Kirchleerau,593,2016-09-30,Initial recording of the municipality Kirchleerau
4275,Kirchleerau,596,2015-09-30,Initial recording of the municipality Kirchleerau
4275,Kirchleerau,579,2014-09-30,Initial recording of the municipality Kirchleerau
4275,Kirchleerau,558,2013-09-30,Initial recording of the municipality Kirchleerau
4275,Kirchleerau,567,2012-09-30,Initial recording of the municipality Kirchleerau
4275,Kirchleerau,572,2011-09-30,Initial recording of the municipality Kirchleerau
4275,Kirchleerau,557,2010-09-30,Initial recording of the municipality Kirchleerau
4275,Kirchleerau,623,2009-09-30,Initial recording of the municipality Kirchleerau
4275,Kirchleerau,607,2008-09-30,Initial recording of the municipality Kirchleerau
4275,Kirchleerau,601,2007-09-30,Initial recording of the municipality Kirchleerau
4275,Kirchleerau,594,2006-09-30,Initial recording of the municipality Kirchleerau
4275,Kirchleerau,590,2005-09-30,Initial recording of the municipality Kirchleerau
4275,Kirchleerau,561,2004-09-30,Initial recording of the municipality Kirchleerau
4275,Kirchleerau,537,2003-09-30,Initial recording of the municipality Kirchleerau
4275,Kirchleerau,493,2002-09-30,Initial recording of the municipality Kirchleerau
4275,Kirchleerau,466,2001-09-30,Initial recording of the municipality Kirchleerau
4275,Kirchleerau,458,2000-09-30,Initial recording of the municipality Kirchleerau
4275,Kirchleerau,449,1999-09-30,Initial recording of the municipality Kirchleerau
4275,Kirchleerau,437,1998-09-30,Initial recording of the municipality Kirchleerau
4275,Kirchleerau,441,1997-09-30,Initial recording of the municipality Kirchleerau
4275,Kirchleerau,433,1996-09-30,Initial recording of the municipality Kirchleerau
4275,Kirchleerau,404,1995-09-30,Initial recording of the municipality Kirchleerau
4275,Kirchleerau,381,1994-09-30,Initial recording of the municipality Kirchleerau
4275,Kirchleerau,373,1993-09-30,Initial recording of the municipality Kirchleerau
4275,Kirchleerau,349,1992-09-30,Initial recording of the municipality Kirchleerau
4275,Kirchleerau,344,1991-09-30,Initial recording of the municipality Kirchleerau
4275,Kirchleerau,331,1990-09-30,Initial recording of the municipality Kirchleerau
4275,Kirchleerau,312,1989-09-30,Initial recording of the municipality Kirchleerau
4275,Kirchleerau,299,1988-09-30,Initial recording of the municipality Kirchleerau
4275,Kirchleerau,281,1987-09-30,Initial recording of the municipality Kirchleerau
4275,Kirchleerau,272,1986-09-30,Initial recording of the municipality Kirchleerau
4275,Kirchleerau,274,1985-09-30,Initial recording of the municipality Kirchleerau
4275,Kirchleerau,267,1984-09-30,Initial recording of the municipality Kirchleerau
4275,Kirchleerau,263,1983-09-30,Initial recording of the municipality Kirchleerau
4275,Kirchleerau,244,1982-09-30,Initial recording of the municipality Kirchleerau
4275,Kirchleerau,237,1981-09-30,Initial recording of the municipality Kirchleerau
4275,Kirchleerau,237,1980-09-30,Initial recording of the municipality Kirchleerau
4275,Kirchleerau,221,1979-09-30,Initial recording of the municipality Kirchleerau
4275,Kirchleerau,218,1978-09-30,Initial recording of the municipality Kirchleerau
4275,Kirchleerau,205,1977-09-30,Initial recording of the municipality Kirchleerau
4275,Kirchleerau,197,1976-09-30,Initial recording of the municipality Kirchleerau
4309,Klingnau,2206,2025-09-30,Initial recording of the municipality Klingnau
4309,Klingnau,2197,2024-09-30,Initial recording of the municipality Klingnau
4309,Klingnau,2174,2023-09-30,Initial recording of the municipality Klingnau
4309,Klingnau,2150,2022-09-30,Initial recording of the municipality Klingnau
4309,Klingnau,2163,2021-09-30,Initial recording of the municipality Klingnau
4309,Klingnau,2128,2020-09-30,Initial recording of the municipality Klingnau
4309,Klingnau,2145,2019-09-30,Initial recording of the municipality Klingnau
4309,Klingnau,2114,2018-09-30,Initial recording of the municipality Klingnau
4309,Klingnau,2085,2017-09-30,Initial recording of the municipality Klingnau
4309,Klingnau,2060,2016-09-30,Initial recording of the municipality Klingnau
4309,Klingnau,2017,2015-09-30,Initial recording of the municipality Klingnau
4309,Klingnau,1984,2014-09-30,Initial recording of the municipality Klingnau
4309,Klingnau,1944,2013-09-30,Initial recording of the municipality Klingnau
4309,Klingnau,1845,2012-09-30,Initial recording of the municipality Klingnau
4309,Klingnau,1797,2011-09-30,Initial recording of the municipality Klingnau
4309,Klingnau,1771,2010-09-30,Initial recording of the municipality Klingnau
4309,Klingnau,1719,2009-09-30,Initial recording of the municipality Klingnau
4309,Klingnau,1662,2008-09-30,Initial recording of the municipality Klingnau
4309,Klingnau,1622,2007-09-30,Initial recording of the municipality Klingnau
4309,Klingnau,1611,2006-09-30,Initial recording of the municipality Klingnau
4309,Klingnau,1593,2005-09-30,Initial recording of the municipality Klingnau
4309,Klingnau,1544,2004-09-30,Initial recording of the municipality Klingnau
4309,Klingnau,1516,2003-09-30,Initial recording of the municipality Klingnau
4309,Klingnau,1495,2002-09-30,Initial recording of the municipality Klingnau
4309,Klingnau,1476,2001-09-30,Initial recording of the municipality Klingnau
4309,Klingnau,1460,2000-09-30,Initial recording of the municipality Klingnau
4309,Klingnau,1431,1999-09-30,Initial recording of the municipality Klingnau
4309,Klingnau,1432,1998-09-30,Initial recording of the municipality Klingnau
4309,Klingnau,1355,1997-09-30,Initial recording of the municipality Klingnau
4309,Klingnau,1347,1996-09-30,Initial recording of the municipality Klingnau
4309,Klingnau,1348,1995-09-30,Initial recording of the municipality Klingnau
4309,Klingnau,1328,1994-09-30,Initial recording of the municipality Klingnau
4309,Klingnau,1327,1993-09-30,Initial recording of the municipality Klingnau
4309,Klingnau,1316,1992-09-30,Initial recording of the municipality Klingnau
4309,Klingnau,1296,1991-09-30,Initial recording of the municipality Klingnau
4309,Klingnau,1259,1990-09-30,Initial recording of the municipality Klingnau
4309,Klingnau,1218,1989-09-30,Initial recording of the municipality Klingnau
4309,Klingnau,1170,1988-09-30,Initial recording of the municipality Klingnau
4309,Klingnau,1143,1987-09-30,Initial recording of the municipality Klingnau
4309,Klingnau,1082,1986-09-30,Initial recording of the municipality Klingnau
4309,Klingnau,1010,1985-09-30,Initial recording of the municipality Klingnau
4309,Klingnau,953,1984-09-30,Initial recording of the municipality Klingnau
4309,Klingnau,919,1983-09-30,Initial recording of the municipality Klingnau
4309,Klingnau,923,1982-09-30,Initial recording of the municipality Klingnau
4309,Klingnau,895,1981-09-30,Initial recording of the municipality Klingnau
4309,Klingnau,847,1980-09-30,Initial recording of the municipality Klingnau
4309,Klingnau,797,1979-09-30,Initial recording of the municipality Klingnau
4309,Klingnau,759,1978-09-30,Initial recording of the municipality Klingnau
4309,Klingnau,733,1977-09-30,Initial recording of the municipality Klingnau
4309,Klingnau,716,1976-09-30,Initial recording of the municipality Klingnau
4310,Koblenz,1088,2025-09-30,Initial recording of the municipality Koblenz
4310,Koblenz,1078,2024-09-30,Initial recording of the municipality Koblenz
4310,Koblenz,1044,2023-09-30,Initial recording of the municipality Koblenz
4310,Koblenz,1012,2022-09-30,Initial recording of the municipality Koblenz
4310,Koblenz,1045,2021-09-30,Initial recording of the municipality Koblenz
4310,Koblenz,1051,2020-09-30,Initial recording of the municipality Koblenz
4310,Koblenz,1060,2019-09-30,Initial recording of the municipality Koblenz
4310,Koblenz,1043,2018-09-30,Initial recording of the municipality Koblenz
4310,Koblenz,1031,2017-09-30,Initial recording of the municipality Koblenz
4310,Koblenz,1026,2016-09-30,Initial recording of the municipality Koblenz
4310,Koblenz,989,2015-09-30,Initial recording of the municipality Koblenz
4310,Koblenz,986,2014-09-30,Initial recording of the municipality Koblenz
4310,Koblenz,970,2013-09-30,Initial recording of the municipality Koblenz
4310,Koblenz,932,2012-09-30,Initial recording of the municipality Koblenz
4310,Koblenz,917,2011-09-30,Initial recording of the municipality Koblenz
4310,Koblenz,906,2010-09-30,Initial recording of the municipality Koblenz
4310,Koblenz,895,2009-09-30,Initial recording of the municipality Koblenz
4310,Koblenz,906,2008-09-30,Initial recording of the municipality Koblenz
4310,Koblenz,865,2007-09-30,Initial recording of the municipality Koblenz
4310,Koblenz,852,2006-09-30,Initial recording of the municipality Koblenz
4310,Koblenz,867,2005-09-30,Initial recording of the municipality Koblenz
4310,Koblenz,856,2004-09-30,Initial recording of the municipality Koblenz
4310,Koblenz,857,2003-09-30,Initial recording of the municipality Koblenz
4310,Koblenz,822,2002-09-30,Initial recording of the municipality Koblenz
4310,Koblenz,818,2001-09-30,Initial recording of the municipality Koblenz
4310,Koblenz,798,2000-09-30,Initial recording of the municipality Koblenz
4310,Koblenz,805,1999-09-30,Initial recording of the municipality Koblenz
4310,Koblenz,784,1998-09-30,Initial recording of the municipality Koblenz
4310,Koblenz,781,1997-09-30,Initial recording of the municipality Koblenz
4310,Koblenz,795,1996-09-30,Initial recording of the municipality Koblenz
4310,Koblenz,760,1995-09-30,Initial recording of the municipality Koblenz
4310,Koblenz,775,1994-09-30,Initial recording of the municipality Koblenz
4310,Koblenz,746,1993-09-30,Initial recording of the municipality Koblenz
4310,Koblenz,739,1992-09-30,Initial recording of the municipality Koblenz
4310,Koblenz,736,1991-09-30,Initial recording of the municipality Koblenz
4310,Koblenz,732,1990-09-30,Initial recording of the municipality Koblenz
4310,Koblenz,700,1989-09-30,Initial recording of the municipality Koblenz
4310,Koblenz,662,1988-09-30,Initial recording of the municipality Koblenz
4310,Koblenz,625,1987-09-30,Initial recording of the municipality Koblenz
4310,Koblenz,590,1986-09-30,Initial recording of the municipality Koblenz
4310,Koblenz,603,1985-09-30,Initial recording of the municipality Koblenz
4310,Koblenz,572,1984-09-30,Initial recording of the municipality Koblenz
4310,Koblenz,551,1983-09-30,Initial recording of the municipality Koblenz
4310,Koblenz,536,1982-09-30,Initial recording of the municipality Koblenz
4310,Koblenz,505,1981-09-30,Initial recording of the municipality Koblenz
4310,Koblenz,475,1980-09-30,Initial recording of the municipality Koblenz
4310,Koblenz,478,1979-09-30,Initial recording of the municipality Koblenz
4310,Koblenz,450,1978-09-30,Initial recording of the municipality Koblenz
4310,Koblenz,438,1977-09-30,Initial recording of the municipality Koblenz
4310,Koblenz,430,1976-09-30,Initial recording of the municipality Koblenz
4276,Kölliken,3137,2025-09-30,Initial recording of the municipality Kölliken
4276,Kölliken,3064,2024-09-30,Initial recording of the municipality Kölliken
4276,Kölliken,2981,2023-09-30,Initial recording of the municipality Kölliken
4276,Kölliken,2861,2022-09-30,Initial recording of the municipality Kölliken
4276,Kölliken,2824,2021-09-30,Initial recording of the municipality Kölliken
4276,Kölliken,2833,2020-09-30,Initial recording of the municipality Kölliken
4276,Kölliken,2793,2019-09-30,Initial recording of the municipality Kölliken
4276,Kölliken,2731,2018-09-30,Initial recording of the municipality Kölliken
4276,Kölliken,2686,2017-09-30,Initial recording of the municipality Kölliken
4276,Kölliken,2649,2016-09-30,Initial recording of the municipality Kölliken
4276,Kölliken,2624,2015-09-30,Initial recording of the municipality Kölliken
4276,Kölliken,2586,2014-09-30,Initial recording of the municipality Kölliken
4276,Kölliken,2567,2013-09-30,Initial recording of the municipality Kölliken
4276,Kölliken,2558,2012-09-30,Initial recording of the municipality Kölliken
4276,Kölliken,2488,2011-09-30,Initial recording of the municipality Kölliken
4276,Kölliken,2470,2010-09-30,Initial recording of the municipality Kölliken
4276,Kölliken,2418,2009-09-30,Initial recording of the municipality Kölliken
4276,Kölliken,2401,2008-09-30,Initial recording of the municipality Kölliken
4276,Kölliken,2388,2007-09-30,Initial recording of the municipality Kölliken
4276,Kölliken,2333,2006-09-30,Initial recording of the municipality Kölliken
4276,Kölliken,2342,2005-09-30,Initial recording of the municipality Kölliken
4276,Kölliken,2248,2004-09-30,Initial recording of the municipality Kölliken
4276,Kölliken,2200,2003-09-30,Initial recording of the municipality Kölliken
4276,Kölliken,2186,2002-09-30,Initial recording of the municipality Kölliken
4276,Kölliken,2136,2001-09-30,Initial recording of the municipality Kölliken
4276,Kölliken,2076,2000-09-30,Initial recording of the municipality Kölliken
4276,Kölliken,2008,1999-09-30,Initial recording of the municipality Kölliken
4276,Kölliken,1943,1998-09-30,Initial recording of the municipality Kölliken
4276,Kölliken,1891,1997-09-30,Initial recording of the municipality Kölliken
4276,Kölliken,1746,1996-09-30,Initial recording of the municipality Kölliken
4276,Kölliken,1708,1995-09-30,Initial recording of the municipality Kölliken
4276,Kölliken,1692,1994-09-30,Initial recording of the municipality Kölliken
4276,Kölliken,1671,1993-09-30,Initial recording of the municipality Kölliken
4276,Kölliken,1634,1992-09-30,Initial recording of the municipality Kölliken
4276,Kölliken,1613,1991-09-30,Initial recording of the municipality Kölliken
4276,Kölliken,1586,1990-09-30,Initial recording of the municipality Kölliken
4276,Kölliken,1541,1989-09-30,Initial recording of the municipality Kölliken
4276,Kölliken,1479,1988-09-30,Initial recording of the municipality Kölliken
4276,Kölliken,1419,1987-09-30,Initial recording of the municipality Kölliken
4276,Kölliken,1395,1986-09-30,Initial recording of the municipality Kölliken
4276,Kölliken,1328,1985-09-30,Initial recording of the municipality Kölliken
4276,Kölliken,1307,1984-09-30,Initial recording of the municipality Kölliken
4276,Kölliken,1251,1983-09-30,Initial recording of the municipality Kölliken
4276,Kölliken,1200,1982-09-30,Initial recording of the municipality Kölliken
4276,Kölliken,1148,1981-09-30,Initial recording of the municipality Kölliken
4276,Kölliken,1117,1980-09-30,Initial recording of the municipality Kölliken
4276,Kölliken,1077,1979-09-30,Initial recording of the municipality Kölliken
4276,Kölliken,1014,1978-09-30,Initial recording of the municipality Kölliken
4276,Kölliken,984,1977-09-30,Initial recording of the municipality Kölliken
4276,Kölliken,924,1976-09-30,Initial recording of the municipality Kölliken
4031,Künten,1317,2025-09-30,Initial recording of the municipality Künten
4031,Künten,1306,2024-09-30,Initial recording of the municipality Künten
4031,Künten,1282,2023-09-30,Initial recording of the municipality Künten
4031,Künten,1267,2022-09-30,Initial recording of the municipality Künten
4031,Künten,1248,2021-09-30,Initial recording of the municipality Künten
4031,Künten,1211,2020-09-30,Initial recording of the municipality Künten
4031,Künten,1161,2019-09-30,Initial recording of the municipality Künten
4031,Künten,1116,2018-09-30,Initial recording of the municipality Künten
4031,Künten,1087,2017-09-30,Initial recording of the municipality Künten
4031,Künten,1087,2016-09-30,Initial recording of the municipality Künten
4031,Künten,1063,2015-09-30,Initial recording of the municipality Künten
4031,Künten,1061,2014-09-30,Initial recording of the municipality Künten
4031,Künten,1057,2013-09-30,Initial recording of the municipality Künten
4031,Künten,1018,2012-09-30,Initial recording of the municipality Künten
4031,Künten,971,2011-09-30,Initial recording of the municipality Künten
4031,Künten,1008,2010-09-30,Initial recording of the municipality Künten
4031,Künten,989,2009-09-30,Initial recording of the municipality Künten
4031,Künten,974,2008-09-30,Initial recording of the municipality Künten
4031,Künten,930,2007-09-30,Initial recording of the municipality Künten
4031,Künten,917,2006-09-30,Initial recording of the municipality Künten
4031,Künten,923,2005-09-30,Initial recording of the municipality Künten
4031,Künten,930,2004-09-30,Initial recording of the municipality Künten
4031,Künten,917,2003-09-30,Initial recording of the municipality Künten
4031,Künten,889,2002-09-30,Initial recording of the municipality Künten
4031,Künten,846,2001-09-30,Initial recording of the municipality Künten
4031,Künten,848,2000-09-30,Initial recording of the municipality Künten
4031,Künten,825,1999-09-30,Initial recording of the municipality Künten
4031,Künten,785,1998-09-30,Initial recording of the municipality Künten
4031,Künten,764,1997-09-30,Initial recording of the municipality Künten
4031,Künten,757,1996-09-30,Initial recording of the municipality Künten
4031,Künten,742,1995-09-30,Initial recording of the municipality Künten
4031,Künten,719,1994-09-30,Initial recording of the municipality Künten
4031,Künten,679,1993-09-30,Initial recording of the municipality Künten
4031,Künten,636,1992-09-30,Initial recording of the municipality Künten
4031,Künten,637,1991-09-30,Initial recording of the municipality Künten
4031,Künten,611,1990-09-30,Initial recording of the municipality Künten
4031,Künten,589,1989-09-30,Initial recording of the municipality Künten
4031,Künten,533,1988-09-30,Initial recording of the municipality Künten
4031,Künten,517,1987-09-30,Initial recording of the municipality Künten
4031,Künten,488,1986-09-30,Initial recording of the municipality Künten
4031,Künten,471,1985-09-30,Initial recording of the municipality Künten
4031,Künten,454,1984-09-30,Initial recording of the municipality Künten
4031,Künten,437,1983-09-30,Initial recording of the municipality Künten
4031,Künten,427,1982-09-30,Initial recording of the municipality Künten
4031,Künten,418,1981-09-30,Initial recording of the municipality Künten
4031,Künten,386,1980-09-30,Initial recording of the municipality Künten
4031,Künten,363,1979-09-30,Initial recording of the municipality Künten
4031,Künten,352,1978-09-30,Initial recording of the municipality Künten
4031,Künten,316,1977-09-30,Initial recording of the municipality Künten
4031,Künten,288,1976-09-30,Initial recording of the municipality Künten
4008,Küttigen,3695,2025-09-30,Initial recording of the municipality Küttigen
4008,Küttigen,3654,2024-09-30,Initial recording of the municipality Küttigen
4008,Küttigen,3565,2023-09-30,Initial recording of the municipality Küttigen
4008,Küttigen,3466,2022-09-30,Initial recording of the municipality Küttigen
4008,Küttigen,3444,2021-09-30,Initial recording of the municipality Küttigen
4008,Küttigen,3412,2020-09-30,Initial recording of the municipality Küttigen
4008,Küttigen,3413,2019-09-30,Initial recording of the municipality Küttigen
4008,Küttigen,3320,2018-09-30,Initial recording of the municipality Küttigen
4008,Küttigen,3311,2017-09-30,Initial recording of the municipality Küttigen
4008,Küttigen,3260,2016-09-30,Initial recording of the municipality Küttigen
4008,Küttigen,3236,2015-09-30,Initial recording of the municipality Küttigen
4008,Küttigen,3197,2014-09-30,Initial recording of the municipality Küttigen
4008,Küttigen,3165,2013-09-30,Initial recording of the municipality Küttigen
4008,Küttigen,3052,2012-09-30,Initial recording of the municipality Küttigen
4008,Küttigen,2977,2011-09-30,Initial recording of the municipality Küttigen
4008,Küttigen,2895,2010-09-30,Initial recording of the municipality Küttigen
4008,Küttigen,2851,2009-09-30,Initial recording of the municipality Küttigen
4008,Küttigen,2793,2008-09-30,Initial recording of the municipality Küttigen
4008,Küttigen,2743,2007-09-30,Initial recording of the municipality Küttigen
4008,Küttigen,2742,2006-09-30,Initial recording of the municipality Küttigen
4008,Küttigen,2614,2005-09-30,Initial recording of the municipality Küttigen
4008,Küttigen,2572,2004-09-30,Initial recording of the municipality Küttigen
4008,Küttigen,2509,2003-09-30,Initial recording of the municipality Küttigen
4008,Küttigen,2474,2002-09-30,Initial recording of the municipality Küttigen
4008,Küttigen,2453,2001-09-30,Initial recording of the municipality Küttigen
4008,Küttigen,2411,2000-09-30,Initial recording of the municipality Küttigen
4008,Küttigen,2357,1999-09-30,Initial recording of the municipality Küttigen
4008,Küttigen,2316,1998-09-30,Initial recording of the municipality Küttigen
4008,Küttigen,2264,1997-09-30,Initial recording of the municipality Küttigen
4008,Küttigen,2148,1996-09-30,Initial recording of the municipality Küttigen
4008,Küttigen,2107,1995-09-30,Initial recording of the municipality Küttigen
4008,Küttigen,2084,1994-09-30,Initial recording of the municipality Küttigen
4008,Küttigen,2004,1993-09-30,Initial recording of the municipality Küttigen
4008,Küttigen,1993,1992-09-30,Initial recording of the municipality Küttigen
4008,Küttigen,1975,1991-09-30,Initial recording of the municipality Küttigen
4008,Küttigen,1960,1990-09-30,Initial recording of the municipality Küttigen
4008,Küttigen,1951,1989-09-30,Initial recording of the municipality Küttigen
4008,Küttigen,1954,1988-09-30,Initial recording of the municipality Küttigen
4008,Küttigen,1914,1987-09-30,Initial recording of the municipality Küttigen
4008,Küttigen,1869,1986-09-30,Initial recording of the municipality Küttigen
4008,Küttigen,1813,1985-09-30,Initial recording of the municipality Küttigen
4008,Küttigen,1741,1984-09-30,Initial recording of the municipality Küttigen
4008,Küttigen,1693,1983-09-30,Initial recording of the municipality Küttigen
4008,Küttigen,1631,1982-09-30,Initial recording of the municipality Küttigen
4008,Küttigen,1595,1981-09-30,Initial recording of the municipality Küttigen
4008,Küttigen,1506,1980-09-30,Initial recording of the municipality Küttigen
4008,Küttigen,1428,1979-09-30,Initial recording of the municipality Küttigen
4008,Küttigen,1330,1978-09-30,Initial recording of the municipality Küttigen
4008,Küttigen,1230,1977-09-30,Initial recording of the municipality Küttigen
4008,Küttigen,1188,1976-09-30,Initial recording of the municipality Küttigen
4170,Laufenburg,2529,2025-09-30,Incorporation of Sulz (AG) into Laufenburg
4170,Laufenburg,2508,2024-09-30,Incorporation of Sulz (AG) into Laufenburg
4170,Laufenburg,2431,2023-09-30,Incorporation of Sulz (AG) into Laufenburg
4170,Laufenburg,2416,2022-09-30,Incorporation of Sulz (AG) into Laufenburg
4170,Laufenburg,2417,2021-09-30,Incorporation of Sulz (AG) into Laufenburg
4170,Laufenburg,2387,2020-09-30,Incorporation of Sulz (AG) into Laufenburg
4170,Laufenburg,2357,2019-09-30,Incorporation of Sulz (AG) into Laufenburg
4170,Laufenburg,2360,2018-09-30,Incorporation of Sulz (AG) into Laufenburg
4170,Laufenburg,2333,2017-09-30,Incorporation of Sulz (AG) into Laufenburg
4170,Laufenburg,2284,2016-09-30,Incorporation of Sulz (AG) into Laufenburg
4170,Laufenburg,2167,2015-09-30,Incorporation of Sulz (AG) into Laufenburg
4170,Laufenburg,2089,2014-09-30,Incorporation of Sulz (AG) into Laufenburg
4170,Laufenburg,2072,2013-09-30,Incorporation of Sulz (AG) into Laufenburg
4170,Laufenburg,2011,2012-09-30,Incorporation of Sulz (AG) into Laufenburg
4170,Laufenburg,1942,2011-09-30,Incorporation of Sulz (AG) into Laufenburg
4170,Laufenburg,1857,2010-09-30,Incorporation of Sulz (AG) into Laufenburg
4170,Laufenburg,1126,2009-09-30,Initial recording of the municipality Laufenburg
4170,Laufenburg,1086,2008-09-30,Initial recording of the municipality Laufenburg
4170,Laufenburg,1071,2007-09-30,Initial recording of the municipality Laufenburg
4170,Laufenburg,1084,2006-09-30,Initial recording of the municipality Laufenburg
4170,Laufenburg,1074,2005-09-30,Initial recording of the municipality Laufenburg
4170,Laufenburg,1026,2004-09-30,Initial recording of the municipality Laufenburg
4170,Laufenburg,1000,2003-09-30,Initial recording of the municipality Laufenburg
4170,Laufenburg,984,2002-09-30,Initial recording of the municipality Laufenburg
4170,Laufenburg,938,2001-09-30,Initial recording of the municipality Laufenburg
4170,Laufenburg,937,2000-09-30,Initial recording of the municipality Laufenburg
4170,Laufenburg,929,1999-09-30,Initial recording of the municipality Laufenburg
4170,Laufenburg,927,1998-09-30,Initial recording of the municipality Laufenburg
4170,Laufenburg,906,1997-09-30,Initial recording of the municipality Laufenburg
4170,Laufenburg,886,1996-09-30,Initial recording of the municipality Laufenburg
4170,Laufenburg,893,1995-09-30,Initial recording of the municipality Laufenburg
4170,Laufenburg,863,1994-09-30,Initial recording of the municipality Laufenburg
4170,Laufenburg,841,1993-09-30,Initial recording of the municipality Laufenburg
4170,Laufenburg,841,1992-09-30,Initial recording of the municipality Laufenburg
4170,Laufenburg,832,1991-09-30,Initial recording of the municipality Laufenburg
4170,Laufenburg,812,1990-09-30,Initial recording of the municipality Laufenburg
4170,Laufenburg,789,1989-09-30,Initial recording of the municipality Laufenburg
4170,Laufenburg,791,1988-09-30,Initial recording of the municipality Laufenburg
4170,Laufenburg,750,1987-09-30,Initial recording of the municipality Laufenburg
4170,Laufenburg,747,1986-09-30,Initial recording of the municipality Laufenburg
4170,Laufenburg,727,1985-09-30,Initial recording of the municipality Laufenburg
4170,Laufenburg,707,1984-09-30,Initial recording of the municipality Laufenburg
4170,Laufenburg,683,1983-09-30,Initial recording of the municipality Laufenburg
4170,Laufenburg,674,1982-09-30,Initial recording of the municipality Laufenburg
4170,Laufenburg,629,1981-09-30,Initial recording of the municipality Laufenburg
4170,Laufenburg,596,1980-09-30,Initial recording of the municipality Laufenburg
4170,Laufenburg,569,1979-09-30,Initial recording of the municipality Laufenburg
4170,Laufenburg,555,1978-09-30,Initial recording of the municipality Laufenburg
4170,Laufenburg,513,1977-09-30,Initial recording of the municipality Laufenburg
4170,Laufenburg,502,1976-09-30,Initial recording of the municipality Laufenburg
4311,Leibstadt,1120,2025-09-30,Initial recording of the municipality Leibstadt
4311,Leibstadt,1118,2024-09-30,Initial recording of the municipality Leibstadt
4311,Leibstadt,1122,2023-09-30,Initial recording of the municipality Leibstadt
4311,Leibstadt,1088,2022-09-30,Initial recording of the municipality Leibstadt
4311,Leibstadt,1027,2021-09-30,Initial recording of the municipality Leibstadt
4311,Leibstadt,968,2020-09-30,Initial recording of the municipality Leibstadt
4311,Leibstadt,965,2019-09-30,Initial recording of the municipality Leibstadt
4311,Leibstadt,935,2018-09-30,Initial recording of the municipality Leibstadt
4311,Leibstadt,904,2017-09-30,Initial recording of the municipality Leibstadt
4311,Leibstadt,901,2016-09-30,Initial recording of the municipality Leibstadt
4311,Leibstadt,862,2015-09-30,Initial recording of the municipality Leibstadt
4311,Leibstadt,838,2014-09-30,Initial recording of the municipality Leibstadt
4311,Leibstadt,809,2013-09-30,Initial recording of the municipality Leibstadt
4311,Leibstadt,838,2012-09-30,Initial recording of the municipality Leibstadt
4311,Leibstadt,794,2011-09-30,Initial recording of the municipality Leibstadt
4311,Leibstadt,778,2010-09-30,Initial recording of the municipality Leibstadt
4311,Leibstadt,773,2009-09-30,Initial recording of the municipality Leibstadt
4311,Leibstadt,739,2008-09-30,Initial recording of the municipality Leibstadt
4311,Leibstadt,729,2007-09-30,Initial recording of the municipality Leibstadt
4311,Leibstadt,737,2006-09-30,Initial recording of the municipality Leibstadt
4311,Leibstadt,745,2005-09-30,Initial recording of the municipality Leibstadt
4311,Leibstadt,739,2004-09-30,Initial recording of the municipality Leibstadt
4311,Leibstadt,721,2003-09-30,Initial recording of the municipality Leibstadt
4311,Leibstadt,693,2002-09-30,Initial recording of the municipality Leibstadt
4311,Leibstadt,660,2001-09-30,Initial recording of the municipality Leibstadt
4311,Leibstadt,653,2000-09-30,Initial recording of the municipality Leibstadt
4311,Leibstadt,669,1999-09-30,Initial recording of the municipality Leibstadt
4311,Leibstadt,673,1998-09-30,Initial recording of the municipality Leibstadt
4311,Leibstadt,663,1997-09-30,Initial recording of the municipality Leibstadt
4311,Leibstadt,671,1996-09-30,Initial recording of the municipality Leibstadt
4311,Leibstadt,661,1995-09-30,Initial recording of the municipality Leibstadt
4311,Leibstadt,650,1994-09-30,Initial recording of the municipality Leibstadt
4311,Leibstadt,625,1993-09-30,Initial recording of the municipality Leibstadt
4311,Leibstadt,607,1992-09-30,Initial recording of the municipality Leibstadt
4311,Leibstadt,595,1991-09-30,Initial recording of the municipality Leibstadt
4311,Leibstadt,572,1990-09-30,Initial recording of the municipality Leibstadt
4311,Leibstadt,533,1989-09-30,Initial recording of the municipality Leibstadt
4311,Leibstadt,527,1988-09-30,Initial recording of the municipality Leibstadt
4311,Leibstadt,531,1987-09-30,Initial recording of the municipality Leibstadt
4311,Leibstadt,491,1986-09-30,Initial recording of the municipality Leibstadt
4311,Leibstadt,470,1985-09-30,Initial recording of the municipality Leibstadt
4311,Leibstadt,457,1984-09-30,Initial recording of the municipality Leibstadt
4311,Leibstadt,443,1983-09-30,Initial recording of the municipality Leibstadt
4311,Leibstadt,432,1982-09-30,Initial recording of the municipality Leibstadt
4311,Leibstadt,431,1981-09-30,Initial recording of the municipality Leibstadt
4311,Leibstadt,407,1980-09-30,Initial recording of the municipality Leibstadt
4311,Leibstadt,375,1979-09-30,Initial recording of the municipality Leibstadt
4311,Leibstadt,333,1978-09-30,Initial recording of the municipality Leibstadt
4311,Leibstadt,313,1977-09-30,Initial recording of the municipality Leibstadt
4311,Leibstadt,282,1976-09-30,Initial recording of the municipality Leibstadt
4137,Leimbach (AG),345,2025-09-30,Initial recording of the municipality Leimbach (AG)
4137,Leimbach (AG),344,2024-09-30,Initial recording of the municipality Leimbach (AG)
4137,Leimbach (AG),352,2023-09-30,Initial recording of the municipality Leimbach (AG)
4137,Leimbach (AG),358,2022-09-30,Initial recording of the municipality Leimbach (AG)
4137,Leimbach (AG),358,2021-09-30,Initial recording of the municipality Leimbach (AG)
4137,Leimbach (AG),354,2020-09-30,Initial recording of the municipality Leimbach (AG)
4137,Leimbach (AG),324,2019-09-30,Initial recording of the municipality Leimbach (AG)
4137,Leimbach (AG),303,2018-09-30,Initial recording of the municipality Leimbach (AG)
4137,Leimbach (AG),286,2017-09-30,Initial recording of the municipality Leimbach (AG)
4137,Leimbach (AG),289,2016-09-30,Initial recording of the municipality Leimbach (AG)
4137,Leimbach (AG),287,2015-09-30,Initial recording of the municipality Leimbach (AG)
4137,Leimbach (AG),281,2014-09-30,Initial recording of the municipality Leimbach (AG)
4137,Leimbach (AG),273,2013-09-30,Initial recording of the municipality Leimbach (AG)
4137,Leimbach (AG),273,2012-09-30,Initial recording of the municipality Leimbach (AG)
4137,Leimbach (AG),272,2011-09-30,Initial recording of the municipality Leimbach (AG)
4137,Leimbach (AG),263,2010-09-30,Initial recording of the municipality Leimbach (AG)
4137,Leimbach (AG),254,2009-09-30,Initial recording of the municipality Leimbach (AG)
4137,Leimbach (AG),259,2008-09-30,Initial recording of the municipality Leimbach (AG)
4137,Leimbach (AG),248,2007-09-30,Initial recording of the municipality Leimbach (AG)
4137,Leimbach (AG),245,2006-09-30,Initial recording of the municipality Leimbach (AG)
4137,Leimbach (AG),237,2005-09-30,Initial recording of the municipality Leimbach (AG)
4137,Leimbach (AG),226,2004-09-30,Initial recording of the municipality Leimbach (AG)
4137,Leimbach (AG),235,2003-09-30,Initial recording of the municipality Leimbach (AG)
4137,Leimbach (AG),228,2002-09-30,Initial recording of the municipality Leimbach (AG)
4137,Leimbach (AG),225,2001-09-30,Initial recording of the municipality Leimbach (AG)
4137,Leimbach (AG),220,2000-09-30,Initial recording of the municipality Leimbach (AG)
4137,Leimbach (AG),222,1999-09-30,Initial recording of the municipality Leimbach (AG)
4137,Leimbach (AG),205,1998-09-30,Initial recording of the municipality Leimbach (AG)
4137,Leimbach (AG),198,1997-09-30,Initial recording of the municipality Leimbach (AG)
4137,Leimbach (AG),201,1996-09-30,Initial recording of the municipality Leimbach (AG)
4137,Leimbach (AG),195,1995-09-30,Initial recording of the municipality Leimbach (AG)
4137,Leimbach (AG),198,1994-09-30,Initial recording of the municipality Leimbach (AG)
4137,Leimbach (AG),195,1993-09-30,Initial recording of the municipality Leimbach (AG)
4137,Leimbach (AG),186,1992-09-30,Initial recording of the municipality Leimbach (AG)
4137,Leimbach (AG),196,1991-09-30,Initial recording of the municipality Leimbach (AG)
4137,Leimbach (AG),185,1990-09-30,Initial recording of the municipality Leimbach (AG)
4137,Leimbach (AG),181,1989-09-30,Initial recording of the municipality Leimbach (AG)
4137,Leimbach (AG),178,1988-09-30,Initial recording of the municipality Leimbach (AG)
4137,Leimbach (AG),172,1987-09-30,Initial recording of the municipality Leimbach (AG)
4137,Leimbach (AG),170,1986-09-30,Initial recording of the municipality Leimbach (AG)
4137,Leimbach (AG),168,1985-09-30,Initial recording of the municipality Leimbach (AG)
4137,Leimbach (AG),166,1984-09-30,Initial recording of the municipality Leimbach (AG)
4137,Leimbach (AG),158,1983-09-30,Initial recording of the municipality Leimbach (AG)
4137,Leimbach (AG),151,1982-09-30,Initial recording of the municipality Leimbach (AG)
4137,Leimbach (AG),141,1981-09-30,Initial recording of the municipality Leimbach (AG)
4137,Leimbach (AG),140,1980-09-30,Initial recording of the municipality Leimbach (AG)
4137,Leimbach (AG),128,1979-09-30,Initial recording of the municipality Leimbach (AG)
4137,Leimbach (AG),124,1978-09-30,Initial recording of the municipality Leimbach (AG)
4137,Leimbach (AG),108,1977-09-30,Initial recording of the municipality Leimbach (AG)
4137,Leimbach (AG),104,1976-09-30,Initial recording of the municipality Leimbach (AG)
4312,Lengnau (AG),1848,2025-09-30,Initial recording of the municipality Lengnau (AG)
4312,Lengnau (AG),1833,2024-09-30,Initial recording of the municipality Lengnau (AG)
4312,Lengnau (AG),1800,2023-09-30,Initial recording of the municipality Lengnau (AG)
4312,Lengnau (AG),1778,2022-09-30,Initial recording of the municipality Lengnau (AG)
4312,Lengnau (AG),1792,2021-09-30,Initial recording of the municipality Lengnau (AG)
4312,Lengnau (AG),1723,2020-09-30,Initial recording of the municipality Lengnau (AG)
4312,Lengnau (AG),1710,2019-09-30,Initial recording of the municipality Lengnau (AG)
4312,Lengnau (AG),1716,2018-09-30,Initial recording of the municipality Lengnau (AG)
4312,Lengnau (AG),1705,2017-09-30,Initial recording of the municipality Lengnau (AG)
4312,Lengnau (AG),1651,2016-09-30,Initial recording of the municipality Lengnau (AG)
4312,Lengnau (AG),1598,2015-09-30,Initial recording of the municipality Lengnau (AG)
4312,Lengnau (AG),1588,2014-09-30,Initial recording of the municipality Lengnau (AG)
4312,Lengnau (AG),1549,2013-09-30,Initial recording of the municipality Lengnau (AG)
4312,Lengnau (AG),1510,2012-09-30,Initial recording of the municipality Lengnau (AG)
4312,Lengnau (AG),1476,2011-09-30,Initial recording of the municipality Lengnau (AG)
4312,Lengnau (AG),1463,2010-09-30,Initial recording of the municipality Lengnau (AG)
4312,Lengnau (AG),1431,2009-09-30,Initial recording of the municipality Lengnau (AG)
4312,Lengnau (AG),1407,2008-09-30,Initial recording of the municipality Lengnau (AG)
4312,Lengnau (AG),1400,2007-09-30,Initial recording of the municipality Lengnau (AG)
4312,Lengnau (AG),1397,2006-09-30,Initial recording of the municipality Lengnau (AG)
4312,Lengnau (AG),1368,2005-09-30,Initial recording of the municipality Lengnau (AG)
4312,Lengnau (AG),1350,2004-09-30,Initial recording of the municipality Lengnau (AG)
4312,Lengnau (AG),1316,2003-09-30,Initial recording of the municipality Lengnau (AG)
4312,Lengnau (AG),1293,2002-09-30,Initial recording of the municipality Lengnau (AG)
4312,Lengnau (AG),1244,2001-09-30,Initial recording of the municipality Lengnau (AG)
4312,Lengnau (AG),1241,2000-09-30,Initial recording of the municipality Lengnau (AG)
4312,Lengnau (AG),1206,1999-09-30,Initial recording of the municipality Lengnau (AG)
4312,Lengnau (AG),1145,1998-09-30,Initial recording of the municipality Lengnau (AG)
4312,Lengnau (AG),1132,1997-09-30,Initial recording of the municipality Lengnau (AG)
4312,Lengnau (AG),1113,1996-09-30,Initial recording of the municipality Lengnau (AG)
4312,Lengnau (AG),1094,1995-09-30,Initial recording of the municipality Lengnau (AG)
4312,Lengnau (AG),1075,1994-09-30,Initial recording of the municipality Lengnau (AG)
4312,Lengnau (AG),1071,1993-09-30,Initial recording of the municipality Lengnau (AG)
4312,Lengnau (AG),1042,1992-09-30,Initial recording of the municipality Lengnau (AG)
4312,Lengnau (AG),1036,1991-09-30,Initial recording of the municipality Lengnau (AG)
4312,Lengnau (AG),1022,1990-09-30,Initial recording of the municipality Lengnau (AG)
4312,Lengnau (AG),982,1989-09-30,Initial recording of the municipality Lengnau (AG)
4312,Lengnau (AG),915,1988-09-30,Initial recording of the municipality Lengnau (AG)
4312,Lengnau (AG),852,1987-09-30,Initial recording of the municipality Lengnau (AG)
4312,Lengnau (AG),825,1986-09-30,Initial recording of the municipality Lengnau (AG)
4312,Lengnau (AG),816,1985-09-30,Initial recording of the municipality Lengnau (AG)
4312,Lengnau (AG),794,1984-09-30,Initial recording of the municipality Lengnau (AG)
4312,Lengnau (AG),752,1983-09-30,Initial recording of the municipality Lengnau (AG)
4312,Lengnau (AG),729,1982-09-30,Initial recording of the municipality Lengnau (AG)
4312,Lengnau (AG),718,1981-09-30,Initial recording of the municipality Lengnau (AG)
4312,Lengnau (AG),674,1980-09-30,Initial recording of the municipality Lengnau (AG)
4312,Lengnau (AG),648,1979-09-30,Initial recording of the municipality Lengnau (AG)
4312,Lengnau (AG),576,1978-09-30,Initial recording of the municipality Lengnau (AG)
4312,Lengnau (AG),502,1977-09-30,Initial recording of the municipality Lengnau (AG)
4312,Lengnau (AG),478,1976-09-30,Initial recording of the municipality Lengnau (AG)
4201,Lenzburg,5959,2025-09-30,Initial recording of the municipality Lenzburg
4201,Lenzburg,5954,2024-09-30,Initial recording of the municipality Lenzburg
4201,Lenzburg,5909,2023-09-30,Initial recording of the municipality Lenzburg
4201,Lenzburg,5904,2022-09-30,Initial recording of the municipality Lenzburg
4201,Lenzburg,5883,2021-09-30,Initial recording of the municipality Lenzburg
4201,Lenzburg,5863,2020-09-30,Initial recording of the municipality Lenzburg
4201,Lenzburg,5848,2019-09-30,Initial recording of the municipality Lenzburg
4201,Lenzburg,5697,2018-09-30,Initial recording of the municipality Lenzburg
4201,Lenzburg,5448,2017-09-30,Initial recording of the municipality Lenzburg
4201,Lenzburg,5247,2016-09-30,Initial recording of the municipality Lenzburg
4201,Lenzburg,5061,2015-09-30,Initial recording of the municipality Lenzburg
4201,Lenzburg,5042,2014-09-30,Initial recording of the municipality Lenzburg
4201,Lenzburg,4931,2013-09-30,Initial recording of the municipality Lenzburg
4201,Lenzburg,4788,2012-09-30,Initial recording of the municipality Lenzburg
4201,Lenzburg,4664,2011-09-30,Initial recording of the municipality Lenzburg
4201,Lenzburg,4540,2010-09-30,Initial recording of the municipality Lenzburg
4201,Lenzburg,4512,2009-09-30,Initial recording of the municipality Lenzburg
4201,Lenzburg,4419,2008-09-30,Initial recording of the municipality Lenzburg
4201,Lenzburg,4376,2007-09-30,Initial recording of the municipality Lenzburg
4201,Lenzburg,4226,2006-09-30,Initial recording of the municipality Lenzburg
4201,Lenzburg,4129,2005-09-30,Initial recording of the municipality Lenzburg
4201,Lenzburg,4101,2004-09-30,Initial recording of the municipality Lenzburg
4201,Lenzburg,3989,2003-09-30,Initial recording of the municipality Lenzburg
4201,Lenzburg,3927,2002-09-30,Initial recording of the municipality Lenzburg
4201,Lenzburg,3853,2001-09-30,Initial recording of the municipality Lenzburg
4201,Lenzburg,3728,2000-09-30,Initial recording of the municipality Lenzburg
4201,Lenzburg,3708,1999-09-30,Initial recording of the municipality Lenzburg
4201,Lenzburg,3663,1998-09-30,Initial recording of the municipality Lenzburg
4201,Lenzburg,3589,1997-09-30,Initial recording of the municipality Lenzburg
4201,Lenzburg,3605,1996-09-30,Initial recording of the municipality Lenzburg
4201,Lenzburg,3540,1995-09-30,Initial recording of the municipality Lenzburg
4201,Lenzburg,3512,1994-09-30,Initial recording of the municipality Lenzburg
4201,Lenzburg,3476,1993-09-30,Initial recording of the municipality Lenzburg
4201,Lenzburg,3473,1992-09-30,Initial recording of the municipality Lenzburg
4201,Lenzburg,3449,1991-09-30,Initial recording of the municipality Lenzburg
4201,Lenzburg,3388,1990-09-30,Initial recording of the municipality Lenzburg
4201,Lenzburg,3305,1989-09-30,Initial recording of the municipality Lenzburg
4201,Lenzburg,3235,1988-09-30,Initial recording of the municipality Lenzburg
4201,Lenzburg,3227,1987-09-30,Initial recording of the municipality Lenzburg
4201,Lenzburg,3183,1986-09-30,Initial recording of the municipality Lenzburg
4201,Lenzburg,3100,1985-09-30,Initial recording of the municipality Lenzburg
4201,Lenzburg,2992,1984-09-30,Initial recording of the municipality Lenzburg
4201,Lenzburg,2919,1983-09-30,Initial recording of the municipality Lenzburg
4201,Lenzburg,2841,1982-09-30,Initial recording of the municipality Lenzburg
4201,Lenzburg,2754,1981-09-30,Initial recording of the municipality Lenzburg
4201,Lenzburg,2624,1980-09-30,Initial recording of the municipality Lenzburg
4201,Lenzburg,2524,1979-09-30,Initial recording of the municipality Lenzburg
4201,Lenzburg,2489,1978-09-30,Initial recording of the municipality Lenzburg
4201,Lenzburg,2367,1977-09-30,Initial recording of the municipality Lenzburg
4201,Lenzburg,2316,1976-09-30,Initial recording of the municipality Lenzburg
4313,Leuggern,1701,2025-09-30,Initial recording of the municipality Leuggern
4313,Leuggern,1654,2024-09-30,Initial recording of the municipality Leuggern
4313,Leuggern,1589,2023-09-30,Initial recording of the municipality Leuggern
4313,Leuggern,1611,2022-09-30,Initial recording of the municipality Leuggern
4313,Leuggern,1642,2021-09-30,Initial recording of the municipality Leuggern
4313,Leuggern,1559,2020-09-30,Initial recording of the municipality Leuggern
4313,Leuggern,1525,2019-09-30,Initial recording of the municipality Leuggern
4313,Leuggern,1511,2018-09-30,Initial recording of the municipality Leuggern
4313,Leuggern,1488,2017-09-30,Initial recording of the municipality Leuggern
4313,Leuggern,1493,2016-09-30,Initial recording of the municipality Leuggern
4313,Leuggern,1472,2015-09-30,Initial recording of the municipality Leuggern
4313,Leuggern,1450,2014-09-30,Initial recording of the municipality Leuggern
4313,Leuggern,1430,2013-09-30,Initial recording of the municipality Leuggern
4313,Leuggern,1418,2012-09-30,Initial recording of the municipality Leuggern
4313,Leuggern,1378,2011-09-30,Initial recording of the municipality Leuggern
4313,Leuggern,1336,2010-09-30,Initial recording of the municipality Leuggern
4313,Leuggern,1307,2009-09-30,Initial recording of the municipality Leuggern
4313,Leuggern,1301,2008-09-30,Initial recording of the municipality Leuggern
4313,Leuggern,1304,2007-09-30,Initial recording of the municipality Leuggern
4313,Leuggern,1305,2006-09-30,Initial recording of the municipality Leuggern
4313,Leuggern,1298,2005-09-30,Initial recording of the municipality Leuggern
4313,Leuggern,1328,2004-09-30,Initial recording of the municipality Leuggern
4313,Leuggern,1275,2003-09-30,Initial recording of the municipality Leuggern
4313,Leuggern,1252,2002-09-30,Initial recording of the municipality Leuggern
4313,Leuggern,1254,2001-09-30,Initial recording of the municipality Leuggern
4313,Leuggern,1200,2000-09-30,Initial recording of the municipality Leuggern
4313,Leuggern,1159,1999-09-30,Initial recording of the municipality Leuggern
4313,Leuggern,1142,1998-09-30,Initial recording of the municipality Leuggern
4313,Leuggern,1124,1997-09-30,Initial recording of the municipality Leuggern
4313,Leuggern,1097,1996-09-30,Initial recording of the municipality Leuggern
4313,Leuggern,1057,1995-09-30,Initial recording of the municipality Leuggern
4313,Leuggern,1034,1994-09-30,Initial recording of the municipality Leuggern
4313,Leuggern,973,1993-09-30,Initial recording of the municipality Leuggern
4313,Leuggern,949,1992-09-30,Initial recording of the municipality Leuggern
4313,Leuggern,940,1991-09-30,Initial recording of the municipality Leuggern
4313,Leuggern,916,1990-09-30,Initial recording of the municipality Leuggern
4313,Leuggern,875,1989-09-30,Initial recording of the municipality Leuggern
4313,Leuggern,798,1988-09-30,Initial recording of the municipality Leuggern
4313,Leuggern,741,1987-09-30,Initial recording of the municipality Leuggern
4313,Leuggern,759,1986-09-30,Initial recording of the municipality Leuggern
4313,Leuggern,715,1985-09-30,Initial recording of the municipality Leuggern
4313,Leuggern,691,1984-09-30,Initial recording of the municipality Leuggern
4313,Leuggern,659,1983-09-30,Initial recording of the municipality Leuggern
4313,Leuggern,649,1982-09-30,Initial recording of the municipality Leuggern
4313,Leuggern,624,1981-09-30,Initial recording of the municipality Leuggern
4313,Leuggern,578,1980-09-30,Initial recording of the municipality Leuggern
4313,Leuggern,551,1979-09-30,Initial recording of the municipality Leuggern
4313,Leuggern,513,1978-09-30,Initial recording of the municipality Leuggern
4313,Leuggern,481,1977-09-30,Initial recording of the municipality Leuggern
4313,Leuggern,462,1976-09-30,Initial recording of the municipality Leuggern
4138,Leutwil,528,2025-09-30,Initial recording of the municipality Leutwil
4138,Leutwil,533,2024-09-30,Initial recording of the municipality Leutwil
4138,Leutwil,530,2023-09-30,Initial recording of the municipality Leutwil
4138,Leutwil,535,2022-09-30,Initial recording of the municipality Leutwil
4138,Leutwil,528,2021-09-30,Initial recording of the municipality Leutwil
4138,Leutwil,518,2020-09-30,Initial recording of the municipality Leutwil
4138,Leutwil,523,2019-09-30,Initial recording of the municipality Leutwil
4138,Leutwil,509,2018-09-30,Initial recording of the municipality Leutwil
4138,Leutwil,511,2017-09-30,Initial recording of the municipality Leutwil
4138,Leutwil,505,2016-09-30,Initial recording of the municipality Leutwil
4138,Leutwil,498,2015-09-30,Initial recording of the municipality Leutwil
4138,Leutwil,492,2014-09-30,Initial recording of the municipality Leutwil
4138,Leutwil,485,2013-09-30,Initial recording of the municipality Leutwil
4138,Leutwil,472,2012-09-30,Initial recording of the municipality Leutwil
4138,Leutwil,458,2011-09-30,Initial recording of the municipality Leutwil
4138,Leutwil,453,2010-09-30,Initial recording of the municipality Leutwil
4138,Leutwil,440,2009-09-30,Initial recording of the municipality Leutwil
4138,Leutwil,441,2008-09-30,Initial recording of the municipality Leutwil
4138,Leutwil,432,2007-09-30,Initial recording of the municipality Leutwil
4138,Leutwil,428,2006-09-30,Initial recording of the municipality Leutwil
4138,Leutwil,418,2005-09-30,Initial recording of the municipality Leutwil
4138,Leutwil,410,2004-09-30,Initial recording of the municipality Leutwil
4138,Leutwil,376,2003-09-30,Initial recording of the municipality Leutwil
4138,Leutwil,367,2002-09-30,Initial recording of the municipality Leutwil
4138,Leutwil,364,2001-09-30,Initial recording of the municipality Leutwil
4138,Leutwil,353,2000-09-30,Initial recording of the municipality Leutwil
4138,Leutwil,333,1999-09-30,Initial recording of the municipality Leutwil
4138,Leutwil,326,1998-09-30,Initial recording of the municipality Leutwil
4138,Leutwil,301,1997-09-30,Initial recording of the municipality Leutwil
4138,Leutwil,293,1996-09-30,Initial recording of the municipality Leutwil
4138,Leutwil,295,1995-09-30,Initial recording of the municipality Leutwil
4138,Leutwil,291,1994-09-30,Initial recording of the municipality Leutwil
4138,Leutwil,297,1993-09-30,Initial recording of the municipality Leutwil
4138,Leutwil,289,1992-09-30,Initial recording of the municipality Leutwil
4138,Leutwil,287,1991-09-30,Initial recording of the municipality Leutwil
4138,Leutwil,273,1990-09-30,Initial recording of the municipality Leutwil
4138,Leutwil,267,1989-09-30,Initial recording of the municipality Leutwil
4138,Leutwil,274,1988-09-30,Initial recording of the municipality Leutwil
4138,Leutwil,249,1987-09-30,Initial recording of the municipality Leutwil
4138,Leutwil,241,1986-09-30,Initial recording of the municipality Leutwil
4138,Leutwil,243,1985-09-30,Initial recording of the municipality Leutwil
4138,Leutwil,218,1984-09-30,Initial recording of the municipality Leutwil
4138,Leutwil,225,1983-09-30,Initial recording of the municipality Leutwil
4138,Leutwil,224,1982-09-30,Initial recording of the municipality Leutwil
4138,Leutwil,217,1981-09-30,Initial recording of the municipality Leutwil
4138,Leutwil,201,1980-09-30,Initial recording of the municipality Leutwil
4138,Leutwil,193,1979-09-30,Initial recording of the municipality Leutwil
4138,Leutwil,184,1978-09-30,Initial recording of the municipality Leutwil
4138,Leutwil,181,1977-09-30,Initial recording of the municipality Leutwil
4138,Leutwil,154,1976-09-30,Initial recording of the municipality Leutwil
4103,Linn,102,2012-09-30,Initial recording of the municipality Linn
4103,Linn,102,2011-09-30,Initial recording of the municipality Linn
4103,Linn,98,2010-09-30,Initial recording of the municipality Linn
4103,Linn,84,2009-09-30,Initial recording of the municipality Linn
4103,Linn,88,2008-09-30,Initial recording of the municipality Linn
4103,Linn,90,2007-09-30,Initial recording of the municipality Linn
4103,Linn,94,2006-09-30,Initial recording of the municipality Linn
4103,Linn,91,2005-09-30,Initial recording of the municipality Linn
4103,Linn,86,2004-09-30,Initial recording of the municipality Linn
4103,Linn,81,2003-09-30,Initial recording of the municipality Linn
4103,Linn,74,2002-09-30,Initial recording of the municipality Linn
4103,Linn,72,2001-09-30,Initial recording of the municipality Linn
4103,Linn,66,2000-09-30,Initial recording of the municipality Linn
4103,Linn,64,1999-09-30,Initial recording of the municipality Linn
4103,Linn,61,1998-09-30,Initial recording of the municipality Linn
4103,Linn,60,1997-09-30,Initial recording of the municipality Linn
4103,Linn,52,1996-09-30,Initial recording of the municipality Linn
4103,Linn,48,1995-09-30,Initial recording of the municipality Linn
4103,Linn,43,1994-09-30,Initial recording of the municipality Linn
4103,Linn,45,1993-09-30,Initial recording of the municipality Linn
4103,Linn,42,1992-09-30,Initial recording of the municipality Linn
4103,Linn,43,1991-09-30,Initial recording of the municipality Linn
4103,Linn,40,1990-09-30,Initial recording of the municipality Linn
4103,Linn,42,1989-09-30,Initial recording of the municipality Linn
4103,Linn,31,1988-09-30,Initial recording of the municipality Linn
4103,Linn,35,1987-09-30,Initial recording of the municipality Linn
4103,Linn,31,1986-09-30,Initial recording of the municipality Linn
4103,Linn,35,1985-09-30,Initial recording of the municipality Linn
4103,Linn,31,1984-09-30,Initial recording of the municipality Linn
4103,Linn,28,1983-09-30,Initial recording of the municipality Linn
4103,Linn,30,1982-09-30,Initial recording of the municipality Linn
4103,Linn,26,1981-09-30,Initial recording of the municipality Linn
4103,Linn,21,1980-09-30,Initial recording of the municipality Linn
4103,Linn,20,1979-09-30,Initial recording of the municipality Linn
4103,Linn,18,1978-09-30,Initial recording of the municipality Linn
4103,Linn,15,1977-09-30,Initial recording of the municipality Linn
4103,Linn,11,1976-09-30,Initial recording of the municipality Linn
4104,Lupfig,2503,2025-09-30,Incorporation of Scherz into Lupfig
4104,Lupfig,2503,2024-09-30,Incorporation of Scherz into Lupfig
4104,Lupfig,2508,2023-09-30,Incorporation of Scherz into Lupfig
4104,Lupfig,2520,2022-09-30,Incorporation of Scherz into Lupfig
4104,Lupfig,2455,2021-09-30,Incorporation of Scherz into Lupfig
4104,Lupfig,2338,2020-09-30,Incorporation of Scherz into Lupfig
4104,Lupfig,2235,2019-09-30,Incorporation of Scherz into Lupfig
4104,Lupfig,2186,2018-09-30,Incorporation of Scherz into Lupfig
4104,Lupfig,1695,2017-09-30,Initial recording of the municipality Lupfig
4104,Lupfig,1672,2016-09-30,Initial recording of the municipality Lupfig
4104,Lupfig,1598,2015-09-30,Initial recording of the municipality Lupfig
4104,Lupfig,1519,2014-09-30,Initial recording of the municipality Lupfig
4104,Lupfig,1475,2013-09-30,Initial recording of the municipality Lupfig
4104,Lupfig,1456,2012-09-30,Initial recording of the municipality Lupfig
4104,Lupfig,1458,2011-09-30,Initial recording of the municipality Lupfig
4104,Lupfig,1484,2010-09-30,Initial recording of the municipality Lupfig
4104,Lupfig,2031,2009-09-30,Initial recording of the municipality Lupfig
4104,Lupfig,1907,2008-09-30,Initial recording of the municipality Lupfig
4104,Lupfig,1774,2007-09-30,Initial recording of the municipality Lupfig
4104,Lupfig,1654,2006-09-30,Initial recording of the municipality Lupfig
4104,Lupfig,1506,2005-09-30,Initial recording of the municipality Lupfig
4104,Lupfig,1383,2004-09-30,Initial recording of the municipality Lupfig
4104,Lupfig,1247,2003-09-30,Initial recording of the municipality Lupfig
4104,Lupfig,1100,2002-09-30,Initial recording of the municipality Lupfig
4104,Lupfig,1069,2001-09-30,Initial recording of the municipality Lupfig
4104,Lupfig,1021,2000-09-30,Initial recording of the municipality Lupfig
4104,Lupfig,999,1999-09-30,Initial recording of the municipality Lupfig
4104,Lupfig,928,1998-09-30,Initial recording of the municipality Lupfig
4104,Lupfig,845,1997-09-30,Initial recording of the municipality Lupfig
4104,Lupfig,845,1996-09-30,Initial recording of the municipality Lupfig
4104,Lupfig,835,1995-09-30,Initial recording of the municipality Lupfig
4104,Lupfig,848,1994-09-30,Initial recording of the municipality Lupfig
4104,Lupfig,786,1993-09-30,Initial recording of the municipality Lupfig
4104,Lupfig,771,1992-09-30,Initial recording of the municipality Lupfig
4104,Lupfig,756,1991-09-30,Initial recording of the municipality Lupfig
4104,Lupfig,732,1990-09-30,Initial recording of the municipality Lupfig
4104,Lupfig,657,1989-09-30,Initial recording of the municipality Lupfig
4104,Lupfig,588,1988-09-30,Initial recording of the municipality Lupfig
4104,Lupfig,572,1987-09-30,Initial recording of the municipality Lupfig
4104,Lupfig,502,1986-09-30,Initial recording of the municipality Lupfig
4104,Lupfig,444,1985-09-30,Initial recording of the municipality Lupfig
4104,Lupfig,415,1984-09-30,Initial recording of the municipality Lupfig
4104,Lupfig,401,1983-09-30,Initial recording of the municipality Lupfig
4104,Lupfig,379,1982-09-30,Initial recording of the municipality Lupfig
4104,Lupfig,362,1981-09-30,Initial recording of the municipality Lupfig
4104,Lupfig,339,1980-09-30,Initial recording of the municipality Lupfig
4104,Lupfig,315,1979-09-30,Initial recording of the municipality Lupfig
4104,Lupfig,295,1978-09-30,Initial recording of the municipality Lupfig
4104,Lupfig,272,1977-09-30,Initial recording of the municipality Lupfig
4104,Lupfig,248,1976-09-30,Initial recording of the municipality Lupfig
4253,Magden,2382,2025-09-30,Initial recording of the municipality Magden
4253,Magden,2363,2024-09-30,Initial recording of the municipality Magden
4253,Magden,2350,2023-09-30,Initial recording of the municipality Magden
4253,Magden,2366,2022-09-30,Initial recording of the municipality Magden
4253,Magden,2380,2021-09-30,Initial recording of the municipality Magden
4253,Magden,2355,2020-09-30,Initial recording of the municipality Magden
4253,Magden,2350,2019-09-30,Initial recording of the municipality Magden
4253,Magden,2364,2018-09-30,Initial recording of the municipality Magden
4253,Magden,2378,2017-09-30,Initial recording of the municipality Magden
4253,Magden,2375,2016-09-30,Initial recording of the municipality Magden
4253,Magden,2332,2015-09-30,Initial recording of the municipality Magden
4253,Magden,2321,2014-09-30,Initial recording of the municipality Magden
4253,Magden,2240,2013-09-30,Initial recording of the municipality Magden
4253,Magden,2177,2012-09-30,Initial recording of the municipality Magden
4253,Magden,2094,2011-09-30,Initial recording of the municipality Magden
4253,Magden,2033,2010-09-30,Initial recording of the municipality Magden
4253,Magden,1989,2009-09-30,Initial recording of the municipality Magden
4253,Magden,1959,2008-09-30,Initial recording of the municipality Magden
4253,Magden,1899,2007-09-30,Initial recording of the municipality Magden
4253,Magden,1816,2006-09-30,Initial recording of the municipality Magden
4253,Magden,1800,2005-09-30,Initial recording of the municipality Magden
4253,Magden,1740,2004-09-30,Initial recording of the municipality Magden
4253,Magden,1699,2003-09-30,Initial recording of the municipality Magden
4253,Magden,1664,2002-09-30,Initial recording of the municipality Magden
4253,Magden,1590,2001-09-30,Initial recording of the municipality Magden
4253,Magden,1546,2000-09-30,Initial recording of the municipality Magden
4253,Magden,1523,1999-09-30,Initial recording of the municipality Magden
4253,Magden,1457,1998-09-30,Initial recording of the municipality Magden
4253,Magden,1415,1997-09-30,Initial recording of the municipality Magden
4253,Magden,1383,1996-09-30,Initial recording of the municipality Magden
4253,Magden,1346,1995-09-30,Initial recording of the municipality Magden
4253,Magden,1313,1994-09-30,Initial recording of the municipality Magden
4253,Magden,1289,1993-09-30,Initial recording of the municipality Magden
4253,Magden,1273,1992-09-30,Initial recording of the municipality Magden
4253,Magden,1252,1991-09-30,Initial recording of the municipality Magden
4253,Magden,1217,1990-09-30,Initial recording of the municipality Magden
4253,Magden,1184,1989-09-30,Initial recording of the municipality Magden
4253,Magden,1161,1988-09-30,Initial recording of the municipality Magden
4253,Magden,1099,1987-09-30,Initial recording of the municipality Magden
4253,Magden,1067,1986-09-30,Initial recording of the municipality Magden
4253,Magden,1010,1985-09-30,Initial recording of the municipality Magden
4253,Magden,975,1984-09-30,Initial recording of the municipality Magden
4253,Magden,935,1983-09-30,Initial recording of the municipality Magden
4253,Magden,893,1982-09-30,Initial recording of the municipality Magden
4253,Magden,871,1981-09-30,Initial recording of the municipality Magden
4253,Magden,826,1980-09-30,Initial recording of the municipality Magden
4253,Magden,791,1979-09-30,Initial recording of the municipality Magden
4253,Magden,716,1978-09-30,Initial recording of the municipality Magden
4253,Magden,672,1977-09-30,Initial recording of the municipality Magden
4253,Magden,622,1976-09-30,Initial recording of the municipality Magden
4105,Mandach,224,2025-09-30,Initial recording of the municipality Mandach
4105,Mandach,214,2024-09-30,Initial recording of the municipality Mandach
4105,Mandach,227,2023-09-30,Initial recording of the municipality Mandach
4105,Mandach,218,2022-09-30,Initial recording of the municipality Mandach
4105,Mandach,210,2021-09-30,Initial recording of the municipality Mandach
4105,Mandach,204,2020-09-30,Initial recording of the municipality Mandach
4105,Mandach,202,2019-09-30,Initial recording of the municipality Mandach
4105,Mandach,204,2018-09-30,Initial recording of the municipality Mandach
4105,Mandach,213,2017-09-30,Initial recording of the municipality Mandach
4105,Mandach,205,2016-09-30,Initial recording of the municipality Mandach
4105,Mandach,196,2015-09-30,Initial recording of the municipality Mandach
4105,Mandach,193,2014-09-30,Initial recording of the municipality Mandach
4105,Mandach,191,2013-09-30,Initial recording of the municipality Mandach
4105,Mandach,184,2012-09-30,Initial recording of the municipality Mandach
4105,Mandach,182,2011-09-30,Initial recording of the municipality Mandach
4105,Mandach,179,2010-09-30,Initial recording of the municipality Mandach
4105,Mandach,177,2009-09-30,Initial recording of the municipality Mandach
4105,Mandach,175,2008-09-30,Initial recording of the municipality Mandach
4105,Mandach,169,2007-09-30,Initial recording of the municipality Mandach
4105,Mandach,174,2006-09-30,Initial recording of the municipality Mandach
4105,Mandach,163,2005-09-30,Initial recording of the municipality Mandach
4105,Mandach,159,2004-09-30,Initial recording of the municipality Mandach
4105,Mandach,165,2003-09-30,Initial recording of the municipality Mandach
4105,Mandach,162,2002-09-30,Initial recording of the municipality Mandach
4105,Mandach,163,2001-09-30,Initial recording of the municipality Mandach
4105,Mandach,167,2000-09-30,Initial recording of the municipality Mandach
4105,Mandach,164,1999-09-30,Initial recording of the municipality Mandach
4105,Mandach,160,1998-09-30,Initial recording of the municipality Mandach
4105,Mandach,158,1997-09-30,Initial recording of the municipality Mandach
4105,Mandach,165,1996-09-30,Initial recording of the municipality Mandach
4105,Mandach,150,1995-09-30,Initial recording of the municipality Mandach
4105,Mandach,151,1994-09-30,Initial recording of the municipality Mandach
4105,Mandach,153,1993-09-30,Initial recording of the municipality Mandach
4105,Mandach,149,1992-09-30,Initial recording of the municipality Mandach
4105,Mandach,148,1991-09-30,Initial recording of the municipality Mandach
4105,Mandach,130,1990-09-30,Initial recording of the municipality Mandach
4105,Mandach,125,1989-09-30,Initial recording of the municipality Mandach
4105,Mandach,124,1988-09-30,Initial recording of the municipality Mandach
4105,Mandach,126,1987-09-30,Initial recording of the municipality Mandach
4105,Mandach,122,1986-09-30,Initial recording of the municipality Mandach
4105,Mandach,119,1985-09-30,Initial recording of the municipality Mandach
4105,Mandach,109,1984-09-30,Initial recording of the municipality Mandach
4105,Mandach,105,1983-09-30,Initial recording of the municipality Mandach
4105,Mandach,101,1982-09-30,Initial recording of the municipality Mandach
4105,Mandach,94,1981-09-30,Initial recording of the municipality Mandach
4105,Mandach,95,1980-09-30,Initial recording of the municipality Mandach
4105,Mandach,95,1979-09-30,Initial recording of the municipality Mandach
4105,Mandach,91,1978-09-30,Initial recording of the municipality Mandach
4105,Mandach,95,1977-09-30,Initial recording of the municipality Mandach
4105,Mandach,93,1976-09-30,Initial recording of the municipality Mandach
4202,Meisterschwanden,2507,2025-09-30,Initial recording of the municipality Meisterschwanden
4202,Meisterschwanden,2446,2024-09-30,Initial recording of the municipality Meisterschwanden
4202,Meisterschwanden,2417,2023-09-30,Initial recording of the municipality Meisterschwanden
4202,Meisterschwanden,2370,2022-09-30,Initial recording of the municipality Meisterschwanden
4202,Meisterschwanden,2325,2021-09-30,Initial recording of the municipality Meisterschwanden
4202,Meisterschwanden,2200,2020-09-30,Initial recording of the municipality Meisterschwanden
4202,Meisterschwanden,2220,2019-09-30,Initial recording of the municipality Meisterschwanden
4202,Meisterschwanden,2225,2018-09-30,Initial recording of the municipality Meisterschwanden
4202,Meisterschwanden,2149,2017-09-30,Initial recording of the municipality Meisterschwanden
4202,Meisterschwanden,2044,2016-09-30,Initial recording of the municipality Meisterschwanden
4202,Meisterschwanden,2004,2015-09-30,Initial recording of the municipality Meisterschwanden
4202,Meisterschwanden,1904,2014-09-30,Initial recording of the municipality Meisterschwanden
4202,Meisterschwanden,1867,2013-09-30,Initial recording of the municipality Meisterschwanden
4202,Meisterschwanden,1854,2012-09-30,Initial recording of the municipality Meisterschwanden
4202,Meisterschwanden,1814,2011-09-30,Initial recording of the municipality Meisterschwanden
4202,Meisterschwanden,1766,2010-09-30,Initial recording of the municipality Meisterschwanden
4202,Meisterschwanden,1696,2009-09-30,Initial recording of the municipality Meisterschwanden
4202,Meisterschwanden,1620,2008-09-30,Initial recording of the municipality Meisterschwanden
4202,Meisterschwanden,1563,2007-09-30,Initial recording of the municipality Meisterschwanden
4202,Meisterschwanden,1557,2006-09-30,Initial recording of the municipality Meisterschwanden
4202,Meisterschwanden,1524,2005-09-30,Initial recording of the municipality Meisterschwanden
4202,Meisterschwanden,1428,2004-09-30,Initial recording of the municipality Meisterschwanden
4202,Meisterschwanden,1361,2003-09-30,Initial recording of the municipality Meisterschwanden
4202,Meisterschwanden,1353,2002-09-30,Initial recording of the municipality Meisterschwanden
4202,Meisterschwanden,1283,2001-09-30,Initial recording of the municipality Meisterschwanden
4202,Meisterschwanden,1253,2000-09-30,Initial recording of the municipality Meisterschwanden
4202,Meisterschwanden,1215,1999-09-30,Initial recording of the municipality Meisterschwanden
4202,Meisterschwanden,1172,1998-09-30,Initial recording of the municipality Meisterschwanden
4202,Meisterschwanden,1139,1997-09-30,Initial recording of the municipality Meisterschwanden
4202,Meisterschwanden,1094,1996-09-30,Initial recording of the municipality Meisterschwanden
4202,Meisterschwanden,1092,1995-09-30,Initial recording of the municipality Meisterschwanden
4202,Meisterschwanden,1066,1994-09-30,Initial recording of the municipality Meisterschwanden
4202,Meisterschwanden,1047,1993-09-30,Initial recording of the municipality Meisterschwanden
4202,Meisterschwanden,1068,1992-09-30,Initial recording of the municipality Meisterschwanden
4202,Meisterschwanden,1040,1991-09-30,Initial recording of the municipality Meisterschwanden
4202,Meisterschwanden,1019,1990-09-30,Initial recording of the municipality Meisterschwanden
4202,Meisterschwanden,979,1989-09-30,Initial recording of the municipality Meisterschwanden
4202,Meisterschwanden,916,1988-09-30,Initial recording of the municipality Meisterschwanden
4202,Meisterschwanden,874,1987-09-30,Initial recording of the municipality Meisterschwanden
4202,Meisterschwanden,831,1986-09-30,Initial recording of the municipality Meisterschwanden
4202,Meisterschwanden,823,1985-09-30,Initial recording of the municipality Meisterschwanden
4202,Meisterschwanden,812,1984-09-30,Initial recording of the municipality Meisterschwanden
4202,Meisterschwanden,752,1983-09-30,Initial recording of the municipality Meisterschwanden
4202,Meisterschwanden,713,1982-09-30,Initial recording of the municipality Meisterschwanden
4202,Meisterschwanden,718,1981-09-30,Initial recording of the municipality Meisterschwanden
4202,Meisterschwanden,685,1980-09-30,Initial recording of the municipality Meisterschwanden
4202,Meisterschwanden,622,1979-09-30,Initial recording of the municipality Meisterschwanden
4202,Meisterschwanden,609,1978-09-30,Initial recording of the municipality Meisterschwanden
4202,Meisterschwanden,585,1977-09-30,Initial recording of the municipality Meisterschwanden
4202,Meisterschwanden,539,1976-09-30,Initial recording of the municipality Meisterschwanden
4314,Mellikon,183,2025-09-30,Initial recording of the municipality Mellikon
4314,Mellikon,180,2024-09-30,Initial recording of the municipality Mellikon
4314,Mellikon,176,2023-09-30,Initial recording of the municipality Mellikon
4314,Mellikon,176,2022-09-30,Initial recording of the municipality Mellikon
4314,Mellikon,176,2021-09-30,Initial recording of the municipality Mellikon
4314,Mellikon,174,2020-09-30,Initial recording of the municipality Mellikon
4314,Mellikon,165,2019-09-30,Initial recording of the municipality Mellikon
4314,Mellikon,164,2018-09-30,Initial recording of the municipality Mellikon
4314,Mellikon,174,2017-09-30,Initial recording of the municipality Mellikon
4314,Mellikon,170,2016-09-30,Initial recording of the municipality Mellikon
4314,Mellikon,162,2015-09-30,Initial recording of the municipality Mellikon
4314,Mellikon,154,2014-09-30,Initial recording of the municipality Mellikon
4314,Mellikon,155,2013-09-30,Initial recording of the municipality Mellikon
4314,Mellikon,159,2012-09-30,Initial recording of the municipality Mellikon
4314,Mellikon,156,2011-09-30,Initial recording of the municipality Mellikon
4314,Mellikon,145,2010-09-30,Initial recording of the municipality Mellikon
4314,Mellikon,148,2009-09-30,Initial recording of the municipality Mellikon
4314,Mellikon,153,2008-09-30,Initial recording of the municipality Mellikon
4314,Mellikon,155,2007-09-30,Initial recording of the municipality Mellikon
4314,Mellikon,156,2006-09-30,Initial recording of the municipality Mellikon
4314,Mellikon,146,2005-09-30,Initial recording of the municipality Mellikon
4314,Mellikon,144,2004-09-30,Initial recording of the municipality Mellikon
4314,Mellikon,139,2003-09-30,Initial recording of the municipality Mellikon
4314,Mellikon,141,2002-09-30,Initial recording of the municipality Mellikon
4314,Mellikon,143,2001-09-30,Initial recording of the municipality Mellikon
4314,Mellikon,136,2000-09-30,Initial recording of the municipality Mellikon
4314,Mellikon,123,1999-09-30,Initial recording of the municipality Mellikon
4314,Mellikon,128,1998-09-30,Initial recording of the municipality Mellikon
4314,Mellikon,123,1997-09-30,Initial recording of the municipality Mellikon
4314,Mellikon,132,1996-09-30,Initial recording of the municipality Mellikon
4314,Mellikon,135,1995-09-30,Initial recording of the municipality Mellikon
4314,Mellikon,136,1994-09-30,Initial recording of the municipality Mellikon
4314,Mellikon,132,1993-09-30,Initial recording of the municipality Mellikon
4314,Mellikon,127,1992-09-30,Initial recording of the municipality Mellikon
4314,Mellikon,118,1991-09-30,Initial recording of the municipality Mellikon
4314,Mellikon,122,1990-09-30,Initial recording of the municipality Mellikon
4314,Mellikon,115,1989-09-30,Initial recording of the municipality Mellikon
4314,Mellikon,102,1988-09-30,Initial recording of the municipality Mellikon
4314,Mellikon,103,1987-09-30,Initial recording of the municipality Mellikon
4314,Mellikon,104,1986-09-30,Initial recording of the municipality Mellikon
4314,Mellikon,102,1985-09-30,Initial recording of the municipality Mellikon
4314,Mellikon,102,1984-09-30,Initial recording of the municipality Mellikon
4314,Mellikon,90,1983-09-30,Initial recording of the municipality Mellikon
4314,Mellikon,86,1982-09-30,Initial recording of the municipality Mellikon
4314,Mellikon,72,1981-09-30,Initial recording of the municipality Mellikon
4314,Mellikon,69,1980-09-30,Initial recording of the municipality Mellikon
4314,Mellikon,69,1979-09-30,Initial recording of the municipality Mellikon
4314,Mellikon,65,1978-09-30,Initial recording of the municipality Mellikon
4314,Mellikon,61,1977-09-30,Initial recording of the municipality Mellikon
4314,Mellikon,50,1976-09-30,Initial recording of the municipality Mellikon
4033,Mellingen,3516,2025-09-30,Initial recording of the municipality Mellingen
4033,Mellingen,3528,2024-09-30,Initial recording of the municipality Mellingen
4033,Mellingen,3476,2023-09-30,Initial recording of the municipality Mellingen
4033,Mellingen,3465,2022-09-30,Initial recording of the municipality Mellingen
4033,Mellingen,3429,2021-09-30,Initial recording of the municipality Mellingen
4033,Mellingen,3388,2020-09-30,Initial recording of the municipality Mellingen
4033,Mellingen,3303,2019-09-30,Initial recording of the municipality Mellingen
4033,Mellingen,3201,2018-09-30,Initial recording of the municipality Mellingen
4033,Mellingen,3158,2017-09-30,Initial recording of the municipality Mellingen
4033,Mellingen,3113,2016-09-30,Initial recording of the municipality Mellingen
4033,Mellingen,3033,2015-09-30,Initial recording of the municipality Mellingen
4033,Mellingen,2941,2014-09-30,Initial recording of the municipality Mellingen
4033,Mellingen,2835,2013-09-30,Initial recording of the municipality Mellingen
4033,Mellingen,2763,2012-09-30,Initial recording of the municipality Mellingen
4033,Mellingen,2706,2011-09-30,Initial recording of the municipality Mellingen
4033,Mellingen,2631,2010-09-30,Initial recording of the municipality Mellingen
4033,Mellingen,2554,2009-09-30,Initial recording of the municipality Mellingen
4033,Mellingen,2531,2008-09-30,Initial recording of the municipality Mellingen
4033,Mellingen,2488,2007-09-30,Initial recording of the municipality Mellingen
4033,Mellingen,2449,2006-09-30,Initial recording of the municipality Mellingen
4033,Mellingen,2400,2005-09-30,Initial recording of the municipality Mellingen
4033,Mellingen,2409,2004-09-30,Initial recording of the municipality Mellingen
4033,Mellingen,2438,2003-09-30,Initial recording of the municipality Mellingen
4033,Mellingen,2342,2002-09-30,Initial recording of the municipality Mellingen
4033,Mellingen,2300,2001-09-30,Initial recording of the municipality Mellingen
4033,Mellingen,2216,2000-09-30,Initial recording of the municipality Mellingen
4033,Mellingen,2143,1999-09-30,Initial recording of the municipality Mellingen
4033,Mellingen,2097,1998-09-30,Initial recording of the municipality Mellingen
4033,Mellingen,2065,1997-09-30,Initial recording of the municipality Mellingen
4033,Mellingen,2028,1996-09-30,Initial recording of the municipality Mellingen
4033,Mellingen,1966,1995-09-30,Initial recording of the municipality Mellingen
4033,Mellingen,1925,1994-09-30,Initial recording of the municipality Mellingen
4033,Mellingen,1876,1993-09-30,Initial recording of the municipality Mellingen
4033,Mellingen,1854,1992-09-30,Initial recording of the municipality Mellingen
4033,Mellingen,1789,1991-09-30,Initial recording of the municipality Mellingen
4033,Mellingen,1756,1990-09-30,Initial recording of the municipality Mellingen
4033,Mellingen,1719,1989-09-30,Initial recording of the municipality Mellingen
4033,Mellingen,1651,1988-09-30,Initial recording of the municipality Mellingen
4033,Mellingen,1566,1987-09-30,Initial recording of the municipality Mellingen
4033,Mellingen,1524,1986-09-30,Initial recording of the municipality Mellingen
4033,Mellingen,1452,1985-09-30,Initial recording of the municipality Mellingen
4033,Mellingen,1419,1984-09-30,Initial recording of the municipality Mellingen
4033,Mellingen,1341,1983-09-30,Initial recording of the municipality Mellingen
4033,Mellingen,1274,1982-09-30,Initial recording of the municipality Mellingen
4033,Mellingen,1250,1981-09-30,Initial recording of the municipality Mellingen
4033,Mellingen,1198,1980-09-30,Initial recording of the municipality Mellingen
4033,Mellingen,1153,1979-09-30,Initial recording of the municipality Mellingen
4033,Mellingen,1070,1978-09-30,Initial recording of the municipality Mellingen
4033,Mellingen,1004,1977-09-30,Initial recording of the municipality Mellingen
4033,Mellingen,1022,1976-09-30,Initial recording of the municipality Mellingen
4139,Menziken,5113,2025-09-30,Incorporation of Burg (AG) into Menziken
4139,Menziken,4956,2024-09-30,Incorporation of Burg (AG) into Menziken
4139,Menziken,4827,2023-09-30,Incorporation of Burg (AG) into Menziken
4139,Menziken,3896,2022-09-30,Initial recording of the municipality Menziken
4139,Menziken,3894,2021-09-30,Initial recording of the municipality Menziken
4139,Menziken,3802,2020-09-30,Initial recording of the municipality Menziken
4139,Menziken,3728,2019-09-30,Initial recording of the municipality Menziken
4139,Menziken,3621,2018-09-30,Initial recording of the municipality Menziken
4139,Menziken,3530,2017-09-30,Initial recording of the municipality Menziken
4139,Menziken,3452,2016-09-30,Initial recording of the municipality Menziken
4139,Menziken,3353,2015-09-30,Initial recording of the municipality Menziken
4139,Menziken,3298,2014-09-30,Initial recording of the municipality Menziken
4139,Menziken,3201,2013-09-30,Initial recording of the municipality Menziken
4139,Menziken,3102,2012-09-30,Initial recording of the municipality Menziken
4139,Menziken,3032,2011-09-30,Initial recording of the municipality Menziken
4139,Menziken,2961,2010-09-30,Initial recording of the municipality Menziken
4139,Menziken,2918,2009-09-30,Initial recording of the municipality Menziken
4139,Menziken,2883,2008-09-30,Initial recording of the municipality Menziken
4139,Menziken,2849,2007-09-30,Initial recording of the municipality Menziken
4139,Menziken,2848,2006-09-30,Initial recording of the municipality Menziken
4139,Menziken,2810,2005-09-30,Initial recording of the municipality Menziken
4139,Menziken,2837,2004-09-30,Initial recording of the municipality Menziken
4139,Menziken,2809,2003-09-30,Initial recording of the municipality Menziken
4139,Menziken,2769,2002-09-30,Initial recording of the municipality Menziken
4139,Menziken,2760,2001-09-30,Initial recording of the municipality Menziken
4139,Menziken,2691,2000-09-30,Initial recording of the municipality Menziken
4139,Menziken,2596,1999-09-30,Initial recording of the municipality Menziken
4139,Menziken,2537,1998-09-30,Initial recording of the municipality Menziken
4139,Menziken,2539,1997-09-30,Initial recording of the municipality Menziken
4139,Menziken,2541,1996-09-30,Initial recording of the municipality Menziken
4139,Menziken,2473,1995-09-30,Initial recording of the municipality Menziken
4139,Menziken,2405,1994-09-30,Initial recording of the municipality Menziken
4139,Menziken,2306,1993-09-30,Initial recording of the municipality Menziken
4139,Menziken,2265,1992-09-30,Initial recording of the municipality Menziken
4139,Menziken,2189,1991-09-30,Initial recording of the municipality Menziken
4139,Menziken,2130,1990-09-30,Initial recording of the municipality Menziken
4139,Menziken,2026,1989-09-30,Initial recording of the municipality Menziken
4139,Menziken,1969,1988-09-30,Initial recording of the municipality Menziken
4139,Menziken,1903,1987-09-30,Initial recording of the municipality Menziken
4139,Menziken,1846,1986-09-30,Initial recording of the municipality Menziken
4139,Menziken,1784,1985-09-30,Initial recording of the municipality Menziken
4139,Menziken,1713,1984-09-30,Initial recording of the municipality Menziken
4139,Menziken,1681,1983-09-30,Initial recording of the municipality Menziken
4139,Menziken,1667,1982-09-30,Initial recording of the municipality Menziken
4139,Menziken,1600,1981-09-30,Initial recording of the municipality Menziken
4139,Menziken,1593,1980-09-30,Initial recording of the municipality Menziken
4139,Menziken,1532,1979-09-30,Initial recording of the municipality Menziken
4139,Menziken,1449,1978-09-30,Initial recording of the municipality Menziken
4139,Menziken,1385,1977-09-30,Initial recording of the municipality Menziken
4139,Menziken,1330,1976-09-30,Initial recording of the municipality Menziken
4234,Merenschwand,2462,2025-09-30,Incorporation of Benzenschwil into Merenschwand
4234,Merenschwand,2375,2024-09-30,Incorporation of Benzenschwil into Merenschwand
4234,Merenschwand,2365,2023-09-30,Incorporation of Benzenschwil into Merenschwand
4234,Merenschwand,2325,2022-09-30,Incorporation of Benzenschwil into Merenschwand
4234,Merenschwand,2308,2021-09-30,Incorporation of Benzenschwil into Merenschwand
4234,Merenschwand,2289,2020-09-30,Incorporation of Benzenschwil into Merenschwand
4234,Merenschwand,2215,2019-09-30,Incorporation of Benzenschwil into Merenschwand
4234,Merenschwand,2224,2018-09-30,Incorporation of Benzenschwil into Merenschwand
4234,Merenschwand,2199,2017-09-30,Incorporation of Benzenschwil into Merenschwand
4234,Merenschwand,2151,2016-09-30,Incorporation of Benzenschwil into Merenschwand
4234,Merenschwand,2070,2015-09-30,Incorporation of Benzenschwil into Merenschwand
4234,Merenschwand,2012,2014-09-30,Incorporation of Benzenschwil into Merenschwand
4234,Merenschwand,1978,2013-09-30,Incorporation of Benzenschwil into Merenschwand
4234,Merenschwand,1939,2012-09-30,Incorporation of Benzenschwil into Merenschwand
4234,Merenschwand,1518,2011-09-30,Initial recording of the municipality Merenschwand
4234,Merenschwand,1457,2010-09-30,Initial recording of the municipality Merenschwand
4234,Merenschwand,1403,2009-09-30,Initial recording of the municipality Merenschwand
4234,Merenschwand,1394,2008-09-30,Initial recording of the municipality Merenschwand
4234,Merenschwand,1375,2007-09-30,Initial recording of the municipality Merenschwand
4234,Merenschwand,1359,2006-09-30,Initial recording of the municipality Merenschwand
4234,Merenschwand,1334,2005-09-30,Initial recording of the municipality Merenschwand
4234,Merenschwand,1307,2004-09-30,Initial recording of the municipality Merenschwand
4234,Merenschwand,1253,2003-09-30,Initial recording of the municipality Merenschwand
4234,Merenschwand,1244,2002-09-30,Initial recording of the municipality Merenschwand
4234,Merenschwand,1163,2001-09-30,Initial recording of the municipality Merenschwand
4234,Merenschwand,1113,2000-09-30,Initial recording of the municipality Merenschwand
4234,Merenschwand,1051,1999-09-30,Initial recording of the municipality Merenschwand
4234,Merenschwand,975,1998-09-30,Initial recording of the municipality Merenschwand
4234,Merenschwand,959,1997-09-30,Initial recording of the municipality Merenschwand
4234,Merenschwand,932,1996-09-30,Initial recording of the municipality Merenschwand
4234,Merenschwand,829,1995-09-30,Initial recording of the municipality Merenschwand
4234,Merenschwand,810,1994-09-30,Initial recording of the municipality Merenschwand
4234,Merenschwand,791,1993-09-30,Initial recording of the municipality Merenschwand
4234,Merenschwand,780,1992-09-30,Initial recording of the municipality Merenschwand
4234,Merenschwand,761,1991-09-30,Initial recording of the municipality Merenschwand
4234,Merenschwand,711,1990-09-30,Initial recording of the municipality Merenschwand
4234,Merenschwand,664,1989-09-30,Initial recording of the municipality Merenschwand
4234,Merenschwand,655,1988-09-30,Initial recording of the municipality Merenschwand
4234,Merenschwand,648,1987-09-30,Initial recording of the municipality Merenschwand
4234,Merenschwand,622,1986-09-30,Initial recording of the municipality Merenschwand
4234,Merenschwand,615,1985-09-30,Initial recording of the municipality Merenschwand
4234,Merenschwand,586,1984-09-30,Initial recording of the municipality Merenschwand
4234,Merenschwand,559,1983-09-30,Initial recording of the municipality Merenschwand
4234,Merenschwand,566,1982-09-30,Initial recording of the municipality Merenschwand
4234,Merenschwand,544,1981-09-30,Initial recording of the municipality Merenschwand
4234,Merenschwand,508,1980-09-30,Initial recording of the municipality Merenschwand
4234,Merenschwand,469,1979-09-30,Initial recording of the municipality Merenschwand
4234,Merenschwand,444,1978-09-30,Initial recording of the municipality Merenschwand
4234,Merenschwand,419,1977-09-30,Initial recording of the municipality Merenschwand
4234,Merenschwand,394,1976-09-30,Initial recording of the municipality Merenschwand
4171,Mettau,194,2009-09-30,Initial recording of the municipality Mettau
4171,Mettau,185,2008-09-30,Initial recording of the municipality Mettau
4171,Mettau,188,2007-09-30,Initial recording of the municipality Mettau
4171,Mettau,192,2006-09-30,Initial recording of the municipality Mettau
4171,Mettau,178,2005-09-30,Initial recording of the municipality Mettau
4171,Mettau,178,2004-09-30,Initial recording of the municipality Mettau
4171,Mettau,174,2003-09-30,Initial recording of the municipality Mettau
4171,Mettau,169,2002-09-30,Initial recording of the municipality Mettau
4171,Mettau,170,2001-09-30,Initial recording of the municipality Mettau
4171,Mettau,165,2000-09-30,Initial recording of the municipality Mettau
4171,Mettau,166,1999-09-30,Initial recording of the municipality Mettau
4171,Mettau,163,1998-09-30,Initial recording of the municipality Mettau
4171,Mettau,155,1997-09-30,Initial recording of the municipality Mettau
4171,Mettau,147,1996-09-30,Initial recording of the municipality Mettau
4171,Mettau,151,1995-09-30,Initial recording of the municipality Mettau
4171,Mettau,146,1994-09-30,Initial recording of the municipality Mettau
4171,Mettau,141,1993-09-30,Initial recording of the municipality Mettau
4171,Mettau,146,1992-09-30,Initial recording of the municipality Mettau
4171,Mettau,134,1991-09-30,Initial recording of the municipality Mettau
4171,Mettau,128,1990-09-30,Initial recording of the municipality Mettau
4171,Mettau,121,1989-09-30,Initial recording of the municipality Mettau
4171,Mettau,123,1988-09-30,Initial recording of the municipality Mettau
4171,Mettau,127,1987-09-30,Initial recording of the municipality Mettau
4171,Mettau,121,1986-09-30,Initial recording of the municipality Mettau
4171,Mettau,106,1985-09-30,Initial recording of the municipality Mettau
4171,Mettau,106,1984-09-30,Initial recording of the municipality Mettau
4171,Mettau,96,1983-09-30,Initial recording of the municipality Mettau
4171,Mettau,91,1982-09-30,Initial recording of the municipality Mettau
4171,Mettau,92,1981-09-30,Initial recording of the municipality Mettau
4171,Mettau,91,1980-09-30,Initial recording of the municipality Mettau
4171,Mettau,87,1979-09-30,Initial recording of the municipality Mettau
4171,Mettau,90,1978-09-30,Initial recording of the municipality Mettau
4171,Mettau,77,1977-09-30,Initial recording of the municipality Mettau
4171,Mettau,73,1976-09-30,Initial recording of the municipality Mettau
4184,Mettauertal,1547,2025-09-30,"Fusion of Etzgen, Hottwil, Mettau, Oberhofen (AG) and Wil (AG) into Mettauertal"
4184,Mettauertal,1532,2024-09-30,"Fusion of Etzgen, Hottwil, Mettau, Oberhofen (AG) and Wil (AG) into Mettauertal"
4184,Mettauertal,1503,2023-09-30,"Fusion of Etzgen, Hottwil, Mettau, Oberhofen (AG) and Wil (AG) into Mettauertal"
4184,Mettauertal,1520,2022-09-30,"Fusion of Etzgen, Hottwil, Mettau, Oberhofen (AG) and Wil (AG) into Mettauertal"
4184,Mettauertal,1524,2021-09-30,"Fusion of Etzgen, Hottwil, Mettau, Oberhofen (AG) and Wil (AG) into Mettauertal"
4184,Mettauertal,1464,2020-09-30,"Fusion of Etzgen, Hottwil, Mettau, Oberhofen (AG) and Wil (AG) into Mettauertal"
4184,Mettauertal,1425,2019-09-30,"Fusion of Etzgen, Hottwil, Mettau, Oberhofen (AG) and Wil (AG) into Mettauertal"
4184,Mettauertal,1402,2018-09-30,"Fusion of Etzgen, Hottwil, Mettau, Oberhofen (AG) and Wil (AG) into Mettauertal"
4184,Mettauertal,1373,2017-09-30,"Fusion of Etzgen, Hottwil, Mettau, Oberhofen (AG) and Wil (AG) into Mettauertal"
4184,Mettauertal,1388,2016-09-30,"Fusion of Etzgen, Hottwil, Mettau, Oberhofen (AG) and Wil (AG) into Mettauertal"
4184,Mettauertal,1342,2015-09-30,"Fusion of Etzgen, Hottwil, Mettau, Oberhofen (AG) and Wil (AG) into Mettauertal"
4184,Mettauertal,1308,2014-09-30,"Fusion of Etzgen, Hottwil, Mettau, Oberhofen (AG) and Wil (AG) into Mettauertal"
4184,Mettauertal,1332,2013-09-30,"Fusion of Etzgen, Hottwil, Mettau, Oberhofen (AG) and Wil (AG) into Mettauertal"
4184,Mettauertal,1309,2012-09-30,"Fusion of Etzgen, Hottwil, Mettau, Oberhofen (AG) and Wil (AG) into Mettauertal"
4184,Mettauertal,1271,2011-09-30,"Fusion of Etzgen, Hottwil, Mettau, Oberhofen (AG) and Wil (AG) into Mettauertal"
4184,Mettauertal,1252,2010-09-30,"Fusion of Etzgen, Hottwil, Mettau, Oberhofen (AG) and Wil (AG) into Mettauertal"
4277,Moosleerau,634,2025-09-30,Initial recording of the municipality Moosleerau
4277,Moosleerau,629,2024-09-30,Initial recording of the municipality Moosleerau
4277,Moosleerau,628,2023-09-30,Initial recording of the municipality Moosleerau
4277,Moosleerau,631,2022-09-30,Initial recording of the municipality Moosleerau
4277,Moosleerau,648,2021-09-30,Initial recording of the municipality Moosleerau
4277,Moosleerau,638,2020-09-30,Initial recording of the municipality Moosleerau
4277,Moosleerau,628,2019-09-30,Initial recording of the municipality Moosleerau
4277,Moosleerau,663,2018-09-30,Initial recording of the municipality Moosleerau
4277,Moosleerau,672,2017-09-30,Initial recording of the municipality Moosleerau
4277,Moosleerau,653,2016-09-30,Initial recording of the municipality Moosleerau
4277,Moosleerau,620,2015-09-30,Initial recording of the municipality Moosleerau
4277,Moosleerau,594,2014-09-30,Initial recording of the municipality Moosleerau
4277,Moosleerau,574,2013-09-30,Initial recording of the municipality Moosleerau
4277,Moosleerau,564,2012-09-30,Initial recording of the municipality Moosleerau
4277,Moosleerau,534,2011-09-30,Initial recording of the municipality Moosleerau
4277,Moosleerau,493,2010-09-30,Initial recording of the municipality Moosleerau
4277,Moosleerau,386,2009-09-30,Initial recording of the municipality Moosleerau
4277,Moosleerau,395,2008-09-30,Initial recording of the municipality Moosleerau
4277,Moosleerau,398,2007-09-30,Initial recording of the municipality Moosleerau
4277,Moosleerau,411,2006-09-30,Initial recording of the municipality Moosleerau
4277,Moosleerau,403,2005-09-30,Initial recording of the municipality Moosleerau
4277,Moosleerau,402,2004-09-30,Initial recording of the municipality Moosleerau
4277,Moosleerau,412,2003-09-30,Initial recording of the municipality Moosleerau
4277,Moosleerau,437,2002-09-30,Initial recording of the municipality Moosleerau
4277,Moosleerau,463,2001-09-30,Initial recording of the municipality Moosleerau
4277,Moosleerau,454,2000-09-30,Initial recording of the municipality Moosleerau
4277,Moosleerau,412,1999-09-30,Initial recording of the municipality Moosleerau
4277,Moosleerau,400,1998-09-30,Initial recording of the municipality Moosleerau
4277,Moosleerau,384,1997-09-30,Initial recording of the municipality Moosleerau
4277,Moosleerau,391,1996-09-30,Initial recording of the municipality Moosleerau
4277,Moosleerau,386,1995-09-30,Initial recording of the municipality Moosleerau
4277,Moosleerau,386,1994-09-30,Initial recording of the municipality Moosleerau
4277,Moosleerau,384,1993-09-30,Initial recording of the municipality Moosleerau
4277,Moosleerau,354,1992-09-30,Initial recording of the municipality Moosleerau
4277,Moosleerau,356,1991-09-30,Initial recording of the municipality Moosleerau
4277,Moosleerau,335,1990-09-30,Initial recording of the municipality Moosleerau
4277,Moosleerau,319,1989-09-30,Initial recording of the municipality Moosleerau
4277,Moosleerau,293,1988-09-30,Initial recording of the municipality Moosleerau
4277,Moosleerau,287,1987-09-30,Initial recording of the municipality Moosleerau
4277,Moosleerau,280,1986-09-30,Initial recording of the municipality Moosleerau
4277,Moosleerau,267,1985-09-30,Initial recording of the municipality Moosleerau
4277,Moosleerau,264,1984-09-30,Initial recording of the municipality Moosleerau
4277,Moosleerau,254,1983-09-30,Initial recording of the municipality Moosleerau
4277,Moosleerau,251,1982-09-30,Initial recording of the municipality Moosleerau
4277,Moosleerau,242,1981-09-30,Initial recording of the municipality Moosleerau
4277,Moosleerau,245,1980-09-30,Initial recording of the municipality Moosleerau
4277,Moosleerau,236,1979-09-30,Initial recording of the municipality Moosleerau
4277,Moosleerau,206,1978-09-30,Initial recording of the municipality Moosleerau
4277,Moosleerau,182,1977-09-30,Initial recording of the municipality Moosleerau
4277,Moosleerau,161,1976-09-30,Initial recording of the municipality Moosleerau
4009,Muhen,2649,2025-09-30,Initial recording of the municipality Muhen
4009,Muhen,2651,2024-09-30,Initial recording of the municipality Muhen
4009,Muhen,2660,2023-09-30,Initial recording of the municipality Muhen
4009,Muhen,2640,2022-09-30,Initial recording of the municipality Muhen
4009,Muhen,2641,2021-09-30,Initial recording of the municipality Muhen
4009,Muhen,2603,2020-09-30,Initial recording of the municipality Muhen
4009,Muhen,2527,2019-09-30,Initial recording of the municipality Muhen
4009,Muhen,2482,2018-09-30,Initial recording of the municipality Muhen
4009,Muhen,2525,2017-09-30,Initial recording of the municipality Muhen
4009,Muhen,2476,2016-09-30,Initial recording of the municipality Muhen
4009,Muhen,2463,2015-09-30,Initial recording of the municipality Muhen
4009,Muhen,2389,2014-09-30,Initial recording of the municipality Muhen
4009,Muhen,2323,2013-09-30,Initial recording of the municipality Muhen
4009,Muhen,2294,2012-09-30,Initial recording of the municipality Muhen
4009,Muhen,2187,2011-09-30,Initial recording of the municipality Muhen
4009,Muhen,2128,2010-09-30,Initial recording of the municipality Muhen
4009,Muhen,2071,2009-09-30,Initial recording of the municipality Muhen
4009,Muhen,2009,2008-09-30,Initial recording of the municipality Muhen
4009,Muhen,1932,2007-09-30,Initial recording of the municipality Muhen
4009,Muhen,1906,2006-09-30,Initial recording of the municipality Muhen
4009,Muhen,1894,2005-09-30,Initial recording of the municipality Muhen
4009,Muhen,1867,2004-09-30,Initial recording of the municipality Muhen
4009,Muhen,1840,2003-09-30,Initial recording of the municipality Muhen
4009,Muhen,1734,2002-09-30,Initial recording of the municipality Muhen
4009,Muhen,1670,2001-09-30,Initial recording of the municipality Muhen
4009,Muhen,1599,2000-09-30,Initial recording of the municipality Muhen
4009,Muhen,1562,1999-09-30,Initial recording of the municipality Muhen
4009,Muhen,1492,1998-09-30,Initial recording of the municipality Muhen
4009,Muhen,1419,1997-09-30,Initial recording of the municipality Muhen
4009,Muhen,1393,1996-09-30,Initial recording of the municipality Muhen
4009,Muhen,1339,1995-09-30,Initial recording of the municipality Muhen
4009,Muhen,1303,1994-09-30,Initial recording of the municipality Muhen
4009,Muhen,1248,1993-09-30,Initial recording of the municipality Muhen
4009,Muhen,1240,1992-09-30,Initial recording of the municipality Muhen
4009,Muhen,1227,1991-09-30,Initial recording of the municipality Muhen
4009,Muhen,1176,1990-09-30,Initial recording of the municipality Muhen
4009,Muhen,1159,1989-09-30,Initial recording of the municipality Muhen
4009,Muhen,1134,1988-09-30,Initial recording of the municipality Muhen
4009,Muhen,1097,1987-09-30,Initial recording of the municipality Muhen
4009,Muhen,1037,1986-09-30,Initial recording of the municipality Muhen
4009,Muhen,1036,1985-09-30,Initial recording of the municipality Muhen
4009,Muhen,978,1984-09-30,Initial recording of the municipality Muhen
4009,Muhen,970,1983-09-30,Initial recording of the municipality Muhen
4009,Muhen,937,1982-09-30,Initial recording of the municipality Muhen
4009,Muhen,915,1981-09-30,Initial recording of the municipality Muhen
4009,Muhen,876,1980-09-30,Initial recording of the municipality Muhen
4009,Muhen,812,1979-09-30,Initial recording of the municipality Muhen
4009,Muhen,775,1978-09-30,Initial recording of the municipality Muhen
4009,Muhen,707,1977-09-30,Initial recording of the municipality Muhen
4009,Muhen,650,1976-09-30,Initial recording of the municipality Muhen
4255,Mumpf,1049,2025-09-30,Initial recording of the municipality Mumpf
4255,Mumpf,1011,2024-09-30,Initial recording of the municipality Mumpf
4255,Mumpf,1024,2023-09-30,Initial recording of the municipality Mumpf
4255,Mumpf,1023,2022-09-30,Initial recording of the municipality Mumpf
4255,Mumpf,1035,2021-09-30,Initial recording of the municipality Mumpf
4255,Mumpf,1026,2020-09-30,Initial recording of the municipality Mumpf
4255,Mumpf,1033,2019-09-30,Initial recording of the municipality Mumpf
4255,Mumpf,963,2018-09-30,Initial recording of the municipality Mumpf
4255,Mumpf,937,2017-09-30,Initial recording of the municipality Mumpf
4255,Mumpf,866,2016-09-30,Initial recording of the municipality Mumpf
4255,Mumpf,842,2015-09-30,Initial recording of the municipality Mumpf
4255,Mumpf,835,2014-09-30,Initial recording of the municipality Mumpf
4255,Mumpf,812,2013-09-30,Initial recording of the municipality Mumpf
4255,Mumpf,761,2012-09-30,Initial recording of the municipality Mumpf
4255,Mumpf,751,2011-09-30,Initial recording of the municipality Mumpf
4255,Mumpf,745,2010-09-30,Initial recording of the municipality Mumpf
4255,Mumpf,743,2009-09-30,Initial recording of the municipality Mumpf
4255,Mumpf,713,2008-09-30,Initial recording of the municipality Mumpf
4255,Mumpf,691,2007-09-30,Initial recording of the municipality Mumpf
4255,Mumpf,662,2006-09-30,Initial recording of the municipality Mumpf
4255,Mumpf,644,2005-09-30,Initial recording of the municipality Mumpf
4255,Mumpf,659,2004-09-30,Initial recording of the municipality Mumpf
4255,Mumpf,633,2003-09-30,Initial recording of the municipality Mumpf
4255,Mumpf,618,2002-09-30,Initial recording of the municipality Mumpf
4255,Mumpf,594,2001-09-30,Initial recording of the municipality Mumpf
4255,Mumpf,554,2000-09-30,Initial recording of the municipality Mumpf
4255,Mumpf,515,1999-09-30,Initial recording of the municipality Mumpf
4255,Mumpf,489,1998-09-30,Initial recording of the municipality Mumpf
4255,Mumpf,479,1997-09-30,Initial recording of the municipality Mumpf
4255,Mumpf,444,1996-09-30,Initial recording of the municipality Mumpf
4255,Mumpf,445,1995-09-30,Initial recording of the municipality Mumpf
4255,Mumpf,421,1994-09-30,Initial recording of the municipality Mumpf
4255,Mumpf,394,1993-09-30,Initial recording of the municipality Mumpf
4255,Mumpf,383,1992-09-30,Initial recording of the municipality Mumpf
4255,Mumpf,380,1991-09-30,Initial recording of the municipality Mumpf
4255,Mumpf,376,1990-09-30,Initial recording of the municipality Mumpf
4255,Mumpf,357,1989-09-30,Initial recording of the municipality Mumpf
4255,Mumpf,324,1988-09-30,Initial recording of the municipality Mumpf
4255,Mumpf,325,1987-09-30,Initial recording of the municipality Mumpf
4255,Mumpf,312,1986-09-30,Initial recording of the municipality Mumpf
4255,Mumpf,306,1985-09-30,Initial recording of the municipality Mumpf
4255,Mumpf,282,1984-09-30,Initial recording of the municipality Mumpf
4255,Mumpf,271,1983-09-30,Initial recording of the municipality Mumpf
4255,Mumpf,265,1982-09-30,Initial recording of the municipality Mumpf
4255,Mumpf,259,1981-09-30,Initial recording of the municipality Mumpf
4255,Mumpf,247,1980-09-30,Initial recording of the municipality Mumpf
4255,Mumpf,234,1979-09-30,Initial recording of the municipality Mumpf
4255,Mumpf,238,1978-09-30,Initial recording of the municipality Mumpf
4255,Mumpf,229,1977-09-30,Initial recording of the municipality Mumpf
4255,Mumpf,216,1976-09-30,Initial recording of the municipality Mumpf
4279,Murgenthal,2212,2025-09-30,Initial recording of the municipality Murgenthal
4279,Murgenthal,2146,2024-09-30,Initial recording of the municipality Murgenthal
4279,Murgenthal,2127,2023-09-30,Initial recording of the municipality Murgenthal
4279,Murgenthal,2270,2022-09-30,Initial recording of the municipality Murgenthal
4279,Murgenthal,2156,2021-09-30,Initial recording of the municipality Murgenthal
4279,Murgenthal,2091,2020-09-30,Initial recording of the municipality Murgenthal
4279,Murgenthal,2050,2019-09-30,Initial recording of the municipality Murgenthal
4279,Murgenthal,2020,2018-09-30,Initial recording of the municipality Murgenthal
4279,Murgenthal,1939,2017-09-30,Initial recording of the municipality Murgenthal
4279,Murgenthal,1910,2016-09-30,Initial recording of the municipality Murgenthal
4279,Murgenthal,1872,2015-09-30,Initial recording of the municipality Murgenthal
4279,Murgenthal,1856,2014-09-30,Initial recording of the municipality Murgenthal
4279,Murgenthal,1806,2013-09-30,Initial recording of the municipality Murgenthal
4279,Murgenthal,1805,2012-09-30,Initial recording of the municipality Murgenthal
4279,Murgenthal,1788,2011-09-30,Initial recording of the municipality Murgenthal
4279,Murgenthal,1757,2010-09-30,Initial recording of the municipality Murgenthal
4279,Murgenthal,1697,2009-09-30,Initial recording of the municipality Murgenthal
4279,Murgenthal,1665,2008-09-30,Initial recording of the municipality Murgenthal
4279,Murgenthal,1664,2007-09-30,Initial recording of the municipality Murgenthal
4279,Murgenthal,1639,2006-09-30,Initial recording of the municipality Murgenthal
4279,Murgenthal,1613,2005-09-30,Initial recording of the municipality Murgenthal
4279,Murgenthal,1607,2004-09-30,Initial recording of the municipality Murgenthal
4279,Murgenthal,1569,2003-09-30,Initial recording of the municipality Murgenthal
4279,Murgenthal,1507,2002-09-30,Initial recording of the municipality Murgenthal
4279,Murgenthal,1500,2001-09-30,Initial recording of the municipality Murgenthal
4279,Murgenthal,1471,2000-09-30,Initial recording of the municipality Murgenthal
4279,Murgenthal,1465,1999-09-30,Initial recording of the municipality Murgenthal
4279,Murgenthal,1408,1998-09-30,Initial recording of the municipality Murgenthal
4279,Murgenthal,1359,1997-09-30,Initial recording of the municipality Murgenthal
4279,Murgenthal,1319,1996-09-30,Initial recording of the municipality Murgenthal
4279,Murgenthal,1327,1995-09-30,Initial recording of the municipality Murgenthal
4279,Murgenthal,1294,1994-09-30,Initial recording of the municipality Murgenthal
4279,Murgenthal,1294,1993-09-30,Initial recording of the municipality Murgenthal
4279,Murgenthal,1244,1992-09-30,Initial recording of the municipality Murgenthal
4279,Murgenthal,1229,1991-09-30,Initial recording of the municipality Murgenthal
4279,Murgenthal,1186,1990-09-30,Initial recording of the municipality Murgenthal
4279,Murgenthal,1142,1989-09-30,Initial recording of the municipality Murgenthal
4279,Murgenthal,1076,1988-09-30,Initial recording of the municipality Murgenthal
4279,Murgenthal,1028,1987-09-30,Initial recording of the municipality Murgenthal
4279,Murgenthal,993,1986-09-30,Initial recording of the municipality Murgenthal
4279,Murgenthal,964,1985-09-30,Initial recording of the municipality Murgenthal
4279,Murgenthal,962,1984-09-30,Initial recording of the municipality Murgenthal
4279,Murgenthal,939,1983-09-30,Initial recording of the municipality Murgenthal
4279,Murgenthal,923,1982-09-30,Initial recording of the municipality Murgenthal
4279,Murgenthal,889,1981-09-30,Initial recording of the municipality Murgenthal
4279,Murgenthal,845,1980-09-30,Initial recording of the municipality Murgenthal
4279,Murgenthal,799,1979-09-30,Initial recording of the municipality Murgenthal
4279,Murgenthal,744,1978-09-30,Initial recording of the municipality Murgenthal
4279,Murgenthal,702,1977-09-30,Initial recording of the municipality Murgenthal
4279,Murgenthal,678,1976-09-30,Initial recording of the municipality Murgenthal
4236,Muri (AG),5381,2025-09-30,Initial recording of the municipality Muri (AG)
4236,Muri (AG),5298,2024-09-30,Initial recording of the municipality Muri (AG)
4236,Muri (AG),5234,2023-09-30,Initial recording of the municipality Muri (AG)
4236,Muri (AG),5186,2022-09-30,Initial recording of the municipality Muri (AG)
4236,Muri (AG),5201,2021-09-30,Initial recording of the municipality Muri (AG)
4236,Muri (AG),5059,2020-09-30,Initial recording of the municipality Muri (AG)
4236,Muri (AG),4938,2019-09-30,Initial recording of the municipality Muri (AG)
4236,Muri (AG),4778,2018-09-30,Initial recording of the municipality Muri (AG)
4236,Muri (AG),4724,2017-09-30,Initial recording of the municipality Muri (AG)
4236,Muri (AG),4647,2016-09-30,Initial recording of the municipality Muri (AG)
4236,Muri (AG),4581,2015-09-30,Initial recording of the municipality Muri (AG)
4236,Muri (AG),4438,2014-09-30,Initial recording of the municipality Muri (AG)
4236,Muri (AG),4350,2013-09-30,Initial recording of the municipality Muri (AG)
4236,Muri (AG),4254,2012-09-30,Initial recording of the municipality Muri (AG)
4236,Muri (AG),4112,2011-09-30,Initial recording of the municipality Muri (AG)
4236,Muri (AG),3994,2010-09-30,Initial recording of the municipality Muri (AG)
4236,Muri (AG),3855,2009-09-30,Initial recording of the municipality Muri (AG)
4236,Muri (AG),3786,2008-09-30,Initial recording of the municipality Muri (AG)
4236,Muri (AG),3762,2007-09-30,Initial recording of the municipality Muri (AG)
4236,Muri (AG),3728,2006-09-30,Initial recording of the municipality Muri (AG)
4236,Muri (AG),3630,2005-09-30,Initial recording of the municipality Muri (AG)
4236,Muri (AG),3585,2004-09-30,Initial recording of the municipality Muri (AG)
4236,Muri (AG),3535,2003-09-30,Initial recording of the municipality Muri (AG)
4236,Muri (AG),3527,2002-09-30,Initial recording of the municipality Muri (AG)
4236,Muri (AG),3415,2001-09-30,Initial recording of the municipality Muri (AG)
4236,Muri (AG),3289,2000-09-30,Initial recording of the municipality Muri (AG)
4236,Muri (AG),3177,1999-09-30,Initial recording of the municipality Muri (AG)
4236,Muri (AG),3072,1998-09-30,Initial recording of the municipality Muri (AG)
4236,Muri (AG),2950,1997-09-30,Initial recording of the municipality Muri (AG)
4236,Muri (AG),2895,1996-09-30,Initial recording of the municipality Muri (AG)
4236,Muri (AG),2795,1995-09-30,Initial recording of the municipality Muri (AG)
4236,Muri (AG),2708,1994-09-30,Initial recording of the municipality Muri (AG)
4236,Muri (AG),2688,1993-09-30,Initial recording of the municipality Muri (AG)
4236,Muri (AG),2649,1992-09-30,Initial recording of the municipality Muri (AG)
4236,Muri (AG),2589,1991-09-30,Initial recording of the municipality Muri (AG)
4236,Muri (AG),2530,1990-09-30,Initial recording of the municipality Muri (AG)
4236,Muri (AG),2441,1989-09-30,Initial recording of the municipality Muri (AG)
4236,Muri (AG),2348,1988-09-30,Initial recording of the municipality Muri (AG)
4236,Muri (AG),2265,1987-09-30,Initial recording of the municipality Muri (AG)
4236,Muri (AG),2158,1986-09-30,Initial recording of the municipality Muri (AG)
4236,Muri (AG),2030,1985-09-30,Initial recording of the municipality Muri (AG)
4236,Muri (AG),1977,1984-09-30,Initial recording of the municipality Muri (AG)
4236,Muri (AG),1911,1983-09-30,Initial recording of the municipality Muri (AG)
4236,Muri (AG),1818,1982-09-30,Initial recording of the municipality Muri (AG)
4236,Muri (AG),1752,1981-09-30,Initial recording of the municipality Muri (AG)
4236,Muri (AG),1697,1980-09-30,Initial recording of the municipality Muri (AG)
4236,Muri (AG),1644,1979-09-30,Initial recording of the municipality Muri (AG)
4236,Muri (AG),1548,1978-09-30,Initial recording of the municipality Muri (AG)
4236,Muri (AG),1424,1977-09-30,Initial recording of the municipality Muri (AG)
4236,Muri (AG),1346,1976-09-30,Initial recording of the municipality Muri (AG)
4032,Mägenwil,1540,2025-09-30,Initial recording of the municipality Mägenwil
4032,Mägenwil,1535,2024-09-30,Initial recording of the municipality Mägenwil
4032,Mägenwil,1533,2023-09-30,Initial recording of the municipality Mägenwil
4032,Mägenwil,1513,2022-09-30,Initial recording of the municipality Mägenwil
4032,Mägenwil,1525,2021-09-30,Initial recording of the municipality Mägenwil
4032,Mägenwil,1478,2020-09-30,Initial recording of the municipality Mägenwil
4032,Mägenwil,1467,2019-09-30,Initial recording of the municipality Mägenwil
4032,Mägenwil,1481,2018-09-30,Initial recording of the municipality Mägenwil
4032,Mägenwil,1522,2017-09-30,Initial recording of the municipality Mägenwil
4032,Mägenwil,1517,2016-09-30,Initial recording of the municipality Mägenwil
4032,Mägenwil,1490,2015-09-30,Initial recording of the municipality Mägenwil
4032,Mägenwil,1477,2014-09-30,Initial recording of the municipality Mägenwil
4032,Mägenwil,1420,2013-09-30,Initial recording of the municipality Mägenwil
4032,Mägenwil,1377,2012-09-30,Initial recording of the municipality Mägenwil
4032,Mägenwil,1328,2011-09-30,Initial recording of the municipality Mägenwil
4032,Mägenwil,1294,2010-09-30,Initial recording of the municipality Mägenwil
4032,Mägenwil,1250,2009-09-30,Initial recording of the municipality Mägenwil
4032,Mägenwil,1188,2008-09-30,Initial recording of the municipality Mägenwil
4032,Mägenwil,1146,2007-09-30,Initial recording of the municipality Mägenwil
4032,Mägenwil,1146,2006-09-30,Initial recording of the municipality Mägenwil
4032,Mägenwil,1087,2005-09-30,Initial recording of the municipality Mägenwil
4032,Mägenwil,1058,2004-09-30,Initial recording of the municipality Mägenwil
4032,Mägenwil,1054,2003-09-30,Initial recording of the municipality Mägenwil
4032,Mägenwil,1030,2002-09-30,Initial recording of the municipality Mägenwil
4032,Mägenwil,976,2001-09-30,Initial recording of the municipality Mägenwil
4032,Mägenwil,928,2000-09-30,Initial recording of the municipality Mägenwil
4032,Mägenwil,868,1999-09-30,Initial recording of the municipality Mägenwil
4032,Mägenwil,854,1998-09-30,Initial recording of the municipality Mägenwil
4032,Mägenwil,805,1997-09-30,Initial recording of the municipality Mägenwil
4032,Mägenwil,776,1996-09-30,Initial recording of the municipality Mägenwil
4032,Mägenwil,746,1995-09-30,Initial recording of the municipality Mägenwil
4032,Mägenwil,725,1994-09-30,Initial recording of the municipality Mägenwil
4032,Mägenwil,688,1993-09-30,Initial recording of the municipality Mägenwil
4032,Mägenwil,674,1992-09-30,Initial recording of the municipality Mägenwil
4032,Mägenwil,667,1991-09-30,Initial recording of the municipality Mägenwil
4032,Mägenwil,638,1990-09-30,Initial recording of the municipality Mägenwil
4032,Mägenwil,593,1989-09-30,Initial recording of the municipality Mägenwil
4032,Mägenwil,522,1988-09-30,Initial recording of the municipality Mägenwil
4032,Mägenwil,514,1987-09-30,Initial recording of the municipality Mägenwil
4032,Mägenwil,488,1986-09-30,Initial recording of the municipality Mägenwil
4032,Mägenwil,465,1985-09-30,Initial recording of the municipality Mägenwil
4032,Mägenwil,429,1984-09-30,Initial recording of the municipality Mägenwil
4032,Mägenwil,421,1983-09-30,Initial recording of the municipality Mägenwil
4032,Mägenwil,405,1982-09-30,Initial recording of the municipality Mägenwil
4032,Mägenwil,378,1981-09-30,Initial recording of the municipality Mägenwil
4032,Mägenwil,342,1980-09-30,Initial recording of the municipality Mägenwil
4032,Mägenwil,333,1979-09-30,Initial recording of the municipality Mägenwil
4032,Mägenwil,297,1978-09-30,Initial recording of the municipality Mägenwil
4032,Mägenwil,272,1977-09-30,Initial recording of the municipality Mägenwil
4032,Mägenwil,268,1976-09-30,Initial recording of the municipality Mägenwil
4254,Möhlin,6593,2025-09-30,Initial recording of the municipality Möhlin
4254,Möhlin,6574,2024-09-30,Initial recording of the municipality Möhlin
4254,Möhlin,6466,2023-09-30,Initial recording of the municipality Möhlin
4254,Möhlin,6434,2022-09-30,Initial recording of the municipality Möhlin
4254,Möhlin,6430,2021-09-30,Initial recording of the municipality Möhlin
4254,Möhlin,6349,2020-09-30,Initial recording of the municipality Möhlin
4254,Möhlin,6281,2019-09-30,Initial recording of the municipality Möhlin
4254,Möhlin,6262,2018-09-30,Initial recording of the municipality Möhlin
4254,Möhlin,6220,2017-09-30,Initial recording of the municipality Möhlin
4254,Möhlin,6200,2016-09-30,Initial recording of the municipality Möhlin
4254,Möhlin,6083,2015-09-30,Initial recording of the municipality Möhlin
4254,Möhlin,5961,2014-09-30,Initial recording of the municipality Möhlin
4254,Möhlin,5828,2013-09-30,Initial recording of the municipality Möhlin
4254,Möhlin,5606,2012-09-30,Initial recording of the municipality Möhlin
4254,Möhlin,5393,2011-09-30,Initial recording of the municipality Möhlin
4254,Möhlin,5247,2010-09-30,Initial recording of the municipality Möhlin
4254,Möhlin,5115,2009-09-30,Initial recording of the municipality Möhlin
4254,Möhlin,4921,2008-09-30,Initial recording of the municipality Möhlin
4254,Möhlin,4916,2007-09-30,Initial recording of the municipality Möhlin
4254,Möhlin,4790,2006-09-30,Initial recording of the municipality Möhlin
4254,Möhlin,4701,2005-09-30,Initial recording of the municipality Möhlin
4254,Möhlin,4519,2004-09-30,Initial recording of the municipality Möhlin
4254,Möhlin,4407,2003-09-30,Initial recording of the municipality Möhlin
4254,Möhlin,4345,2002-09-30,Initial recording of the municipality Möhlin
4254,Möhlin,4296,2001-09-30,Initial recording of the municipality Möhlin
4254,Möhlin,4212,2000-09-30,Initial recording of the municipality Möhlin
4254,Möhlin,4103,1999-09-30,Initial recording of the municipality Möhlin
4254,Möhlin,3963,1998-09-30,Initial recording of the municipality Möhlin
4254,Möhlin,3792,1997-09-30,Initial recording of the municipality Möhlin
4254,Möhlin,3749,1996-09-30,Initial recording of the municipality Möhlin
4254,Möhlin,3625,1995-09-30,Initial recording of the municipality Möhlin
4254,Möhlin,3543,1994-09-30,Initial recording of the municipality Möhlin
4254,Möhlin,3450,1993-09-30,Initial recording of the municipality Möhlin
4254,Möhlin,3398,1992-09-30,Initial recording of the municipality Möhlin
4254,Möhlin,3330,1991-09-30,Initial recording of the municipality Möhlin
4254,Möhlin,3128,1990-09-30,Initial recording of the municipality Möhlin
4254,Möhlin,2976,1989-09-30,Initial recording of the municipality Möhlin
4254,Möhlin,2861,1988-09-30,Initial recording of the municipality Möhlin
4254,Möhlin,2711,1987-09-30,Initial recording of the municipality Möhlin
4254,Möhlin,2571,1986-09-30,Initial recording of the municipality Möhlin
4254,Möhlin,2514,1985-09-30,Initial recording of the municipality Möhlin
4254,Möhlin,2441,1984-09-30,Initial recording of the municipality Möhlin
4254,Möhlin,2327,1983-09-30,Initial recording of the municipality Möhlin
4254,Möhlin,2270,1982-09-30,Initial recording of the municipality Möhlin
4254,Möhlin,2174,1981-09-30,Initial recording of the municipality Möhlin
4254,Möhlin,2093,1980-09-30,Initial recording of the municipality Möhlin
4254,Möhlin,2034,1979-09-30,Initial recording of the municipality Möhlin
4254,Möhlin,1965,1978-09-30,Initial recording of the municipality Möhlin
4254,Möhlin,1862,1977-09-30,Initial recording of the municipality Möhlin
4254,Möhlin,1840,1976-09-30,Initial recording of the municipality Möhlin
4106,Mönthal,295,2025-09-30,Initial recording of the municipality Mönthal
4106,Mönthal,303,2024-09-30,Initial recording of the municipality Mönthal
4106,Mönthal,318,2023-09-30,Initial recording of the municipality Mönthal
4106,Mönthal,304,2022-09-30,Initial recording of the municipality Mönthal
4106,Mönthal,300,2021-09-30,Initial recording of the municipality Mönthal
4106,Mönthal,304,2020-09-30,Initial recording of the municipality Mönthal
4106,Mönthal,298,2019-09-30,Initial recording of the municipality Mönthal
4106,Mönthal,302,2018-09-30,Initial recording of the municipality Mönthal
4106,Mönthal,307,2017-09-30,Initial recording of the municipality Mönthal
4106,Mönthal,312,2016-09-30,Initial recording of the municipality Mönthal
4106,Mönthal,308,2015-09-30,Initial recording of the municipality Mönthal
4106,Mönthal,305,2014-09-30,Initial recording of the municipality Mönthal
4106,Mönthal,298,2013-09-30,Initial recording of the municipality Mönthal
4106,Mönthal,313,2012-09-30,Initial recording of the municipality Mönthal
4106,Mönthal,300,2011-09-30,Initial recording of the municipality Mönthal
4106,Mönthal,305,2010-09-30,Initial recording of the municipality Mönthal
4106,Mönthal,305,2009-09-30,Initial recording of the municipality Mönthal
4106,Mönthal,297,2008-09-30,Initial recording of the municipality Mönthal
4106,Mönthal,301,2007-09-30,Initial recording of the municipality Mönthal
4106,Mönthal,296,2006-09-30,Initial recording of the municipality Mönthal
4106,Mönthal,295,2005-09-30,Initial recording of the municipality Mönthal
4106,Mönthal,288,2004-09-30,Initial recording of the municipality Mönthal
4106,Mönthal,286,2003-09-30,Initial recording of the municipality Mönthal
4106,Mönthal,281,2002-09-30,Initial recording of the municipality Mönthal
4106,Mönthal,264,2001-09-30,Initial recording of the municipality Mönthal
4106,Mönthal,253,2000-09-30,Initial recording of the municipality Mönthal
4106,Mönthal,248,1999-09-30,Initial recording of the municipality Mönthal
4106,Mönthal,254,1998-09-30,Initial recording of the municipality Mönthal
4106,Mönthal,254,1997-09-30,Initial recording of the municipality Mönthal
4106,Mönthal,242,1996-09-30,Initial recording of the municipality Mönthal
4106,Mönthal,235,1995-09-30,Initial recording of the municipality Mönthal
4106,Mönthal,223,1994-09-30,Initial recording of the municipality Mönthal
4106,Mönthal,225,1993-09-30,Initial recording of the municipality Mönthal
4106,Mönthal,217,1992-09-30,Initial recording of the municipality Mönthal
4106,Mönthal,216,1991-09-30,Initial recording of the municipality Mönthal
4106,Mönthal,213,1990-09-30,Initial recording of the municipality Mönthal
4106,Mönthal,203,1989-09-30,Initial recording of the municipality Mönthal
4106,Mönthal,195,1988-09-30,Initial recording of the municipality Mönthal
4106,Mönthal,190,1987-09-30,Initial recording of the municipality Mönthal
4106,Mönthal,184,1986-09-30,Initial recording of the municipality Mönthal
4106,Mönthal,172,1985-09-30,Initial recording of the municipality Mönthal
4106,Mönthal,169,1984-09-30,Initial recording of the municipality Mönthal
4106,Mönthal,162,1983-09-30,Initial recording of the municipality Mönthal
4106,Mönthal,151,1982-09-30,Initial recording of the municipality Mönthal
4106,Mönthal,147,1981-09-30,Initial recording of the municipality Mönthal
4106,Mönthal,128,1980-09-30,Initial recording of the municipality Mönthal
4106,Mönthal,130,1979-09-30,Initial recording of the municipality Mönthal
4106,Mönthal,116,1978-09-30,Initial recording of the municipality Mönthal
4106,Mönthal,104,1977-09-30,Initial recording of the municipality Mönthal
4106,Mönthal,84,1976-09-30,Initial recording of the municipality Mönthal
4203,Möriken-Wildegg,3076,2025-09-30,Initial recording of the municipality Möriken-Wildegg
4203,Möriken-Wildegg,3047,2024-09-30,Initial recording of the municipality Möriken-Wildegg
4203,Möriken-Wildegg,3050,2023-09-30,Initial recording of the municipality Möriken-Wildegg
4203,Möriken-Wildegg,2938,2022-09-30,Initial recording of the municipality Möriken-Wildegg
4203,Möriken-Wildegg,2960,2021-09-30,Initial recording of the municipality Möriken-Wildegg
4203,Möriken-Wildegg,2880,2020-09-30,Initial recording of the municipality Möriken-Wildegg
4203,Möriken-Wildegg,2834,2019-09-30,Initial recording of the municipality Möriken-Wildegg
4203,Möriken-Wildegg,2769,2018-09-30,Initial recording of the municipality Möriken-Wildegg
4203,Möriken-Wildegg,2746,2017-09-30,Initial recording of the municipality Möriken-Wildegg
4203,Möriken-Wildegg,2763,2016-09-30,Initial recording of the municipality Möriken-Wildegg
4203,Möriken-Wildegg,2692,2015-09-30,Initial recording of the municipality Möriken-Wildegg
4203,Möriken-Wildegg,2705,2014-09-30,Initial recording of the municipality Möriken-Wildegg
4203,Möriken-Wildegg,2651,2013-09-30,Initial recording of the municipality Möriken-Wildegg
4203,Möriken-Wildegg,2600,2012-09-30,Initial recording of the municipality Möriken-Wildegg
4203,Möriken-Wildegg,2527,2011-09-30,Initial recording of the municipality Möriken-Wildegg
4203,Möriken-Wildegg,2416,2010-09-30,Initial recording of the municipality Möriken-Wildegg
4203,Möriken-Wildegg,2351,2009-09-30,Initial recording of the municipality Möriken-Wildegg
4203,Möriken-Wildegg,2304,2008-09-30,Initial recording of the municipality Möriken-Wildegg
4203,Möriken-Wildegg,2257,2007-09-30,Initial recording of the municipality Möriken-Wildegg
4203,Möriken-Wildegg,2216,2006-09-30,Initial recording of the municipality Möriken-Wildegg
4203,Möriken-Wildegg,2147,2005-09-30,Initial recording of the municipality Möriken-Wildegg
4203,Möriken-Wildegg,2096,2004-09-30,Initial recording of the municipality Möriken-Wildegg
4203,Möriken-Wildegg,2043,2003-09-30,Initial recording of the municipality Möriken-Wildegg
4203,Möriken-Wildegg,1963,2002-09-30,Initial recording of the municipality Möriken-Wildegg
4203,Möriken-Wildegg,1898,2001-09-30,Initial recording of the municipality Möriken-Wildegg
4203,Möriken-Wildegg,1885,2000-09-30,Initial recording of the municipality Möriken-Wildegg
4203,Möriken-Wildegg,1803,1999-09-30,Initial recording of the municipality Möriken-Wildegg
4203,Möriken-Wildegg,1792,1998-09-30,Initial recording of the municipality Möriken-Wildegg
4203,Möriken-Wildegg,1759,1997-09-30,Initial recording of the municipality Möriken-Wildegg
4203,Möriken-Wildegg,1721,1996-09-30,Initial recording of the municipality Möriken-Wildegg
4203,Möriken-Wildegg,1688,1995-09-30,Initial recording of the municipality Möriken-Wildegg
4203,Möriken-Wildegg,1644,1994-09-30,Initial recording of the municipality Möriken-Wildegg
4203,Möriken-Wildegg,1598,1993-09-30,Initial recording of the municipality Möriken-Wildegg
4203,Möriken-Wildegg,1609,1992-09-30,Initial recording of the municipality Möriken-Wildegg
4203,Möriken-Wildegg,1596,1991-09-30,Initial recording of the municipality Möriken-Wildegg
4203,Möriken-Wildegg,1515,1990-09-30,Initial recording of the municipality Möriken-Wildegg
4203,Möriken-Wildegg,1425,1989-09-30,Initial recording of the municipality Möriken-Wildegg
4203,Möriken-Wildegg,1332,1988-09-30,Initial recording of the municipality Möriken-Wildegg
4203,Möriken-Wildegg,1273,1987-09-30,Initial recording of the municipality Möriken-Wildegg
4203,Möriken-Wildegg,1228,1986-09-30,Initial recording of the municipality Möriken-Wildegg
4203,Möriken-Wildegg,1210,1985-09-30,Initial recording of the municipality Möriken-Wildegg
4203,Möriken-Wildegg,1188,1984-09-30,Initial recording of the municipality Möriken-Wildegg
4203,Möriken-Wildegg,1160,1983-09-30,Initial recording of the municipality Möriken-Wildegg
4203,Möriken-Wildegg,1143,1982-09-30,Initial recording of the municipality Möriken-Wildegg
4203,Möriken-Wildegg,1099,1981-09-30,Initial recording of the municipality Möriken-Wildegg
4203,Möriken-Wildegg,1053,1980-09-30,Initial recording of the municipality Möriken-Wildegg
4203,Möriken-Wildegg,1015,1979-09-30,Initial recording of the municipality Möriken-Wildegg
4203,Möriken-Wildegg,962,1978-09-30,Initial recording of the municipality Möriken-Wildegg
4203,Möriken-Wildegg,920,1977-09-30,Initial recording of the municipality Möriken-Wildegg
4203,Möriken-Wildegg,911,1976-09-30,Initial recording of the municipality Möriken-Wildegg
4235,Mühlau,862,2025-09-30,Initial recording of the municipality Mühlau
4235,Mühlau,869,2024-09-30,Initial recording of the municipality Mühlau
4235,Mühlau,824,2023-09-30,Initial recording of the municipality Mühlau
4235,Mühlau,809,2022-09-30,Initial recording of the municipality Mühlau
4235,Mühlau,811,2021-09-30,Initial recording of the municipality Mühlau
4235,Mühlau,782,2020-09-30,Initial recording of the municipality Mühlau
4235,Mühlau,777,2019-09-30,Initial recording of the municipality Mühlau
4235,Mühlau,786,2018-09-30,Initial recording of the municipality Mühlau
4235,Mühlau,763,2017-09-30,Initial recording of the municipality Mühlau
4235,Mühlau,713,2016-09-30,Initial recording of the municipality Mühlau
4235,Mühlau,691,2015-09-30,Initial recording of the municipality Mühlau
4235,Mühlau,646,2014-09-30,Initial recording of the municipality Mühlau
4235,Mühlau,642,2013-09-30,Initial recording of the municipality Mühlau
4235,Mühlau,637,2012-09-30,Initial recording of the municipality Mühlau
4235,Mühlau,627,2011-09-30,Initial recording of the municipality Mühlau
4235,Mühlau,591,2010-09-30,Initial recording of the municipality Mühlau
4235,Mühlau,589,2009-09-30,Initial recording of the municipality Mühlau
4235,Mühlau,592,2008-09-30,Initial recording of the municipality Mühlau
4235,Mühlau,581,2007-09-30,Initial recording of the municipality Mühlau
4235,Mühlau,568,2006-09-30,Initial recording of the municipality Mühlau
4235,Mühlau,553,2005-09-30,Initial recording of the municipality Mühlau
4235,Mühlau,549,2004-09-30,Initial recording of the municipality Mühlau
4235,Mühlau,545,2003-09-30,Initial recording of the municipality Mühlau
4235,Mühlau,531,2002-09-30,Initial recording of the municipality Mühlau
4235,Mühlau,509,2001-09-30,Initial recording of the municipality Mühlau
4235,Mühlau,515,2000-09-30,Initial recording of the municipality Mühlau
4235,Mühlau,511,1999-09-30,Initial recording of the municipality Mühlau
4235,Mühlau,464,1998-09-30,Initial recording of the municipality Mühlau
4235,Mühlau,455,1997-09-30,Initial recording of the municipality Mühlau
4235,Mühlau,429,1996-09-30,Initial recording of the municipality Mühlau
4235,Mühlau,448,1995-09-30,Initial recording of the municipality Mühlau
4235,Mühlau,437,1994-09-30,Initial recording of the municipality Mühlau
4235,Mühlau,410,1993-09-30,Initial recording of the municipality Mühlau
4235,Mühlau,399,1992-09-30,Initial recording of the municipality Mühlau
4235,Mühlau,375,1991-09-30,Initial recording of the municipality Mühlau
4235,Mühlau,367,1990-09-30,Initial recording of the municipality Mühlau
4235,Mühlau,362,1989-09-30,Initial recording of the municipality Mühlau
4235,Mühlau,344,1988-09-30,Initial recording of the municipality Mühlau
4235,Mühlau,323,1987-09-30,Initial recording of the municipality Mühlau
4235,Mühlau,292,1986-09-30,Initial recording of the municipality Mühlau
4235,Mühlau,276,1985-09-30,Initial recording of the municipality Mühlau
4235,Mühlau,265,1984-09-30,Initial recording of the municipality Mühlau
4235,Mühlau,262,1983-09-30,Initial recording of the municipality Mühlau
4235,Mühlau,252,1982-09-30,Initial recording of the municipality Mühlau
4235,Mühlau,232,1981-09-30,Initial recording of the municipality Mühlau
4235,Mühlau,213,1980-09-30,Initial recording of the municipality Mühlau
4235,Mühlau,210,1979-09-30,Initial recording of the municipality Mühlau
4235,Mühlau,188,1978-09-30,Initial recording of the municipality Mühlau
4235,Mühlau,172,1977-09-30,Initial recording of the municipality Mühlau
4235,Mühlau,169,1976-09-30,Initial recording of the municipality Mühlau
4278,Mühlethal,481,2001-09-30,Initial recording of the municipality Mühlethal
4278,Mühlethal,454,2000-09-30,Initial recording of the municipality Mühlethal
4278,Mühlethal,437,1999-09-30,Initial recording of the municipality Mühlethal
4278,Mühlethal,411,1998-09-30,Initial recording of the municipality Mühlethal
4278,Mühlethal,405,1997-09-30,Initial recording of the municipality Mühlethal
4278,Mühlethal,394,1996-09-30,Initial recording of the municipality Mühlethal
4278,Mühlethal,373,1995-09-30,Initial recording of the municipality Mühlethal
4278,Mühlethal,393,1994-09-30,Initial recording of the municipality Mühlethal
4278,Mühlethal,393,1993-09-30,Initial recording of the municipality Mühlethal
4278,Mühlethal,383,1992-09-30,Initial recording of the municipality Mühlethal
4278,Mühlethal,373,1991-09-30,Initial recording of the municipality Mühlethal
4278,Mühlethal,361,1990-09-30,Initial recording of the municipality Mühlethal
4278,Mühlethal,361,1989-09-30,Initial recording of the municipality Mühlethal
4278,Mühlethal,331,1988-09-30,Initial recording of the municipality Mühlethal
4278,Mühlethal,287,1987-09-30,Initial recording of the municipality Mühlethal
4278,Mühlethal,245,1986-09-30,Initial recording of the municipality Mühlethal
4278,Mühlethal,245,1985-09-30,Initial recording of the municipality Mühlethal
4278,Mühlethal,230,1984-09-30,Initial recording of the municipality Mühlethal
4278,Mühlethal,227,1983-09-30,Initial recording of the municipality Mühlethal
4278,Mühlethal,214,1982-09-30,Initial recording of the municipality Mühlethal
4278,Mühlethal,203,1981-09-30,Initial recording of the municipality Mühlethal
4278,Mühlethal,203,1980-09-30,Initial recording of the municipality Mühlethal
4278,Mühlethal,199,1979-09-30,Initial recording of the municipality Mühlethal
4278,Mühlethal,178,1978-09-30,Initial recording of the municipality Mühlethal
4278,Mühlethal,178,1977-09-30,Initial recording of the municipality Mühlethal
4278,Mühlethal,159,1976-09-30,Initial recording of the municipality Mühlethal
4107,Mülligen,678,2025-09-30,Initial recording of the municipality Mülligen
4107,Mülligen,675,2024-09-30,Initial recording of the municipality Mülligen
4107,Mülligen,676,2023-09-30,Initial recording of the municipality Mülligen
4107,Mülligen,699,2022-09-30,Initial recording of the municipality Mülligen
4107,Mülligen,697,2021-09-30,Initial recording of the municipality Mülligen
4107,Mülligen,681,2020-09-30,Initial recording of the municipality Mülligen
4107,Mülligen,667,2019-09-30,Initial recording of the municipality Mülligen
4107,Mülligen,696,2018-09-30,Initial recording of the municipality Mülligen
4107,Mülligen,683,2017-09-30,Initial recording of the municipality Mülligen
4107,Mülligen,662,2016-09-30,Initial recording of the municipality Mülligen
4107,Mülligen,649,2015-09-30,Initial recording of the municipality Mülligen
4107,Mülligen,646,2014-09-30,Initial recording of the municipality Mülligen
4107,Mülligen,654,2013-09-30,Initial recording of the municipality Mülligen
4107,Mülligen,607,2012-09-30,Initial recording of the municipality Mülligen
4107,Mülligen,570,2011-09-30,Initial recording of the municipality Mülligen
4107,Mülligen,565,2010-09-30,Initial recording of the municipality Mülligen
4107,Mülligen,536,2009-09-30,Initial recording of the municipality Mülligen
4107,Mülligen,527,2008-09-30,Initial recording of the municipality Mülligen
4107,Mülligen,521,2007-09-30,Initial recording of the municipality Mülligen
4107,Mülligen,490,2006-09-30,Initial recording of the municipality Mülligen
4107,Mülligen,483,2005-09-30,Initial recording of the municipality Mülligen
4107,Mülligen,483,2004-09-30,Initial recording of the municipality Mülligen
4107,Mülligen,455,2003-09-30,Initial recording of the municipality Mülligen
4107,Mülligen,448,2002-09-30,Initial recording of the municipality Mülligen
4107,Mülligen,433,2001-09-30,Initial recording of the municipality Mülligen
4107,Mülligen,423,2000-09-30,Initial recording of the municipality Mülligen
4107,Mülligen,397,1999-09-30,Initial recording of the municipality Mülligen
4107,Mülligen,379,1998-09-30,Initial recording of the municipality Mülligen
4107,Mülligen,376,1997-09-30,Initial recording of the municipality Mülligen
4107,Mülligen,360,1996-09-30,Initial recording of the municipality Mülligen
4107,Mülligen,351,1995-09-30,Initial recording of the municipality Mülligen
4107,Mülligen,331,1994-09-30,Initial recording of the municipality Mülligen
4107,Mülligen,315,1993-09-30,Initial recording of the municipality Mülligen
4107,Mülligen,302,1992-09-30,Initial recording of the municipality Mülligen
4107,Mülligen,312,1991-09-30,Initial recording of the municipality Mülligen
4107,Mülligen,295,1990-09-30,Initial recording of the municipality Mülligen
4107,Mülligen,284,1989-09-30,Initial recording of the municipality Mülligen
4107,Mülligen,295,1988-09-30,Initial recording of the municipality Mülligen
4107,Mülligen,268,1987-09-30,Initial recording of the municipality Mülligen
4107,Mülligen,276,1986-09-30,Initial recording of the municipality Mülligen
4107,Mülligen,247,1985-09-30,Initial recording of the municipality Mülligen
4107,Mülligen,225,1984-09-30,Initial recording of the municipality Mülligen
4107,Mülligen,217,1983-09-30,Initial recording of the municipality Mülligen
4107,Mülligen,202,1982-09-30,Initial recording of the municipality Mülligen
4107,Mülligen,189,1981-09-30,Initial recording of the municipality Mülligen
4107,Mülligen,181,1980-09-30,Initial recording of the municipality Mülligen
4107,Mülligen,181,1979-09-30,Initial recording of the municipality Mülligen
4107,Mülligen,165,1978-09-30,Initial recording of the municipality Mülligen
4107,Mülligen,173,1977-09-30,Initial recording of the municipality Mülligen
4107,Mülligen,160,1976-09-30,Initial recording of the municipality Mülligen
4172,Münchwilen (AG),750,2025-09-30,Initial recording of the municipality Münchwilen (AG)
4172,Münchwilen (AG),714,2024-09-30,Initial recording of the municipality Münchwilen (AG)
4172,Münchwilen (AG),685,2023-09-30,Initial recording of the municipality Münchwilen (AG)
4172,Münchwilen (AG),689,2022-09-30,Initial recording of the municipality Münchwilen (AG)
4172,Münchwilen (AG),693,2021-09-30,Initial recording of the municipality Münchwilen (AG)
4172,Münchwilen (AG),681,2020-09-30,Initial recording of the municipality Münchwilen (AG)
4172,Münchwilen (AG),621,2019-09-30,Initial recording of the municipality Münchwilen (AG)
4172,Münchwilen (AG),615,2018-09-30,Initial recording of the municipality Münchwilen (AG)
4172,Münchwilen (AG),620,2017-09-30,Initial recording of the municipality Münchwilen (AG)
4172,Münchwilen (AG),617,2016-09-30,Initial recording of the municipality Münchwilen (AG)
4172,Münchwilen (AG),624,2015-09-30,Initial recording of the municipality Münchwilen (AG)
4172,Münchwilen (AG),637,2014-09-30,Initial recording of the municipality Münchwilen (AG)
4172,Münchwilen (AG),615,2013-09-30,Initial recording of the municipality Münchwilen (AG)
4172,Münchwilen (AG),601,2012-09-30,Initial recording of the municipality Münchwilen (AG)
4172,Münchwilen (AG),526,2011-09-30,Initial recording of the municipality Münchwilen (AG)
4172,Münchwilen (AG),505,2010-09-30,Initial recording of the municipality Münchwilen (AG)
4172,Münchwilen (AG),499,2009-09-30,Initial recording of the municipality Münchwilen (AG)
4172,Münchwilen (AG),482,2008-09-30,Initial recording of the municipality Münchwilen (AG)
4172,Münchwilen (AG),452,2007-09-30,Initial recording of the municipality Münchwilen (AG)
4172,Münchwilen (AG),424,2006-09-30,Initial recording of the municipality Münchwilen (AG)
4172,Münchwilen (AG),407,2005-09-30,Initial recording of the municipality Münchwilen (AG)
4172,Münchwilen (AG),396,2004-09-30,Initial recording of the municipality Münchwilen (AG)
4172,Münchwilen (AG),402,2003-09-30,Initial recording of the municipality Münchwilen (AG)
4172,Münchwilen (AG),398,2002-09-30,Initial recording of the municipality Münchwilen (AG)
4172,Münchwilen (AG),393,2001-09-30,Initial recording of the municipality Münchwilen (AG)
4172,Münchwilen (AG),391,2000-09-30,Initial recording of the municipality Münchwilen (AG)
4172,Münchwilen (AG),370,1999-09-30,Initial recording of the municipality Münchwilen (AG)
4172,Münchwilen (AG),374,1998-09-30,Initial recording of the municipality Münchwilen (AG)
4172,Münchwilen (AG),352,1997-09-30,Initial recording of the municipality Münchwilen (AG)
4172,Münchwilen (AG),352,1996-09-30,Initial recording of the municipality Münchwilen (AG)
4172,Münchwilen (AG),350,1995-09-30,Initial recording of the municipality Münchwilen (AG)
4172,Münchwilen (AG),331,1994-09-30,Initial recording of the municipality Münchwilen (AG)
4172,Münchwilen (AG),330,1993-09-30,Initial recording of the municipality Münchwilen (AG)
4172,Münchwilen (AG),336,1992-09-30,Initial recording of the municipality Münchwilen (AG)
4172,Münchwilen (AG),336,1991-09-30,Initial recording of the municipality Münchwilen (AG)
4172,Münchwilen (AG),337,1990-09-30,Initial recording of the municipality Münchwilen (AG)
4172,Münchwilen (AG),318,1989-09-30,Initial recording of the municipality Münchwilen (AG)
4172,Münchwilen (AG),301,1988-09-30,Initial recording of the municipality Münchwilen (AG)
4172,Münchwilen (AG),287,1987-09-30,Initial recording of the municipality Münchwilen (AG)
4172,Münchwilen (AG),278,1986-09-30,Initial recording of the municipality Münchwilen (AG)
4172,Münchwilen (AG),268,1985-09-30,Initial recording of the municipality Münchwilen (AG)
4172,Münchwilen (AG),258,1984-09-30,Initial recording of the municipality Münchwilen (AG)
4172,Münchwilen (AG),258,1983-09-30,Initial recording of the municipality Münchwilen (AG)
4172,Münchwilen (AG),255,1982-09-30,Initial recording of the municipality Münchwilen (AG)
4172,Münchwilen (AG),256,1981-09-30,Initial recording of the municipality Münchwilen (AG)
4172,Münchwilen (AG),249,1980-09-30,Initial recording of the municipality Münchwilen (AG)
4172,Münchwilen (AG),223,1979-09-30,Initial recording of the municipality Münchwilen (AG)
4172,Münchwilen (AG),216,1978-09-30,Initial recording of the municipality Münchwilen (AG)
4172,Münchwilen (AG),206,1977-09-30,Initial recording of the municipality Münchwilen (AG)
4172,Münchwilen (AG),194,1976-09-30,Initial recording of the municipality Münchwilen (AG)
4034,Neuenhof,4466,2025-09-30,Initial recording of the municipality Neuenhof
4034,Neuenhof,4381,2024-09-30,Initial recording of the municipality Neuenhof
4034,Neuenhof,4367,2023-09-30,Initial recording of the municipality Neuenhof
4034,Neuenhof,4381,2022-09-30,Initial recording of the municipality Neuenhof
4034,Neuenhof,4393,2021-09-30,Initial recording of the municipality Neuenhof
4034,Neuenhof,4374,2020-09-30,Initial recording of the municipality Neuenhof
4034,Neuenhof,4403,2019-09-30,Initial recording of the municipality Neuenhof
4034,Neuenhof,4369,2018-09-30,Initial recording of the municipality Neuenhof
4034,Neuenhof,4354,2017-09-30,Initial recording of the municipality Neuenhof
4034,Neuenhof,4343,2016-09-30,Initial recording of the municipality Neuenhof
4034,Neuenhof,4289,2015-09-30,Initial recording of the municipality Neuenhof
4034,Neuenhof,4193,2014-09-30,Initial recording of the municipality Neuenhof
4034,Neuenhof,4171,2013-09-30,Initial recording of the municipality Neuenhof
4034,Neuenhof,4097,2012-09-30,Initial recording of the municipality Neuenhof
4034,Neuenhof,3954,2011-09-30,Initial recording of the municipality Neuenhof
4034,Neuenhof,3800,2010-09-30,Initial recording of the municipality Neuenhof
4034,Neuenhof,3736,2009-09-30,Initial recording of the municipality Neuenhof
4034,Neuenhof,3714,2008-09-30,Initial recording of the municipality Neuenhof
4034,Neuenhof,3709,2007-09-30,Initial recording of the municipality Neuenhof
4034,Neuenhof,3749,2006-09-30,Initial recording of the municipality Neuenhof
4034,Neuenhof,3712,2005-09-30,Initial recording of the municipality Neuenhof
4034,Neuenhof,3698,2004-09-30,Initial recording of the municipality Neuenhof
4034,Neuenhof,3679,2003-09-30,Initial recording of the municipality Neuenhof
4034,Neuenhof,3660,2002-09-30,Initial recording of the municipality Neuenhof
4034,Neuenhof,3703,2001-09-30,Initial recording of the municipality Neuenhof
4034,Neuenhof,3675,2000-09-30,Initial recording of the municipality Neuenhof
4034,Neuenhof,3616,1999-09-30,Initial recording of the municipality Neuenhof
4034,Neuenhof,3522,1998-09-30,Initial recording of the municipality Neuenhof
4034,Neuenhof,3448,1997-09-30,Initial recording of the municipality Neuenhof
4034,Neuenhof,3388,1996-09-30,Initial recording of the municipality Neuenhof
4034,Neuenhof,3403,1995-09-30,Initial recording of the municipality Neuenhof
4034,Neuenhof,3363,1994-09-30,Initial recording of the municipality Neuenhof
4034,Neuenhof,3328,1993-09-30,Initial recording of the municipality Neuenhof
4034,Neuenhof,3291,1992-09-30,Initial recording of the municipality Neuenhof
4034,Neuenhof,3292,1991-09-30,Initial recording of the municipality Neuenhof
4034,Neuenhof,3250,1990-09-30,Initial recording of the municipality Neuenhof
4034,Neuenhof,3197,1989-09-30,Initial recording of the municipality Neuenhof
4034,Neuenhof,3139,1988-09-30,Initial recording of the municipality Neuenhof
4034,Neuenhof,3083,1987-09-30,Initial recording of the municipality Neuenhof
4034,Neuenhof,3012,1986-09-30,Initial recording of the municipality Neuenhof
4034,Neuenhof,2990,1985-09-30,Initial recording of the municipality Neuenhof
4034,Neuenhof,2823,1984-09-30,Initial recording of the municipality Neuenhof
4034,Neuenhof,2792,1983-09-30,Initial recording of the municipality Neuenhof
4034,Neuenhof,2710,1982-09-30,Initial recording of the municipality Neuenhof
4034,Neuenhof,2544,1981-09-30,Initial recording of the municipality Neuenhof
4034,Neuenhof,2358,1980-09-30,Initial recording of the municipality Neuenhof
4034,Neuenhof,2283,1979-09-30,Initial recording of the municipality Neuenhof
4034,Neuenhof,2191,1978-09-30,Initial recording of the municipality Neuenhof
4034,Neuenhof,2079,1977-09-30,Initial recording of the municipality Neuenhof
4034,Neuenhof,1980,1976-09-30,Initial recording of the municipality Neuenhof
4204,Niederlenz,2727,2025-09-30,Initial recording of the municipality Niederlenz
4204,Niederlenz,2760,2024-09-30,Initial recording of the municipality Niederlenz
4204,Niederlenz,2680,2023-09-30,Initial recording of the municipality Niederlenz
4204,Niederlenz,2684,2022-09-30,Initial recording of the municipality Niederlenz
4204,Niederlenz,2638,2021-09-30,Initial recording of the municipality Niederlenz
4204,Niederlenz,2649,2020-09-30,Initial recording of the municipality Niederlenz
4204,Niederlenz,2583,2019-09-30,Initial recording of the municipality Niederlenz
4204,Niederlenz,2594,2018-09-30,Initial recording of the municipality Niederlenz
4204,Niederlenz,2548,2017-09-30,Initial recording of the municipality Niederlenz
4204,Niederlenz,2450,2016-09-30,Initial recording of the municipality Niederlenz
4204,Niederlenz,2413,2015-09-30,Initial recording of the municipality Niederlenz
4204,Niederlenz,2382,2014-09-30,Initial recording of the municipality Niederlenz
4204,Niederlenz,2379,2013-09-30,Initial recording of the municipality Niederlenz
4204,Niederlenz,2300,2012-09-30,Initial recording of the municipality Niederlenz
4204,Niederlenz,2307,2011-09-30,Initial recording of the municipality Niederlenz
4204,Niederlenz,2262,2010-09-30,Initial recording of the municipality Niederlenz
4204,Niederlenz,2206,2009-09-30,Initial recording of the municipality Niederlenz
4204,Niederlenz,2190,2008-09-30,Initial recording of the municipality Niederlenz
4204,Niederlenz,2190,2007-09-30,Initial recording of the municipality Niederlenz
4204,Niederlenz,2168,2006-09-30,Initial recording of the municipality Niederlenz
4204,Niederlenz,2120,2005-09-30,Initial recording of the municipality Niederlenz
4204,Niederlenz,2083,2004-09-30,Initial recording of the municipality Niederlenz
4204,Niederlenz,2115,2003-09-30,Initial recording of the municipality Niederlenz
4204,Niederlenz,2034,2002-09-30,Initial recording of the municipality Niederlenz
4204,Niederlenz,1964,2001-09-30,Initial recording of the municipality Niederlenz
4204,Niederlenz,1896,2000-09-30,Initial recording of the municipality Niederlenz
4204,Niederlenz,1857,1999-09-30,Initial recording of the municipality Niederlenz
4204,Niederlenz,1808,1998-09-30,Initial recording of the municipality Niederlenz
4204,Niederlenz,1775,1997-09-30,Initial recording of the municipality Niederlenz
4204,Niederlenz,1690,1996-09-30,Initial recording of the municipality Niederlenz
4204,Niederlenz,1685,1995-09-30,Initial recording of the municipality Niederlenz
4204,Niederlenz,1646,1994-09-30,Initial recording of the municipality Niederlenz
4204,Niederlenz,1605,1993-09-30,Initial recording of the municipality Niederlenz
4204,Niederlenz,1596,1992-09-30,Initial recording of the municipality Niederlenz
4204,Niederlenz,1612,1991-09-30,Initial recording of the municipality Niederlenz
4204,Niederlenz,1586,1990-09-30,Initial recording of the municipality Niederlenz
4204,Niederlenz,1501,1989-09-30,Initial recording of the municipality Niederlenz
4204,Niederlenz,1451,1988-09-30,Initial recording of the municipality Niederlenz
4204,Niederlenz,1399,1987-09-30,Initial recording of the municipality Niederlenz
4204,Niederlenz,1361,1986-09-30,Initial recording of the municipality Niederlenz
4204,Niederlenz,1340,1985-09-30,Initial recording of the municipality Niederlenz
4204,Niederlenz,1260,1984-09-30,Initial recording of the municipality Niederlenz
4204,Niederlenz,1228,1983-09-30,Initial recording of the municipality Niederlenz
4204,Niederlenz,1204,1982-09-30,Initial recording of the municipality Niederlenz
4204,Niederlenz,1141,1981-09-30,Initial recording of the municipality Niederlenz
4204,Niederlenz,1108,1980-09-30,Initial recording of the municipality Niederlenz
4204,Niederlenz,1075,1979-09-30,Initial recording of the municipality Niederlenz
4204,Niederlenz,994,1978-09-30,Initial recording of the municipality Niederlenz
4204,Niederlenz,941,1977-09-30,Initial recording of the municipality Niederlenz
4204,Niederlenz,921,1976-09-30,Initial recording of the municipality Niederlenz
4035,Niederrohrdorf,2723,2025-09-30,Initial recording of the municipality Niederrohrdorf
4035,Niederrohrdorf,2700,2024-09-30,Initial recording of the municipality Niederrohrdorf
4035,Niederrohrdorf,2649,2023-09-30,Initial recording of the municipality Niederrohrdorf
4035,Niederrohrdorf,2586,2022-09-30,Initial recording of the municipality Niederrohrdorf
4035,Niederrohrdorf,2583,2021-09-30,Initial recording of the municipality Niederrohrdorf
4035,Niederrohrdorf,2470,2020-09-30,Initial recording of the municipality Niederrohrdorf
4035,Niederrohrdorf,2414,2019-09-30,Initial recording of the municipality Niederrohrdorf
4035,Niederrohrdorf,2369,2018-09-30,Initial recording of the municipality Niederrohrdorf
4035,Niederrohrdorf,2272,2017-09-30,Initial recording of the municipality Niederrohrdorf
4035,Niederrohrdorf,2147,2016-09-30,Initial recording of the municipality Niederrohrdorf
4035,Niederrohrdorf,2103,2015-09-30,Initial recording of the municipality Niederrohrdorf
4035,Niederrohrdorf,2074,2014-09-30,Initial recording of the municipality Niederrohrdorf
4035,Niederrohrdorf,2062,2013-09-30,Initial recording of the municipality Niederrohrdorf
4035,Niederrohrdorf,2011,2012-09-30,Initial recording of the municipality Niederrohrdorf
4035,Niederrohrdorf,1914,2011-09-30,Initial recording of the municipality Niederrohrdorf
4035,Niederrohrdorf,1876,2010-09-30,Initial recording of the municipality Niederrohrdorf
4035,Niederrohrdorf,1859,2009-09-30,Initial recording of the municipality Niederrohrdorf
4035,Niederrohrdorf,1770,2008-09-30,Initial recording of the municipality Niederrohrdorf
4035,Niederrohrdorf,1638,2007-09-30,Initial recording of the municipality Niederrohrdorf
4035,Niederrohrdorf,1548,2006-09-30,Initial recording of the municipality Niederrohrdorf
4035,Niederrohrdorf,1515,2005-09-30,Initial recording of the municipality Niederrohrdorf
4035,Niederrohrdorf,1458,2004-09-30,Initial recording of the municipality Niederrohrdorf
4035,Niederrohrdorf,1396,2003-09-30,Initial recording of the municipality Niederrohrdorf
4035,Niederrohrdorf,1395,2002-09-30,Initial recording of the municipality Niederrohrdorf
4035,Niederrohrdorf,1342,2001-09-30,Initial recording of the municipality Niederrohrdorf
4035,Niederrohrdorf,1316,2000-09-30,Initial recording of the municipality Niederrohrdorf
4035,Niederrohrdorf,1300,1999-09-30,Initial recording of the municipality Niederrohrdorf
4035,Niederrohrdorf,1263,1998-09-30,Initial recording of the municipality Niederrohrdorf
4035,Niederrohrdorf,1247,1997-09-30,Initial recording of the municipality Niederrohrdorf
4035,Niederrohrdorf,1218,1996-09-30,Initial recording of the municipality Niederrohrdorf
4035,Niederrohrdorf,1209,1995-09-30,Initial recording of the municipality Niederrohrdorf
4035,Niederrohrdorf,1242,1994-09-30,Initial recording of the municipality Niederrohrdorf
4035,Niederrohrdorf,1218,1993-09-30,Initial recording of the municipality Niederrohrdorf
4035,Niederrohrdorf,1229,1992-09-30,Initial recording of the municipality Niederrohrdorf
4035,Niederrohrdorf,1248,1991-09-30,Initial recording of the municipality Niederrohrdorf
4035,Niederrohrdorf,1217,1990-09-30,Initial recording of the municipality Niederrohrdorf
4035,Niederrohrdorf,1173,1989-09-30,Initial recording of the municipality Niederrohrdorf
4035,Niederrohrdorf,1160,1988-09-30,Initial recording of the municipality Niederrohrdorf
4035,Niederrohrdorf,1094,1987-09-30,Initial recording of the municipality Niederrohrdorf
4035,Niederrohrdorf,1053,1986-09-30,Initial recording of the municipality Niederrohrdorf
4035,Niederrohrdorf,1023,1985-09-30,Initial recording of the municipality Niederrohrdorf
4035,Niederrohrdorf,957,1984-09-30,Initial recording of the municipality Niederrohrdorf
4035,Niederrohrdorf,930,1983-09-30,Initial recording of the municipality Niederrohrdorf
4035,Niederrohrdorf,910,1982-09-30,Initial recording of the municipality Niederrohrdorf
4035,Niederrohrdorf,906,1981-09-30,Initial recording of the municipality Niederrohrdorf
4035,Niederrohrdorf,871,1980-09-30,Initial recording of the municipality Niederrohrdorf
4035,Niederrohrdorf,841,1979-09-30,Initial recording of the municipality Niederrohrdorf
4035,Niederrohrdorf,795,1978-09-30,Initial recording of the municipality Niederrohrdorf
4035,Niederrohrdorf,770,1977-09-30,Initial recording of the municipality Niederrohrdorf
4035,Niederrohrdorf,713,1976-09-30,Initial recording of the municipality Niederrohrdorf
4072,Niederwil (AG),1997,2025-09-30,Initial recording of the municipality Niederwil (AG)
4072,Niederwil (AG),1999,2024-09-30,Initial recording of the municipality Niederwil (AG)
4072,Niederwil (AG),2000,2023-09-30,Initial recording of the municipality Niederwil (AG)
4072,Niederwil (AG),1986,2022-09-30,Initial recording of the municipality Niederwil (AG)
4072,Niederwil (AG),1907,2021-09-30,Initial recording of the municipality Niederwil (AG)
4072,Niederwil (AG),1863,2020-09-30,Initial recording of the municipality Niederwil (AG)
4072,Niederwil (AG),1835,2019-09-30,Initial recording of the municipality Niederwil (AG)
4072,Niederwil (AG),1868,2018-09-30,Initial recording of the municipality Niederwil (AG)
4072,Niederwil (AG),1840,2017-09-30,Initial recording of the municipality Niederwil (AG)
4072,Niederwil (AG),1824,2016-09-30,Initial recording of the municipality Niederwil (AG)
4072,Niederwil (AG),1767,2015-09-30,Initial recording of the municipality Niederwil (AG)
4072,Niederwil (AG),1647,2014-09-30,Initial recording of the municipality Niederwil (AG)
4072,Niederwil (AG),1567,2013-09-30,Initial recording of the municipality Niederwil (AG)
4072,Niederwil (AG),1516,2012-09-30,Initial recording of the municipality Niederwil (AG)
4072,Niederwil (AG),1502,2011-09-30,Initial recording of the municipality Niederwil (AG)
4072,Niederwil (AG),1454,2010-09-30,Initial recording of the municipality Niederwil (AG)
4072,Niederwil (AG),1427,2009-09-30,Initial recording of the municipality Niederwil (AG)
4072,Niederwil (AG),1443,2008-09-30,Initial recording of the municipality Niederwil (AG)
4072,Niederwil (AG),1429,2007-09-30,Initial recording of the municipality Niederwil (AG)
4072,Niederwil (AG),1375,2006-09-30,Initial recording of the municipality Niederwil (AG)
4072,Niederwil (AG),1352,2005-09-30,Initial recording of the municipality Niederwil (AG)
4072,Niederwil (AG),1339,2004-09-30,Initial recording of the municipality Niederwil (AG)
4072,Niederwil (AG),1301,2003-09-30,Initial recording of the municipality Niederwil (AG)
4072,Niederwil (AG),1286,2002-09-30,Initial recording of the municipality Niederwil (AG)
4072,Niederwil (AG),1260,2001-09-30,Initial recording of the municipality Niederwil (AG)
4072,Niederwil (AG),1216,2000-09-30,Initial recording of the municipality Niederwil (AG)
4072,Niederwil (AG),1156,1999-09-30,Initial recording of the municipality Niederwil (AG)
4072,Niederwil (AG),1092,1998-09-30,Initial recording of the municipality Niederwil (AG)
4072,Niederwil (AG),1065,1997-09-30,Initial recording of the municipality Niederwil (AG)
4072,Niederwil (AG),1036,1996-09-30,Initial recording of the municipality Niederwil (AG)
4072,Niederwil (AG),997,1995-09-30,Initial recording of the municipality Niederwil (AG)
4072,Niederwil (AG),941,1994-09-30,Initial recording of the municipality Niederwil (AG)
4072,Niederwil (AG),935,1993-09-30,Initial recording of the municipality Niederwil (AG)
4072,Niederwil (AG),928,1992-09-30,Initial recording of the municipality Niederwil (AG)
4072,Niederwil (AG),918,1991-09-30,Initial recording of the municipality Niederwil (AG)
4072,Niederwil (AG),893,1990-09-30,Initial recording of the municipality Niederwil (AG)
4072,Niederwil (AG),866,1989-09-30,Initial recording of the municipality Niederwil (AG)
4072,Niederwil (AG),812,1988-09-30,Initial recording of the municipality Niederwil (AG)
4072,Niederwil (AG),693,1987-09-30,Initial recording of the municipality Niederwil (AG)
4072,Niederwil (AG),635,1986-09-30,Initial recording of the municipality Niederwil (AG)
4072,Niederwil (AG),624,1985-09-30,Initial recording of the municipality Niederwil (AG)
4072,Niederwil (AG),572,1984-09-30,Initial recording of the municipality Niederwil (AG)
4072,Niederwil (AG),546,1983-09-30,Initial recording of the municipality Niederwil (AG)
4072,Niederwil (AG),529,1982-09-30,Initial recording of the municipality Niederwil (AG)
4072,Niederwil (AG),528,1981-09-30,Initial recording of the municipality Niederwil (AG)
4072,Niederwil (AG),480,1980-09-30,Initial recording of the municipality Niederwil (AG)
4072,Niederwil (AG),478,1979-09-30,Initial recording of the municipality Niederwil (AG)
4072,Niederwil (AG),448,1978-09-30,Initial recording of the municipality Niederwil (AG)
4072,Niederwil (AG),430,1977-09-30,Initial recording of the municipality Niederwil (AG)
4072,Niederwil (AG),393,1976-09-30,Initial recording of the municipality Niederwil (AG)
4108,Oberbözberg,318,2012-09-30,Initial recording of the municipality Oberbözberg
4108,Oberbözberg,299,2011-09-30,Initial recording of the municipality Oberbözberg
4108,Oberbözberg,300,2010-09-30,Initial recording of the municipality Oberbözberg
4108,Oberbözberg,289,2009-09-30,Initial recording of the municipality Oberbözberg
4108,Oberbözberg,289,2008-09-30,Initial recording of the municipality Oberbözberg
4108,Oberbözberg,291,2007-09-30,Initial recording of the municipality Oberbözberg
4108,Oberbözberg,283,2006-09-30,Initial recording of the municipality Oberbözberg
4108,Oberbözberg,283,2005-09-30,Initial recording of the municipality Oberbözberg
4108,Oberbözberg,292,2004-09-30,Initial recording of the municipality Oberbözberg
4108,Oberbözberg,289,2003-09-30,Initial recording of the municipality Oberbözberg
4108,Oberbözberg,298,2002-09-30,Initial recording of the municipality Oberbözberg
4108,Oberbözberg,297,2001-09-30,Initial recording of the municipality Oberbözberg
4108,Oberbözberg,283,2000-09-30,Initial recording of the municipality Oberbözberg
4108,Oberbözberg,265,1999-09-30,Initial recording of the municipality Oberbözberg
4108,Oberbözberg,251,1998-09-30,Initial recording of the municipality Oberbözberg
4108,Oberbözberg,253,1997-09-30,Initial recording of the municipality Oberbözberg
4108,Oberbözberg,240,1996-09-30,Initial recording of the municipality Oberbözberg
4108,Oberbözberg,225,1995-09-30,Initial recording of the municipality Oberbözberg
4108,Oberbözberg,214,1994-09-30,Initial recording of the municipality Oberbözberg
4108,Oberbözberg,202,1993-09-30,Initial recording of the municipality Oberbözberg
4108,Oberbözberg,203,1992-09-30,Initial recording of the municipality Oberbözberg
4108,Oberbözberg,204,1991-09-30,Initial recording of the municipality Oberbözberg
4108,Oberbözberg,184,1990-09-30,Initial recording of the municipality Oberbözberg
4108,Oberbözberg,177,1989-09-30,Initial recording of the municipality Oberbözberg
4108,Oberbözberg,162,1988-09-30,Initial recording of the municipality Oberbözberg
4108,Oberbözberg,150,1987-09-30,Initial recording of the municipality Oberbözberg
4108,Oberbözberg,154,1986-09-30,Initial recording of the municipality Oberbözberg
4108,Oberbözberg,153,1985-09-30,Initial recording of the municipality Oberbözberg
4108,Oberbözberg,143,1984-09-30,Initial recording of the municipality Oberbözberg
4108,Oberbözberg,142,1983-09-30,Initial recording of the municipality Oberbözberg
4108,Oberbözberg,142,1982-09-30,Initial recording of the municipality Oberbözberg
4108,Oberbözberg,133,1981-09-30,Initial recording of the municipality Oberbözberg
4108,Oberbözberg,137,1980-09-30,Initial recording of the municipality Oberbözberg
4108,Oberbözberg,135,1979-09-30,Initial recording of the municipality Oberbözberg
4108,Oberbözberg,124,1978-09-30,Initial recording of the municipality Oberbözberg
4108,Oberbözberg,99,1977-09-30,Initial recording of the municipality Oberbözberg
4108,Oberbözberg,91,1976-09-30,Initial recording of the municipality Oberbözberg
4036,Oberehrendingen,1336,2005-09-30,Initial recording of the municipality Oberehrendingen
4036,Oberehrendingen,1072,2004-09-30,Initial recording of the municipality Oberehrendingen
4036,Oberehrendingen,1031,2003-09-30,Initial recording of the municipality Oberehrendingen
4036,Oberehrendingen,976,2002-09-30,Initial recording of the municipality Oberehrendingen
4036,Oberehrendingen,941,2001-09-30,Initial recording of the municipality Oberehrendingen
4036,Oberehrendingen,916,2000-09-30,Initial recording of the municipality Oberehrendingen
4036,Oberehrendingen,920,1999-09-30,Initial recording of the municipality Oberehrendingen
4036,Oberehrendingen,892,1998-09-30,Initial recording of the municipality Oberehrendingen
4036,Oberehrendingen,830,1997-09-30,Initial recording of the municipality Oberehrendingen
4036,Oberehrendingen,774,1996-09-30,Initial recording of the municipality Oberehrendingen
4036,Oberehrendingen,742,1995-09-30,Initial recording of the municipality Oberehrendingen
4036,Oberehrendingen,736,1994-09-30,Initial recording of the municipality Oberehrendingen
4036,Oberehrendingen,742,1993-09-30,Initial recording of the municipality Oberehrendingen
4036,Oberehrendingen,744,1992-09-30,Initial recording of the municipality Oberehrendingen
4036,Oberehrendingen,754,1991-09-30,Initial recording of the municipality Oberehrendingen
4036,Oberehrendingen,755,1990-09-30,Initial recording of the municipality Oberehrendingen
4036,Oberehrendingen,731,1989-09-30,Initial recording of the municipality Oberehrendingen
4036,Oberehrendingen,699,1988-09-30,Initial recording of the municipality Oberehrendingen
4036,Oberehrendingen,661,1987-09-30,Initial recording of the municipality Oberehrendingen
4036,Oberehrendingen,658,1986-09-30,Initial recording of the municipality Oberehrendingen
4036,Oberehrendingen,636,1985-09-30,Initial recording of the municipality Oberehrendingen
4036,Oberehrendingen,615,1984-09-30,Initial recording of the municipality Oberehrendingen
4036,Oberehrendingen,611,1983-09-30,Initial recording of the municipality Oberehrendingen
4036,Oberehrendingen,586,1982-09-30,Initial recording of the municipality Oberehrendingen
4036,Oberehrendingen,557,1981-09-30,Initial recording of the municipality Oberehrendingen
4036,Oberehrendingen,539,1980-09-30,Initial recording of the municipality Oberehrendingen
4036,Oberehrendingen,498,1979-09-30,Initial recording of the municipality Oberehrendingen
4036,Oberehrendingen,481,1978-09-30,Initial recording of the municipality Oberehrendingen
4036,Oberehrendingen,460,1977-09-30,Initial recording of the municipality Oberehrendingen
4036,Oberehrendingen,448,1976-09-30,Initial recording of the municipality Oberehrendingen
4010,Oberentfelden,4904,2025-09-30,Initial recording of the municipality Oberentfelden
4010,Oberentfelden,4887,2024-09-30,Initial recording of the municipality Oberentfelden
4010,Oberentfelden,4838,2023-09-30,Initial recording of the municipality Oberentfelden
4010,Oberentfelden,4793,2022-09-30,Initial recording of the municipality Oberentfelden
4010,Oberentfelden,4770,2021-09-30,Initial recording of the municipality Oberentfelden
4010,Oberentfelden,4741,2020-09-30,Initial recording of the municipality Oberentfelden
4010,Oberentfelden,4698,2019-09-30,Initial recording of the municipality Oberentfelden
4010,Oberentfelden,4590,2018-09-30,Initial recording of the municipality Oberentfelden
4010,Oberentfelden,4444,2017-09-30,Initial recording of the municipality Oberentfelden
4010,Oberentfelden,4296,2016-09-30,Initial recording of the municipality Oberentfelden
4010,Oberentfelden,4265,2015-09-30,Initial recording of the municipality Oberentfelden
4010,Oberentfelden,4278,2014-09-30,Initial recording of the municipality Oberentfelden
4010,Oberentfelden,4249,2013-09-30,Initial recording of the municipality Oberentfelden
4010,Oberentfelden,4225,2012-09-30,Initial recording of the municipality Oberentfelden
4010,Oberentfelden,4118,2011-09-30,Initial recording of the municipality Oberentfelden
4010,Oberentfelden,4027,2010-09-30,Initial recording of the municipality Oberentfelden
4010,Oberentfelden,3967,2009-09-30,Initial recording of the municipality Oberentfelden
4010,Oberentfelden,3987,2008-09-30,Initial recording of the municipality Oberentfelden
4010,Oberentfelden,3839,2007-09-30,Initial recording of the municipality Oberentfelden
4010,Oberentfelden,3836,2006-09-30,Initial recording of the municipality Oberentfelden
4010,Oberentfelden,3849,2005-09-30,Initial recording of the municipality Oberentfelden
4010,Oberentfelden,3783,2004-09-30,Initial recording of the municipality Oberentfelden
4010,Oberentfelden,3666,2003-09-30,Initial recording of the municipality Oberentfelden
4010,Oberentfelden,3647,2002-09-30,Initial recording of the municipality Oberentfelden
4010,Oberentfelden,3499,2001-09-30,Initial recording of the municipality Oberentfelden
4010,Oberentfelden,3433,2000-09-30,Initial recording of the municipality Oberentfelden
4010,Oberentfelden,3368,1999-09-30,Initial recording of the municipality Oberentfelden
4010,Oberentfelden,3322,1998-09-30,Initial recording of the municipality Oberentfelden
4010,Oberentfelden,3319,1997-09-30,Initial recording of the municipality Oberentfelden
4010,Oberentfelden,3247,1996-09-30,Initial recording of the municipality Oberentfelden
4010,Oberentfelden,3273,1995-09-30,Initial recording of the municipality Oberentfelden
4010,Oberentfelden,3257,1994-09-30,Initial recording of the municipality Oberentfelden
4010,Oberentfelden,3178,1993-09-30,Initial recording of the municipality Oberentfelden
4010,Oberentfelden,3205,1992-09-30,Initial recording of the municipality Oberentfelden
4010,Oberentfelden,3129,1991-09-30,Initial recording of the municipality Oberentfelden
4010,Oberentfelden,3079,1990-09-30,Initial recording of the municipality Oberentfelden
4010,Oberentfelden,3025,1989-09-30,Initial recording of the municipality Oberentfelden
4010,Oberentfelden,2964,1988-09-30,Initial recording of the municipality Oberentfelden
4010,Oberentfelden,2850,1987-09-30,Initial recording of the municipality Oberentfelden
4010,Oberentfelden,2743,1986-09-30,Initial recording of the municipality Oberentfelden
4010,Oberentfelden,2618,1985-09-30,Initial recording of the municipality Oberentfelden
4010,Oberentfelden,2499,1984-09-30,Initial recording of the municipality Oberentfelden
4010,Oberentfelden,2346,1983-09-30,Initial recording of the municipality Oberentfelden
4010,Oberentfelden,2206,1982-09-30,Initial recording of the municipality Oberentfelden
4010,Oberentfelden,2093,1981-09-30,Initial recording of the municipality Oberentfelden
4010,Oberentfelden,2001,1980-09-30,Initial recording of the municipality Oberentfelden
4010,Oberentfelden,1948,1979-09-30,Initial recording of the municipality Oberentfelden
4010,Oberentfelden,1894,1978-09-30,Initial recording of the municipality Oberentfelden
4010,Oberentfelden,1839,1977-09-30,Initial recording of the municipality Oberentfelden
4010,Oberentfelden,1789,1976-09-30,Initial recording of the municipality Oberentfelden
4109,Oberflachs,285,2013-09-30,Initial recording of the municipality Oberflachs
4109,Oberflachs,292,2012-09-30,Initial recording of the municipality Oberflachs
4109,Oberflachs,300,2011-09-30,Initial recording of the municipality Oberflachs
4109,Oberflachs,286,2010-09-30,Initial recording of the municipality Oberflachs
4109,Oberflachs,281,2009-09-30,Initial recording of the municipality Oberflachs
4109,Oberflachs,273,2008-09-30,Initial recording of the municipality Oberflachs
4109,Oberflachs,270,2007-09-30,Initial recording of the municipality Oberflachs
4109,Oberflachs,268,2006-09-30,Initial recording of the municipality Oberflachs
4109,Oberflachs,249,2005-09-30,Initial recording of the municipality Oberflachs
4109,Oberflachs,228,2004-09-30,Initial recording of the municipality Oberflachs
4109,Oberflachs,226,2003-09-30,Initial recording of the municipality Oberflachs
4109,Oberflachs,226,2002-09-30,Initial recording of the municipality Oberflachs
4109,Oberflachs,229,2001-09-30,Initial recording of the municipality Oberflachs
4109,Oberflachs,231,2000-09-30,Initial recording of the municipality Oberflachs
4109,Oberflachs,237,1999-09-30,Initial recording of the municipality Oberflachs
4109,Oberflachs,223,1998-09-30,Initial recording of the municipality Oberflachs
4109,Oberflachs,221,1997-09-30,Initial recording of the municipality Oberflachs
4109,Oberflachs,214,1996-09-30,Initial recording of the municipality Oberflachs
4109,Oberflachs,213,1995-09-30,Initial recording of the municipality Oberflachs
4109,Oberflachs,201,1994-09-30,Initial recording of the municipality Oberflachs
4109,Oberflachs,199,1993-09-30,Initial recording of the municipality Oberflachs
4109,Oberflachs,199,1992-09-30,Initial recording of the municipality Oberflachs
4109,Oberflachs,201,1991-09-30,Initial recording of the municipality Oberflachs
4109,Oberflachs,202,1990-09-30,Initial recording of the municipality Oberflachs
4109,Oberflachs,200,1989-09-30,Initial recording of the municipality Oberflachs
4109,Oberflachs,185,1988-09-30,Initial recording of the municipality Oberflachs
4109,Oberflachs,183,1987-09-30,Initial recording of the municipality Oberflachs
4109,Oberflachs,173,1986-09-30,Initial recording of the municipality Oberflachs
4109,Oberflachs,170,1985-09-30,Initial recording of the municipality Oberflachs
4109,Oberflachs,159,1984-09-30,Initial recording of the municipality Oberflachs
4109,Oberflachs,166,1983-09-30,Initial recording of the municipality Oberflachs
4109,Oberflachs,156,1982-09-30,Initial recording of the municipality Oberflachs
4109,Oberflachs,150,1981-09-30,Initial recording of the municipality Oberflachs
4109,Oberflachs,148,1980-09-30,Initial recording of the municipality Oberflachs
4109,Oberflachs,138,1979-09-30,Initial recording of the municipality Oberflachs
4109,Oberflachs,133,1978-09-30,Initial recording of the municipality Oberflachs
4109,Oberflachs,126,1977-09-30,Initial recording of the municipality Oberflachs
4109,Oberflachs,115,1976-09-30,Initial recording of the municipality Oberflachs
4173,Oberhof,395,2025-09-30,Initial recording of the municipality Oberhof
4173,Oberhof,372,2024-09-30,Initial recording of the municipality Oberhof
4173,Oberhof,379,2023-09-30,Initial recording of the municipality Oberhof
4173,Oberhof,359,2022-09-30,Initial recording of the municipality Oberhof
4173,Oberhof,355,2021-09-30,Initial recording of the municipality Oberhof
4173,Oberhof,350,2020-09-30,Initial recording of the municipality Oberhof
4173,Oberhof,343,2019-09-30,Initial recording of the municipality Oberhof
4173,Oberhof,356,2018-09-30,Initial recording of the municipality Oberhof
4173,Oberhof,360,2017-09-30,Initial recording of the municipality Oberhof
4173,Oberhof,353,2016-09-30,Initial recording of the municipality Oberhof
4173,Oberhof,344,2015-09-30,Initial recording of the municipality Oberhof
4173,Oberhof,344,2014-09-30,Initial recording of the municipality Oberhof
4173,Oberhof,347,2013-09-30,Initial recording of the municipality Oberhof
4173,Oberhof,343,2012-09-30,Initial recording of the municipality Oberhof
4173,Oberhof,335,2011-09-30,Initial recording of the municipality Oberhof
4173,Oberhof,339,2010-09-30,Initial recording of the municipality Oberhof
4173,Oberhof,334,2009-09-30,Initial recording of the municipality Oberhof
4173,Oberhof,334,2008-09-30,Initial recording of the municipality Oberhof
4173,Oberhof,314,2007-09-30,Initial recording of the municipality Oberhof
4173,Oberhof,314,2006-09-30,Initial recording of the municipality Oberhof
4173,Oberhof,304,2005-09-30,Initial recording of the municipality Oberhof
4173,Oberhof,292,2004-09-30,Initial recording of the municipality Oberhof
4173,Oberhof,288,2003-09-30,Initial recording of the municipality Oberhof
4173,Oberhof,275,2002-09-30,Initial recording of the municipality Oberhof
4173,Oberhof,270,2001-09-30,Initial recording of the municipality Oberhof
4173,Oberhof,262,2000-09-30,Initial recording of the municipality Oberhof
4173,Oberhof,255,1999-09-30,Initial recording of the municipality Oberhof
4173,Oberhof,242,1998-09-30,Initial recording of the municipality Oberhof
4173,Oberhof,236,1997-09-30,Initial recording of the municipality Oberhof
4173,Oberhof,223,1996-09-30,Initial recording of the municipality Oberhof
4173,Oberhof,205,1995-09-30,Initial recording of the municipality Oberhof
4173,Oberhof,205,1994-09-30,Initial recording of the municipality Oberhof
4173,Oberhof,198,1993-09-30,Initial recording of the municipality Oberhof
4173,Oberhof,194,1992-09-30,Initial recording of the municipality Oberhof
4173,Oberhof,192,1991-09-30,Initial recording of the municipality Oberhof
4173,Oberhof,191,1990-09-30,Initial recording of the municipality Oberhof
4173,Oberhof,191,1989-09-30,Initial recording of the municipality Oberhof
4173,Oberhof,195,1988-09-30,Initial recording of the municipality Oberhof
4173,Oberhof,185,1987-09-30,Initial recording of the municipality Oberhof
4173,Oberhof,178,1986-09-30,Initial recording of the municipality Oberhof
4173,Oberhof,157,1985-09-30,Initial recording of the municipality Oberhof
4173,Oberhof,153,1984-09-30,Initial recording of the municipality Oberhof
4173,Oberhof,143,1983-09-30,Initial recording of the municipality Oberhof
4173,Oberhof,143,1982-09-30,Initial recording of the municipality Oberhof
4173,Oberhof,139,1981-09-30,Initial recording of the municipality Oberhof
4173,Oberhof,132,1980-09-30,Initial recording of the municipality Oberhof
4173,Oberhof,128,1979-09-30,Initial recording of the municipality Oberhof
4173,Oberhof,118,1978-09-30,Initial recording of the municipality Oberhof
4173,Oberhof,109,1977-09-30,Initial recording of the municipality Oberhof
4173,Oberhof,88,1976-09-30,Initial recording of the municipality Oberhof
4174,Oberhofen,189,2009-09-30,Initial recording of the municipality Oberhofen (AG)
4174,Oberhofen,178,2008-09-30,Initial recording of the municipality Oberhofen (AG)
4174,Oberhofen,181,2007-09-30,Initial recording of the municipality Oberhofen (AG)
4174,Oberhofen,179,2006-09-30,Initial recording of the municipality Oberhofen (AG)
4174,Oberhofen,173,2005-09-30,Initial recording of the municipality Oberhofen (AG)
4174,Oberhofen,168,2004-09-30,Initial recording of the municipality Oberhofen (AG)
4174,Oberhofen,166,2003-09-30,Initial recording of the municipality Oberhofen (AG)
4174,Oberhofen,165,2002-09-30,Initial recording of the municipality Oberhofen (AG)
4174,Oberhofen,159,2001-09-30,Initial recording of the municipality Oberhofen (AG)
4174,Oberhofen,146,2000-09-30,Initial recording of the municipality Oberhofen (AG)
4174,Oberhofen,148,1999-09-30,Initial recording of the municipality Oberhofen (AG)
4174,Oberhofen,154,1998-09-30,Initial recording of the municipality Oberhofen (AG)
4174,Oberhofen,148,1997-09-30,Initial recording of the municipality Oberhofen (AG)
4174,Oberhofen,141,1996-09-30,Initial recording of the municipality Oberhofen (AG)
4174,Oberhofen,134,1995-09-30,Initial recording of the municipality Oberhofen (AG)
4174,Oberhofen,123,1994-09-30,Initial recording of the municipality Oberhofen (AG)
4174,Oberhofen,123,1993-09-30,Initial recording of the municipality Oberhofen (AG)
4174,Oberhofen,127,1992-09-30,Initial recording of the municipality Oberhofen (AG)
4174,Oberhofen,127,1991-09-30,Initial recording of the municipality Oberhofen (AG)
4174,Oberhofen,125,1990-09-30,Initial recording of the municipality Oberhofen (AG)
4174,Oberhofen,116,1989-09-30,Initial recording of the municipality Oberhofen (AG)
4174,Oberhofen,105,1988-09-30,Initial recording of the municipality Oberhofen (AG)
4174,Oberhofen,93,1987-09-30,Initial recording of the municipality Oberhofen (AG)
4174,Oberhofen,104,1986-09-30,Initial recording of the municipality Oberhofen (AG)
4174,Oberhofen,104,1985-09-30,Initial recording of the municipality Oberhofen (AG)
4174,Oberhofen,97,1984-09-30,Initial recording of the municipality Oberhofen (AG)
4174,Oberhofen,94,1983-09-30,Initial recording of the municipality Oberhofen (AG)
4174,Oberhofen,94,1982-09-30,Initial recording of the municipality Oberhofen (AG)
4174,Oberhofen,95,1981-09-30,Initial recording of the municipality Oberhofen (AG)
4174,Oberhofen,86,1980-09-30,Initial recording of the municipality Oberhofen (AG)
4174,Oberhofen,80,1979-09-30,Initial recording of the municipality Oberhofen (AG)
4174,Oberhofen,71,1978-09-30,Initial recording of the municipality Oberhofen (AG)
4174,Oberhofen,61,1977-09-30,Initial recording of the municipality Oberhofen (AG)
4174,Oberhofen,53,1976-09-30,Initial recording of the municipality Oberhofen (AG)
4140,Oberkulm,1825,2025-09-30,Initial recording of the municipality Oberkulm
4140,Oberkulm,1773,2024-09-30,Initial recording of the municipality Oberkulm
4140,Oberkulm,1738,2023-09-30,Initial recording of the municipality Oberkulm
4140,Oberkulm,1675,2022-09-30,Initial recording of the municipality Oberkulm
4140,Oberkulm,1685,2021-09-30,Initial recording of the municipality Oberkulm
4140,Oberkulm,1605,2020-09-30,Initial recording of the municipality Oberkulm
4140,Oberkulm,1614,2019-09-30,Initial recording of the municipality Oberkulm
4140,Oberkulm,1652,2018-09-30,Initial recording of the municipality Oberkulm
4140,Oberkulm,1652,2017-09-30,Initial recording of the municipality Oberkulm
4140,Oberkulm,1661,2016-09-30,Initial recording of the municipality Oberkulm
4140,Oberkulm,1613,2015-09-30,Initial recording of the municipality Oberkulm
4140,Oberkulm,1582,2014-09-30,Initial recording of the municipality Oberkulm
4140,Oberkulm,1528,2013-09-30,Initial recording of the municipality Oberkulm
4140,Oberkulm,1484,2012-09-30,Initial recording of the municipality Oberkulm
4140,Oberkulm,1451,2011-09-30,Initial recording of the municipality Oberkulm
4140,Oberkulm,1394,2010-09-30,Initial recording of the municipality Oberkulm
4140,Oberkulm,1346,2009-09-30,Initial recording of the municipality Oberkulm
4140,Oberkulm,1325,2008-09-30,Initial recording of the municipality Oberkulm
4140,Oberkulm,1318,2007-09-30,Initial recording of the municipality Oberkulm
4140,Oberkulm,1302,2006-09-30,Initial recording of the municipality Oberkulm
4140,Oberkulm,1279,2005-09-30,Initial recording of the municipality Oberkulm
4140,Oberkulm,1236,2004-09-30,Initial recording of the municipality Oberkulm
4140,Oberkulm,1217,2003-09-30,Initial recording of the municipality Oberkulm
4140,Oberkulm,1199,2002-09-30,Initial recording of the municipality Oberkulm
4140,Oberkulm,1161,2001-09-30,Initial recording of the municipality Oberkulm
4140,Oberkulm,1130,2000-09-30,Initial recording of the municipality Oberkulm
4140,Oberkulm,1131,1999-09-30,Initial recording of the municipality Oberkulm
4140,Oberkulm,1132,1998-09-30,Initial recording of the municipality Oberkulm
4140,Oberkulm,1088,1997-09-30,Initial recording of the municipality Oberkulm
4140,Oberkulm,1066,1996-09-30,Initial recording of the municipality Oberkulm
4140,Oberkulm,1047,1995-09-30,Initial recording of the municipality Oberkulm
4140,Oberkulm,1015,1994-09-30,Initial recording of the municipality Oberkulm
4140,Oberkulm,995,1993-09-30,Initial recording of the municipality Oberkulm
4140,Oberkulm,1003,1992-09-30,Initial recording of the municipality Oberkulm
4140,Oberkulm,998,1991-09-30,Initial recording of the municipality Oberkulm
4140,Oberkulm,963,1990-09-30,Initial recording of the municipality Oberkulm
4140,Oberkulm,932,1989-09-30,Initial recording of the municipality Oberkulm
4140,Oberkulm,878,1988-09-30,Initial recording of the municipality Oberkulm
4140,Oberkulm,833,1987-09-30,Initial recording of the municipality Oberkulm
4140,Oberkulm,807,1986-09-30,Initial recording of the municipality Oberkulm
4140,Oberkulm,802,1985-09-30,Initial recording of the municipality Oberkulm
4140,Oberkulm,760,1984-09-30,Initial recording of the municipality Oberkulm
4140,Oberkulm,723,1983-09-30,Initial recording of the municipality Oberkulm
4140,Oberkulm,686,1982-09-30,Initial recording of the municipality Oberkulm
4140,Oberkulm,613,1981-09-30,Initial recording of the municipality Oberkulm
4140,Oberkulm,583,1980-09-30,Initial recording of the municipality Oberkulm
4140,Oberkulm,560,1979-09-30,Initial recording of the municipality Oberkulm
4140,Oberkulm,524,1978-09-30,Initial recording of the municipality Oberkulm
4140,Oberkulm,480,1977-09-30,Initial recording of the municipality Oberkulm
4140,Oberkulm,438,1976-09-30,Initial recording of the municipality Oberkulm
4073,Oberlunkhofen,1395,2025-09-30,Initial recording of the municipality Oberlunkhofen
4073,Oberlunkhofen,1391,2024-09-30,Initial recording of the municipality Oberlunkhofen
4073,Oberlunkhofen,1397,2023-09-30,Initial recording of the municipality Oberlunkhofen
4073,Oberlunkhofen,1359,2022-09-30,Initial recording of the municipality Oberlunkhofen
4073,Oberlunkhofen,1369,2021-09-30,Initial recording of the municipality Oberlunkhofen
4073,Oberlunkhofen,1330,2020-09-30,Initial recording of the municipality Oberlunkhofen
4073,Oberlunkhofen,1304,2019-09-30,Initial recording of the municipality Oberlunkhofen
4073,Oberlunkhofen,1292,2018-09-30,Initial recording of the municipality Oberlunkhofen
4073,Oberlunkhofen,1278,2017-09-30,Initial recording of the municipality Oberlunkhofen
4073,Oberlunkhofen,1250,2016-09-30,Initial recording of the municipality Oberlunkhofen
4073,Oberlunkhofen,1212,2015-09-30,Initial recording of the municipality Oberlunkhofen
4073,Oberlunkhofen,1207,2014-09-30,Initial recording of the municipality Oberlunkhofen
4073,Oberlunkhofen,1222,2013-09-30,Initial recording of the municipality Oberlunkhofen
4073,Oberlunkhofen,1204,2012-09-30,Initial recording of the municipality Oberlunkhofen
4073,Oberlunkhofen,1194,2011-09-30,Initial recording of the municipality Oberlunkhofen
4073,Oberlunkhofen,1143,2010-09-30,Initial recording of the municipality Oberlunkhofen
4073,Oberlunkhofen,1136,2009-09-30,Initial recording of the municipality Oberlunkhofen
4073,Oberlunkhofen,1115,2008-09-30,Initial recording of the municipality Oberlunkhofen
4073,Oberlunkhofen,1064,2007-09-30,Initial recording of the municipality Oberlunkhofen
4073,Oberlunkhofen,1023,2006-09-30,Initial recording of the municipality Oberlunkhofen
4073,Oberlunkhofen,1015,2005-09-30,Initial recording of the municipality Oberlunkhofen
4073,Oberlunkhofen,967,2004-09-30,Initial recording of the municipality Oberlunkhofen
4073,Oberlunkhofen,931,2003-09-30,Initial recording of the municipality Oberlunkhofen
4073,Oberlunkhofen,881,2002-09-30,Initial recording of the municipality Oberlunkhofen
4073,Oberlunkhofen,850,2001-09-30,Initial recording of the municipality Oberlunkhofen
4073,Oberlunkhofen,825,2000-09-30,Initial recording of the municipality Oberlunkhofen
4073,Oberlunkhofen,796,1999-09-30,Initial recording of the municipality Oberlunkhofen
4073,Oberlunkhofen,765,1998-09-30,Initial recording of the municipality Oberlunkhofen
4073,Oberlunkhofen,769,1997-09-30,Initial recording of the municipality Oberlunkhofen
4073,Oberlunkhofen,707,1996-09-30,Initial recording of the municipality Oberlunkhofen
4073,Oberlunkhofen,696,1995-09-30,Initial recording of the municipality Oberlunkhofen
4073,Oberlunkhofen,666,1994-09-30,Initial recording of the municipality Oberlunkhofen
4073,Oberlunkhofen,606,1993-09-30,Initial recording of the municipality Oberlunkhofen
4073,Oberlunkhofen,605,1992-09-30,Initial recording of the municipality Oberlunkhofen
4073,Oberlunkhofen,587,1991-09-30,Initial recording of the municipality Oberlunkhofen
4073,Oberlunkhofen,564,1990-09-30,Initial recording of the municipality Oberlunkhofen
4073,Oberlunkhofen,527,1989-09-30,Initial recording of the municipality Oberlunkhofen
4073,Oberlunkhofen,490,1988-09-30,Initial recording of the municipality Oberlunkhofen
4073,Oberlunkhofen,467,1987-09-30,Initial recording of the municipality Oberlunkhofen
4073,Oberlunkhofen,448,1986-09-30,Initial recording of the municipality Oberlunkhofen
4073,Oberlunkhofen,425,1985-09-30,Initial recording of the municipality Oberlunkhofen
4073,Oberlunkhofen,396,1984-09-30,Initial recording of the municipality Oberlunkhofen
4073,Oberlunkhofen,355,1983-09-30,Initial recording of the municipality Oberlunkhofen
4073,Oberlunkhofen,332,1982-09-30,Initial recording of the municipality Oberlunkhofen
4073,Oberlunkhofen,324,1981-09-30,Initial recording of the municipality Oberlunkhofen
4073,Oberlunkhofen,314,1980-09-30,Initial recording of the municipality Oberlunkhofen
4073,Oberlunkhofen,281,1979-09-30,Initial recording of the municipality Oberlunkhofen
4073,Oberlunkhofen,277,1978-09-30,Initial recording of the municipality Oberlunkhofen
4073,Oberlunkhofen,252,1977-09-30,Initial recording of the municipality Oberlunkhofen
4073,Oberlunkhofen,242,1976-09-30,Initial recording of the municipality Oberlunkhofen
4256,Obermumpf,720,2025-09-30,Initial recording of the municipality Obermumpf
4256,Obermumpf,715,2024-09-30,Initial recording of the municipality Obermumpf
4256,Obermumpf,710,2023-09-30,Initial recording of the municipality Obermumpf
4256,Obermumpf,707,2022-09-30,Initial recording of the municipality Obermumpf
4256,Obermumpf,692,2021-09-30,Initial recording of the municipality Obermumpf
4256,Obermumpf,710,2020-09-30,Initial recording of the municipality Obermumpf
4256,Obermumpf,692,2019-09-30,Initial recording of the municipality Obermumpf
4256,Obermumpf,706,2018-09-30,Initial recording of the municipality Obermumpf
4256,Obermumpf,698,2017-09-30,Initial recording of the municipality Obermumpf
4256,Obermumpf,683,2016-09-30,Initial recording of the municipality Obermumpf
4256,Obermumpf,678,2015-09-30,Initial recording of the municipality Obermumpf
4256,Obermumpf,652,2014-09-30,Initial recording of the municipality Obermumpf
4256,Obermumpf,640,2013-09-30,Initial recording of the municipality Obermumpf
4256,Obermumpf,638,2012-09-30,Initial recording of the municipality Obermumpf
4256,Obermumpf,607,2011-09-30,Initial recording of the municipality Obermumpf
4256,Obermumpf,598,2010-09-30,Initial recording of the municipality Obermumpf
4256,Obermumpf,570,2009-09-30,Initial recording of the municipality Obermumpf
4256,Obermumpf,586,2008-09-30,Initial recording of the municipality Obermumpf
4256,Obermumpf,590,2007-09-30,Initial recording of the municipality Obermumpf
4256,Obermumpf,579,2006-09-30,Initial recording of the municipality Obermumpf
4256,Obermumpf,599,2005-09-30,Initial recording of the municipality Obermumpf
4256,Obermumpf,593,2004-09-30,Initial recording of the municipality Obermumpf
4256,Obermumpf,563,2003-09-30,Initial recording of the municipality Obermumpf
4256,Obermumpf,553,2002-09-30,Initial recording of the municipality Obermumpf
4256,Obermumpf,548,2001-09-30,Initial recording of the municipality Obermumpf
4256,Obermumpf,515,2000-09-30,Initial recording of the municipality Obermumpf
4256,Obermumpf,498,1999-09-30,Initial recording of the municipality Obermumpf
4256,Obermumpf,488,1998-09-30,Initial recording of the municipality Obermumpf
4256,Obermumpf,477,1997-09-30,Initial recording of the municipality Obermumpf
4256,Obermumpf,475,1996-09-30,Initial recording of the municipality Obermumpf
4256,Obermumpf,478,1995-09-30,Initial recording of the municipality Obermumpf
4256,Obermumpf,453,1994-09-30,Initial recording of the municipality Obermumpf
4256,Obermumpf,419,1993-09-30,Initial recording of the municipality Obermumpf
4256,Obermumpf,424,1992-09-30,Initial recording of the municipality Obermumpf
4256,Obermumpf,408,1991-09-30,Initial recording of the municipality Obermumpf
4256,Obermumpf,381,1990-09-30,Initial recording of the municipality Obermumpf
4256,Obermumpf,342,1989-09-30,Initial recording of the municipality Obermumpf
4256,Obermumpf,322,1988-09-30,Initial recording of the municipality Obermumpf
4256,Obermumpf,310,1987-09-30,Initial recording of the municipality Obermumpf
4256,Obermumpf,300,1986-09-30,Initial recording of the municipality Obermumpf
4256,Obermumpf,306,1985-09-30,Initial recording of the municipality Obermumpf
4256,Obermumpf,298,1984-09-30,Initial recording of the municipality Obermumpf
4256,Obermumpf,284,1983-09-30,Initial recording of the municipality Obermumpf
4256,Obermumpf,285,1982-09-30,Initial recording of the municipality Obermumpf
4256,Obermumpf,258,1981-09-30,Initial recording of the municipality Obermumpf
4256,Obermumpf,255,1980-09-30,Initial recording of the municipality Obermumpf
4256,Obermumpf,249,1979-09-30,Initial recording of the municipality Obermumpf
4256,Obermumpf,219,1978-09-30,Initial recording of the municipality Obermumpf
4256,Obermumpf,201,1977-09-30,Initial recording of the municipality Obermumpf
4256,Obermumpf,189,1976-09-30,Initial recording of the municipality Obermumpf
4037,Oberrohrdorf,2589,2025-09-30,Initial recording of the municipality Oberrohrdorf
4037,Oberrohrdorf,2588,2024-09-30,Initial recording of the municipality Oberrohrdorf
4037,Oberrohrdorf,2574,2023-09-30,Initial recording of the municipality Oberrohrdorf
4037,Oberrohrdorf,2537,2022-09-30,Initial recording of the municipality Oberrohrdorf
4037,Oberrohrdorf,2528,2021-09-30,Initial recording of the municipality Oberrohrdorf
4037,Oberrohrdorf,2493,2020-09-30,Initial recording of the municipality Oberrohrdorf
4037,Oberrohrdorf,2522,2019-09-30,Initial recording of the municipality Oberrohrdorf
4037,Oberrohrdorf,2511,2018-09-30,Initial recording of the municipality Oberrohrdorf
4037,Oberrohrdorf,2536,2017-09-30,Initial recording of the municipality Oberrohrdorf
4037,Oberrohrdorf,2515,2016-09-30,Initial recording of the municipality Oberrohrdorf
4037,Oberrohrdorf,2460,2015-09-30,Initial recording of the municipality Oberrohrdorf
4037,Oberrohrdorf,2459,2014-09-30,Initial recording of the municipality Oberrohrdorf
4037,Oberrohrdorf,2429,2013-09-30,Initial recording of the municipality Oberrohrdorf
4037,Oberrohrdorf,2382,2012-09-30,Initial recording of the municipality Oberrohrdorf
4037,Oberrohrdorf,2381,2011-09-30,Initial recording of the municipality Oberrohrdorf
4037,Oberrohrdorf,2299,2010-09-30,Initial recording of the municipality Oberrohrdorf
4037,Oberrohrdorf,2237,2009-09-30,Initial recording of the municipality Oberrohrdorf
4037,Oberrohrdorf,2169,2008-09-30,Initial recording of the municipality Oberrohrdorf
4037,Oberrohrdorf,2109,2007-09-30,Initial recording of the municipality Oberrohrdorf
4037,Oberrohrdorf,2049,2006-09-30,Initial recording of the municipality Oberrohrdorf
4037,Oberrohrdorf,2007,2005-09-30,Initial recording of the municipality Oberrohrdorf
4037,Oberrohrdorf,1969,2004-09-30,Initial recording of the municipality Oberrohrdorf
4037,Oberrohrdorf,1981,2003-09-30,Initial recording of the municipality Oberrohrdorf
4037,Oberrohrdorf,1919,2002-09-30,Initial recording of the municipality Oberrohrdorf
4037,Oberrohrdorf,1884,2001-09-30,Initial recording of the municipality Oberrohrdorf
4037,Oberrohrdorf,1814,2000-09-30,Initial recording of the municipality Oberrohrdorf
4037,Oberrohrdorf,1745,1999-09-30,Initial recording of the municipality Oberrohrdorf
4037,Oberrohrdorf,1701,1998-09-30,Initial recording of the municipality Oberrohrdorf
4037,Oberrohrdorf,1713,1997-09-30,Initial recording of the municipality Oberrohrdorf
4037,Oberrohrdorf,1685,1996-09-30,Initial recording of the municipality Oberrohrdorf
4037,Oberrohrdorf,1720,1995-09-30,Initial recording of the municipality Oberrohrdorf
4037,Oberrohrdorf,1708,1994-09-30,Initial recording of the municipality Oberrohrdorf
4037,Oberrohrdorf,1644,1993-09-30,Initial recording of the municipality Oberrohrdorf
4037,Oberrohrdorf,1638,1992-09-30,Initial recording of the municipality Oberrohrdorf
4037,Oberrohrdorf,1621,1991-09-30,Initial recording of the municipality Oberrohrdorf
4037,Oberrohrdorf,1584,1990-09-30,Initial recording of the municipality Oberrohrdorf
4037,Oberrohrdorf,1520,1989-09-30,Initial recording of the municipality Oberrohrdorf
4037,Oberrohrdorf,1493,1988-09-30,Initial recording of the municipality Oberrohrdorf
4037,Oberrohrdorf,1387,1987-09-30,Initial recording of the municipality Oberrohrdorf
4037,Oberrohrdorf,1339,1986-09-30,Initial recording of the municipality Oberrohrdorf
4037,Oberrohrdorf,1318,1985-09-30,Initial recording of the municipality Oberrohrdorf
4037,Oberrohrdorf,1293,1984-09-30,Initial recording of the municipality Oberrohrdorf
4037,Oberrohrdorf,1223,1983-09-30,Initial recording of the municipality Oberrohrdorf
4037,Oberrohrdorf,1188,1982-09-30,Initial recording of the municipality Oberrohrdorf
4037,Oberrohrdorf,1178,1981-09-30,Initial recording of the municipality Oberrohrdorf
4037,Oberrohrdorf,1121,1980-09-30,Initial recording of the municipality Oberrohrdorf
4037,Oberrohrdorf,1097,1979-09-30,Initial recording of the municipality Oberrohrdorf
4037,Oberrohrdorf,1020,1978-09-30,Initial recording of the municipality Oberrohrdorf
4037,Oberrohrdorf,940,1977-09-30,Initial recording of the municipality Oberrohrdorf
4037,Oberrohrdorf,884,1976-09-30,Initial recording of the municipality Oberrohrdorf
4237,Oberrüti,893,2025-09-30,Initial recording of the municipality Oberrüti
4237,Oberrüti,896,2024-09-30,Initial recording of the municipality Oberrüti
4237,Oberrüti,896,2023-09-30,Initial recording of the municipality Oberrüti
4237,Oberrüti,892,2022-09-30,Initial recording of the municipality Oberrüti
4237,Oberrüti,883,2021-09-30,Initial recording of the municipality Oberrüti
4237,Oberrüti,860,2020-09-30,Initial recording of the municipality Oberrüti
4237,Oberrüti,850,2019-09-30,Initial recording of the municipality Oberrüti
4237,Oberrüti,865,2018-09-30,Initial recording of the municipality Oberrüti
4237,Oberrüti,851,2017-09-30,Initial recording of the municipality Oberrüti
4237,Oberrüti,837,2016-09-30,Initial recording of the municipality Oberrüti
4237,Oberrüti,812,2015-09-30,Initial recording of the municipality Oberrüti
4237,Oberrüti,762,2014-09-30,Initial recording of the municipality Oberrüti
4237,Oberrüti,738,2013-09-30,Initial recording of the municipality Oberrüti
4237,Oberrüti,716,2012-09-30,Initial recording of the municipality Oberrüti
4237,Oberrüti,690,2011-09-30,Initial recording of the municipality Oberrüti
4237,Oberrüti,653,2010-09-30,Initial recording of the municipality Oberrüti
4237,Oberrüti,629,2009-09-30,Initial recording of the municipality Oberrüti
4237,Oberrüti,613,2008-09-30,Initial recording of the municipality Oberrüti
4237,Oberrüti,603,2007-09-30,Initial recording of the municipality Oberrüti
4237,Oberrüti,612,2006-09-30,Initial recording of the municipality Oberrüti
4237,Oberrüti,607,2005-09-30,Initial recording of the municipality Oberrüti
4237,Oberrüti,594,2004-09-30,Initial recording of the municipality Oberrüti
4237,Oberrüti,583,2003-09-30,Initial recording of the municipality Oberrüti
4237,Oberrüti,557,2002-09-30,Initial recording of the municipality Oberrüti
4237,Oberrüti,522,2001-09-30,Initial recording of the municipality Oberrüti
4237,Oberrüti,501,2000-09-30,Initial recording of the municipality Oberrüti
4237,Oberrüti,469,1999-09-30,Initial recording of the municipality Oberrüti
4237,Oberrüti,446,1998-09-30,Initial recording of the municipality Oberrüti
4237,Oberrüti,418,1997-09-30,Initial recording of the municipality Oberrüti
4237,Oberrüti,400,1996-09-30,Initial recording of the municipality Oberrüti
4237,Oberrüti,386,1995-09-30,Initial recording of the municipality Oberrüti
4237,Oberrüti,366,1994-09-30,Initial recording of the municipality Oberrüti
4237,Oberrüti,323,1993-09-30,Initial recording of the municipality Oberrüti
4237,Oberrüti,297,1992-09-30,Initial recording of the municipality Oberrüti
4237,Oberrüti,290,1991-09-30,Initial recording of the municipality Oberrüti
4237,Oberrüti,292,1990-09-30,Initial recording of the municipality Oberrüti
4237,Oberrüti,288,1989-09-30,Initial recording of the municipality Oberrüti
4237,Oberrüti,264,1988-09-30,Initial recording of the municipality Oberrüti
4237,Oberrüti,237,1987-09-30,Initial recording of the municipality Oberrüti
4237,Oberrüti,230,1986-09-30,Initial recording of the municipality Oberrüti
4237,Oberrüti,221,1985-09-30,Initial recording of the municipality Oberrüti
4237,Oberrüti,217,1984-09-30,Initial recording of the municipality Oberrüti
4237,Oberrüti,186,1983-09-30,Initial recording of the municipality Oberrüti
4237,Oberrüti,173,1982-09-30,Initial recording of the municipality Oberrüti
4237,Oberrüti,177,1981-09-30,Initial recording of the municipality Oberrüti
4237,Oberrüti,156,1980-09-30,Initial recording of the municipality Oberrüti
4237,Oberrüti,150,1979-09-30,Initial recording of the municipality Oberrüti
4237,Oberrüti,134,1978-09-30,Initial recording of the municipality Oberrüti
4237,Oberrüti,129,1977-09-30,Initial recording of the municipality Oberrüti
4237,Oberrüti,112,1976-09-30,Initial recording of the municipality Oberrüti
4038,Obersiggenthal,4253,2025-09-30,Initial recording of the municipality Obersiggenthal
4038,Obersiggenthal,4289,2024-09-30,Initial recording of the municipality Obersiggenthal
4038,Obersiggenthal,4263,2023-09-30,Initial recording of the municipality Obersiggenthal
4038,Obersiggenthal,4240,2022-09-30,Initial recording of the municipality Obersiggenthal
4038,Obersiggenthal,4335,2021-09-30,Initial recording of the municipality Obersiggenthal
4038,Obersiggenthal,4291,2020-09-30,Initial recording of the municipality Obersiggenthal
4038,Obersiggenthal,4263,2019-09-30,Initial recording of the municipality Obersiggenthal
4038,Obersiggenthal,4308,2018-09-30,Initial recording of the municipality Obersiggenthal
4038,Obersiggenthal,4350,2017-09-30,Initial recording of the municipality Obersiggenthal
4038,Obersiggenthal,4371,2016-09-30,Initial recording of the municipality Obersiggenthal
4038,Obersiggenthal,4334,2015-09-30,Initial recording of the municipality Obersiggenthal
4038,Obersiggenthal,4313,2014-09-30,Initial recording of the municipality Obersiggenthal
4038,Obersiggenthal,4252,2013-09-30,Initial recording of the municipality Obersiggenthal
4038,Obersiggenthal,4178,2012-09-30,Initial recording of the municipality Obersiggenthal
4038,Obersiggenthal,4055,2011-09-30,Initial recording of the municipality Obersiggenthal
4038,Obersiggenthal,3995,2010-09-30,Initial recording of the municipality Obersiggenthal
4038,Obersiggenthal,3985,2009-09-30,Initial recording of the municipality Obersiggenthal
4038,Obersiggenthal,3944,2008-09-30,Initial recording of the municipality Obersiggenthal
4038,Obersiggenthal,4000,2007-09-30,Initial recording of the municipality Obersiggenthal
4038,Obersiggenthal,3987,2006-09-30,Initial recording of the municipality Obersiggenthal
4038,Obersiggenthal,3980,2005-09-30,Initial recording of the municipality Obersiggenthal
4038,Obersiggenthal,3918,2004-09-30,Initial recording of the municipality Obersiggenthal
4038,Obersiggenthal,3898,2003-09-30,Initial recording of the municipality Obersiggenthal
4038,Obersiggenthal,3805,2002-09-30,Initial recording of the municipality Obersiggenthal
4038,Obersiggenthal,3692,2001-09-30,Initial recording of the municipality Obersiggenthal
4038,Obersiggenthal,3607,2000-09-30,Initial recording of the municipality Obersiggenthal
4038,Obersiggenthal,3515,1999-09-30,Initial recording of the municipality Obersiggenthal
4038,Obersiggenthal,3518,1998-09-30,Initial recording of the municipality Obersiggenthal
4038,Obersiggenthal,3488,1997-09-30,Initial recording of the municipality Obersiggenthal
4038,Obersiggenthal,3520,1996-09-30,Initial recording of the municipality Obersiggenthal
4038,Obersiggenthal,3451,1995-09-30,Initial recording of the municipality Obersiggenthal
4038,Obersiggenthal,3445,1994-09-30,Initial recording of the municipality Obersiggenthal
4038,Obersiggenthal,3402,1993-09-30,Initial recording of the municipality Obersiggenthal
4038,Obersiggenthal,3385,1992-09-30,Initial recording of the municipality Obersiggenthal
4038,Obersiggenthal,3357,1991-09-30,Initial recording of the municipality Obersiggenthal
4038,Obersiggenthal,3308,1990-09-30,Initial recording of the municipality Obersiggenthal
4038,Obersiggenthal,3225,1989-09-30,Initial recording of the municipality Obersiggenthal
4038,Obersiggenthal,3156,1988-09-30,Initial recording of the municipality Obersiggenthal
4038,Obersiggenthal,3126,1987-09-30,Initial recording of the municipality Obersiggenthal
4038,Obersiggenthal,3099,1986-09-30,Initial recording of the municipality Obersiggenthal
4038,Obersiggenthal,3001,1985-09-30,Initial recording of the municipality Obersiggenthal
4038,Obersiggenthal,2962,1984-09-30,Initial recording of the municipality Obersiggenthal
4038,Obersiggenthal,2906,1983-09-30,Initial recording of the municipality Obersiggenthal
4038,Obersiggenthal,2824,1982-09-30,Initial recording of the municipality Obersiggenthal
4038,Obersiggenthal,2726,1981-09-30,Initial recording of the municipality Obersiggenthal
4038,Obersiggenthal,2639,1980-09-30,Initial recording of the municipality Obersiggenthal
4038,Obersiggenthal,2606,1979-09-30,Initial recording of the municipality Obersiggenthal
4038,Obersiggenthal,2517,1978-09-30,Initial recording of the municipality Obersiggenthal
4038,Obersiggenthal,2364,1977-09-30,Initial recording of the municipality Obersiggenthal
4038,Obersiggenthal,2348,1976-09-30,Initial recording of the municipality Obersiggenthal
4074,Oberwil-Lieli,1653,2025-09-30,Name change from Oberwil (AG) to Oberwil-Lieli
4074,Oberwil-Lieli,1655,2024-09-30,Name change from Oberwil (AG) to Oberwil-Lieli
4074,Oberwil-Lieli,1650,2023-09-30,Name change from Oberwil (AG) to Oberwil-Lieli
4074,Oberwil-Lieli,1623,2022-09-30,Name change from Oberwil (AG) to Oberwil-Lieli
4074,Oberwil-Lieli,1588,2021-09-30,Name change from Oberwil (AG) to Oberwil-Lieli
4074,Oberwil-Lieli,1572,2020-09-30,Name change from Oberwil (AG) to Oberwil-Lieli
4074,Oberwil-Lieli,1521,2019-09-30,Name change from Oberwil (AG) to Oberwil-Lieli
4074,Oberwil-Lieli,1485,2018-09-30,Name change from Oberwil (AG) to Oberwil-Lieli
4074,Oberwil-Lieli,1467,2017-09-30,Name change from Oberwil (AG) to Oberwil-Lieli
4074,Oberwil-Lieli,1422,2016-09-30,Name change from Oberwil (AG) to Oberwil-Lieli
4074,Oberwil-Lieli,1356,2015-09-30,Name change from Oberwil (AG) to Oberwil-Lieli
4074,Oberwil-Lieli,1361,2014-09-30,Name change from Oberwil (AG) to Oberwil-Lieli
4074,Oberwil-Lieli,1333,2013-09-30,Name change from Oberwil (AG) to Oberwil-Lieli
4074,Oberwil-Lieli,1320,2012-09-30,Name change from Oberwil (AG) to Oberwil-Lieli
4074,Oberwil-Lieli,1286,2011-09-30,Name change from Oberwil (AG) to Oberwil-Lieli
4074,Oberwil-Lieli,1309,2010-09-30,Name change from Oberwil (AG) to Oberwil-Lieli
4074,Oberwil-Lieli,1263,2009-09-30,Name change from Oberwil (AG) to Oberwil-Lieli
4074,Oberwil-Lieli,1266,2008-09-30,Name change from Oberwil (AG) to Oberwil-Lieli
4074,Oberwil-Lieli,1231,2007-09-30,Name change from Oberwil (AG) to Oberwil-Lieli
4074,Oberwil-Lieli,1148,2006-09-30,Name change from Oberwil (AG) to Oberwil-Lieli
4074,Oberwil-Lieli,1118,2005-09-30,Name change from Oberwil (AG) to Oberwil-Lieli
4074,Oberwil-Lieli,1125,2004-09-30,Name change from Oberwil (AG) to Oberwil-Lieli
4074,Oberwil-Lieli,1111,2003-09-30,Name change from Oberwil (AG) to Oberwil-Lieli
4074,Oberwil-Lieli,1064,2002-09-30,Name change from Oberwil (AG) to Oberwil-Lieli
4074,Oberwil-Lieli,1028,2001-09-30,Name change from Oberwil (AG) to Oberwil-Lieli
4074,Oberwil-Lieli,983,2000-09-30,Name change from Oberwil (AG) to Oberwil-Lieli
4074,Oberwil-Lieli,970,1999-09-30,Name change from Oberwil (AG) to Oberwil-Lieli
4074,Oberwil-Lieli,907,1998-09-30,Name change from Oberwil (AG) to Oberwil-Lieli
4074,Oberwil-Lieli,885,1997-09-30,Name change from Oberwil (AG) to Oberwil-Lieli
4074,Oberwil-Lieli,894,1996-09-30,Name change from Oberwil (AG) to Oberwil-Lieli
4074,Oberwil-Lieli,883,1995-09-30,Name change from Oberwil (AG) to Oberwil-Lieli
4074,Oberwil-Lieli,865,1994-09-30,Name change from Oberwil (AG) to Oberwil-Lieli
4074,Oberwil-Lieli,844,1993-09-30,Name change from Oberwil (AG) to Oberwil-Lieli
4074,Oberwil-Lieli,858,1992-09-30,Name change from Oberwil (AG) to Oberwil-Lieli
4074,Oberwil-Lieli,867,1991-09-30,Name change from Oberwil (AG) to Oberwil-Lieli
4074,Oberwil-Lieli,854,1990-09-30,Name change from Oberwil (AG) to Oberwil-Lieli
4074,Oberwil-Lieli,765,1989-09-30,Name change from Oberwil (AG) to Oberwil-Lieli
4074,Oberwil-Lieli,754,1988-09-30,Name change from Oberwil (AG) to Oberwil-Lieli
4074,Oberwil-Lieli,735,1987-09-30,Name change from Oberwil (AG) to Oberwil-Lieli
4074,Oberwil-Lieli,704,1986-09-30,Name change from Oberwil (AG) to Oberwil-Lieli
4074,Oberwil-Lieli,675,1985-09-30,Name change from Oberwil (AG) to Oberwil-Lieli
4074,Oberwil-Lieli,660,1984-09-30,Name change from Oberwil (AG) to Oberwil-Lieli
4074,Oberwil-Lieli,627,1983-09-30,Initial recording of the municipality Oberwil (AG)
4074,Oberwil-Lieli,594,1982-09-30,Initial recording of the municipality Oberwil (AG)
4074,Oberwil-Lieli,506,1981-09-30,Initial recording of the municipality Oberwil (AG)
4074,Oberwil-Lieli,491,1980-09-30,Initial recording of the municipality Oberwil (AG)
4074,Oberwil-Lieli,426,1979-09-30,Initial recording of the municipality Oberwil (AG)
4074,Oberwil-Lieli,384,1978-09-30,Initial recording of the municipality Oberwil (AG)
4074,Oberwil-Lieli,361,1977-09-30,Initial recording of the municipality Oberwil (AG)
4074,Oberwil-Lieli,327,1976-09-30,Initial recording of the municipality Oberwil (AG)
4175,Oeschgen,792,2025-09-30,Initial recording of the municipality Oeschgen
4175,Oeschgen,810,2024-09-30,Initial recording of the municipality Oeschgen
4175,Oeschgen,796,2023-09-30,Initial recording of the municipality Oeschgen
4175,Oeschgen,790,2022-09-30,Initial recording of the municipality Oeschgen
4175,Oeschgen,740,2021-09-30,Initial recording of the municipality Oeschgen
4175,Oeschgen,712,2020-09-30,Initial recording of the municipality Oeschgen
4175,Oeschgen,690,2019-09-30,Initial recording of the municipality Oeschgen
4175,Oeschgen,676,2018-09-30,Initial recording of the municipality Oeschgen
4175,Oeschgen,661,2017-09-30,Initial recording of the municipality Oeschgen
4175,Oeschgen,639,2016-09-30,Initial recording of the municipality Oeschgen
4175,Oeschgen,626,2015-09-30,Initial recording of the municipality Oeschgen
4175,Oeschgen,604,2014-09-30,Initial recording of the municipality Oeschgen
4175,Oeschgen,581,2013-09-30,Initial recording of the municipality Oeschgen
4175,Oeschgen,556,2012-09-30,Initial recording of the municipality Oeschgen
4175,Oeschgen,536,2011-09-30,Initial recording of the municipality Oeschgen
4175,Oeschgen,527,2010-09-30,Initial recording of the municipality Oeschgen
4175,Oeschgen,502,2009-09-30,Initial recording of the municipality Oeschgen
4175,Oeschgen,491,2008-09-30,Initial recording of the municipality Oeschgen
4175,Oeschgen,486,2007-09-30,Initial recording of the municipality Oeschgen
4175,Oeschgen,465,2006-09-30,Initial recording of the municipality Oeschgen
4175,Oeschgen,470,2005-09-30,Initial recording of the municipality Oeschgen
4175,Oeschgen,442,2004-09-30,Initial recording of the municipality Oeschgen
4175,Oeschgen,451,2003-09-30,Initial recording of the municipality Oeschgen
4175,Oeschgen,434,2002-09-30,Initial recording of the municipality Oeschgen
4175,Oeschgen,425,2001-09-30,Initial recording of the municipality Oeschgen
4175,Oeschgen,424,2000-09-30,Initial recording of the municipality Oeschgen
4175,Oeschgen,398,1999-09-30,Initial recording of the municipality Oeschgen
4175,Oeschgen,387,1998-09-30,Initial recording of the municipality Oeschgen
4175,Oeschgen,365,1997-09-30,Initial recording of the municipality Oeschgen
4175,Oeschgen,357,1996-09-30,Initial recording of the municipality Oeschgen
4175,Oeschgen,351,1995-09-30,Initial recording of the municipality Oeschgen
4175,Oeschgen,355,1994-09-30,Initial recording of the municipality Oeschgen
4175,Oeschgen,359,1993-09-30,Initial recording of the municipality Oeschgen
4175,Oeschgen,323,1992-09-30,Initial recording of the municipality Oeschgen
4175,Oeschgen,326,1991-09-30,Initial recording of the municipality Oeschgen
4175,Oeschgen,302,1990-09-30,Initial recording of the municipality Oeschgen
4175,Oeschgen,303,1989-09-30,Initial recording of the municipality Oeschgen
4175,Oeschgen,296,1988-09-30,Initial recording of the municipality Oeschgen
4175,Oeschgen,276,1987-09-30,Initial recording of the municipality Oeschgen
4175,Oeschgen,268,1986-09-30,Initial recording of the municipality Oeschgen
4175,Oeschgen,249,1985-09-30,Initial recording of the municipality Oeschgen
4175,Oeschgen,226,1984-09-30,Initial recording of the municipality Oeschgen
4175,Oeschgen,219,1983-09-30,Initial recording of the municipality Oeschgen
4175,Oeschgen,211,1982-09-30,Initial recording of the municipality Oeschgen
4175,Oeschgen,199,1981-09-30,Initial recording of the municipality Oeschgen
4175,Oeschgen,200,1980-09-30,Initial recording of the municipality Oeschgen
4175,Oeschgen,189,1979-09-30,Initial recording of the municipality Oeschgen
4175,Oeschgen,176,1978-09-30,Initial recording of the municipality Oeschgen
4175,Oeschgen,166,1977-09-30,Initial recording of the municipality Oeschgen
4175,Oeschgen,150,1976-09-30,Initial recording of the municipality Oeschgen
4280,Oftringen,9232,2025-09-30,Initial recording of the municipality Oftringen
4280,Oftringen,9164,2024-09-30,Initial recording of the municipality Oftringen
4280,Oftringen,9045,2023-09-30,Initial recording of the municipality Oftringen
4280,Oftringen,8918,2022-09-30,Initial recording of the municipality Oftringen
4280,Oftringen,8717,2021-09-30,Initial recording of the municipality Oftringen
4280,Oftringen,8569,2020-09-30,Initial recording of the municipality Oftringen
4280,Oftringen,8465,2019-09-30,Initial recording of the municipality Oftringen
4280,Oftringen,8299,2018-09-30,Initial recording of the municipality Oftringen
4280,Oftringen,8233,2017-09-30,Initial recording of the municipality Oftringen
4280,Oftringen,8146,2016-09-30,Initial recording of the municipality Oftringen
4280,Oftringen,7962,2015-09-30,Initial recording of the municipality Oftringen
4280,Oftringen,7930,2014-09-30,Initial recording of the municipality Oftringen
4280,Oftringen,7804,2013-09-30,Initial recording of the municipality Oftringen
4280,Oftringen,7489,2012-09-30,Initial recording of the municipality Oftringen
4280,Oftringen,7052,2011-09-30,Initial recording of the municipality Oftringen
4280,Oftringen,6787,2010-09-30,Initial recording of the municipality Oftringen
4280,Oftringen,6591,2009-09-30,Initial recording of the municipality Oftringen
4280,Oftringen,6335,2008-09-30,Initial recording of the municipality Oftringen
4280,Oftringen,6101,2007-09-30,Initial recording of the municipality Oftringen
4280,Oftringen,5935,2006-09-30,Initial recording of the municipality Oftringen
4280,Oftringen,5821,2005-09-30,Initial recording of the municipality Oftringen
4280,Oftringen,5637,2004-09-30,Initial recording of the municipality Oftringen
4280,Oftringen,5501,2003-09-30,Initial recording of the municipality Oftringen
4280,Oftringen,5362,2002-09-30,Initial recording of the municipality Oftringen
4280,Oftringen,5238,2001-09-30,Initial recording of the municipality Oftringen
4280,Oftringen,5093,2000-09-30,Initial recording of the municipality Oftringen
4280,Oftringen,4999,1999-09-30,Initial recording of the municipality Oftringen
4280,Oftringen,4859,1998-09-30,Initial recording of the municipality Oftringen
4280,Oftringen,4704,1997-09-30,Initial recording of the municipality Oftringen
4280,Oftringen,4699,1996-09-30,Initial recording of the municipality Oftringen
4280,Oftringen,4594,1995-09-30,Initial recording of the municipality Oftringen
4280,Oftringen,4441,1994-09-30,Initial recording of the municipality Oftringen
4280,Oftringen,4387,1993-09-30,Initial recording of the municipality Oftringen
4280,Oftringen,4177,1992-09-30,Initial recording of the municipality Oftringen
4280,Oftringen,4030,1991-09-30,Initial recording of the municipality Oftringen
4280,Oftringen,3887,1990-09-30,Initial recording of the municipality Oftringen
4280,Oftringen,3726,1989-09-30,Initial recording of the municipality Oftringen
4280,Oftringen,3602,1988-09-30,Initial recording of the municipality Oftringen
4280,Oftringen,3473,1987-09-30,Initial recording of the municipality Oftringen
4280,Oftringen,3357,1986-09-30,Initial recording of the municipality Oftringen
4280,Oftringen,3195,1985-09-30,Initial recording of the municipality Oftringen
4280,Oftringen,3140,1984-09-30,Initial recording of the municipality Oftringen
4280,Oftringen,3028,1983-09-30,Initial recording of the municipality Oftringen
4280,Oftringen,2953,1982-09-30,Initial recording of the municipality Oftringen
4280,Oftringen,2817,1981-09-30,Initial recording of the municipality Oftringen
4280,Oftringen,2703,1980-09-30,Initial recording of the municipality Oftringen
4280,Oftringen,2574,1979-09-30,Initial recording of the municipality Oftringen
4280,Oftringen,2443,1978-09-30,Initial recording of the municipality Oftringen
4280,Oftringen,2345,1977-09-30,Initial recording of the municipality Oftringen
4280,Oftringen,2333,1976-09-30,Initial recording of the municipality Oftringen
4257,Olsberg,263,2025-09-30,Initial recording of the municipality Olsberg
4257,Olsberg,267,2024-09-30,Initial recording of the municipality Olsberg
4257,Olsberg,273,2023-09-30,Initial recording of the municipality Olsberg
4257,Olsberg,266,2022-09-30,Initial recording of the municipality Olsberg
4257,Olsberg,256,2021-09-30,Initial recording of the municipality Olsberg
4257,Olsberg,264,2020-09-30,Initial recording of the municipality Olsberg
4257,Olsberg,262,2019-09-30,Initial recording of the municipality Olsberg
4257,Olsberg,259,2018-09-30,Initial recording of the municipality Olsberg
4257,Olsberg,260,2017-09-30,Initial recording of the municipality Olsberg
4257,Olsberg,271,2016-09-30,Initial recording of the municipality Olsberg
4257,Olsberg,281,2015-09-30,Initial recording of the municipality Olsberg
4257,Olsberg,280,2014-09-30,Initial recording of the municipality Olsberg
4257,Olsberg,272,2013-09-30,Initial recording of the municipality Olsberg
4257,Olsberg,271,2012-09-30,Initial recording of the municipality Olsberg
4257,Olsberg,269,2011-09-30,Initial recording of the municipality Olsberg
4257,Olsberg,266,2010-09-30,Initial recording of the municipality Olsberg
4257,Olsberg,245,2009-09-30,Initial recording of the municipality Olsberg
4257,Olsberg,244,2008-09-30,Initial recording of the municipality Olsberg
4257,Olsberg,231,2007-09-30,Initial recording of the municipality Olsberg
4257,Olsberg,225,2006-09-30,Initial recording of the municipality Olsberg
4257,Olsberg,231,2005-09-30,Initial recording of the municipality Olsberg
4257,Olsberg,220,2004-09-30,Initial recording of the municipality Olsberg
4257,Olsberg,199,2003-09-30,Initial recording of the municipality Olsberg
4257,Olsberg,191,2002-09-30,Initial recording of the municipality Olsberg
4257,Olsberg,198,2001-09-30,Initial recording of the municipality Olsberg
4257,Olsberg,198,2000-09-30,Initial recording of the municipality Olsberg
4257,Olsberg,187,1999-09-30,Initial recording of the municipality Olsberg
4257,Olsberg,183,1998-09-30,Initial recording of the municipality Olsberg
4257,Olsberg,168,1997-09-30,Initial recording of the municipality Olsberg
4257,Olsberg,159,1996-09-30,Initial recording of the municipality Olsberg
4257,Olsberg,158,1995-09-30,Initial recording of the municipality Olsberg
4257,Olsberg,149,1994-09-30,Initial recording of the municipality Olsberg
4257,Olsberg,147,1993-09-30,Initial recording of the municipality Olsberg
4257,Olsberg,150,1992-09-30,Initial recording of the municipality Olsberg
4257,Olsberg,140,1991-09-30,Initial recording of the municipality Olsberg
4257,Olsberg,132,1990-09-30,Initial recording of the municipality Olsberg
4257,Olsberg,136,1989-09-30,Initial recording of the municipality Olsberg
4257,Olsberg,124,1988-09-30,Initial recording of the municipality Olsberg
4257,Olsberg,116,1987-09-30,Initial recording of the municipality Olsberg
4257,Olsberg,124,1986-09-30,Initial recording of the municipality Olsberg
4257,Olsberg,123,1985-09-30,Initial recording of the municipality Olsberg
4257,Olsberg,122,1984-09-30,Initial recording of the municipality Olsberg
4257,Olsberg,117,1983-09-30,Initial recording of the municipality Olsberg
4257,Olsberg,112,1982-09-30,Initial recording of the municipality Olsberg
4257,Olsberg,101,1981-09-30,Initial recording of the municipality Olsberg
4257,Olsberg,85,1980-09-30,Initial recording of the municipality Olsberg
4257,Olsberg,83,1979-09-30,Initial recording of the municipality Olsberg
4257,Olsberg,84,1978-09-30,Initial recording of the municipality Olsberg
4257,Olsberg,76,1977-09-30,Initial recording of the municipality Olsberg
4257,Olsberg,75,1976-09-30,Initial recording of the municipality Olsberg
4205,Othmarsingen,2063,2025-09-30,Initial recording of the municipality Othmarsingen
4205,Othmarsingen,2018,2024-09-30,Initial recording of the municipality Othmarsingen
4205,Othmarsingen,1998,2023-09-30,Initial recording of the municipality Othmarsingen
4205,Othmarsingen,1971,2022-09-30,Initial recording of the municipality Othmarsingen
4205,Othmarsingen,1946,2021-09-30,Initial recording of the municipality Othmarsingen
4205,Othmarsingen,1940,2020-09-30,Initial recording of the municipality Othmarsingen
4205,Othmarsingen,1877,2019-09-30,Initial recording of the municipality Othmarsingen
4205,Othmarsingen,1845,2018-09-30,Initial recording of the municipality Othmarsingen
4205,Othmarsingen,1770,2017-09-30,Initial recording of the municipality Othmarsingen
4205,Othmarsingen,1750,2016-09-30,Initial recording of the municipality Othmarsingen
4205,Othmarsingen,1729,2015-09-30,Initial recording of the municipality Othmarsingen
4205,Othmarsingen,1633,2014-09-30,Initial recording of the municipality Othmarsingen
4205,Othmarsingen,1570,2013-09-30,Initial recording of the municipality Othmarsingen
4205,Othmarsingen,1499,2012-09-30,Initial recording of the municipality Othmarsingen
4205,Othmarsingen,1427,2011-09-30,Initial recording of the municipality Othmarsingen
4205,Othmarsingen,1383,2010-09-30,Initial recording of the municipality Othmarsingen
4205,Othmarsingen,1373,2009-09-30,Initial recording of the municipality Othmarsingen
4205,Othmarsingen,1358,2008-09-30,Initial recording of the municipality Othmarsingen
4205,Othmarsingen,1273,2007-09-30,Initial recording of the municipality Othmarsingen
4205,Othmarsingen,1257,2006-09-30,Initial recording of the municipality Othmarsingen
4205,Othmarsingen,1251,2005-09-30,Initial recording of the municipality Othmarsingen
4205,Othmarsingen,1211,2004-09-30,Initial recording of the municipality Othmarsingen
4205,Othmarsingen,1185,2003-09-30,Initial recording of the municipality Othmarsingen
4205,Othmarsingen,1164,2002-09-30,Initial recording of the municipality Othmarsingen
4205,Othmarsingen,1151,2001-09-30,Initial recording of the municipality Othmarsingen
4205,Othmarsingen,1142,2000-09-30,Initial recording of the municipality Othmarsingen
4205,Othmarsingen,1133,1999-09-30,Initial recording of the municipality Othmarsingen
4205,Othmarsingen,1071,1998-09-30,Initial recording of the municipality Othmarsingen
4205,Othmarsingen,1035,1997-09-30,Initial recording of the municipality Othmarsingen
4205,Othmarsingen,1002,1996-09-30,Initial recording of the municipality Othmarsingen
4205,Othmarsingen,1001,1995-09-30,Initial recording of the municipality Othmarsingen
4205,Othmarsingen,954,1994-09-30,Initial recording of the municipality Othmarsingen
4205,Othmarsingen,945,1993-09-30,Initial recording of the municipality Othmarsingen
4205,Othmarsingen,933,1992-09-30,Initial recording of the municipality Othmarsingen
4205,Othmarsingen,928,1991-09-30,Initial recording of the municipality Othmarsingen
4205,Othmarsingen,895,1990-09-30,Initial recording of the municipality Othmarsingen
4205,Othmarsingen,844,1989-09-30,Initial recording of the municipality Othmarsingen
4205,Othmarsingen,772,1988-09-30,Initial recording of the municipality Othmarsingen
4205,Othmarsingen,736,1987-09-30,Initial recording of the municipality Othmarsingen
4205,Othmarsingen,700,1986-09-30,Initial recording of the municipality Othmarsingen
4205,Othmarsingen,693,1985-09-30,Initial recording of the municipality Othmarsingen
4205,Othmarsingen,660,1984-09-30,Initial recording of the municipality Othmarsingen
4205,Othmarsingen,651,1983-09-30,Initial recording of the municipality Othmarsingen
4205,Othmarsingen,648,1982-09-30,Initial recording of the municipality Othmarsingen
4205,Othmarsingen,622,1981-09-30,Initial recording of the municipality Othmarsingen
4205,Othmarsingen,585,1980-09-30,Initial recording of the municipality Othmarsingen
4205,Othmarsingen,571,1979-09-30,Initial recording of the municipality Othmarsingen
4205,Othmarsingen,538,1978-09-30,Initial recording of the municipality Othmarsingen
4205,Othmarsingen,511,1977-09-30,Initial recording of the municipality Othmarsingen
4205,Othmarsingen,491,1976-09-30,Initial recording of the municipality Othmarsingen
4141,Reinach (AG),5882,2025-09-30,Initial recording of the municipality Reinach (AG)
4141,Reinach (AG),5698,2024-09-30,Initial recording of the municipality Reinach (AG)
4141,Reinach (AG),5554,2023-09-30,Initial recording of the municipality Reinach (AG)
4141,Reinach (AG),5396,2022-09-30,Initial recording of the municipality Reinach (AG)
4141,Reinach (AG),5298,2021-09-30,Initial recording of the municipality Reinach (AG)
4141,Reinach (AG),5191,2020-09-30,Initial recording of the municipality Reinach (AG)
4141,Reinach (AG),5132,2019-09-30,Initial recording of the municipality Reinach (AG)
4141,Reinach (AG),5085,2018-09-30,Initial recording of the municipality Reinach (AG)
4141,Reinach (AG),4948,2017-09-30,Initial recording of the municipality Reinach (AG)
4141,Reinach (AG),4770,2016-09-30,Initial recording of the municipality Reinach (AG)
4141,Reinach (AG),4673,2015-09-30,Initial recording of the municipality Reinach (AG)
4141,Reinach (AG),4670,2014-09-30,Initial recording of the municipality Reinach (AG)
4141,Reinach (AG),4669,2013-09-30,Initial recording of the municipality Reinach (AG)
4141,Reinach (AG),4570,2012-09-30,Initial recording of the municipality Reinach (AG)
4141,Reinach (AG),4526,2011-09-30,Initial recording of the municipality Reinach (AG)
4141,Reinach (AG),4409,2010-09-30,Initial recording of the municipality Reinach (AG)
4141,Reinach (AG),4318,2009-09-30,Initial recording of the municipality Reinach (AG)
4141,Reinach (AG),4297,2008-09-30,Initial recording of the municipality Reinach (AG)
4141,Reinach (AG),4236,2007-09-30,Initial recording of the municipality Reinach (AG)
4141,Reinach (AG),4193,2006-09-30,Initial recording of the municipality Reinach (AG)
4141,Reinach (AG),4089,2005-09-30,Initial recording of the municipality Reinach (AG)
4141,Reinach (AG),4082,2004-09-30,Initial recording of the municipality Reinach (AG)
4141,Reinach (AG),4010,2003-09-30,Initial recording of the municipality Reinach (AG)
4141,Reinach (AG),3897,2002-09-30,Initial recording of the municipality Reinach (AG)
4141,Reinach (AG),3824,2001-09-30,Initial recording of the municipality Reinach (AG)
4141,Reinach (AG),3727,2000-09-30,Initial recording of the municipality Reinach (AG)
4141,Reinach (AG),3711,1999-09-30,Initial recording of the municipality Reinach (AG)
4141,Reinach (AG),3595,1998-09-30,Initial recording of the municipality Reinach (AG)
4141,Reinach (AG),3503,1997-09-30,Initial recording of the municipality Reinach (AG)
4141,Reinach (AG),3407,1996-09-30,Initial recording of the municipality Reinach (AG)
4141,Reinach (AG),3389,1995-09-30,Initial recording of the municipality Reinach (AG)
4141,Reinach (AG),3370,1994-09-30,Initial recording of the municipality Reinach (AG)
4141,Reinach (AG),3288,1993-09-30,Initial recording of the municipality Reinach (AG)
4141,Reinach (AG),3271,1992-09-30,Initial recording of the municipality Reinach (AG)
4141,Reinach (AG),3215,1991-09-30,Initial recording of the municipality Reinach (AG)
4141,Reinach (AG),3084,1990-09-30,Initial recording of the municipality Reinach (AG)
4141,Reinach (AG),2992,1989-09-30,Initial recording of the municipality Reinach (AG)
4141,Reinach (AG),2843,1988-09-30,Initial recording of the municipality Reinach (AG)
4141,Reinach (AG),2683,1987-09-30,Initial recording of the municipality Reinach (AG)
4141,Reinach (AG),2605,1986-09-30,Initial recording of the municipality Reinach (AG)
4141,Reinach (AG),2512,1985-09-30,Initial recording of the municipality Reinach (AG)
4141,Reinach (AG),2421,1984-09-30,Initial recording of the municipality Reinach (AG)
4141,Reinach (AG),2277,1983-09-30,Initial recording of the municipality Reinach (AG)
4141,Reinach (AG),2231,1982-09-30,Initial recording of the municipality Reinach (AG)
4141,Reinach (AG),2151,1981-09-30,Initial recording of the municipality Reinach (AG)
4141,Reinach (AG),2064,1980-09-30,Initial recording of the municipality Reinach (AG)
4141,Reinach (AG),1953,1979-09-30,Initial recording of the municipality Reinach (AG)
4141,Reinach (AG),1911,1978-09-30,Initial recording of the municipality Reinach (AG)
4141,Reinach (AG),1817,1977-09-30,Initial recording of the municipality Reinach (AG)
4141,Reinach (AG),1764,1976-09-30,Initial recording of the municipality Reinach (AG)
4281,Reitnau,1130,2025-09-30,Incorporation of Attelwil into Reitnau
4281,Reitnau,1107,2024-09-30,Incorporation of Attelwil into Reitnau
4281,Reitnau,1097,2023-09-30,Incorporation of Attelwil into Reitnau
4281,Reitnau,1067,2022-09-30,Incorporation of Attelwil into Reitnau
4281,Reitnau,1062,2021-09-30,Incorporation of Attelwil into Reitnau
4281,Reitnau,1023,2020-09-30,Incorporation of Attelwil into Reitnau
4281,Reitnau,1027,2019-09-30,Incorporation of Attelwil into Reitnau
4281,Reitnau,815,2018-09-30,Initial recording of the municipality Reitnau
4281,Reitnau,810,2017-09-30,Initial recording of the municipality Reitnau
4281,Reitnau,810,2016-09-30,Initial recording of the municipality Reitnau
4281,Reitnau,787,2015-09-30,Initial recording of the municipality Reitnau
4281,Reitnau,800,2014-09-30,Initial recording of the municipality Reitnau
4281,Reitnau,766,2013-09-30,Initial recording of the municipality Reitnau
4281,Reitnau,739,2012-09-30,Initial recording of the municipality Reitnau
4281,Reitnau,721,2011-09-30,Initial recording of the municipality Reitnau
4281,Reitnau,713,2010-09-30,Initial recording of the municipality Reitnau
4281,Reitnau,688,2009-09-30,Initial recording of the municipality Reitnau
4281,Reitnau,685,2008-09-30,Initial recording of the municipality Reitnau
4281,Reitnau,683,2007-09-30,Initial recording of the municipality Reitnau
4281,Reitnau,663,2006-09-30,Initial recording of the municipality Reitnau
4281,Reitnau,640,2005-09-30,Initial recording of the municipality Reitnau
4281,Reitnau,630,2004-09-30,Initial recording of the municipality Reitnau
4281,Reitnau,630,2003-09-30,Initial recording of the municipality Reitnau
4281,Reitnau,621,2002-09-30,Initial recording of the municipality Reitnau
4281,Reitnau,618,2001-09-30,Initial recording of the municipality Reitnau
4281,Reitnau,613,2000-09-30,Initial recording of the municipality Reitnau
4281,Reitnau,595,1999-09-30,Initial recording of the municipality Reitnau
4281,Reitnau,594,1998-09-30,Initial recording of the municipality Reitnau
4281,Reitnau,565,1997-09-30,Initial recording of the municipality Reitnau
4281,Reitnau,536,1996-09-30,Initial recording of the municipality Reitnau
4281,Reitnau,511,1995-09-30,Initial recording of the municipality Reitnau
4281,Reitnau,483,1994-09-30,Initial recording of the municipality Reitnau
4281,Reitnau,460,1993-09-30,Initial recording of the municipality Reitnau
4281,Reitnau,443,1992-09-30,Initial recording of the municipality Reitnau
4281,Reitnau,418,1991-09-30,Initial recording of the municipality Reitnau
4281,Reitnau,407,1990-09-30,Initial recording of the municipality Reitnau
4281,Reitnau,410,1989-09-30,Initial recording of the municipality Reitnau
4281,Reitnau,395,1988-09-30,Initial recording of the municipality Reitnau
4281,Reitnau,360,1987-09-30,Initial recording of the municipality Reitnau
4281,Reitnau,364,1986-09-30,Initial recording of the municipality Reitnau
4281,Reitnau,345,1985-09-30,Initial recording of the municipality Reitnau
4281,Reitnau,327,1984-09-30,Initial recording of the municipality Reitnau
4281,Reitnau,310,1983-09-30,Initial recording of the municipality Reitnau
4281,Reitnau,292,1982-09-30,Initial recording of the municipality Reitnau
4281,Reitnau,280,1981-09-30,Initial recording of the municipality Reitnau
4281,Reitnau,272,1980-09-30,Initial recording of the municipality Reitnau
4281,Reitnau,262,1979-09-30,Initial recording of the municipality Reitnau
4281,Reitnau,238,1978-09-30,Initial recording of the municipality Reitnau
4281,Reitnau,218,1977-09-30,Initial recording of the municipality Reitnau
4281,Reitnau,214,1976-09-30,Initial recording of the municipality Reitnau
4315,Rekingen (AG),613,2021-09-30,Initial recording of the municipality Rekingen (AG)
4315,Rekingen (AG),616,2020-09-30,Initial recording of the municipality Rekingen (AG)
4315,Rekingen (AG),635,2019-09-30,Initial recording of the municipality Rekingen (AG)
4315,Rekingen (AG),635,2018-09-30,Initial recording of the municipality Rekingen (AG)
4315,Rekingen (AG),636,2017-09-30,Initial recording of the municipality Rekingen (AG)
4315,Rekingen (AG),618,2016-09-30,Initial recording of the municipality Rekingen (AG)
4315,Rekingen (AG),601,2015-09-30,Initial recording of the municipality Rekingen (AG)
4315,Rekingen (AG),614,2014-09-30,Initial recording of the municipality Rekingen (AG)
4315,Rekingen (AG),603,2013-09-30,Initial recording of the municipality Rekingen (AG)
4315,Rekingen (AG),598,2012-09-30,Initial recording of the municipality Rekingen (AG)
4315,Rekingen (AG),587,2011-09-30,Initial recording of the municipality Rekingen (AG)
4315,Rekingen (AG),542,2010-09-30,Initial recording of the municipality Rekingen (AG)
4315,Rekingen (AG),528,2009-09-30,Initial recording of the municipality Rekingen (AG)
4315,Rekingen (AG),523,2008-09-30,Initial recording of the municipality Rekingen (AG)
4315,Rekingen (AG),516,2007-09-30,Initial recording of the municipality Rekingen (AG)
4315,Rekingen (AG),516,2006-09-30,Initial recording of the municipality Rekingen (AG)
4315,Rekingen (AG),516,2005-09-30,Initial recording of the municipality Rekingen (AG)
4315,Rekingen (AG),533,2004-09-30,Initial recording of the municipality Rekingen (AG)
4315,Rekingen (AG),532,2003-09-30,Initial recording of the municipality Rekingen (AG)
4315,Rekingen (AG),508,2002-09-30,Initial recording of the municipality Rekingen (AG)
4315,Rekingen (AG),503,2001-09-30,Initial recording of the municipality Rekingen (AG)
4315,Rekingen (AG),477,2000-09-30,Initial recording of the municipality Rekingen (AG)
4315,Rekingen (AG),477,1999-09-30,Initial recording of the municipality Rekingen (AG)
4315,Rekingen (AG),458,1998-09-30,Initial recording of the municipality Rekingen (AG)
4315,Rekingen (AG),423,1997-09-30,Initial recording of the municipality Rekingen (AG)
4315,Rekingen (AG),417,1996-09-30,Initial recording of the municipality Rekingen (AG)
4315,Rekingen (AG),426,1995-09-30,Initial recording of the municipality Rekingen (AG)
4315,Rekingen (AG),428,1994-09-30,Initial recording of the municipality Rekingen (AG)
4315,Rekingen (AG),422,1993-09-30,Initial recording of the municipality Rekingen (AG)
4315,Rekingen (AG),404,1992-09-30,Initial recording of the municipality Rekingen (AG)
4315,Rekingen (AG),399,1991-09-30,Initial recording of the municipality Rekingen (AG)
4315,Rekingen (AG),393,1990-09-30,Initial recording of the municipality Rekingen (AG)
4315,Rekingen (AG),382,1989-09-30,Initial recording of the municipality Rekingen (AG)
4315,Rekingen (AG),334,1988-09-30,Initial recording of the municipality Rekingen (AG)
4315,Rekingen (AG),301,1987-09-30,Initial recording of the municipality Rekingen (AG)
4315,Rekingen (AG),287,1986-09-30,Initial recording of the municipality Rekingen (AG)
4315,Rekingen (AG),287,1985-09-30,Initial recording of the municipality Rekingen (AG)
4315,Rekingen (AG),276,1984-09-30,Initial recording of the municipality Rekingen (AG)
4315,Rekingen (AG),262,1983-09-30,Initial recording of the municipality Rekingen (AG)
4315,Rekingen (AG),258,1982-09-30,Initial recording of the municipality Rekingen (AG)
4315,Rekingen (AG),262,1981-09-30,Initial recording of the municipality Rekingen (AG)
4315,Rekingen (AG),260,1980-09-30,Initial recording of the municipality Rekingen (AG)
4315,Rekingen (AG),254,1979-09-30,Initial recording of the municipality Rekingen (AG)
4315,Rekingen (AG),245,1978-09-30,Initial recording of the municipality Rekingen (AG)
4315,Rekingen (AG),239,1977-09-30,Initial recording of the municipality Rekingen (AG)
4315,Rekingen (AG),239,1976-09-30,Initial recording of the municipality Rekingen (AG)
4039,Remetschwil,1450,2025-09-30,Initial recording of the municipality Remetschwil
4039,Remetschwil,1405,2024-09-30,Initial recording of the municipality Remetschwil
4039,Remetschwil,1421,2023-09-30,Initial recording of the municipality Remetschwil
4039,Remetschwil,1404,2022-09-30,Initial recording of the municipality Remetschwil
4039,Remetschwil,1382,2021-09-30,Initial recording of the municipality Remetschwil
4039,Remetschwil,1356,2020-09-30,Initial recording of the municipality Remetschwil
4039,Remetschwil,1342,2019-09-30,Initial recording of the municipality Remetschwil
4039,Remetschwil,1368,2018-09-30,Initial recording of the municipality Remetschwil
4039,Remetschwil,1401,2017-09-30,Initial recording of the municipality Remetschwil
4039,Remetschwil,1404,2016-09-30,Initial recording of the municipality Remetschwil
4039,Remetschwil,1340,2015-09-30,Initial recording of the municipality Remetschwil
4039,Remetschwil,1319,2014-09-30,Initial recording of the municipality Remetschwil
4039,Remetschwil,1311,2013-09-30,Initial recording of the municipality Remetschwil
4039,Remetschwil,1272,2012-09-30,Initial recording of the municipality Remetschwil
4039,Remetschwil,1233,2011-09-30,Initial recording of the municipality Remetschwil
4039,Remetschwil,1177,2010-09-30,Initial recording of the municipality Remetschwil
4039,Remetschwil,1188,2009-09-30,Initial recording of the municipality Remetschwil
4039,Remetschwil,1197,2008-09-30,Initial recording of the municipality Remetschwil
4039,Remetschwil,1189,2007-09-30,Initial recording of the municipality Remetschwil
4039,Remetschwil,1185,2006-09-30,Initial recording of the municipality Remetschwil
4039,Remetschwil,1176,2005-09-30,Initial recording of the municipality Remetschwil
4039,Remetschwil,1135,2004-09-30,Initial recording of the municipality Remetschwil
4039,Remetschwil,1108,2003-09-30,Initial recording of the municipality Remetschwil
4039,Remetschwil,1070,2002-09-30,Initial recording of the municipality Remetschwil
4039,Remetschwil,1047,2001-09-30,Initial recording of the municipality Remetschwil
4039,Remetschwil,1033,2000-09-30,Initial recording of the municipality Remetschwil
4039,Remetschwil,978,1999-09-30,Initial recording of the municipality Remetschwil
4039,Remetschwil,938,1998-09-30,Initial recording of the municipality Remetschwil
4039,Remetschwil,900,1997-09-30,Initial recording of the municipality Remetschwil
4039,Remetschwil,867,1996-09-30,Initial recording of the municipality Remetschwil
4039,Remetschwil,792,1995-09-30,Initial recording of the municipality Remetschwil
4039,Remetschwil,702,1994-09-30,Initial recording of the municipality Remetschwil
4039,Remetschwil,692,1993-09-30,Initial recording of the municipality Remetschwil
4039,Remetschwil,633,1992-09-30,Initial recording of the municipality Remetschwil
4039,Remetschwil,634,1991-09-30,Initial recording of the municipality Remetschwil
4039,Remetschwil,589,1990-09-30,Initial recording of the municipality Remetschwil
4039,Remetschwil,555,1989-09-30,Initial recording of the municipality Remetschwil
4039,Remetschwil,529,1988-09-30,Initial recording of the municipality Remetschwil
4039,Remetschwil,512,1987-09-30,Initial recording of the municipality Remetschwil
4039,Remetschwil,476,1986-09-30,Initial recording of the municipality Remetschwil
4039,Remetschwil,396,1985-09-30,Initial recording of the municipality Remetschwil
4039,Remetschwil,365,1984-09-30,Initial recording of the municipality Remetschwil
4039,Remetschwil,339,1983-09-30,Initial recording of the municipality Remetschwil
4039,Remetschwil,325,1982-09-30,Initial recording of the municipality Remetschwil
4039,Remetschwil,309,1981-09-30,Initial recording of the municipality Remetschwil
4039,Remetschwil,277,1980-09-30,Initial recording of the municipality Remetschwil
4039,Remetschwil,248,1979-09-30,Initial recording of the municipality Remetschwil
4039,Remetschwil,234,1978-09-30,Initial recording of the municipality Remetschwil
4039,Remetschwil,219,1977-09-30,Initial recording of the municipality Remetschwil
4039,Remetschwil,179,1976-09-30,Initial recording of the municipality Remetschwil
4110,Remigen,883,2025-09-30,Initial recording of the municipality Remigen
4110,Remigen,889,2024-09-30,Initial recording of the municipality Remigen
4110,Remigen,894,2023-09-30,Initial recording of the municipality Remigen
4110,Remigen,891,2022-09-30,Initial recording of the municipality Remigen
4110,Remigen,875,2021-09-30,Initial recording of the municipality Remigen
4110,Remigen,856,2020-09-30,Initial recording of the municipality Remigen
4110,Remigen,737,2019-09-30,Initial recording of the municipality Remigen
4110,Remigen,707,2018-09-30,Initial recording of the municipality Remigen
4110,Remigen,685,2017-09-30,Initial recording of the municipality Remigen
4110,Remigen,686,2016-09-30,Initial recording of the municipality Remigen
4110,Remigen,688,2015-09-30,Initial recording of the municipality Remigen
4110,Remigen,675,2014-09-30,Initial recording of the municipality Remigen
4110,Remigen,677,2013-09-30,Initial recording of the municipality Remigen
4110,Remigen,674,2012-09-30,Initial recording of the municipality Remigen
4110,Remigen,645,2011-09-30,Initial recording of the municipality Remigen
4110,Remigen,665,2010-09-30,Initial recording of the municipality Remigen
4110,Remigen,647,2009-09-30,Initial recording of the municipality Remigen
4110,Remigen,641,2008-09-30,Initial recording of the municipality Remigen
4110,Remigen,627,2007-09-30,Initial recording of the municipality Remigen
4110,Remigen,618,2006-09-30,Initial recording of the municipality Remigen
4110,Remigen,613,2005-09-30,Initial recording of the municipality Remigen
4110,Remigen,609,2004-09-30,Initial recording of the municipality Remigen
4110,Remigen,592,2003-09-30,Initial recording of the municipality Remigen
4110,Remigen,569,2002-09-30,Initial recording of the municipality Remigen
4110,Remigen,556,2001-09-30,Initial recording of the municipality Remigen
4110,Remigen,539,2000-09-30,Initial recording of the municipality Remigen
4110,Remigen,529,1999-09-30,Initial recording of the municipality Remigen
4110,Remigen,519,1998-09-30,Initial recording of the municipality Remigen
4110,Remigen,513,1997-09-30,Initial recording of the municipality Remigen
4110,Remigen,489,1996-09-30,Initial recording of the municipality Remigen
4110,Remigen,473,1995-09-30,Initial recording of the municipality Remigen
4110,Remigen,471,1994-09-30,Initial recording of the municipality Remigen
4110,Remigen,450,1993-09-30,Initial recording of the municipality Remigen
4110,Remigen,432,1992-09-30,Initial recording of the municipality Remigen
4110,Remigen,431,1991-09-30,Initial recording of the municipality Remigen
4110,Remigen,420,1990-09-30,Initial recording of the municipality Remigen
4110,Remigen,418,1989-09-30,Initial recording of the municipality Remigen
4110,Remigen,348,1988-09-30,Initial recording of the municipality Remigen
4110,Remigen,323,1987-09-30,Initial recording of the municipality Remigen
4110,Remigen,305,1986-09-30,Initial recording of the municipality Remigen
4110,Remigen,301,1985-09-30,Initial recording of the municipality Remigen
4110,Remigen,291,1984-09-30,Initial recording of the municipality Remigen
4110,Remigen,275,1983-09-30,Initial recording of the municipality Remigen
4110,Remigen,254,1982-09-30,Initial recording of the municipality Remigen
4110,Remigen,235,1981-09-30,Initial recording of the municipality Remigen
4110,Remigen,219,1980-09-30,Initial recording of the municipality Remigen
4110,Remigen,219,1979-09-30,Initial recording of the municipality Remigen
4110,Remigen,204,1978-09-30,Initial recording of the municipality Remigen
4110,Remigen,194,1977-09-30,Initial recording of the municipality Remigen
4110,Remigen,176,1976-09-30,Initial recording of the municipality Remigen
4258,Rheinfelden,6925,2025-09-30,Initial recording of the municipality Rheinfelden
4258,Rheinfelden,6823,2024-09-30,Initial recording of the municipality Rheinfelden
4258,Rheinfelden,6815,2023-09-30,Initial recording of the municipality Rheinfelden
4258,Rheinfelden,6798,2022-09-30,Initial recording of the municipality Rheinfelden
4258,Rheinfelden,6794,2021-09-30,Initial recording of the municipality Rheinfelden
4258,Rheinfelden,6701,2020-09-30,Initial recording of the municipality Rheinfelden
4258,Rheinfelden,6684,2019-09-30,Initial recording of the municipality Rheinfelden
4258,Rheinfelden,6745,2018-09-30,Initial recording of the municipality Rheinfelden
4258,Rheinfelden,6742,2017-09-30,Initial recording of the municipality Rheinfelden
4258,Rheinfelden,6657,2016-09-30,Initial recording of the municipality Rheinfelden
4258,Rheinfelden,6429,2015-09-30,Initial recording of the municipality Rheinfelden
4258,Rheinfelden,6280,2014-09-30,Initial recording of the municipality Rheinfelden
4258,Rheinfelden,6059,2013-09-30,Initial recording of the municipality Rheinfelden
4258,Rheinfelden,5876,2012-09-30,Initial recording of the municipality Rheinfelden
4258,Rheinfelden,5753,2011-09-30,Initial recording of the municipality Rheinfelden
4258,Rheinfelden,5649,2010-09-30,Initial recording of the municipality Rheinfelden
4258,Rheinfelden,5455,2009-09-30,Initial recording of the municipality Rheinfelden
4258,Rheinfelden,5251,2008-09-30,Initial recording of the municipality Rheinfelden
4258,Rheinfelden,5097,2007-09-30,Initial recording of the municipality Rheinfelden
4258,Rheinfelden,5096,2006-09-30,Initial recording of the municipality Rheinfelden
4258,Rheinfelden,4997,2005-09-30,Initial recording of the municipality Rheinfelden
4258,Rheinfelden,5027,2004-09-30,Initial recording of the municipality Rheinfelden
4258,Rheinfelden,4968,2003-09-30,Initial recording of the municipality Rheinfelden
4258,Rheinfelden,4890,2002-09-30,Initial recording of the municipality Rheinfelden
4258,Rheinfelden,4795,2001-09-30,Initial recording of the municipality Rheinfelden
4258,Rheinfelden,4652,2000-09-30,Initial recording of the municipality Rheinfelden
4258,Rheinfelden,4523,1999-09-30,Initial recording of the municipality Rheinfelden
4258,Rheinfelden,4410,1998-09-30,Initial recording of the municipality Rheinfelden
4258,Rheinfelden,4347,1997-09-30,Initial recording of the municipality Rheinfelden
4258,Rheinfelden,4345,1996-09-30,Initial recording of the municipality Rheinfelden
4258,Rheinfelden,4187,1995-09-30,Initial recording of the municipality Rheinfelden
4258,Rheinfelden,4059,1994-09-30,Initial recording of the municipality Rheinfelden
4258,Rheinfelden,4010,1993-09-30,Initial recording of the municipality Rheinfelden
4258,Rheinfelden,3930,1992-09-30,Initial recording of the municipality Rheinfelden
4258,Rheinfelden,3920,1991-09-30,Initial recording of the municipality Rheinfelden
4258,Rheinfelden,3845,1990-09-30,Initial recording of the municipality Rheinfelden
4258,Rheinfelden,3729,1989-09-30,Initial recording of the municipality Rheinfelden
4258,Rheinfelden,3643,1988-09-30,Initial recording of the municipality Rheinfelden
4258,Rheinfelden,3512,1987-09-30,Initial recording of the municipality Rheinfelden
4258,Rheinfelden,3395,1986-09-30,Initial recording of the municipality Rheinfelden
4258,Rheinfelden,3345,1985-09-30,Initial recording of the municipality Rheinfelden
4258,Rheinfelden,3222,1984-09-30,Initial recording of the municipality Rheinfelden
4258,Rheinfelden,3155,1983-09-30,Initial recording of the municipality Rheinfelden
4258,Rheinfelden,3149,1982-09-30,Initial recording of the municipality Rheinfelden
4258,Rheinfelden,3098,1981-09-30,Initial recording of the municipality Rheinfelden
4258,Rheinfelden,2949,1980-09-30,Initial recording of the municipality Rheinfelden
4258,Rheinfelden,2783,1979-09-30,Initial recording of the municipality Rheinfelden
4258,Rheinfelden,2541,1978-09-30,Initial recording of the municipality Rheinfelden
4258,Rheinfelden,2297,1977-09-30,Initial recording of the municipality Rheinfelden
4258,Rheinfelden,2304,1976-09-30,Initial recording of the municipality Rheinfelden
4316,Rietheim,465,2021-09-30,Initial recording of the municipality Rietheim
4316,Rietheim,458,2020-09-30,Initial recording of the municipality Rietheim
4316,Rietheim,445,2019-09-30,Initial recording of the municipality Rietheim
4316,Rietheim,448,2018-09-30,Initial recording of the municipality Rietheim
4316,Rietheim,454,2017-09-30,Initial recording of the municipality Rietheim
4316,Rietheim,434,2016-09-30,Initial recording of the municipality Rietheim
4316,Rietheim,424,2015-09-30,Initial recording of the municipality Rietheim
4316,Rietheim,425,2014-09-30,Initial recording of the municipality Rietheim
4316,Rietheim,402,2013-09-30,Initial recording of the municipality Rietheim
4316,Rietheim,383,2012-09-30,Initial recording of the municipality Rietheim
4316,Rietheim,376,2011-09-30,Initial recording of the municipality Rietheim
4316,Rietheim,367,2010-09-30,Initial recording of the municipality Rietheim
4316,Rietheim,359,2009-09-30,Initial recording of the municipality Rietheim
4316,Rietheim,350,2008-09-30,Initial recording of the municipality Rietheim
4316,Rietheim,326,2007-09-30,Initial recording of the municipality Rietheim
4316,Rietheim,318,2006-09-30,Initial recording of the municipality Rietheim
4316,Rietheim,321,2005-09-30,Initial recording of the municipality Rietheim
4316,Rietheim,320,2004-09-30,Initial recording of the municipality Rietheim
4316,Rietheim,302,2003-09-30,Initial recording of the municipality Rietheim
4316,Rietheim,282,2002-09-30,Initial recording of the municipality Rietheim
4316,Rietheim,283,2001-09-30,Initial recording of the municipality Rietheim
4316,Rietheim,268,2000-09-30,Initial recording of the municipality Rietheim
4316,Rietheim,277,1999-09-30,Initial recording of the municipality Rietheim
4316,Rietheim,267,1998-09-30,Initial recording of the municipality Rietheim
4316,Rietheim,257,1997-09-30,Initial recording of the municipality Rietheim
4316,Rietheim,250,1996-09-30,Initial recording of the municipality Rietheim
4316,Rietheim,238,1995-09-30,Initial recording of the municipality Rietheim
4316,Rietheim,242,1994-09-30,Initial recording of the municipality Rietheim
4316,Rietheim,222,1993-09-30,Initial recording of the municipality Rietheim
4316,Rietheim,200,1992-09-30,Initial recording of the municipality Rietheim
4316,Rietheim,196,1991-09-30,Initial recording of the municipality Rietheim
4316,Rietheim,195,1990-09-30,Initial recording of the municipality Rietheim
4316,Rietheim,188,1989-09-30,Initial recording of the municipality Rietheim
4316,Rietheim,187,1988-09-30,Initial recording of the municipality Rietheim
4316,Rietheim,185,1987-09-30,Initial recording of the municipality Rietheim
4316,Rietheim,178,1986-09-30,Initial recording of the municipality Rietheim
4316,Rietheim,161,1985-09-30,Initial recording of the municipality Rietheim
4316,Rietheim,177,1984-09-30,Initial recording of the municipality Rietheim
4316,Rietheim,167,1983-09-30,Initial recording of the municipality Rietheim
4316,Rietheim,163,1982-09-30,Initial recording of the municipality Rietheim
4316,Rietheim,154,1981-09-30,Initial recording of the municipality Rietheim
4316,Rietheim,149,1980-09-30,Initial recording of the municipality Rietheim
4316,Rietheim,140,1979-09-30,Initial recording of the municipality Rietheim
4316,Rietheim,129,1978-09-30,Initial recording of the municipality Rietheim
4316,Rietheim,125,1977-09-30,Initial recording of the municipality Rietheim
4316,Rietheim,112,1976-09-30,Initial recording of the municipality Rietheim
4111,Riniken,863,2025-09-30,Initial recording of the municipality Riniken
4111,Riniken,847,2024-09-30,Initial recording of the municipality Riniken
4111,Riniken,843,2023-09-30,Initial recording of the municipality Riniken
4111,Riniken,827,2022-09-30,Initial recording of the municipality Riniken
4111,Riniken,818,2021-09-30,Initial recording of the municipality Riniken
4111,Riniken,815,2020-09-30,Initial recording of the municipality Riniken
4111,Riniken,792,2019-09-30,Initial recording of the municipality Riniken
4111,Riniken,800,2018-09-30,Initial recording of the municipality Riniken
4111,Riniken,805,2017-09-30,Initial recording of the municipality Riniken
4111,Riniken,808,2016-09-30,Initial recording of the municipality Riniken
4111,Riniken,829,2015-09-30,Initial recording of the municipality Riniken
4111,Riniken,836,2014-09-30,Initial recording of the municipality Riniken
4111,Riniken,816,2013-09-30,Initial recording of the municipality Riniken
4111,Riniken,807,2012-09-30,Initial recording of the municipality Riniken
4111,Riniken,793,2011-09-30,Initial recording of the municipality Riniken
4111,Riniken,784,2010-09-30,Initial recording of the municipality Riniken
4111,Riniken,756,2009-09-30,Initial recording of the municipality Riniken
4111,Riniken,739,2008-09-30,Initial recording of the municipality Riniken
4111,Riniken,722,2007-09-30,Initial recording of the municipality Riniken
4111,Riniken,699,2006-09-30,Initial recording of the municipality Riniken
4111,Riniken,688,2005-09-30,Initial recording of the municipality Riniken
4111,Riniken,679,2004-09-30,Initial recording of the municipality Riniken
4111,Riniken,678,2003-09-30,Initial recording of the municipality Riniken
4111,Riniken,675,2002-09-30,Initial recording of the municipality Riniken
4111,Riniken,676,2001-09-30,Initial recording of the municipality Riniken
4111,Riniken,649,2000-09-30,Initial recording of the municipality Riniken
4111,Riniken,643,1999-09-30,Initial recording of the municipality Riniken
4111,Riniken,638,1998-09-30,Initial recording of the municipality Riniken
4111,Riniken,621,1997-09-30,Initial recording of the municipality Riniken
4111,Riniken,628,1996-09-30,Initial recording of the municipality Riniken
4111,Riniken,613,1995-09-30,Initial recording of the municipality Riniken
4111,Riniken,620,1994-09-30,Initial recording of the municipality Riniken
4111,Riniken,618,1993-09-30,Initial recording of the municipality Riniken
4111,Riniken,639,1992-09-30,Initial recording of the municipality Riniken
4111,Riniken,632,1991-09-30,Initial recording of the municipality Riniken
4111,Riniken,623,1990-09-30,Initial recording of the municipality Riniken
4111,Riniken,611,1989-09-30,Initial recording of the municipality Riniken
4111,Riniken,592,1988-09-30,Initial recording of the municipality Riniken
4111,Riniken,582,1987-09-30,Initial recording of the municipality Riniken
4111,Riniken,552,1986-09-30,Initial recording of the municipality Riniken
4111,Riniken,528,1985-09-30,Initial recording of the municipality Riniken
4111,Riniken,524,1984-09-30,Initial recording of the municipality Riniken
4111,Riniken,513,1983-09-30,Initial recording of the municipality Riniken
4111,Riniken,475,1982-09-30,Initial recording of the municipality Riniken
4111,Riniken,461,1981-09-30,Initial recording of the municipality Riniken
4111,Riniken,436,1980-09-30,Initial recording of the municipality Riniken
4111,Riniken,421,1979-09-30,Initial recording of the municipality Riniken
4111,Riniken,407,1978-09-30,Initial recording of the municipality Riniken
4111,Riniken,386,1977-09-30,Initial recording of the municipality Riniken
4111,Riniken,348,1976-09-30,Initial recording of the municipality Riniken
4011,Rohr,1711,2009-09-30,Initial recording of the municipality Rohr (AG)
4011,Rohr,1668,2008-09-30,Initial recording of the municipality Rohr (AG)
4011,Rohr,1611,2007-09-30,Initial recording of the municipality Rohr (AG)
4011,Rohr,1538,2006-09-30,Initial recording of the municipality Rohr (AG)
4011,Rohr,1517,2005-09-30,Initial recording of the municipality Rohr (AG)
4011,Rohr,1487,2004-09-30,Initial recording of the municipality Rohr (AG)
4011,Rohr,1484,2003-09-30,Initial recording of the municipality Rohr (AG)
4011,Rohr,1451,2002-09-30,Initial recording of the municipality Rohr (AG)
4011,Rohr,1398,2001-09-30,Initial recording of the municipality Rohr (AG)
4011,Rohr,1400,2000-09-30,Initial recording of the municipality Rohr (AG)
4011,Rohr,1352,1999-09-30,Initial recording of the municipality Rohr (AG)
4011,Rohr,1267,1998-09-30,Initial recording of the municipality Rohr (AG)
4011,Rohr,1255,1997-09-30,Initial recording of the municipality Rohr (AG)
4011,Rohr,1235,1996-09-30,Initial recording of the municipality Rohr (AG)
4011,Rohr,1206,1995-09-30,Initial recording of the municipality Rohr (AG)
4011,Rohr,1160,1994-09-30,Initial recording of the municipality Rohr (AG)
4011,Rohr,1091,1993-09-30,Initial recording of the municipality Rohr (AG)
4011,Rohr,1055,1992-09-30,Initial recording of the municipality Rohr (AG)
4011,Rohr,1055,1991-09-30,Initial recording of the municipality Rohr (AG)
4011,Rohr,1034,1990-09-30,Initial recording of the municipality Rohr (AG)
4011,Rohr,995,1989-09-30,Initial recording of the municipality Rohr (AG)
4011,Rohr,945,1988-09-30,Initial recording of the municipality Rohr (AG)
4011,Rohr,947,1987-09-30,Initial recording of the municipality Rohr (AG)
4011,Rohr,925,1986-09-30,Initial recording of the municipality Rohr (AG)
4011,Rohr,909,1985-09-30,Initial recording of the municipality Rohr (AG)
4011,Rohr,895,1984-09-30,Initial recording of the municipality Rohr (AG)
4011,Rohr,855,1983-09-30,Initial recording of the municipality Rohr (AG)
4011,Rohr,836,1982-09-30,Initial recording of the municipality Rohr (AG)
4011,Rohr,797,1981-09-30,Initial recording of the municipality Rohr (AG)
4011,Rohr,775,1980-09-30,Initial recording of the municipality Rohr (AG)
4011,Rohr,744,1979-09-30,Initial recording of the municipality Rohr (AG)
4011,Rohr,740,1978-09-30,Initial recording of the municipality Rohr (AG)
4011,Rohr,697,1977-09-30,Initial recording of the municipality Rohr (AG)
4011,Rohr,689,1976-09-30,Initial recording of the municipality Rohr (AG)
4282,Rothrist,6215,2025-09-30,Initial recording of the municipality Rothrist
4282,Rothrist,6223,2024-09-30,Initial recording of the municipality Rothrist
4282,Rothrist,6105,2023-09-30,Initial recording of the municipality Rothrist
4282,Rothrist,5954,2022-09-30,Initial recording of the municipality Rothrist
4282,Rothrist,5955,2021-09-30,Initial recording of the municipality Rothrist
4282,Rothrist,5833,2020-09-30,Initial recording of the municipality Rothrist
4282,Rothrist,5790,2019-09-30,Initial recording of the municipality Rothrist
4282,Rothrist,5788,2018-09-30,Initial recording of the municipality Rothrist
4282,Rothrist,5607,2017-09-30,Initial recording of the municipality Rothrist
4282,Rothrist,5587,2016-09-30,Initial recording of the municipality Rothrist
4282,Rothrist,5391,2015-09-30,Initial recording of the municipality Rothrist
4282,Rothrist,5207,2014-09-30,Initial recording of the municipality Rothrist
4282,Rothrist,5119,2013-09-30,Initial recording of the municipality Rothrist
4282,Rothrist,5003,2012-09-30,Initial recording of the municipality Rothrist
4282,Rothrist,4883,2011-09-30,Initial recording of the municipality Rothrist
4282,Rothrist,4741,2010-09-30,Initial recording of the municipality Rothrist
4282,Rothrist,4669,2009-09-30,Initial recording of the municipality Rothrist
4282,Rothrist,4570,2008-09-30,Initial recording of the municipality Rothrist
4282,Rothrist,4508,2007-09-30,Initial recording of the municipality Rothrist
4282,Rothrist,4433,2006-09-30,Initial recording of the municipality Rothrist
4282,Rothrist,4320,2005-09-30,Initial recording of the municipality Rothrist
4282,Rothrist,4225,2004-09-30,Initial recording of the municipality Rothrist
4282,Rothrist,4124,2003-09-30,Initial recording of the municipality Rothrist
4282,Rothrist,4061,2002-09-30,Initial recording of the municipality Rothrist
4282,Rothrist,3906,2001-09-30,Initial recording of the municipality Rothrist
4282,Rothrist,3789,2000-09-30,Initial recording of the municipality Rothrist
4282,Rothrist,3736,1999-09-30,Initial recording of the municipality Rothrist
4282,Rothrist,3650,1998-09-30,Initial recording of the municipality Rothrist
4282,Rothrist,3552,1997-09-30,Initial recording of the municipality Rothrist
4282,Rothrist,3479,1996-09-30,Initial recording of the municipality Rothrist
4282,Rothrist,3411,1995-09-30,Initial recording of the municipality Rothrist
4282,Rothrist,3347,1994-09-30,Initial recording of the municipality Rothrist
4282,Rothrist,3220,1993-09-30,Initial recording of the municipality Rothrist
4282,Rothrist,3178,1992-09-30,Initial recording of the municipality Rothrist
4282,Rothrist,3205,1991-09-30,Initial recording of the municipality Rothrist
4282,Rothrist,3108,1990-09-30,Initial recording of the municipality Rothrist
4282,Rothrist,2988,1989-09-30,Initial recording of the municipality Rothrist
4282,Rothrist,2895,1988-09-30,Initial recording of the municipality Rothrist
4282,Rothrist,2738,1987-09-30,Initial recording of the municipality Rothrist
4282,Rothrist,2634,1986-09-30,Initial recording of the municipality Rothrist
4282,Rothrist,2541,1985-09-30,Initial recording of the municipality Rothrist
4282,Rothrist,2457,1984-09-30,Initial recording of the municipality Rothrist
4282,Rothrist,2336,1983-09-30,Initial recording of the municipality Rothrist
4282,Rothrist,2292,1982-09-30,Initial recording of the municipality Rothrist
4282,Rothrist,2202,1981-09-30,Initial recording of the municipality Rothrist
4282,Rothrist,2070,1980-09-30,Initial recording of the municipality Rothrist
4282,Rothrist,2003,1979-09-30,Initial recording of the municipality Rothrist
4282,Rothrist,1880,1978-09-30,Initial recording of the municipality Rothrist
4282,Rothrist,1809,1977-09-30,Initial recording of the municipality Rothrist
4282,Rothrist,1741,1976-09-30,Initial recording of the municipality Rothrist
4238,Rottenschwil,719,2025-09-30,Initial recording of the municipality Rottenschwil
4238,Rottenschwil,688,2024-09-30,Initial recording of the municipality Rottenschwil
4238,Rottenschwil,669,2023-09-30,Initial recording of the municipality Rottenschwil
4238,Rottenschwil,668,2022-09-30,Initial recording of the municipality Rottenschwil
4238,Rottenschwil,651,2021-09-30,Initial recording of the municipality Rottenschwil
4238,Rottenschwil,633,2020-09-30,Initial recording of the municipality Rottenschwil
4238,Rottenschwil,627,2019-09-30,Initial recording of the municipality Rottenschwil
4238,Rottenschwil,580,2018-09-30,Initial recording of the municipality Rottenschwil
4238,Rottenschwil,578,2017-09-30,Initial recording of the municipality Rottenschwil
4238,Rottenschwil,547,2016-09-30,Initial recording of the municipality Rottenschwil
4238,Rottenschwil,562,2015-09-30,Initial recording of the municipality Rottenschwil
4238,Rottenschwil,547,2014-09-30,Initial recording of the municipality Rottenschwil
4238,Rottenschwil,524,2013-09-30,Initial recording of the municipality Rottenschwil
4238,Rottenschwil,507,2012-09-30,Initial recording of the municipality Rottenschwil
4238,Rottenschwil,520,2011-09-30,Initial recording of the municipality Rottenschwil
4238,Rottenschwil,529,2010-09-30,Initial recording of the municipality Rottenschwil
4238,Rottenschwil,514,2009-09-30,Initial recording of the municipality Rottenschwil
4238,Rottenschwil,495,2008-09-30,Initial recording of the municipality Rottenschwil
4238,Rottenschwil,495,2007-09-30,Initial recording of the municipality Rottenschwil
4238,Rottenschwil,481,2006-09-30,Initial recording of the municipality Rottenschwil
4238,Rottenschwil,504,2005-09-30,Initial recording of the municipality Rottenschwil
4238,Rottenschwil,486,2004-09-30,Initial recording of the municipality Rottenschwil
4238,Rottenschwil,473,2003-09-30,Initial recording of the municipality Rottenschwil
4238,Rottenschwil,445,2002-09-30,Initial recording of the municipality Rottenschwil
4238,Rottenschwil,435,2001-09-30,Initial recording of the municipality Rottenschwil
4238,Rottenschwil,417,2000-09-30,Initial recording of the municipality Rottenschwil
4238,Rottenschwil,411,1999-09-30,Initial recording of the municipality Rottenschwil
4238,Rottenschwil,409,1998-09-30,Initial recording of the municipality Rottenschwil
4238,Rottenschwil,389,1997-09-30,Initial recording of the municipality Rottenschwil
4238,Rottenschwil,384,1996-09-30,Initial recording of the municipality Rottenschwil
4238,Rottenschwil,357,1995-09-30,Initial recording of the municipality Rottenschwil
4238,Rottenschwil,320,1994-09-30,Initial recording of the municipality Rottenschwil
4238,Rottenschwil,320,1993-09-30,Initial recording of the municipality Rottenschwil
4238,Rottenschwil,310,1992-09-30,Initial recording of the municipality Rottenschwil
4238,Rottenschwil,306,1991-09-30,Initial recording of the municipality Rottenschwil
4238,Rottenschwil,281,1990-09-30,Initial recording of the municipality Rottenschwil
4238,Rottenschwil,278,1989-09-30,Initial recording of the municipality Rottenschwil
4238,Rottenschwil,247,1988-09-30,Initial recording of the municipality Rottenschwil
4238,Rottenschwil,237,1987-09-30,Initial recording of the municipality Rottenschwil
4238,Rottenschwil,228,1986-09-30,Initial recording of the municipality Rottenschwil
4238,Rottenschwil,195,1985-09-30,Initial recording of the municipality Rottenschwil
4238,Rottenschwil,146,1984-09-30,Initial recording of the municipality Rottenschwil
4238,Rottenschwil,134,1983-09-30,Initial recording of the municipality Rottenschwil
4238,Rottenschwil,130,1982-09-30,Initial recording of the municipality Rottenschwil
4238,Rottenschwil,131,1981-09-30,Initial recording of the municipality Rottenschwil
4238,Rottenschwil,130,1980-09-30,Initial recording of the municipality Rottenschwil
4238,Rottenschwil,117,1979-09-30,Initial recording of the municipality Rottenschwil
4238,Rottenschwil,112,1978-09-30,Initial recording of the municipality Rottenschwil
4238,Rottenschwil,111,1977-09-30,Initial recording of the municipality Rottenschwil
4238,Rottenschwil,92,1976-09-30,Initial recording of the municipality Rottenschwil
4075,Rudolfstetten-Friedlisberg,2578,2025-09-30,Initial recording of the municipality Rudolfstetten-Friedlisberg
4075,Rudolfstetten-Friedlisberg,2578,2024-09-30,Initial recording of the municipality Rudolfstetten-Friedlisberg
4075,Rudolfstetten-Friedlisberg,2548,2023-09-30,Initial recording of the municipality Rudolfstetten-Friedlisberg
4075,Rudolfstetten-Friedlisberg,2564,2022-09-30,Initial recording of the municipality Rudolfstetten-Friedlisberg
4075,Rudolfstetten-Friedlisberg,2547,2021-09-30,Initial recording of the municipality Rudolfstetten-Friedlisberg
4075,Rudolfstetten-Friedlisberg,2555,2020-09-30,Initial recording of the municipality Rudolfstetten-Friedlisberg
4075,Rudolfstetten-Friedlisberg,2524,2019-09-30,Initial recording of the municipality Rudolfstetten-Friedlisberg
4075,Rudolfstetten-Friedlisberg,2493,2018-09-30,Initial recording of the municipality Rudolfstetten-Friedlisberg
4075,Rudolfstetten-Friedlisberg,2516,2017-09-30,Initial recording of the municipality Rudolfstetten-Friedlisberg
4075,Rudolfstetten-Friedlisberg,2506,2016-09-30,Initial recording of the municipality Rudolfstetten-Friedlisberg
4075,Rudolfstetten-Friedlisberg,2478,2015-09-30,Initial recording of the municipality Rudolfstetten-Friedlisberg
4075,Rudolfstetten-Friedlisberg,2419,2014-09-30,Initial recording of the municipality Rudolfstetten-Friedlisberg
4075,Rudolfstetten-Friedlisberg,2433,2013-09-30,Initial recording of the municipality Rudolfstetten-Friedlisberg
4075,Rudolfstetten-Friedlisberg,2400,2012-09-30,Initial recording of the municipality Rudolfstetten-Friedlisberg
4075,Rudolfstetten-Friedlisberg,2327,2011-09-30,Initial recording of the municipality Rudolfstetten-Friedlisberg
4075,Rudolfstetten-Friedlisberg,2277,2010-09-30,Initial recording of the municipality Rudolfstetten-Friedlisberg
4075,Rudolfstetten-Friedlisberg,2253,2009-09-30,Initial recording of the municipality Rudolfstetten-Friedlisberg
4075,Rudolfstetten-Friedlisberg,2233,2008-09-30,Initial recording of the municipality Rudolfstetten-Friedlisberg
4075,Rudolfstetten-Friedlisberg,2241,2007-09-30,Initial recording of the municipality Rudolfstetten-Friedlisberg
4075,Rudolfstetten-Friedlisberg,2170,2006-09-30,Initial recording of the municipality Rudolfstetten-Friedlisberg
4075,Rudolfstetten-Friedlisberg,2150,2005-09-30,Initial recording of the municipality Rudolfstetten-Friedlisberg
4075,Rudolfstetten-Friedlisberg,2119,2004-09-30,Initial recording of the municipality Rudolfstetten-Friedlisberg
4075,Rudolfstetten-Friedlisberg,2104,2003-09-30,Initial recording of the municipality Rudolfstetten-Friedlisberg
4075,Rudolfstetten-Friedlisberg,2087,2002-09-30,Initial recording of the municipality Rudolfstetten-Friedlisberg
4075,Rudolfstetten-Friedlisberg,2110,2001-09-30,Initial recording of the municipality Rudolfstetten-Friedlisberg
4075,Rudolfstetten-Friedlisberg,2097,2000-09-30,Initial recording of the municipality Rudolfstetten-Friedlisberg
4075,Rudolfstetten-Friedlisberg,2066,1999-09-30,Initial recording of the municipality Rudolfstetten-Friedlisberg
4075,Rudolfstetten-Friedlisberg,2049,1998-09-30,Initial recording of the municipality Rudolfstetten-Friedlisberg
4075,Rudolfstetten-Friedlisberg,2012,1997-09-30,Initial recording of the municipality Rudolfstetten-Friedlisberg
4075,Rudolfstetten-Friedlisberg,2037,1996-09-30,Initial recording of the municipality Rudolfstetten-Friedlisberg
4075,Rudolfstetten-Friedlisberg,2018,1995-09-30,Initial recording of the municipality Rudolfstetten-Friedlisberg
4075,Rudolfstetten-Friedlisberg,2013,1994-09-30,Initial recording of the municipality Rudolfstetten-Friedlisberg
4075,Rudolfstetten-Friedlisberg,2043,1993-09-30,Initial recording of the municipality Rudolfstetten-Friedlisberg
4075,Rudolfstetten-Friedlisberg,2006,1992-09-30,Initial recording of the municipality Rudolfstetten-Friedlisberg
4075,Rudolfstetten-Friedlisberg,1985,1991-09-30,Initial recording of the municipality Rudolfstetten-Friedlisberg
4075,Rudolfstetten-Friedlisberg,1966,1990-09-30,Initial recording of the municipality Rudolfstetten-Friedlisberg
4075,Rudolfstetten-Friedlisberg,1907,1989-09-30,Initial recording of the municipality Rudolfstetten-Friedlisberg
4075,Rudolfstetten-Friedlisberg,1905,1988-09-30,Initial recording of the municipality Rudolfstetten-Friedlisberg
4075,Rudolfstetten-Friedlisberg,1811,1987-09-30,Initial recording of the municipality Rudolfstetten-Friedlisberg
4075,Rudolfstetten-Friedlisberg,1782,1986-09-30,Initial recording of the municipality Rudolfstetten-Friedlisberg
4075,Rudolfstetten-Friedlisberg,1745,1985-09-30,Initial recording of the municipality Rudolfstetten-Friedlisberg
4075,Rudolfstetten-Friedlisberg,1682,1984-09-30,Initial recording of the municipality Rudolfstetten-Friedlisberg
4075,Rudolfstetten-Friedlisberg,1668,1983-09-30,Initial recording of the municipality Rudolfstetten-Friedlisberg
4075,Rudolfstetten-Friedlisberg,1650,1982-09-30,Initial recording of the municipality Rudolfstetten-Friedlisberg
4075,Rudolfstetten-Friedlisberg,1594,1981-09-30,Initial recording of the municipality Rudolfstetten-Friedlisberg
4075,Rudolfstetten-Friedlisberg,1526,1980-09-30,Initial recording of the municipality Rudolfstetten-Friedlisberg
4075,Rudolfstetten-Friedlisberg,1389,1979-09-30,Initial recording of the municipality Rudolfstetten-Friedlisberg
4075,Rudolfstetten-Friedlisberg,1265,1978-09-30,Initial recording of the municipality Rudolfstetten-Friedlisberg
4075,Rudolfstetten-Friedlisberg,1121,1977-09-30,Initial recording of the municipality Rudolfstetten-Friedlisberg
4075,Rudolfstetten-Friedlisberg,1152,1976-09-30,Initial recording of the municipality Rudolfstetten-Friedlisberg
4206,Rupperswil,3851,2025-09-30,Initial recording of the municipality Rupperswil
4206,Rupperswil,3753,2024-09-30,Initial recording of the municipality Rupperswil
4206,Rupperswil,3630,2023-09-30,Initial recording of the municipality Rupperswil
4206,Rupperswil,3572,2022-09-30,Initial recording of the municipality Rupperswil
4206,Rupperswil,3554,2021-09-30,Initial recording of the municipality Rupperswil
4206,Rupperswil,3442,2020-09-30,Initial recording of the municipality Rupperswil
4206,Rupperswil,3369,2019-09-30,Initial recording of the municipality Rupperswil
4206,Rupperswil,3439,2018-09-30,Initial recording of the municipality Rupperswil
4206,Rupperswil,3387,2017-09-30,Initial recording of the municipality Rupperswil
4206,Rupperswil,3329,2016-09-30,Initial recording of the municipality Rupperswil
4206,Rupperswil,3158,2015-09-30,Initial recording of the municipality Rupperswil
4206,Rupperswil,3165,2014-09-30,Initial recording of the municipality Rupperswil
4206,Rupperswil,3029,2013-09-30,Initial recording of the municipality Rupperswil
4206,Rupperswil,2898,2012-09-30,Initial recording of the municipality Rupperswil
4206,Rupperswil,2764,2011-09-30,Initial recording of the municipality Rupperswil
4206,Rupperswil,2608,2010-09-30,Initial recording of the municipality Rupperswil
4206,Rupperswil,2560,2009-09-30,Initial recording of the municipality Rupperswil
4206,Rupperswil,2519,2008-09-30,Initial recording of the municipality Rupperswil
4206,Rupperswil,2437,2007-09-30,Initial recording of the municipality Rupperswil
4206,Rupperswil,2414,2006-09-30,Initial recording of the municipality Rupperswil
4206,Rupperswil,2341,2005-09-30,Initial recording of the municipality Rupperswil
4206,Rupperswil,2280,2004-09-30,Initial recording of the municipality Rupperswil
4206,Rupperswil,2195,2003-09-30,Initial recording of the municipality Rupperswil
4206,Rupperswil,2127,2002-09-30,Initial recording of the municipality Rupperswil
4206,Rupperswil,2113,2001-09-30,Initial recording of the municipality Rupperswil
4206,Rupperswil,2065,2000-09-30,Initial recording of the municipality Rupperswil
4206,Rupperswil,1997,1999-09-30,Initial recording of the municipality Rupperswil
4206,Rupperswil,1918,1998-09-30,Initial recording of the municipality Rupperswil
4206,Rupperswil,1841,1997-09-30,Initial recording of the municipality Rupperswil
4206,Rupperswil,1793,1996-09-30,Initial recording of the municipality Rupperswil
4206,Rupperswil,1710,1995-09-30,Initial recording of the municipality Rupperswil
4206,Rupperswil,1636,1994-09-30,Initial recording of the municipality Rupperswil
4206,Rupperswil,1552,1993-09-30,Initial recording of the municipality Rupperswil
4206,Rupperswil,1561,1992-09-30,Initial recording of the municipality Rupperswil
4206,Rupperswil,1555,1991-09-30,Initial recording of the municipality Rupperswil
4206,Rupperswil,1505,1990-09-30,Initial recording of the municipality Rupperswil
4206,Rupperswil,1456,1989-09-30,Initial recording of the municipality Rupperswil
4206,Rupperswil,1386,1988-09-30,Initial recording of the municipality Rupperswil
4206,Rupperswil,1316,1987-09-30,Initial recording of the municipality Rupperswil
4206,Rupperswil,1254,1986-09-30,Initial recording of the municipality Rupperswil
4206,Rupperswil,1186,1985-09-30,Initial recording of the municipality Rupperswil
4206,Rupperswil,1113,1984-09-30,Initial recording of the municipality Rupperswil
4206,Rupperswil,1071,1983-09-30,Initial recording of the municipality Rupperswil
4206,Rupperswil,1030,1982-09-30,Initial recording of the municipality Rupperswil
4206,Rupperswil,1003,1981-09-30,Initial recording of the municipality Rupperswil
4206,Rupperswil,949,1980-09-30,Initial recording of the municipality Rupperswil
4206,Rupperswil,899,1979-09-30,Initial recording of the municipality Rupperswil
4206,Rupperswil,868,1978-09-30,Initial recording of the municipality Rupperswil
4206,Rupperswil,840,1977-09-30,Initial recording of the municipality Rupperswil
4206,Rupperswil,793,1976-09-30,Initial recording of the municipality Rupperswil
4112,Rüfenach,566,2025-09-30,Initial recording of the municipality Rüfenach
4112,Rüfenach,573,2024-09-30,Initial recording of the municipality Rüfenach
4112,Rüfenach,572,2023-09-30,Initial recording of the municipality Rüfenach
4112,Rüfenach,570,2022-09-30,Initial recording of the municipality Rüfenach
4112,Rüfenach,591,2021-09-30,Initial recording of the municipality Rüfenach
4112,Rüfenach,571,2020-09-30,Initial recording of the municipality Rüfenach
4112,Rüfenach,568,2019-09-30,Initial recording of the municipality Rüfenach
4112,Rüfenach,574,2018-09-30,Initial recording of the municipality Rüfenach
4112,Rüfenach,571,2017-09-30,Initial recording of the municipality Rüfenach
4112,Rüfenach,565,2016-09-30,Initial recording of the municipality Rüfenach
4112,Rüfenach,559,2015-09-30,Initial recording of the municipality Rüfenach
4112,Rüfenach,560,2014-09-30,Initial recording of the municipality Rüfenach
4112,Rüfenach,551,2013-09-30,Initial recording of the municipality Rüfenach
4112,Rüfenach,562,2012-09-30,Initial recording of the municipality Rüfenach
4112,Rüfenach,541,2011-09-30,Initial recording of the municipality Rüfenach
4112,Rüfenach,500,2010-09-30,Initial recording of the municipality Rüfenach
4112,Rüfenach,488,2009-09-30,Initial recording of the municipality Rüfenach
4112,Rüfenach,474,2008-09-30,Initial recording of the municipality Rüfenach
4112,Rüfenach,465,2007-09-30,Initial recording of the municipality Rüfenach
4112,Rüfenach,445,2006-09-30,Initial recording of the municipality Rüfenach
4112,Rüfenach,436,2005-09-30,Initial recording of the municipality Rüfenach
4112,Rüfenach,409,2004-09-30,Initial recording of the municipality Rüfenach
4112,Rüfenach,391,2003-09-30,Initial recording of the municipality Rüfenach
4112,Rüfenach,377,2002-09-30,Initial recording of the municipality Rüfenach
4112,Rüfenach,357,2001-09-30,Initial recording of the municipality Rüfenach
4112,Rüfenach,359,2000-09-30,Initial recording of the municipality Rüfenach
4112,Rüfenach,339,1999-09-30,Initial recording of the municipality Rüfenach
4112,Rüfenach,335,1998-09-30,Initial recording of the municipality Rüfenach
4112,Rüfenach,319,1997-09-30,Initial recording of the municipality Rüfenach
4112,Rüfenach,308,1996-09-30,Initial recording of the municipality Rüfenach
4112,Rüfenach,319,1995-09-30,Initial recording of the municipality Rüfenach
4112,Rüfenach,312,1994-09-30,Initial recording of the municipality Rüfenach
4112,Rüfenach,321,1993-09-30,Initial recording of the municipality Rüfenach
4112,Rüfenach,316,1992-09-30,Initial recording of the municipality Rüfenach
4112,Rüfenach,306,1991-09-30,Initial recording of the municipality Rüfenach
4112,Rüfenach,292,1990-09-30,Initial recording of the municipality Rüfenach
4112,Rüfenach,290,1989-09-30,Initial recording of the municipality Rüfenach
4112,Rüfenach,278,1988-09-30,Initial recording of the municipality Rüfenach
4112,Rüfenach,274,1987-09-30,Initial recording of the municipality Rüfenach
4112,Rüfenach,248,1986-09-30,Initial recording of the municipality Rüfenach
4112,Rüfenach,255,1985-09-30,Initial recording of the municipality Rüfenach
4112,Rüfenach,256,1984-09-30,Initial recording of the municipality Rüfenach
4112,Rüfenach,238,1983-09-30,Initial recording of the municipality Rüfenach
4112,Rüfenach,219,1982-09-30,Initial recording of the municipality Rüfenach
4112,Rüfenach,209,1981-09-30,Initial recording of the municipality Rüfenach
4112,Rüfenach,197,1980-09-30,Initial recording of the municipality Rüfenach
4112,Rüfenach,185,1979-09-30,Initial recording of the municipality Rüfenach
4112,Rüfenach,174,1978-09-30,Initial recording of the municipality Rüfenach
4112,Rüfenach,155,1977-09-30,Initial recording of the municipality Rüfenach
4112,Rüfenach,136,1976-09-30,Initial recording of the municipality Rüfenach
4317,Rümikon,220,2021-09-30,Initial recording of the municipality Rümikon
4317,Rümikon,222,2020-09-30,Initial recording of the municipality Rümikon
4317,Rümikon,213,2019-09-30,Initial recording of the municipality Rümikon
4317,Rümikon,210,2018-09-30,Initial recording of the municipality Rümikon
4317,Rümikon,194,2017-09-30,Initial recording of the municipality Rümikon
4317,Rümikon,183,2016-09-30,Initial recording of the municipality Rümikon
4317,Rümikon,189,2015-09-30,Initial recording of the municipality Rümikon
4317,Rümikon,197,2014-09-30,Initial recording of the municipality Rümikon
4317,Rümikon,177,2013-09-30,Initial recording of the municipality Rümikon
4317,Rümikon,157,2012-09-30,Initial recording of the municipality Rümikon
4317,Rümikon,150,2011-09-30,Initial recording of the municipality Rümikon
4317,Rümikon,143,2010-09-30,Initial recording of the municipality Rümikon
4317,Rümikon,132,2009-09-30,Initial recording of the municipality Rümikon
4317,Rümikon,140,2008-09-30,Initial recording of the municipality Rümikon
4317,Rümikon,130,2007-09-30,Initial recording of the municipality Rümikon
4317,Rümikon,126,2006-09-30,Initial recording of the municipality Rümikon
4317,Rümikon,126,2005-09-30,Initial recording of the municipality Rümikon
4317,Rümikon,129,2004-09-30,Initial recording of the municipality Rümikon
4317,Rümikon,138,2003-09-30,Initial recording of the municipality Rümikon
4317,Rümikon,135,2002-09-30,Initial recording of the municipality Rümikon
4317,Rümikon,128,2001-09-30,Initial recording of the municipality Rümikon
4317,Rümikon,122,2000-09-30,Initial recording of the municipality Rümikon
4317,Rümikon,121,1999-09-30,Initial recording of the municipality Rümikon
4317,Rümikon,121,1998-09-30,Initial recording of the municipality Rümikon
4317,Rümikon,118,1997-09-30,Initial recording of the municipality Rümikon
4317,Rümikon,113,1996-09-30,Initial recording of the municipality Rümikon
4317,Rümikon,119,1995-09-30,Initial recording of the municipality Rümikon
4317,Rümikon,122,1994-09-30,Initial recording of the municipality Rümikon
4317,Rümikon,124,1993-09-30,Initial recording of the municipality Rümikon
4317,Rümikon,106,1992-09-30,Initial recording of the municipality Rümikon
4317,Rümikon,98,1991-09-30,Initial recording of the municipality Rümikon
4317,Rümikon,97,1990-09-30,Initial recording of the municipality Rümikon
4317,Rümikon,84,1989-09-30,Initial recording of the municipality Rümikon
4317,Rümikon,90,1988-09-30,Initial recording of the municipality Rümikon
4317,Rümikon,86,1987-09-30,Initial recording of the municipality Rümikon
4317,Rümikon,84,1986-09-30,Initial recording of the municipality Rümikon
4317,Rümikon,82,1985-09-30,Initial recording of the municipality Rümikon
4317,Rümikon,80,1984-09-30,Initial recording of the municipality Rümikon
4317,Rümikon,78,1983-09-30,Initial recording of the municipality Rümikon
4317,Rümikon,84,1982-09-30,Initial recording of the municipality Rümikon
4317,Rümikon,86,1981-09-30,Initial recording of the municipality Rümikon
4317,Rümikon,77,1980-09-30,Initial recording of the municipality Rümikon
4317,Rümikon,69,1979-09-30,Initial recording of the municipality Rümikon
4317,Rümikon,68,1978-09-30,Initial recording of the municipality Rümikon
4317,Rümikon,67,1977-09-30,Initial recording of the municipality Rümikon
4317,Rümikon,59,1976-09-30,Initial recording of the municipality Rümikon
4283,Safenwil,3260,2025-09-30,Initial recording of the municipality Safenwil
4283,Safenwil,3288,2024-09-30,Initial recording of the municipality Safenwil
4283,Safenwil,3219,2023-09-30,Initial recording of the municipality Safenwil
4283,Safenwil,3196,2022-09-30,Initial recording of the municipality Safenwil
4283,Safenwil,3068,2021-09-30,Initial recording of the municipality Safenwil
4283,Safenwil,2901,2020-09-30,Initial recording of the municipality Safenwil
4283,Safenwil,2851,2019-09-30,Initial recording of the municipality Safenwil
4283,Safenwil,2816,2018-09-30,Initial recording of the municipality Safenwil
4283,Safenwil,2802,2017-09-30,Initial recording of the municipality Safenwil
4283,Safenwil,2794,2016-09-30,Initial recording of the municipality Safenwil
4283,Safenwil,2746,2015-09-30,Initial recording of the municipality Safenwil
4283,Safenwil,2666,2014-09-30,Initial recording of the municipality Safenwil
4283,Safenwil,2681,2013-09-30,Initial recording of the municipality Safenwil
4283,Safenwil,2688,2012-09-30,Initial recording of the municipality Safenwil
4283,Safenwil,2646,2011-09-30,Initial recording of the municipality Safenwil
4283,Safenwil,2519,2010-09-30,Initial recording of the municipality Safenwil
4283,Safenwil,2404,2009-09-30,Initial recording of the municipality Safenwil
4283,Safenwil,2298,2008-09-30,Initial recording of the municipality Safenwil
4283,Safenwil,2318,2007-09-30,Initial recording of the municipality Safenwil
4283,Safenwil,2198,2006-09-30,Initial recording of the municipality Safenwil
4283,Safenwil,2156,2005-09-30,Initial recording of the municipality Safenwil
4283,Safenwil,2143,2004-09-30,Initial recording of the municipality Safenwil
4283,Safenwil,2087,2003-09-30,Initial recording of the municipality Safenwil
4283,Safenwil,2081,2002-09-30,Initial recording of the municipality Safenwil
4283,Safenwil,2038,2001-09-30,Initial recording of the municipality Safenwil
4283,Safenwil,2056,2000-09-30,Initial recording of the municipality Safenwil
4283,Safenwil,1971,1999-09-30,Initial recording of the municipality Safenwil
4283,Safenwil,1937,1998-09-30,Initial recording of the municipality Safenwil
4283,Safenwil,1897,1997-09-30,Initial recording of the municipality Safenwil
4283,Safenwil,1863,1996-09-30,Initial recording of the municipality Safenwil
4283,Safenwil,1783,1995-09-30,Initial recording of the municipality Safenwil
4283,Safenwil,1716,1994-09-30,Initial recording of the municipality Safenwil
4283,Safenwil,1684,1993-09-30,Initial recording of the municipality Safenwil
4283,Safenwil,1730,1992-09-30,Initial recording of the municipality Safenwil
4283,Safenwil,1621,1991-09-30,Initial recording of the municipality Safenwil
4283,Safenwil,1566,1990-09-30,Initial recording of the municipality Safenwil
4283,Safenwil,1515,1989-09-30,Initial recording of the municipality Safenwil
4283,Safenwil,1400,1988-09-30,Initial recording of the municipality Safenwil
4283,Safenwil,1294,1987-09-30,Initial recording of the municipality Safenwil
4283,Safenwil,1234,1986-09-30,Initial recording of the municipality Safenwil
4283,Safenwil,1196,1985-09-30,Initial recording of the municipality Safenwil
4283,Safenwil,1156,1984-09-30,Initial recording of the municipality Safenwil
4283,Safenwil,1120,1983-09-30,Initial recording of the municipality Safenwil
4283,Safenwil,1093,1982-09-30,Initial recording of the municipality Safenwil
4283,Safenwil,1069,1981-09-30,Initial recording of the municipality Safenwil
4283,Safenwil,1016,1980-09-30,Initial recording of the municipality Safenwil
4283,Safenwil,956,1979-09-30,Initial recording of the municipality Safenwil
4283,Safenwil,886,1978-09-30,Initial recording of the municipality Safenwil
4283,Safenwil,870,1977-09-30,Initial recording of the municipality Safenwil
4283,Safenwil,838,1976-09-30,Initial recording of the municipality Safenwil
4076,Sarmenstorf,2083,2025-09-30,Initial recording of the municipality Sarmenstorf
4076,Sarmenstorf,2075,2024-09-30,Initial recording of the municipality Sarmenstorf
4076,Sarmenstorf,2029,2023-09-30,Initial recording of the municipality Sarmenstorf
4076,Sarmenstorf,2002,2022-09-30,Initial recording of the municipality Sarmenstorf
4076,Sarmenstorf,1968,2021-09-30,Initial recording of the municipality Sarmenstorf
4076,Sarmenstorf,1906,2020-09-30,Initial recording of the municipality Sarmenstorf
4076,Sarmenstorf,1904,2019-09-30,Initial recording of the municipality Sarmenstorf
4076,Sarmenstorf,1855,2018-09-30,Initial recording of the municipality Sarmenstorf
4076,Sarmenstorf,1818,2017-09-30,Initial recording of the municipality Sarmenstorf
4076,Sarmenstorf,1793,2016-09-30,Initial recording of the municipality Sarmenstorf
4076,Sarmenstorf,1788,2015-09-30,Initial recording of the municipality Sarmenstorf
4076,Sarmenstorf,1723,2014-09-30,Initial recording of the municipality Sarmenstorf
4076,Sarmenstorf,1682,2013-09-30,Initial recording of the municipality Sarmenstorf
4076,Sarmenstorf,1596,2012-09-30,Initial recording of the municipality Sarmenstorf
4076,Sarmenstorf,1539,2011-09-30,Initial recording of the municipality Sarmenstorf
4076,Sarmenstorf,1494,2010-09-30,Initial recording of the municipality Sarmenstorf
4076,Sarmenstorf,1412,2009-09-30,Initial recording of the municipality Sarmenstorf
4076,Sarmenstorf,1394,2008-09-30,Initial recording of the municipality Sarmenstorf
4076,Sarmenstorf,1364,2007-09-30,Initial recording of the municipality Sarmenstorf
4076,Sarmenstorf,1351,2006-09-30,Initial recording of the municipality Sarmenstorf
4076,Sarmenstorf,1297,2005-09-30,Initial recording of the municipality Sarmenstorf
4076,Sarmenstorf,1259,2004-09-30,Initial recording of the municipality Sarmenstorf
4076,Sarmenstorf,1239,2003-09-30,Initial recording of the municipality Sarmenstorf
4076,Sarmenstorf,1189,2002-09-30,Initial recording of the municipality Sarmenstorf
4076,Sarmenstorf,1218,2001-09-30,Initial recording of the municipality Sarmenstorf
4076,Sarmenstorf,1129,2000-09-30,Initial recording of the municipality Sarmenstorf
4076,Sarmenstorf,1052,1999-09-30,Initial recording of the municipality Sarmenstorf
4076,Sarmenstorf,1046,1998-09-30,Initial recording of the municipality Sarmenstorf
4076,Sarmenstorf,974,1997-09-30,Initial recording of the municipality Sarmenstorf
4076,Sarmenstorf,938,1996-09-30,Initial recording of the municipality Sarmenstorf
4076,Sarmenstorf,899,1995-09-30,Initial recording of the municipality Sarmenstorf
4076,Sarmenstorf,846,1994-09-30,Initial recording of the municipality Sarmenstorf
4076,Sarmenstorf,818,1993-09-30,Initial recording of the municipality Sarmenstorf
4076,Sarmenstorf,808,1992-09-30,Initial recording of the municipality Sarmenstorf
4076,Sarmenstorf,800,1991-09-30,Initial recording of the municipality Sarmenstorf
4076,Sarmenstorf,771,1990-09-30,Initial recording of the municipality Sarmenstorf
4076,Sarmenstorf,730,1989-09-30,Initial recording of the municipality Sarmenstorf
4076,Sarmenstorf,695,1988-09-30,Initial recording of the municipality Sarmenstorf
4076,Sarmenstorf,649,1987-09-30,Initial recording of the municipality Sarmenstorf
4076,Sarmenstorf,633,1986-09-30,Initial recording of the municipality Sarmenstorf
4076,Sarmenstorf,611,1985-09-30,Initial recording of the municipality Sarmenstorf
4076,Sarmenstorf,584,1984-09-30,Initial recording of the municipality Sarmenstorf
4076,Sarmenstorf,558,1983-09-30,Initial recording of the municipality Sarmenstorf
4076,Sarmenstorf,512,1982-09-30,Initial recording of the municipality Sarmenstorf
4076,Sarmenstorf,497,1981-09-30,Initial recording of the municipality Sarmenstorf
4076,Sarmenstorf,471,1980-09-30,Initial recording of the municipality Sarmenstorf
4076,Sarmenstorf,456,1979-09-30,Initial recording of the municipality Sarmenstorf
4076,Sarmenstorf,418,1978-09-30,Initial recording of the municipality Sarmenstorf
4076,Sarmenstorf,397,1977-09-30,Initial recording of the municipality Sarmenstorf
4076,Sarmenstorf,362,1976-09-30,Initial recording of the municipality Sarmenstorf
4207,Schafisheim,2073,2025-09-30,Initial recording of the municipality Schafisheim
4207,Schafisheim,2048,2024-09-30,Initial recording of the municipality Schafisheim
4207,Schafisheim,2020,2023-09-30,Initial recording of the municipality Schafisheim
4207,Schafisheim,1970,2022-09-30,Initial recording of the municipality Schafisheim
4207,Schafisheim,1963,2021-09-30,Initial recording of the municipality Schafisheim
4207,Schafisheim,1963,2020-09-30,Initial recording of the municipality Schafisheim
4207,Schafisheim,1968,2019-09-30,Initial recording of the municipality Schafisheim
4207,Schafisheim,1982,2018-09-30,Initial recording of the municipality Schafisheim
4207,Schafisheim,1989,2017-09-30,Initial recording of the municipality Schafisheim
4207,Schafisheim,1939,2016-09-30,Initial recording of the municipality Schafisheim
4207,Schafisheim,1849,2015-09-30,Initial recording of the municipality Schafisheim
4207,Schafisheim,1907,2014-09-30,Initial recording of the municipality Schafisheim
4207,Schafisheim,1878,2013-09-30,Initial recording of the municipality Schafisheim
4207,Schafisheim,1783,2012-09-30,Initial recording of the municipality Schafisheim
4207,Schafisheim,1747,2011-09-30,Initial recording of the municipality Schafisheim
4207,Schafisheim,1720,2010-09-30,Initial recording of the municipality Schafisheim
4207,Schafisheim,1640,2009-09-30,Initial recording of the municipality Schafisheim
4207,Schafisheim,1640,2008-09-30,Initial recording of the municipality Schafisheim
4207,Schafisheim,1650,2007-09-30,Initial recording of the municipality Schafisheim
4207,Schafisheim,1624,2006-09-30,Initial recording of the municipality Schafisheim
4207,Schafisheim,1650,2005-09-30,Initial recording of the municipality Schafisheim
4207,Schafisheim,1655,2004-09-30,Initial recording of the municipality Schafisheim
4207,Schafisheim,1628,2003-09-30,Initial recording of the municipality Schafisheim
4207,Schafisheim,1547,2002-09-30,Initial recording of the municipality Schafisheim
4207,Schafisheim,1531,2001-09-30,Initial recording of the municipality Schafisheim
4207,Schafisheim,1513,2000-09-30,Initial recording of the municipality Schafisheim
4207,Schafisheim,1436,1999-09-30,Initial recording of the municipality Schafisheim
4207,Schafisheim,1365,1998-09-30,Initial recording of the municipality Schafisheim
4207,Schafisheim,1296,1997-09-30,Initial recording of the municipality Schafisheim
4207,Schafisheim,1263,1996-09-30,Initial recording of the municipality Schafisheim
4207,Schafisheim,1198,1995-09-30,Initial recording of the municipality Schafisheim
4207,Schafisheim,1143,1994-09-30,Initial recording of the municipality Schafisheim
4207,Schafisheim,1092,1993-09-30,Initial recording of the municipality Schafisheim
4207,Schafisheim,1063,1992-09-30,Initial recording of the municipality Schafisheim
4207,Schafisheim,1002,1991-09-30,Initial recording of the municipality Schafisheim
4207,Schafisheim,967,1990-09-30,Initial recording of the municipality Schafisheim
4207,Schafisheim,913,1989-09-30,Initial recording of the municipality Schafisheim
4207,Schafisheim,890,1988-09-30,Initial recording of the municipality Schafisheim
4207,Schafisheim,798,1987-09-30,Initial recording of the municipality Schafisheim
4207,Schafisheim,770,1986-09-30,Initial recording of the municipality Schafisheim
4207,Schafisheim,738,1985-09-30,Initial recording of the municipality Schafisheim
4207,Schafisheim,711,1984-09-30,Initial recording of the municipality Schafisheim
4207,Schafisheim,689,1983-09-30,Initial recording of the municipality Schafisheim
4207,Schafisheim,694,1982-09-30,Initial recording of the municipality Schafisheim
4207,Schafisheim,675,1981-09-30,Initial recording of the municipality Schafisheim
4207,Schafisheim,647,1980-09-30,Initial recording of the municipality Schafisheim
4207,Schafisheim,622,1979-09-30,Initial recording of the municipality Schafisheim
4207,Schafisheim,596,1978-09-30,Initial recording of the municipality Schafisheim
4207,Schafisheim,578,1977-09-30,Initial recording of the municipality Schafisheim
4207,Schafisheim,547,1976-09-30,Initial recording of the municipality Schafisheim
4113,Scherz,441,2017-09-30,Initial recording of the municipality Scherz
4113,Scherz,439,2016-09-30,Initial recording of the municipality Scherz
4113,Scherz,437,2015-09-30,Initial recording of the municipality Scherz
4113,Scherz,423,2014-09-30,Initial recording of the municipality Scherz
4113,Scherz,404,2013-09-30,Initial recording of the municipality Scherz
4113,Scherz,409,2012-09-30,Initial recording of the municipality Scherz
4113,Scherz,404,2011-09-30,Initial recording of the municipality Scherz
4113,Scherz,401,2010-09-30,Initial recording of the municipality Scherz
4113,Scherz,378,2009-09-30,Initial recording of the municipality Scherz
4113,Scherz,357,2008-09-30,Initial recording of the municipality Scherz
4113,Scherz,339,2007-09-30,Initial recording of the municipality Scherz
4113,Scherz,346,2006-09-30,Initial recording of the municipality Scherz
4113,Scherz,345,2005-09-30,Initial recording of the municipality Scherz
4113,Scherz,340,2004-09-30,Initial recording of the municipality Scherz
4113,Scherz,339,2003-09-30,Initial recording of the municipality Scherz
4113,Scherz,327,2002-09-30,Initial recording of the municipality Scherz
4113,Scherz,320,2001-09-30,Initial recording of the municipality Scherz
4113,Scherz,297,2000-09-30,Initial recording of the municipality Scherz
4113,Scherz,301,1999-09-30,Initial recording of the municipality Scherz
4113,Scherz,315,1998-09-30,Initial recording of the municipality Scherz
4113,Scherz,302,1997-09-30,Initial recording of the municipality Scherz
4113,Scherz,284,1996-09-30,Initial recording of the municipality Scherz
4113,Scherz,264,1995-09-30,Initial recording of the municipality Scherz
4113,Scherz,253,1994-09-30,Initial recording of the municipality Scherz
4113,Scherz,238,1993-09-30,Initial recording of the municipality Scherz
4113,Scherz,234,1992-09-30,Initial recording of the municipality Scherz
4113,Scherz,232,1991-09-30,Initial recording of the municipality Scherz
4113,Scherz,232,1990-09-30,Initial recording of the municipality Scherz
4113,Scherz,228,1989-09-30,Initial recording of the municipality Scherz
4113,Scherz,220,1988-09-30,Initial recording of the municipality Scherz
4113,Scherz,210,1987-09-30,Initial recording of the municipality Scherz
4113,Scherz,213,1986-09-30,Initial recording of the municipality Scherz
4113,Scherz,200,1985-09-30,Initial recording of the municipality Scherz
4113,Scherz,188,1984-09-30,Initial recording of the municipality Scherz
4113,Scherz,185,1983-09-30,Initial recording of the municipality Scherz
4113,Scherz,178,1982-09-30,Initial recording of the municipality Scherz
4113,Scherz,162,1981-09-30,Initial recording of the municipality Scherz
4113,Scherz,151,1980-09-30,Initial recording of the municipality Scherz
4113,Scherz,152,1979-09-30,Initial recording of the municipality Scherz
4113,Scherz,139,1978-09-30,Initial recording of the municipality Scherz
4113,Scherz,136,1977-09-30,Initial recording of the municipality Scherz
4113,Scherz,128,1976-09-30,Initial recording of the municipality Scherz
4125,Schinznach,1598,2025-09-30,Fusion of Oberflachs and Schinznach-Dorf into Schinznach
4125,Schinznach,1593,2024-09-30,Fusion of Oberflachs and Schinznach-Dorf into Schinznach
4125,Schinznach,1540,2023-09-30,Fusion of Oberflachs and Schinznach-Dorf into Schinznach
4125,Schinznach,1535,2022-09-30,Fusion of Oberflachs and Schinznach-Dorf into Schinznach
4125,Schinznach,1536,2021-09-30,Fusion of Oberflachs and Schinznach-Dorf into Schinznach
4125,Schinznach,1462,2020-09-30,Fusion of Oberflachs and Schinznach-Dorf into Schinznach
4125,Schinznach,1448,2019-09-30,Fusion of Oberflachs and Schinznach-Dorf into Schinznach
4125,Schinznach,1441,2018-09-30,Fusion of Oberflachs and Schinznach-Dorf into Schinznach
4125,Schinznach,1398,2017-09-30,Fusion of Oberflachs and Schinznach-Dorf into Schinznach
4125,Schinznach,1379,2016-09-30,Fusion of Oberflachs and Schinznach-Dorf into Schinznach
4125,Schinznach,1364,2015-09-30,Fusion of Oberflachs and Schinznach-Dorf into Schinznach
4125,Schinznach,1357,2014-09-30,Fusion of Oberflachs and Schinznach-Dorf into Schinznach
4114,Schinznach-Bad,1084,2019-09-30,Name change from Schinznach Bad to Schinznach-Bad
4114,Schinznach-Bad,1046,2018-09-30,Name change from Schinznach Bad to Schinznach-Bad
4114,Schinznach-Bad,1151,2017-09-30,Name change from Schinznach Bad to Schinznach-Bad
4114,Schinznach-Bad,1186,2016-09-30,Name change from Schinznach Bad to Schinznach-Bad
4114,Schinznach-Bad,1157,2015-09-30,Name change from Schinznach Bad to Schinznach-Bad
4114,Schinznach-Bad,1150,2014-09-30,Name change from Schinznach Bad to Schinznach-Bad
4114,Schinznach-Bad,1158,2013-09-30,Name change from Schinznach Bad to Schinznach-Bad
4114,Schinznach-Bad,1210,2012-09-30,Name change from Schinznach Bad to Schinznach-Bad
4114,Schinznach-Bad,1205,2011-09-30,Name change from Schinznach Bad to Schinznach-Bad
4114,Schinznach-Bad,1148,2010-09-30,Name change from Schinznach Bad to Schinznach-Bad
4114,Schinznach-Bad,1203,2009-09-30,Name change from Schinznach Bad to Schinznach-Bad
4114,Schinznach-Bad,1201,2008-09-30,Name change from Schinznach Bad to Schinznach-Bad
4114,Schinznach-Bad,1130,2007-09-30,Name change from Schinznach Bad to Schinznach-Bad
4114,Schinznach-Bad,1174,2006-09-30,Name change from Schinznach Bad to Schinznach-Bad
4114,Schinznach-Bad,1101,2005-09-30,Name change from Schinznach Bad to Schinznach-Bad
4114,Schinznach-Bad,1055,2004-09-30,Name change from Schinznach Bad to Schinznach-Bad
4114,Schinznach-Bad,1094,2003-09-30,Name change from Schinznach Bad to Schinznach-Bad
4114,Schinznach-Bad,1105,2002-09-30,Initial recording of the municipality Schinznach Bad
4114,Schinznach-Bad,1022,2001-09-30,Initial recording of the municipality Schinznach Bad
4114,Schinznach-Bad,985,2000-09-30,Initial recording of the municipality Schinznach Bad
4114,Schinznach-Bad,939,1999-09-30,Initial recording of the municipality Schinznach Bad
4114,Schinznach-Bad,905,1998-09-30,Initial recording of the municipality Schinznach Bad
4114,Schinznach-Bad,859,1997-09-30,Initial recording of the municipality Schinznach Bad
4114,Schinznach-Bad,840,1996-09-30,Initial recording of the municipality Schinznach Bad
4114,Schinznach-Bad,835,1995-09-30,Initial recording of the municipality Schinznach Bad
4114,Schinznach-Bad,856,1994-09-30,Initial recording of the municipality Schinznach Bad
4114,Schinznach-Bad,851,1993-09-30,Initial recording of the municipality Schinznach Bad
4114,Schinznach-Bad,886,1992-09-30,Initial recording of the municipality Schinznach Bad
4114,Schinznach-Bad,889,1991-09-30,Initial recording of the municipality Schinznach Bad
4114,Schinznach-Bad,844,1990-09-30,Initial recording of the municipality Schinznach Bad
4114,Schinznach-Bad,796,1989-09-30,Initial recording of the municipality Schinznach Bad
4114,Schinznach-Bad,776,1988-09-30,Initial recording of the municipality Schinznach Bad
4114,Schinznach-Bad,711,1987-09-30,Initial recording of the municipality Schinznach Bad
4114,Schinznach-Bad,637,1986-09-30,Initial recording of the municipality Schinznach Bad
4114,Schinznach-Bad,630,1985-09-30,Initial recording of the municipality Schinznach Bad
4114,Schinznach-Bad,614,1984-09-30,Initial recording of the municipality Schinznach Bad
4114,Schinznach-Bad,625,1983-09-30,Initial recording of the municipality Schinznach Bad
4114,Schinznach-Bad,630,1982-09-30,Initial recording of the municipality Schinznach Bad
4114,Schinznach-Bad,599,1981-09-30,Initial recording of the municipality Schinznach Bad
4114,Schinznach-Bad,601,1980-09-30,Initial recording of the municipality Schinznach Bad
4114,Schinznach-Bad,553,1979-09-30,Initial recording of the municipality Schinznach Bad
4114,Schinznach-Bad,565,1978-09-30,Initial recording of the municipality Schinznach Bad
4114,Schinznach-Bad,527,1977-09-30,Initial recording of the municipality Schinznach Bad
4114,Schinznach-Bad,525,1976-09-30,Initial recording of the municipality Schinznach Bad
4115,Schinznach-Dorf,1032,2013-09-30,Name change from Schinznach Dorf to Schinznach-Dorf
4115,Schinznach-Dorf,998,2012-09-30,Name change from Schinznach Dorf to Schinznach-Dorf
4115,Schinznach-Dorf,986,2011-09-30,Name change from Schinznach Dorf to Schinznach-Dorf
4115,Schinznach-Dorf,957,2010-09-30,Name change from Schinznach Dorf to Schinznach-Dorf
4115,Schinznach-Dorf,938,2009-09-30,Name change from Schinznach Dorf to Schinznach-Dorf
4115,Schinznach-Dorf,904,2008-09-30,Name change from Schinznach Dorf to Schinznach-Dorf
4115,Schinznach-Dorf,894,2007-09-30,Name change from Schinznach Dorf to Schinznach-Dorf
4115,Schinznach-Dorf,875,2006-09-30,Name change from Schinznach Dorf to Schinznach-Dorf
4115,Schinznach-Dorf,871,2005-09-30,Name change from Schinznach Dorf to Schinznach-Dorf
4115,Schinznach-Dorf,875,2004-09-30,Name change from Schinznach Dorf to Schinznach-Dorf
4115,Schinznach-Dorf,870,2003-09-30,Name change from Schinznach Dorf to Schinznach-Dorf
4115,Schinznach-Dorf,833,2002-09-30,Initial recording of the municipality Schinznach Dorf
4115,Schinznach-Dorf,820,2001-09-30,Initial recording of the municipality Schinznach Dorf
4115,Schinznach-Dorf,811,2000-09-30,Initial recording of the municipality Schinznach Dorf
4115,Schinznach-Dorf,784,1999-09-30,Initial recording of the municipality Schinznach Dorf
4115,Schinznach-Dorf,796,1998-09-30,Initial recording of the municipality Schinznach Dorf
4115,Schinznach-Dorf,768,1997-09-30,Initial recording of the municipality Schinznach Dorf
4115,Schinznach-Dorf,726,1996-09-30,Initial recording of the municipality Schinznach Dorf
4115,Schinznach-Dorf,711,1995-09-30,Initial recording of the municipality Schinznach Dorf
4115,Schinznach-Dorf,708,1994-09-30,Initial recording of the municipality Schinznach Dorf
4115,Schinznach-Dorf,674,1993-09-30,Initial recording of the municipality Schinznach Dorf
4115,Schinznach-Dorf,653,1992-09-30,Initial recording of the municipality Schinznach Dorf
4115,Schinznach-Dorf,651,1991-09-30,Initial recording of the municipality Schinznach Dorf
4115,Schinznach-Dorf,595,1990-09-30,Initial recording of the municipality Schinznach Dorf
4115,Schinznach-Dorf,583,1989-09-30,Initial recording of the municipality Schinznach Dorf
4115,Schinznach-Dorf,574,1988-09-30,Initial recording of the municipality Schinznach Dorf
4115,Schinznach-Dorf,576,1987-09-30,Initial recording of the municipality Schinznach Dorf
4115,Schinznach-Dorf,556,1986-09-30,Initial recording of the municipality Schinznach Dorf
4115,Schinznach-Dorf,538,1985-09-30,Initial recording of the municipality Schinznach Dorf
4115,Schinznach-Dorf,517,1984-09-30,Initial recording of the municipality Schinznach Dorf
4115,Schinznach-Dorf,478,1983-09-30,Initial recording of the municipality Schinznach Dorf
4115,Schinznach-Dorf,466,1982-09-30,Initial recording of the municipality Schinznach Dorf
4115,Schinznach-Dorf,447,1981-09-30,Initial recording of the municipality Schinznach Dorf
4115,Schinznach-Dorf,422,1980-09-30,Initial recording of the municipality Schinznach Dorf
4115,Schinznach-Dorf,408,1979-09-30,Initial recording of the municipality Schinznach Dorf
4115,Schinznach-Dorf,382,1978-09-30,Initial recording of the municipality Schinznach Dorf
4115,Schinznach-Dorf,371,1977-09-30,Initial recording of the municipality Schinznach Dorf
4115,Schinznach-Dorf,344,1976-09-30,Initial recording of the municipality Schinznach Dorf
4142,Schlossrued,655,2025-09-30,Initial recording of the municipality Schlossrued
4142,Schlossrued,650,2024-09-30,Initial recording of the municipality Schlossrued
4142,Schlossrued,652,2023-09-30,Initial recording of the municipality Schlossrued
4142,Schlossrued,625,2022-09-30,Initial recording of the municipality Schlossrued
4142,Schlossrued,633,2021-09-30,Initial recording of the municipality Schlossrued
4142,Schlossrued,605,2020-09-30,Initial recording of the municipality Schlossrued
4142,Schlossrued,623,2019-09-30,Initial recording of the municipality Schlossrued
4142,Schlossrued,612,2018-09-30,Initial recording of the municipality Schlossrued
4142,Schlossrued,601,2017-09-30,Initial recording of the municipality Schlossrued
4142,Schlossrued,586,2016-09-30,Initial recording of the municipality Schlossrued
4142,Schlossrued,564,2015-09-30,Initial recording of the municipality Schlossrued
4142,Schlossrued,557,2014-09-30,Initial recording of the municipality Schlossrued
4142,Schlossrued,555,2013-09-30,Initial recording of the municipality Schlossrued
4142,Schlossrued,543,2012-09-30,Initial recording of the municipality Schlossrued
4142,Schlossrued,527,2011-09-30,Initial recording of the municipality Schlossrued
4142,Schlossrued,522,2010-09-30,Initial recording of the municipality Schlossrued
4142,Schlossrued,532,2009-09-30,Initial recording of the municipality Schlossrued
4142,Schlossrued,525,2008-09-30,Initial recording of the municipality Schlossrued
4142,Schlossrued,536,2007-09-30,Initial recording of the municipality Schlossrued
4142,Schlossrued,538,2006-09-30,Initial recording of the municipality Schlossrued
4142,Schlossrued,517,2005-09-30,Initial recording of the municipality Schlossrued
4142,Schlossrued,515,2004-09-30,Initial recording of the municipality Schlossrued
4142,Schlossrued,522,2003-09-30,Initial recording of the municipality Schlossrued
4142,Schlossrued,507,2002-09-30,Initial recording of the municipality Schlossrued
4142,Schlossrued,497,2001-09-30,Initial recording of the municipality Schlossrued
4142,Schlossrued,489,2000-09-30,Initial recording of the municipality Schlossrued
4142,Schlossrued,471,1999-09-30,Initial recording of the municipality Schlossrued
4142,Schlossrued,471,1998-09-30,Initial recording of the municipality Schlossrued
4142,Schlossrued,472,1997-09-30,Initial recording of the municipality Schlossrued
4142,Schlossrued,455,1996-09-30,Initial recording of the municipality Schlossrued
4142,Schlossrued,452,1995-09-30,Initial recording of the municipality Schlossrued
4142,Schlossrued,419,1994-09-30,Initial recording of the municipality Schlossrued
4142,Schlossrued,396,1993-09-30,Initial recording of the municipality Schlossrued
4142,Schlossrued,382,1992-09-30,Initial recording of the municipality Schlossrued
4142,Schlossrued,381,1991-09-30,Initial recording of the municipality Schlossrued
4142,Schlossrued,384,1990-09-30,Initial recording of the municipality Schlossrued
4142,Schlossrued,382,1989-09-30,Initial recording of the municipality Schlossrued
4142,Schlossrued,370,1988-09-30,Initial recording of the municipality Schlossrued
4142,Schlossrued,364,1987-09-30,Initial recording of the municipality Schlossrued
4142,Schlossrued,352,1986-09-30,Initial recording of the municipality Schlossrued
4142,Schlossrued,340,1985-09-30,Initial recording of the municipality Schlossrued
4142,Schlossrued,314,1984-09-30,Initial recording of the municipality Schlossrued
4142,Schlossrued,304,1983-09-30,Initial recording of the municipality Schlossrued
4142,Schlossrued,302,1982-09-30,Initial recording of the municipality Schlossrued
4142,Schlossrued,292,1981-09-30,Initial recording of the municipality Schlossrued
4142,Schlossrued,281,1980-09-30,Initial recording of the municipality Schlossrued
4142,Schlossrued,259,1979-09-30,Initial recording of the municipality Schlossrued
4142,Schlossrued,238,1978-09-30,Initial recording of the municipality Schlossrued
4142,Schlossrued,219,1977-09-30,Initial recording of the municipality Schlossrued
4142,Schlossrued,196,1976-09-30,Initial recording of the municipality Schlossrued
4143,Schmiedrued,874,2025-09-30,Initial recording of the municipality Schmiedrued
4143,Schmiedrued,883,2024-09-30,Initial recording of the municipality Schmiedrued
4143,Schmiedrued,875,2023-09-30,Initial recording of the municipality Schmiedrued
4143,Schmiedrued,883,2022-09-30,Initial recording of the municipality Schmiedrued
4143,Schmiedrued,889,2021-09-30,Initial recording of the municipality Schmiedrued
4143,Schmiedrued,860,2020-09-30,Initial recording of the municipality Schmiedrued
4143,Schmiedrued,824,2019-09-30,Initial recording of the municipality Schmiedrued
4143,Schmiedrued,841,2018-09-30,Initial recording of the municipality Schmiedrued
4143,Schmiedrued,826,2017-09-30,Initial recording of the municipality Schmiedrued
4143,Schmiedrued,805,2016-09-30,Initial recording of the municipality Schmiedrued
4143,Schmiedrued,802,2015-09-30,Initial recording of the municipality Schmiedrued
4143,Schmiedrued,788,2014-09-30,Initial recording of the municipality Schmiedrued
4143,Schmiedrued,791,2013-09-30,Initial recording of the municipality Schmiedrued
4143,Schmiedrued,775,2012-09-30,Initial recording of the municipality Schmiedrued
4143,Schmiedrued,748,2011-09-30,Initial recording of the municipality Schmiedrued
4143,Schmiedrued,736,2010-09-30,Initial recording of the municipality Schmiedrued
4143,Schmiedrued,715,2009-09-30,Initial recording of the municipality Schmiedrued
4143,Schmiedrued,735,2008-09-30,Initial recording of the municipality Schmiedrued
4143,Schmiedrued,713,2007-09-30,Initial recording of the municipality Schmiedrued
4143,Schmiedrued,690,2006-09-30,Initial recording of the municipality Schmiedrued
4143,Schmiedrued,682,2005-09-30,Initial recording of the municipality Schmiedrued
4143,Schmiedrued,673,2004-09-30,Initial recording of the municipality Schmiedrued
4143,Schmiedrued,665,2003-09-30,Initial recording of the municipality Schmiedrued
4143,Schmiedrued,626,2002-09-30,Initial recording of the municipality Schmiedrued
4143,Schmiedrued,601,2001-09-30,Initial recording of the municipality Schmiedrued
4143,Schmiedrued,620,2000-09-30,Initial recording of the municipality Schmiedrued
4143,Schmiedrued,601,1999-09-30,Initial recording of the municipality Schmiedrued
4143,Schmiedrued,586,1998-09-30,Initial recording of the municipality Schmiedrued
4143,Schmiedrued,576,1997-09-30,Initial recording of the municipality Schmiedrued
4143,Schmiedrued,546,1996-09-30,Initial recording of the municipality Schmiedrued
4143,Schmiedrued,539,1995-09-30,Initial recording of the municipality Schmiedrued
4143,Schmiedrued,537,1994-09-30,Initial recording of the municipality Schmiedrued
4143,Schmiedrued,511,1993-09-30,Initial recording of the municipality Schmiedrued
4143,Schmiedrued,500,1992-09-30,Initial recording of the municipality Schmiedrued
4143,Schmiedrued,481,1991-09-30,Initial recording of the municipality Schmiedrued
4143,Schmiedrued,442,1990-09-30,Initial recording of the municipality Schmiedrued
4143,Schmiedrued,424,1989-09-30,Initial recording of the municipality Schmiedrued
4143,Schmiedrued,419,1988-09-30,Initial recording of the municipality Schmiedrued
4143,Schmiedrued,396,1987-09-30,Initial recording of the municipality Schmiedrued
4143,Schmiedrued,378,1986-09-30,Initial recording of the municipality Schmiedrued
4143,Schmiedrued,379,1985-09-30,Initial recording of the municipality Schmiedrued
4143,Schmiedrued,367,1984-09-30,Initial recording of the municipality Schmiedrued
4143,Schmiedrued,358,1983-09-30,Initial recording of the municipality Schmiedrued
4143,Schmiedrued,334,1982-09-30,Initial recording of the municipality Schmiedrued
4143,Schmiedrued,314,1981-09-30,Initial recording of the municipality Schmiedrued
4143,Schmiedrued,301,1980-09-30,Initial recording of the municipality Schmiedrued
4143,Schmiedrued,288,1979-09-30,Initial recording of the municipality Schmiedrued
4143,Schmiedrued,278,1978-09-30,Initial recording of the municipality Schmiedrued
4143,Schmiedrued,240,1977-09-30,Initial recording of the municipality Schmiedrued
4143,Schmiedrued,213,1976-09-30,Initial recording of the municipality Schmiedrued
4318,Schneisingen,1032,2025-09-30,Initial recording of the municipality Schneisingen
4318,Schneisingen,1027,2024-09-30,Initial recording of the municipality Schneisingen
4318,Schneisingen,1025,2023-09-30,Initial recording of the municipality Schneisingen
4318,Schneisingen,1002,2022-09-30,Initial recording of the municipality Schneisingen
4318,Schneisingen,1023,2021-09-30,Initial recording of the municipality Schneisingen
4318,Schneisingen,985,2020-09-30,Initial recording of the municipality Schneisingen
4318,Schneisingen,992,2019-09-30,Initial recording of the municipality Schneisingen
4318,Schneisingen,940,2018-09-30,Initial recording of the municipality Schneisingen
4318,Schneisingen,873,2017-09-30,Initial recording of the municipality Schneisingen
4318,Schneisingen,879,2016-09-30,Initial recording of the municipality Schneisingen
4318,Schneisingen,841,2015-09-30,Initial recording of the municipality Schneisingen
4318,Schneisingen,823,2014-09-30,Initial recording of the municipality Schneisingen
4318,Schneisingen,819,2013-09-30,Initial recording of the municipality Schneisingen
4318,Schneisingen,810,2012-09-30,Initial recording of the municipality Schneisingen
4318,Schneisingen,806,2011-09-30,Initial recording of the municipality Schneisingen
4318,Schneisingen,787,2010-09-30,Initial recording of the municipality Schneisingen
4318,Schneisingen,759,2009-09-30,Initial recording of the municipality Schneisingen
4318,Schneisingen,751,2008-09-30,Initial recording of the municipality Schneisingen
4318,Schneisingen,727,2007-09-30,Initial recording of the municipality Schneisingen
4318,Schneisingen,717,2006-09-30,Initial recording of the municipality Schneisingen
4318,Schneisingen,702,2005-09-30,Initial recording of the municipality Schneisingen
4318,Schneisingen,684,2004-09-30,Initial recording of the municipality Schneisingen
4318,Schneisingen,705,2003-09-30,Initial recording of the municipality Schneisingen
4318,Schneisingen,684,2002-09-30,Initial recording of the municipality Schneisingen
4318,Schneisingen,687,2001-09-30,Initial recording of the municipality Schneisingen
4318,Schneisingen,676,2000-09-30,Initial recording of the municipality Schneisingen
4318,Schneisingen,655,1999-09-30,Initial recording of the municipality Schneisingen
4318,Schneisingen,627,1998-09-30,Initial recording of the municipality Schneisingen
4318,Schneisingen,619,1997-09-30,Initial recording of the municipality Schneisingen
4318,Schneisingen,582,1996-09-30,Initial recording of the municipality Schneisingen
4318,Schneisingen,551,1995-09-30,Initial recording of the municipality Schneisingen
4318,Schneisingen,560,1994-09-30,Initial recording of the municipality Schneisingen
4318,Schneisingen,560,1993-09-30,Initial recording of the municipality Schneisingen
4318,Schneisingen,572,1992-09-30,Initial recording of the municipality Schneisingen
4318,Schneisingen,562,1991-09-30,Initial recording of the municipality Schneisingen
4318,Schneisingen,554,1990-09-30,Initial recording of the municipality Schneisingen
4318,Schneisingen,539,1989-09-30,Initial recording of the municipality Schneisingen
4318,Schneisingen,513,1988-09-30,Initial recording of the municipality Schneisingen
4318,Schneisingen,498,1987-09-30,Initial recording of the municipality Schneisingen
4318,Schneisingen,484,1986-09-30,Initial recording of the municipality Schneisingen
4318,Schneisingen,458,1985-09-30,Initial recording of the municipality Schneisingen
4318,Schneisingen,456,1984-09-30,Initial recording of the municipality Schneisingen
4318,Schneisingen,436,1983-09-30,Initial recording of the municipality Schneisingen
4318,Schneisingen,432,1982-09-30,Initial recording of the municipality Schneisingen
4318,Schneisingen,425,1981-09-30,Initial recording of the municipality Schneisingen
4318,Schneisingen,384,1980-09-30,Initial recording of the municipality Schneisingen
4318,Schneisingen,362,1979-09-30,Initial recording of the municipality Schneisingen
4318,Schneisingen,331,1978-09-30,Initial recording of the municipality Schneisingen
4318,Schneisingen,316,1977-09-30,Initial recording of the municipality Schneisingen
4318,Schneisingen,298,1976-09-30,Initial recording of the municipality Schneisingen
4259,Schupfart,651,2025-09-30,Initial recording of the municipality Schupfart
4259,Schupfart,626,2024-09-30,Initial recording of the municipality Schupfart
4259,Schupfart,619,2023-09-30,Initial recording of the municipality Schupfart
4259,Schupfart,606,2022-09-30,Initial recording of the municipality Schupfart
4259,Schupfart,573,2021-09-30,Initial recording of the municipality Schupfart
4259,Schupfart,564,2020-09-30,Initial recording of the municipality Schupfart
4259,Schupfart,574,2019-09-30,Initial recording of the municipality Schupfart
4259,Schupfart,577,2018-09-30,Initial recording of the municipality Schupfart
4259,Schupfart,585,2017-09-30,Initial recording of the municipality Schupfart
4259,Schupfart,565,2016-09-30,Initial recording of the municipality Schupfart
4259,Schupfart,529,2015-09-30,Initial recording of the municipality Schupfart
4259,Schupfart,525,2014-09-30,Initial recording of the municipality Schupfart
4259,Schupfart,518,2013-09-30,Initial recording of the municipality Schupfart
4259,Schupfart,513,2012-09-30,Initial recording of the municipality Schupfart
4259,Schupfart,506,2011-09-30,Initial recording of the municipality Schupfart
4259,Schupfart,507,2010-09-30,Initial recording of the municipality Schupfart
4259,Schupfart,484,2009-09-30,Initial recording of the municipality Schupfart
4259,Schupfart,467,2008-09-30,Initial recording of the municipality Schupfart
4259,Schupfart,453,2007-09-30,Initial recording of the municipality Schupfart
4259,Schupfart,445,2006-09-30,Initial recording of the municipality Schupfart
4259,Schupfart,430,2005-09-30,Initial recording of the municipality Schupfart
4259,Schupfart,431,2004-09-30,Initial recording of the municipality Schupfart
4259,Schupfart,411,2003-09-30,Initial recording of the municipality Schupfart
4259,Schupfart,394,2002-09-30,Initial recording of the municipality Schupfart
4259,Schupfart,379,2001-09-30,Initial recording of the municipality Schupfart
4259,Schupfart,378,2000-09-30,Initial recording of the municipality Schupfart
4259,Schupfart,350,1999-09-30,Initial recording of the municipality Schupfart
4259,Schupfart,342,1998-09-30,Initial recording of the municipality Schupfart
4259,Schupfart,323,1997-09-30,Initial recording of the municipality Schupfart
4259,Schupfart,297,1996-09-30,Initial recording of the municipality Schupfart
4259,Schupfart,291,1995-09-30,Initial recording of the municipality Schupfart
4259,Schupfart,274,1994-09-30,Initial recording of the municipality Schupfart
4259,Schupfart,273,1993-09-30,Initial recording of the municipality Schupfart
4259,Schupfart,262,1992-09-30,Initial recording of the municipality Schupfart
4259,Schupfart,255,1991-09-30,Initial recording of the municipality Schupfart
4259,Schupfart,253,1990-09-30,Initial recording of the municipality Schupfart
4259,Schupfart,243,1989-09-30,Initial recording of the municipality Schupfart
4259,Schupfart,226,1988-09-30,Initial recording of the municipality Schupfart
4259,Schupfart,219,1987-09-30,Initial recording of the municipality Schupfart
4259,Schupfart,207,1986-09-30,Initial recording of the municipality Schupfart
4259,Schupfart,194,1985-09-30,Initial recording of the municipality Schupfart
4259,Schupfart,194,1984-09-30,Initial recording of the municipality Schupfart
4259,Schupfart,198,1983-09-30,Initial recording of the municipality Schupfart
4259,Schupfart,184,1982-09-30,Initial recording of the municipality Schupfart
4259,Schupfart,175,1981-09-30,Initial recording of the municipality Schupfart
4259,Schupfart,177,1980-09-30,Initial recording of the municipality Schupfart
4259,Schupfart,166,1979-09-30,Initial recording of the municipality Schupfart
4259,Schupfart,164,1978-09-30,Initial recording of the municipality Schupfart
4259,Schupfart,157,1977-09-30,Initial recording of the municipality Schupfart
4259,Schupfart,149,1976-09-30,Initial recording of the municipality Schupfart
4176,Schwaderloch,554,2025-09-30,Initial recording of the municipality Schwaderloch
4176,Schwaderloch,550,2024-09-30,Initial recording of the municipality Schwaderloch
4176,Schwaderloch,523,2023-09-30,Initial recording of the municipality Schwaderloch
4176,Schwaderloch,512,2022-09-30,Initial recording of the municipality Schwaderloch
4176,Schwaderloch,515,2021-09-30,Initial recording of the municipality Schwaderloch
4176,Schwaderloch,500,2020-09-30,Initial recording of the municipality Schwaderloch
4176,Schwaderloch,496,2019-09-30,Initial recording of the municipality Schwaderloch
4176,Schwaderloch,496,2018-09-30,Initial recording of the municipality Schwaderloch
4176,Schwaderloch,483,2017-09-30,Initial recording of the municipality Schwaderloch
4176,Schwaderloch,507,2016-09-30,Initial recording of the municipality Schwaderloch
4176,Schwaderloch,507,2015-09-30,Initial recording of the municipality Schwaderloch
4176,Schwaderloch,511,2014-09-30,Initial recording of the municipality Schwaderloch
4176,Schwaderloch,500,2013-09-30,Initial recording of the municipality Schwaderloch
4176,Schwaderloch,472,2012-09-30,Initial recording of the municipality Schwaderloch
4176,Schwaderloch,470,2011-09-30,Initial recording of the municipality Schwaderloch
4176,Schwaderloch,451,2010-09-30,Initial recording of the municipality Schwaderloch
4176,Schwaderloch,427,2009-09-30,Initial recording of the municipality Schwaderloch
4176,Schwaderloch,426,2008-09-30,Initial recording of the municipality Schwaderloch
4176,Schwaderloch,438,2007-09-30,Initial recording of the municipality Schwaderloch
4176,Schwaderloch,432,2006-09-30,Initial recording of the municipality Schwaderloch
4176,Schwaderloch,417,2005-09-30,Initial recording of the municipality Schwaderloch
4176,Schwaderloch,414,2004-09-30,Initial recording of the municipality Schwaderloch
4176,Schwaderloch,396,2003-09-30,Initial recording of the municipality Schwaderloch
4176,Schwaderloch,395,2002-09-30,Initial recording of the municipality Schwaderloch
4176,Schwaderloch,390,2001-09-30,Initial recording of the municipality Schwaderloch
4176,Schwaderloch,379,2000-09-30,Initial recording of the municipality Schwaderloch
4176,Schwaderloch,358,1999-09-30,Initial recording of the municipality Schwaderloch
4176,Schwaderloch,354,1998-09-30,Initial recording of the municipality Schwaderloch
4176,Schwaderloch,347,1997-09-30,Initial recording of the municipality Schwaderloch
4176,Schwaderloch,345,1996-09-30,Initial recording of the municipality Schwaderloch
4176,Schwaderloch,327,1995-09-30,Initial recording of the municipality Schwaderloch
4176,Schwaderloch,305,1994-09-30,Initial recording of the municipality Schwaderloch
4176,Schwaderloch,303,1993-09-30,Initial recording of the municipality Schwaderloch
4176,Schwaderloch,282,1992-09-30,Initial recording of the municipality Schwaderloch
4176,Schwaderloch,285,1991-09-30,Initial recording of the municipality Schwaderloch
4176,Schwaderloch,256,1990-09-30,Initial recording of the municipality Schwaderloch
4176,Schwaderloch,235,1989-09-30,Initial recording of the municipality Schwaderloch
4176,Schwaderloch,214,1988-09-30,Initial recording of the municipality Schwaderloch
4176,Schwaderloch,204,1987-09-30,Initial recording of the municipality Schwaderloch
4176,Schwaderloch,195,1986-09-30,Initial recording of the municipality Schwaderloch
4176,Schwaderloch,190,1985-09-30,Initial recording of the municipality Schwaderloch
4176,Schwaderloch,174,1984-09-30,Initial recording of the municipality Schwaderloch
4176,Schwaderloch,161,1983-09-30,Initial recording of the municipality Schwaderloch
4176,Schwaderloch,161,1982-09-30,Initial recording of the municipality Schwaderloch
4176,Schwaderloch,145,1981-09-30,Initial recording of the municipality Schwaderloch
4176,Schwaderloch,150,1980-09-30,Initial recording of the municipality Schwaderloch
4176,Schwaderloch,151,1979-09-30,Initial recording of the municipality Schwaderloch
4176,Schwaderloch,147,1978-09-30,Initial recording of the municipality Schwaderloch
4176,Schwaderloch,149,1977-09-30,Initial recording of the municipality Schwaderloch
4176,Schwaderloch,132,1976-09-30,Initial recording of the municipality Schwaderloch
4144,Schöftland,3002,2025-09-30,Initial recording of the municipality Schöftland
4144,Schöftland,2987,2024-09-30,Initial recording of the municipality Schöftland
4144,Schöftland,2938,2023-09-30,Initial recording of the municipality Schöftland
4144,Schöftland,2937,2022-09-30,Initial recording of the municipality Schöftland
4144,Schöftland,2952,2021-09-30,Initial recording of the municipality Schöftland
4144,Schöftland,2888,2020-09-30,Initial recording of the municipality Schöftland
4144,Schöftland,2871,2019-09-30,Initial recording of the municipality Schöftland
4144,Schöftland,2820,2018-09-30,Initial recording of the municipality Schöftland
4144,Schöftland,2709,2017-09-30,Initial recording of the municipality Schöftland
4144,Schöftland,2677,2016-09-30,Initial recording of the municipality Schöftland
4144,Schöftland,2657,2015-09-30,Initial recording of the municipality Schöftland
4144,Schöftland,2583,2014-09-30,Initial recording of the municipality Schöftland
4144,Schöftland,2475,2013-09-30,Initial recording of the municipality Schöftland
4144,Schöftland,2315,2012-09-30,Initial recording of the municipality Schöftland
4144,Schöftland,2222,2011-09-30,Initial recording of the municipality Schöftland
4144,Schöftland,2135,2010-09-30,Initial recording of the municipality Schöftland
4144,Schöftland,2102,2009-09-30,Initial recording of the municipality Schöftland
4144,Schöftland,2025,2008-09-30,Initial recording of the municipality Schöftland
4144,Schöftland,1945,2007-09-30,Initial recording of the municipality Schöftland
4144,Schöftland,1880,2006-09-30,Initial recording of the municipality Schöftland
4144,Schöftland,1830,2005-09-30,Initial recording of the municipality Schöftland
4144,Schöftland,1805,2004-09-30,Initial recording of the municipality Schöftland
4144,Schöftland,1783,2003-09-30,Initial recording of the municipality Schöftland
4144,Schöftland,1748,2002-09-30,Initial recording of the municipality Schöftland
4144,Schöftland,1696,2001-09-30,Initial recording of the municipality Schöftland
4144,Schöftland,1625,2000-09-30,Initial recording of the municipality Schöftland
4144,Schöftland,1629,1999-09-30,Initial recording of the municipality Schöftland
4144,Schöftland,1562,1998-09-30,Initial recording of the municipality Schöftland
4144,Schöftland,1504,1997-09-30,Initial recording of the municipality Schöftland
4144,Schöftland,1420,1996-09-30,Initial recording of the municipality Schöftland
4144,Schöftland,1364,1995-09-30,Initial recording of the municipality Schöftland
4144,Schöftland,1307,1994-09-30,Initial recording of the municipality Schöftland
4144,Schöftland,1256,1993-09-30,Initial recording of the municipality Schöftland
4144,Schöftland,1251,1992-09-30,Initial recording of the municipality Schöftland
4144,Schöftland,1240,1991-09-30,Initial recording of the municipality Schöftland
4144,Schöftland,1181,1990-09-30,Initial recording of the municipality Schöftland
4144,Schöftland,1113,1989-09-30,Initial recording of the municipality Schöftland
4144,Schöftland,1091,1988-09-30,Initial recording of the municipality Schöftland
4144,Schöftland,1067,1987-09-30,Initial recording of the municipality Schöftland
4144,Schöftland,1073,1986-09-30,Initial recording of the municipality Schöftland
4144,Schöftland,1047,1985-09-30,Initial recording of the municipality Schöftland
4144,Schöftland,1022,1984-09-30,Initial recording of the municipality Schöftland
4144,Schöftland,1008,1983-09-30,Initial recording of the municipality Schöftland
4144,Schöftland,989,1982-09-30,Initial recording of the municipality Schöftland
4144,Schöftland,980,1981-09-30,Initial recording of the municipality Schöftland
4144,Schöftland,968,1980-09-30,Initial recording of the municipality Schöftland
4144,Schöftland,932,1979-09-30,Initial recording of the municipality Schöftland
4144,Schöftland,862,1978-09-30,Initial recording of the municipality Schöftland
4144,Schöftland,837,1977-09-30,Initial recording of the municipality Schöftland
4144,Schöftland,810,1976-09-30,Initial recording of the municipality Schöftland
4208,Seengen,3101,2025-09-30,Initial recording of the municipality Seengen
4208,Seengen,3056,2024-09-30,Initial recording of the municipality Seengen
4208,Seengen,2998,2023-09-30,Initial recording of the municipality Seengen
4208,Seengen,2916,2022-09-30,Initial recording of the municipality Seengen
4208,Seengen,2873,2021-09-30,Initial recording of the municipality Seengen
4208,Seengen,2795,2020-09-30,Initial recording of the municipality Seengen
4208,Seengen,2749,2019-09-30,Initial recording of the municipality Seengen
4208,Seengen,2674,2018-09-30,Initial recording of the municipality Seengen
4208,Seengen,2641,2017-09-30,Initial recording of the municipality Seengen
4208,Seengen,2579,2016-09-30,Initial recording of the municipality Seengen
4208,Seengen,2493,2015-09-30,Initial recording of the municipality Seengen
4208,Seengen,2494,2014-09-30,Initial recording of the municipality Seengen
4208,Seengen,2444,2013-09-30,Initial recording of the municipality Seengen
4208,Seengen,2376,2012-09-30,Initial recording of the municipality Seengen
4208,Seengen,2249,2011-09-30,Initial recording of the municipality Seengen
4208,Seengen,2162,2010-09-30,Initial recording of the municipality Seengen
4208,Seengen,2070,2009-09-30,Initial recording of the municipality Seengen
4208,Seengen,1967,2008-09-30,Initial recording of the municipality Seengen
4208,Seengen,1853,2007-09-30,Initial recording of the municipality Seengen
4208,Seengen,1793,2006-09-30,Initial recording of the municipality Seengen
4208,Seengen,1771,2005-09-30,Initial recording of the municipality Seengen
4208,Seengen,1697,2004-09-30,Initial recording of the municipality Seengen
4208,Seengen,1611,2003-09-30,Initial recording of the municipality Seengen
4208,Seengen,1518,2002-09-30,Initial recording of the municipality Seengen
4208,Seengen,1467,2001-09-30,Initial recording of the municipality Seengen
4208,Seengen,1370,2000-09-30,Initial recording of the municipality Seengen
4208,Seengen,1304,1999-09-30,Initial recording of the municipality Seengen
4208,Seengen,1234,1998-09-30,Initial recording of the municipality Seengen
4208,Seengen,1200,1997-09-30,Initial recording of the municipality Seengen
4208,Seengen,1166,1996-09-30,Initial recording of the municipality Seengen
4208,Seengen,1129,1995-09-30,Initial recording of the municipality Seengen
4208,Seengen,1097,1994-09-30,Initial recording of the municipality Seengen
4208,Seengen,1052,1993-09-30,Initial recording of the municipality Seengen
4208,Seengen,1009,1992-09-30,Initial recording of the municipality Seengen
4208,Seengen,1003,1991-09-30,Initial recording of the municipality Seengen
4208,Seengen,979,1990-09-30,Initial recording of the municipality Seengen
4208,Seengen,947,1989-09-30,Initial recording of the municipality Seengen
4208,Seengen,914,1988-09-30,Initial recording of the municipality Seengen
4208,Seengen,863,1987-09-30,Initial recording of the municipality Seengen
4208,Seengen,814,1986-09-30,Initial recording of the municipality Seengen
4208,Seengen,782,1985-09-30,Initial recording of the municipality Seengen
4208,Seengen,732,1984-09-30,Initial recording of the municipality Seengen
4208,Seengen,696,1983-09-30,Initial recording of the municipality Seengen
4208,Seengen,681,1982-09-30,Initial recording of the municipality Seengen
4208,Seengen,656,1981-09-30,Initial recording of the municipality Seengen
4208,Seengen,656,1980-09-30,Initial recording of the municipality Seengen
4208,Seengen,617,1979-09-30,Initial recording of the municipality Seengen
4208,Seengen,573,1978-09-30,Initial recording of the municipality Seengen
4208,Seengen,538,1977-09-30,Initial recording of the municipality Seengen
4208,Seengen,501,1976-09-30,Initial recording of the municipality Seengen
4209,Seon,3526,2025-09-30,Initial recording of the municipality Seon
4209,Seon,3448,2024-09-30,Initial recording of the municipality Seon
4209,Seon,3419,2023-09-30,Initial recording of the municipality Seon
4209,Seon,3322,2022-09-30,Initial recording of the municipality Seon
4209,Seon,3312,2021-09-30,Initial recording of the municipality Seon
4209,Seon,3300,2020-09-30,Initial recording of the municipality Seon
4209,Seon,3338,2019-09-30,Initial recording of the municipality Seon
4209,Seon,3309,2018-09-30,Initial recording of the municipality Seon
4209,Seon,3269,2017-09-30,Initial recording of the municipality Seon
4209,Seon,3164,2016-09-30,Initial recording of the municipality Seon
4209,Seon,3059,2015-09-30,Initial recording of the municipality Seon
4209,Seon,3000,2014-09-30,Initial recording of the municipality Seon
4209,Seon,2959,2013-09-30,Initial recording of the municipality Seon
4209,Seon,2932,2012-09-30,Initial recording of the municipality Seon
4209,Seon,2858,2011-09-30,Initial recording of the municipality Seon
4209,Seon,2800,2010-09-30,Initial recording of the municipality Seon
4209,Seon,2792,2009-09-30,Initial recording of the municipality Seon
4209,Seon,2729,2008-09-30,Initial recording of the municipality Seon
4209,Seon,2692,2007-09-30,Initial recording of the municipality Seon
4209,Seon,2664,2006-09-30,Initial recording of the municipality Seon
4209,Seon,2652,2005-09-30,Initial recording of the municipality Seon
4209,Seon,2656,2004-09-30,Initial recording of the municipality Seon
4209,Seon,2602,2003-09-30,Initial recording of the municipality Seon
4209,Seon,2602,2002-09-30,Initial recording of the municipality Seon
4209,Seon,2554,2001-09-30,Initial recording of the municipality Seon
4209,Seon,2474,2000-09-30,Initial recording of the municipality Seon
4209,Seon,2409,1999-09-30,Initial recording of the municipality Seon
4209,Seon,2343,1998-09-30,Initial recording of the municipality Seon
4209,Seon,2290,1997-09-30,Initial recording of the municipality Seon
4209,Seon,2218,1996-09-30,Initial recording of the municipality Seon
4209,Seon,2131,1995-09-30,Initial recording of the municipality Seon
4209,Seon,2137,1994-09-30,Initial recording of the municipality Seon
4209,Seon,2083,1993-09-30,Initial recording of the municipality Seon
4209,Seon,2061,1992-09-30,Initial recording of the municipality Seon
4209,Seon,2040,1991-09-30,Initial recording of the municipality Seon
4209,Seon,1990,1990-09-30,Initial recording of the municipality Seon
4209,Seon,1924,1989-09-30,Initial recording of the municipality Seon
4209,Seon,1890,1988-09-30,Initial recording of the municipality Seon
4209,Seon,1773,1987-09-30,Initial recording of the municipality Seon
4209,Seon,1684,1986-09-30,Initial recording of the municipality Seon
4209,Seon,1599,1985-09-30,Initial recording of the municipality Seon
4209,Seon,1534,1984-09-30,Initial recording of the municipality Seon
4209,Seon,1477,1983-09-30,Initial recording of the municipality Seon
4209,Seon,1414,1982-09-30,Initial recording of the municipality Seon
4209,Seon,1316,1981-09-30,Initial recording of the municipality Seon
4209,Seon,1275,1980-09-30,Initial recording of the municipality Seon
4209,Seon,1206,1979-09-30,Initial recording of the municipality Seon
4209,Seon,1142,1978-09-30,Initial recording of the municipality Seon
4209,Seon,1047,1977-09-30,Initial recording of the municipality Seon
4209,Seon,988,1976-09-30,Initial recording of the municipality Seon
4319,Siglistorf,544,2025-09-30,Initial recording of the municipality Siglistorf
4319,Siglistorf,507,2024-09-30,Initial recording of the municipality Siglistorf
4319,Siglistorf,465,2023-09-30,Initial recording of the municipality Siglistorf
4319,Siglistorf,467,2022-09-30,Initial recording of the municipality Siglistorf
4319,Siglistorf,473,2021-09-30,Initial recording of the municipality Siglistorf
4319,Siglistorf,454,2020-09-30,Initial recording of the municipality Siglistorf
4319,Siglistorf,447,2019-09-30,Initial recording of the municipality Siglistorf
4319,Siglistorf,436,2018-09-30,Initial recording of the municipality Siglistorf
4319,Siglistorf,437,2017-09-30,Initial recording of the municipality Siglistorf
4319,Siglistorf,443,2016-09-30,Initial recording of the municipality Siglistorf
4319,Siglistorf,448,2015-09-30,Initial recording of the municipality Siglistorf
4319,Siglistorf,431,2014-09-30,Initial recording of the municipality Siglistorf
4319,Siglistorf,413,2013-09-30,Initial recording of the municipality Siglistorf
4319,Siglistorf,419,2012-09-30,Initial recording of the municipality Siglistorf
4319,Siglistorf,398,2011-09-30,Initial recording of the municipality Siglistorf
4319,Siglistorf,384,2010-09-30,Initial recording of the municipality Siglistorf
4319,Siglistorf,377,2009-09-30,Initial recording of the municipality Siglistorf
4319,Siglistorf,363,2008-09-30,Initial recording of the municipality Siglistorf
4319,Siglistorf,356,2007-09-30,Initial recording of the municipality Siglistorf
4319,Siglistorf,353,2006-09-30,Initial recording of the municipality Siglistorf
4319,Siglistorf,337,2005-09-30,Initial recording of the municipality Siglistorf
4319,Siglistorf,337,2004-09-30,Initial recording of the municipality Siglistorf
4319,Siglistorf,343,2003-09-30,Initial recording of the municipality Siglistorf
4319,Siglistorf,333,2002-09-30,Initial recording of the municipality Siglistorf
4319,Siglistorf,330,2001-09-30,Initial recording of the municipality Siglistorf
4319,Siglistorf,320,2000-09-30,Initial recording of the municipality Siglistorf
4319,Siglistorf,325,1999-09-30,Initial recording of the municipality Siglistorf
4319,Siglistorf,303,1998-09-30,Initial recording of the municipality Siglistorf
4319,Siglistorf,331,1997-09-30,Initial recording of the municipality Siglistorf
4319,Siglistorf,337,1996-09-30,Initial recording of the municipality Siglistorf
4319,Siglistorf,314,1995-09-30,Initial recording of the municipality Siglistorf
4319,Siglistorf,307,1994-09-30,Initial recording of the municipality Siglistorf
4319,Siglistorf,288,1993-09-30,Initial recording of the municipality Siglistorf
4319,Siglistorf,283,1992-09-30,Initial recording of the municipality Siglistorf
4319,Siglistorf,270,1991-09-30,Initial recording of the municipality Siglistorf
4319,Siglistorf,258,1990-09-30,Initial recording of the municipality Siglistorf
4319,Siglistorf,244,1989-09-30,Initial recording of the municipality Siglistorf
4319,Siglistorf,224,1988-09-30,Initial recording of the municipality Siglistorf
4319,Siglistorf,212,1987-09-30,Initial recording of the municipality Siglistorf
4319,Siglistorf,212,1986-09-30,Initial recording of the municipality Siglistorf
4319,Siglistorf,197,1985-09-30,Initial recording of the municipality Siglistorf
4319,Siglistorf,174,1984-09-30,Initial recording of the municipality Siglistorf
4319,Siglistorf,144,1983-09-30,Initial recording of the municipality Siglistorf
4319,Siglistorf,142,1982-09-30,Initial recording of the municipality Siglistorf
4319,Siglistorf,130,1981-09-30,Initial recording of the municipality Siglistorf
4319,Siglistorf,114,1980-09-30,Initial recording of the municipality Siglistorf
4319,Siglistorf,99,1979-09-30,Initial recording of the municipality Siglistorf
4319,Siglistorf,95,1978-09-30,Initial recording of the municipality Siglistorf
4319,Siglistorf,95,1977-09-30,Initial recording of the municipality Siglistorf
4319,Siglistorf,90,1976-09-30,Initial recording of the municipality Siglistorf
4239,Sins,2589,2025-09-30,Initial recording of the municipality Sins
4239,Sins,2521,2024-09-30,Initial recording of the municipality Sins
4239,Sins,2501,2023-09-30,Initial recording of the municipality Sins
4239,Sins,2458,2022-09-30,Initial recording of the municipality Sins
4239,Sins,2424,2021-09-30,Initial recording of the municipality Sins
4239,Sins,2422,2020-09-30,Initial recording of the municipality Sins
4239,Sins,2403,2019-09-30,Initial recording of the municipality Sins
4239,Sins,2435,2018-09-30,Initial recording of the municipality Sins
4239,Sins,2390,2017-09-30,Initial recording of the municipality Sins
4239,Sins,2412,2016-09-30,Initial recording of the municipality Sins
4239,Sins,2338,2015-09-30,Initial recording of the municipality Sins
4239,Sins,2284,2014-09-30,Initial recording of the municipality Sins
4239,Sins,2250,2013-09-30,Initial recording of the municipality Sins
4239,Sins,2219,2012-09-30,Initial recording of the municipality Sins
4239,Sins,2166,2011-09-30,Initial recording of the municipality Sins
4239,Sins,2102,2010-09-30,Initial recording of the municipality Sins
4239,Sins,2011,2009-09-30,Initial recording of the municipality Sins
4239,Sins,1946,2008-09-30,Initial recording of the municipality Sins
4239,Sins,1887,2007-09-30,Initial recording of the municipality Sins
4239,Sins,1836,2006-09-30,Initial recording of the municipality Sins
4239,Sins,1758,2005-09-30,Initial recording of the municipality Sins
4239,Sins,1736,2004-09-30,Initial recording of the municipality Sins
4239,Sins,1660,2003-09-30,Initial recording of the municipality Sins
4239,Sins,1624,2002-09-30,Initial recording of the municipality Sins
4239,Sins,1609,2001-09-30,Initial recording of the municipality Sins
4239,Sins,1549,2000-09-30,Initial recording of the municipality Sins
4239,Sins,1488,1999-09-30,Initial recording of the municipality Sins
4239,Sins,1467,1998-09-30,Initial recording of the municipality Sins
4239,Sins,1425,1997-09-30,Initial recording of the municipality Sins
4239,Sins,1376,1996-09-30,Initial recording of the municipality Sins
4239,Sins,1344,1995-09-30,Initial recording of the municipality Sins
4239,Sins,1297,1994-09-30,Initial recording of the municipality Sins
4239,Sins,1263,1993-09-30,Initial recording of the municipality Sins
4239,Sins,1214,1992-09-30,Initial recording of the municipality Sins
4239,Sins,1241,1991-09-30,Initial recording of the municipality Sins
4239,Sins,1237,1990-09-30,Initial recording of the municipality Sins
4239,Sins,1177,1989-09-30,Initial recording of the municipality Sins
4239,Sins,1144,1988-09-30,Initial recording of the municipality Sins
4239,Sins,1107,1987-09-30,Initial recording of the municipality Sins
4239,Sins,1080,1986-09-30,Initial recording of the municipality Sins
4239,Sins,1053,1985-09-30,Initial recording of the municipality Sins
4239,Sins,974,1984-09-30,Initial recording of the municipality Sins
4239,Sins,943,1983-09-30,Initial recording of the municipality Sins
4239,Sins,910,1982-09-30,Initial recording of the municipality Sins
4239,Sins,904,1981-09-30,Initial recording of the municipality Sins
4239,Sins,876,1980-09-30,Initial recording of the municipality Sins
4239,Sins,833,1979-09-30,Initial recording of the municipality Sins
4239,Sins,792,1978-09-30,Initial recording of the municipality Sins
4239,Sins,758,1977-09-30,Initial recording of the municipality Sins
4239,Sins,753,1976-09-30,Initial recording of the municipality Sins
4177,Sisseln,1145,2025-09-30,Initial recording of the municipality Sisseln
4177,Sisseln,1124,2024-09-30,Initial recording of the municipality Sisseln
4177,Sisseln,1110,2023-09-30,Initial recording of the municipality Sisseln
4177,Sisseln,1159,2022-09-30,Initial recording of the municipality Sisseln
4177,Sisseln,1136,2021-09-30,Initial recording of the municipality Sisseln
4177,Sisseln,1098,2020-09-30,Initial recording of the municipality Sisseln
4177,Sisseln,1072,2019-09-30,Initial recording of the municipality Sisseln
4177,Sisseln,1086,2018-09-30,Initial recording of the municipality Sisseln
4177,Sisseln,1054,2017-09-30,Initial recording of the municipality Sisseln
4177,Sisseln,1015,2016-09-30,Initial recording of the municipality Sisseln
4177,Sisseln,1000,2015-09-30,Initial recording of the municipality Sisseln
4177,Sisseln,964,2014-09-30,Initial recording of the municipality Sisseln
4177,Sisseln,927,2013-09-30,Initial recording of the municipality Sisseln
4177,Sisseln,933,2012-09-30,Initial recording of the municipality Sisseln
4177,Sisseln,885,2011-09-30,Initial recording of the municipality Sisseln
4177,Sisseln,849,2010-09-30,Initial recording of the municipality Sisseln
4177,Sisseln,791,2009-09-30,Initial recording of the municipality Sisseln
4177,Sisseln,824,2008-09-30,Initial recording of the municipality Sisseln
4177,Sisseln,810,2007-09-30,Initial recording of the municipality Sisseln
4177,Sisseln,794,2006-09-30,Initial recording of the municipality Sisseln
4177,Sisseln,803,2005-09-30,Initial recording of the municipality Sisseln
4177,Sisseln,800,2004-09-30,Initial recording of the municipality Sisseln
4177,Sisseln,779,2003-09-30,Initial recording of the municipality Sisseln
4177,Sisseln,775,2002-09-30,Initial recording of the municipality Sisseln
4177,Sisseln,765,2001-09-30,Initial recording of the municipality Sisseln
4177,Sisseln,748,2000-09-30,Initial recording of the municipality Sisseln
4177,Sisseln,715,1999-09-30,Initial recording of the municipality Sisseln
4177,Sisseln,676,1998-09-30,Initial recording of the municipality Sisseln
4177,Sisseln,675,1997-09-30,Initial recording of the municipality Sisseln
4177,Sisseln,654,1996-09-30,Initial recording of the municipality Sisseln
4177,Sisseln,641,1995-09-30,Initial recording of the municipality Sisseln
4177,Sisseln,609,1994-09-30,Initial recording of the municipality Sisseln
4177,Sisseln,622,1993-09-30,Initial recording of the municipality Sisseln
4177,Sisseln,613,1992-09-30,Initial recording of the municipality Sisseln
4177,Sisseln,592,1991-09-30,Initial recording of the municipality Sisseln
4177,Sisseln,559,1990-09-30,Initial recording of the municipality Sisseln
4177,Sisseln,535,1989-09-30,Initial recording of the municipality Sisseln
4177,Sisseln,488,1988-09-30,Initial recording of the municipality Sisseln
4177,Sisseln,469,1987-09-30,Initial recording of the municipality Sisseln
4177,Sisseln,441,1986-09-30,Initial recording of the municipality Sisseln
4177,Sisseln,395,1985-09-30,Initial recording of the municipality Sisseln
4177,Sisseln,376,1984-09-30,Initial recording of the municipality Sisseln
4177,Sisseln,359,1983-09-30,Initial recording of the municipality Sisseln
4177,Sisseln,335,1982-09-30,Initial recording of the municipality Sisseln
4177,Sisseln,329,1981-09-30,Initial recording of the municipality Sisseln
4177,Sisseln,302,1980-09-30,Initial recording of the municipality Sisseln
4177,Sisseln,310,1979-09-30,Initial recording of the municipality Sisseln
4177,Sisseln,306,1978-09-30,Initial recording of the municipality Sisseln
4177,Sisseln,280,1977-09-30,Initial recording of the municipality Sisseln
4177,Sisseln,255,1976-09-30,Initial recording of the municipality Sisseln
4040,Spreitenbach,6359,2025-09-30,Initial recording of the municipality Spreitenbach
4040,Spreitenbach,6134,2024-09-30,Initial recording of the municipality Spreitenbach
4040,Spreitenbach,6118,2023-09-30,Initial recording of the municipality Spreitenbach
4040,Spreitenbach,5996,2022-09-30,Initial recording of the municipality Spreitenbach
4040,Spreitenbach,6007,2021-09-30,Initial recording of the municipality Spreitenbach
4040,Spreitenbach,5937,2020-09-30,Initial recording of the municipality Spreitenbach
4040,Spreitenbach,5879,2019-09-30,Initial recording of the municipality Spreitenbach
4040,Spreitenbach,5816,2018-09-30,Initial recording of the municipality Spreitenbach
4040,Spreitenbach,5746,2017-09-30,Initial recording of the municipality Spreitenbach
4040,Spreitenbach,5659,2016-09-30,Initial recording of the municipality Spreitenbach
4040,Spreitenbach,5526,2015-09-30,Initial recording of the municipality Spreitenbach
4040,Spreitenbach,5400,2014-09-30,Initial recording of the municipality Spreitenbach
4040,Spreitenbach,5409,2013-09-30,Initial recording of the municipality Spreitenbach
4040,Spreitenbach,5338,2012-09-30,Initial recording of the municipality Spreitenbach
4040,Spreitenbach,5250,2011-09-30,Initial recording of the municipality Spreitenbach
4040,Spreitenbach,5117,2010-09-30,Initial recording of the municipality Spreitenbach
4040,Spreitenbach,5045,2009-09-30,Initial recording of the municipality Spreitenbach
4040,Spreitenbach,4923,2008-09-30,Initial recording of the municipality Spreitenbach
4040,Spreitenbach,4889,2007-09-30,Initial recording of the municipality Spreitenbach
4040,Spreitenbach,4896,2006-09-30,Initial recording of the municipality Spreitenbach
4040,Spreitenbach,4881,2005-09-30,Initial recording of the municipality Spreitenbach
4040,Spreitenbach,4885,2004-09-30,Initial recording of the municipality Spreitenbach
4040,Spreitenbach,4788,2003-09-30,Initial recording of the municipality Spreitenbach
4040,Spreitenbach,4654,2002-09-30,Initial recording of the municipality Spreitenbach
4040,Spreitenbach,4516,2001-09-30,Initial recording of the municipality Spreitenbach
4040,Spreitenbach,4332,2000-09-30,Initial recording of the municipality Spreitenbach
4040,Spreitenbach,4201,1999-09-30,Initial recording of the municipality Spreitenbach
4040,Spreitenbach,4058,1998-09-30,Initial recording of the municipality Spreitenbach
4040,Spreitenbach,3973,1997-09-30,Initial recording of the municipality Spreitenbach
4040,Spreitenbach,3994,1996-09-30,Initial recording of the municipality Spreitenbach
4040,Spreitenbach,3949,1995-09-30,Initial recording of the municipality Spreitenbach
4040,Spreitenbach,3889,1994-09-30,Initial recording of the municipality Spreitenbach
4040,Spreitenbach,3861,1993-09-30,Initial recording of the municipality Spreitenbach
4040,Spreitenbach,3866,1992-09-30,Initial recording of the municipality Spreitenbach
4040,Spreitenbach,3931,1991-09-30,Initial recording of the municipality Spreitenbach
4040,Spreitenbach,3777,1990-09-30,Initial recording of the municipality Spreitenbach
4040,Spreitenbach,3635,1989-09-30,Initial recording of the municipality Spreitenbach
4040,Spreitenbach,3506,1988-09-30,Initial recording of the municipality Spreitenbach
4040,Spreitenbach,3369,1987-09-30,Initial recording of the municipality Spreitenbach
4040,Spreitenbach,3234,1986-09-30,Initial recording of the municipality Spreitenbach
4040,Spreitenbach,3047,1985-09-30,Initial recording of the municipality Spreitenbach
4040,Spreitenbach,2908,1984-09-30,Initial recording of the municipality Spreitenbach
4040,Spreitenbach,2860,1983-09-30,Initial recording of the municipality Spreitenbach
4040,Spreitenbach,2803,1982-09-30,Initial recording of the municipality Spreitenbach
4040,Spreitenbach,2779,1981-09-30,Initial recording of the municipality Spreitenbach
4040,Spreitenbach,2627,1980-09-30,Initial recording of the municipality Spreitenbach
4040,Spreitenbach,2465,1979-09-30,Initial recording of the municipality Spreitenbach
4040,Spreitenbach,2329,1978-09-30,Initial recording of the municipality Spreitenbach
4040,Spreitenbach,2212,1977-09-30,Initial recording of the municipality Spreitenbach
4040,Spreitenbach,2323,1976-09-30,Initial recording of the municipality Spreitenbach
4284,Staffelbach,972,2025-09-30,Initial recording of the municipality Staffelbach
4284,Staffelbach,958,2024-09-30,Initial recording of the municipality Staffelbach
4284,Staffelbach,949,2023-09-30,Initial recording of the municipality Staffelbach
4284,Staffelbach,952,2022-09-30,Initial recording of the municipality Staffelbach
4284,Staffelbach,962,2021-09-30,Initial recording of the municipality Staffelbach
4284,Staffelbach,912,2020-09-30,Initial recording of the municipality Staffelbach
4284,Staffelbach,877,2019-09-30,Initial recording of the municipality Staffelbach
4284,Staffelbach,860,2018-09-30,Initial recording of the municipality Staffelbach
4284,Staffelbach,797,2017-09-30,Initial recording of the municipality Staffelbach
4284,Staffelbach,765,2016-09-30,Initial recording of the municipality Staffelbach
4284,Staffelbach,751,2015-09-30,Initial recording of the municipality Staffelbach
4284,Staffelbach,734,2014-09-30,Initial recording of the municipality Staffelbach
4284,Staffelbach,720,2013-09-30,Initial recording of the municipality Staffelbach
4284,Staffelbach,701,2012-09-30,Initial recording of the municipality Staffelbach
4284,Staffelbach,677,2011-09-30,Initial recording of the municipality Staffelbach
4284,Staffelbach,685,2010-09-30,Initial recording of the municipality Staffelbach
4284,Staffelbach,689,2009-09-30,Initial recording of the municipality Staffelbach
4284,Staffelbach,669,2008-09-30,Initial recording of the municipality Staffelbach
4284,Staffelbach,667,2007-09-30,Initial recording of the municipality Staffelbach
4284,Staffelbach,626,2006-09-30,Initial recording of the municipality Staffelbach
4284,Staffelbach,639,2005-09-30,Initial recording of the municipality Staffelbach
4284,Staffelbach,623,2004-09-30,Initial recording of the municipality Staffelbach
4284,Staffelbach,617,2003-09-30,Initial recording of the municipality Staffelbach
4284,Staffelbach,599,2002-09-30,Initial recording of the municipality Staffelbach
4284,Staffelbach,594,2001-09-30,Initial recording of the municipality Staffelbach
4284,Staffelbach,566,2000-09-30,Initial recording of the municipality Staffelbach
4284,Staffelbach,547,1999-09-30,Initial recording of the municipality Staffelbach
4284,Staffelbach,526,1998-09-30,Initial recording of the municipality Staffelbach
4284,Staffelbach,503,1997-09-30,Initial recording of the municipality Staffelbach
4284,Staffelbach,514,1996-09-30,Initial recording of the municipality Staffelbach
4284,Staffelbach,489,1995-09-30,Initial recording of the municipality Staffelbach
4284,Staffelbach,479,1994-09-30,Initial recording of the municipality Staffelbach
4284,Staffelbach,495,1993-09-30,Initial recording of the municipality Staffelbach
4284,Staffelbach,474,1992-09-30,Initial recording of the municipality Staffelbach
4284,Staffelbach,467,1991-09-30,Initial recording of the municipality Staffelbach
4284,Staffelbach,449,1990-09-30,Initial recording of the municipality Staffelbach
4284,Staffelbach,434,1989-09-30,Initial recording of the municipality Staffelbach
4284,Staffelbach,404,1988-09-30,Initial recording of the municipality Staffelbach
4284,Staffelbach,380,1987-09-30,Initial recording of the municipality Staffelbach
4284,Staffelbach,366,1986-09-30,Initial recording of the municipality Staffelbach
4284,Staffelbach,351,1985-09-30,Initial recording of the municipality Staffelbach
4284,Staffelbach,341,1984-09-30,Initial recording of the municipality Staffelbach
4284,Staffelbach,308,1983-09-30,Initial recording of the municipality Staffelbach
4284,Staffelbach,298,1982-09-30,Initial recording of the municipality Staffelbach
4284,Staffelbach,282,1981-09-30,Initial recording of the municipality Staffelbach
4284,Staffelbach,279,1980-09-30,Initial recording of the municipality Staffelbach
4284,Staffelbach,255,1979-09-30,Initial recording of the municipality Staffelbach
4284,Staffelbach,242,1978-09-30,Initial recording of the municipality Staffelbach
4284,Staffelbach,230,1977-09-30,Initial recording of the municipality Staffelbach
4284,Staffelbach,201,1976-09-30,Initial recording of the municipality Staffelbach
4210,Staufen,2443,2025-09-30,Initial recording of the municipality Staufen
4210,Staufen,2376,2024-09-30,Initial recording of the municipality Staufen
4210,Staufen,2315,2023-09-30,Initial recording of the municipality Staufen
4210,Staufen,2285,2022-09-30,Initial recording of the municipality Staufen
4210,Staufen,2331,2021-09-30,Initial recording of the municipality Staufen
4210,Staufen,2271,2020-09-30,Initial recording of the municipality Staufen
4210,Staufen,2093,2019-09-30,Initial recording of the municipality Staufen
4210,Staufen,1859,2018-09-30,Initial recording of the municipality Staufen
4210,Staufen,1803,2017-09-30,Initial recording of the municipality Staufen
4210,Staufen,1762,2016-09-30,Initial recording of the municipality Staufen
4210,Staufen,1593,2015-09-30,Initial recording of the municipality Staufen
4210,Staufen,1439,2014-09-30,Initial recording of the municipality Staufen
4210,Staufen,1419,2013-09-30,Initial recording of the municipality Staufen
4210,Staufen,1416,2012-09-30,Initial recording of the municipality Staufen
4210,Staufen,1426,2011-09-30,Initial recording of the municipality Staufen
4210,Staufen,1414,2010-09-30,Initial recording of the municipality Staufen
4210,Staufen,1375,2009-09-30,Initial recording of the municipality Staufen
4210,Staufen,1351,2008-09-30,Initial recording of the municipality Staufen
4210,Staufen,1274,2007-09-30,Initial recording of the municipality Staufen
4210,Staufen,1234,2006-09-30,Initial recording of the municipality Staufen
4210,Staufen,1197,2005-09-30,Initial recording of the municipality Staufen
4210,Staufen,1185,2004-09-30,Initial recording of the municipality Staufen
4210,Staufen,1185,2003-09-30,Initial recording of the municipality Staufen
4210,Staufen,1155,2002-09-30,Initial recording of the municipality Staufen
4210,Staufen,1103,2001-09-30,Initial recording of the municipality Staufen
4210,Staufen,1069,2000-09-30,Initial recording of the municipality Staufen
4210,Staufen,1061,1999-09-30,Initial recording of the municipality Staufen
4210,Staufen,1034,1998-09-30,Initial recording of the municipality Staufen
4210,Staufen,1006,1997-09-30,Initial recording of the municipality Staufen
4210,Staufen,994,1996-09-30,Initial recording of the municipality Staufen
4210,Staufen,983,1995-09-30,Initial recording of the municipality Staufen
4210,Staufen,987,1994-09-30,Initial recording of the municipality Staufen
4210,Staufen,976,1993-09-30,Initial recording of the municipality Staufen
4210,Staufen,969,1992-09-30,Initial recording of the municipality Staufen
4210,Staufen,951,1991-09-30,Initial recording of the municipality Staufen
4210,Staufen,943,1990-09-30,Initial recording of the municipality Staufen
4210,Staufen,931,1989-09-30,Initial recording of the municipality Staufen
4210,Staufen,890,1988-09-30,Initial recording of the municipality Staufen
4210,Staufen,880,1987-09-30,Initial recording of the municipality Staufen
4210,Staufen,832,1986-09-30,Initial recording of the municipality Staufen
4210,Staufen,813,1985-09-30,Initial recording of the municipality Staufen
4210,Staufen,809,1984-09-30,Initial recording of the municipality Staufen
4210,Staufen,804,1983-09-30,Initial recording of the municipality Staufen
4210,Staufen,772,1982-09-30,Initial recording of the municipality Staufen
4210,Staufen,719,1981-09-30,Initial recording of the municipality Staufen
4210,Staufen,688,1980-09-30,Initial recording of the municipality Staufen
4210,Staufen,659,1979-09-30,Initial recording of the municipality Staufen
4210,Staufen,618,1978-09-30,Initial recording of the municipality Staufen
4210,Staufen,580,1977-09-30,Initial recording of the municipality Staufen
4210,Staufen,522,1976-09-30,Initial recording of the municipality Staufen
4260,Stein (AG),2051,2025-09-30,Initial recording of the municipality Stein (AG)
4260,Stein (AG),2008,2024-09-30,Initial recording of the municipality Stein (AG)
4260,Stein (AG),1988,2023-09-30,Initial recording of the municipality Stein (AG)
4260,Stein (AG),1967,2022-09-30,Initial recording of the municipality Stein (AG)
4260,Stein (AG),1963,2021-09-30,Initial recording of the municipality Stein (AG)
4260,Stein (AG),1885,2020-09-30,Initial recording of the municipality Stein (AG)
4260,Stein (AG),1834,2019-09-30,Initial recording of the municipality Stein (AG)
4260,Stein (AG),1858,2018-09-30,Initial recording of the municipality Stein (AG)
4260,Stein (AG),1847,2017-09-30,Initial recording of the municipality Stein (AG)
4260,Stein (AG),1822,2016-09-30,Initial recording of the municipality Stein (AG)
4260,Stein (AG),1752,2015-09-30,Initial recording of the municipality Stein (AG)
4260,Stein (AG),1699,2014-09-30,Initial recording of the municipality Stein (AG)
4260,Stein (AG),1692,2013-09-30,Initial recording of the municipality Stein (AG)
4260,Stein (AG),1657,2012-09-30,Initial recording of the municipality Stein (AG)
4260,Stein (AG),1585,2011-09-30,Initial recording of the municipality Stein (AG)
4260,Stein (AG),1549,2010-09-30,Initial recording of the municipality Stein (AG)
4260,Stein (AG),1543,2009-09-30,Initial recording of the municipality Stein (AG)
4260,Stein (AG),1464,2008-09-30,Initial recording of the municipality Stein (AG)
4260,Stein (AG),1438,2007-09-30,Initial recording of the municipality Stein (AG)
4260,Stein (AG),1410,2006-09-30,Initial recording of the municipality Stein (AG)
4260,Stein (AG),1363,2005-09-30,Initial recording of the municipality Stein (AG)
4260,Stein (AG),1342,2004-09-30,Initial recording of the municipality Stein (AG)
4260,Stein (AG),1349,2003-09-30,Initial recording of the municipality Stein (AG)
4260,Stein (AG),1320,2002-09-30,Initial recording of the municipality Stein (AG)
4260,Stein (AG),1275,2001-09-30,Initial recording of the municipality Stein (AG)
4260,Stein (AG),1205,2000-09-30,Initial recording of the municipality Stein (AG)
4260,Stein (AG),1136,1999-09-30,Initial recording of the municipality Stein (AG)
4260,Stein (AG),1102,1998-09-30,Initial recording of the municipality Stein (AG)
4260,Stein (AG),1076,1997-09-30,Initial recording of the municipality Stein (AG)
4260,Stein (AG),1012,1996-09-30,Initial recording of the municipality Stein (AG)
4260,Stein (AG),973,1995-09-30,Initial recording of the municipality Stein (AG)
4260,Stein (AG),956,1994-09-30,Initial recording of the municipality Stein (AG)
4260,Stein (AG),952,1993-09-30,Initial recording of the municipality Stein (AG)
4260,Stein (AG),921,1992-09-30,Initial recording of the municipality Stein (AG)
4260,Stein (AG),914,1991-09-30,Initial recording of the municipality Stein (AG)
4260,Stein (AG),897,1990-09-30,Initial recording of the municipality Stein (AG)
4260,Stein (AG),864,1989-09-30,Initial recording of the municipality Stein (AG)
4260,Stein (AG),844,1988-09-30,Initial recording of the municipality Stein (AG)
4260,Stein (AG),818,1987-09-30,Initial recording of the municipality Stein (AG)
4260,Stein (AG),764,1986-09-30,Initial recording of the municipality Stein (AG)
4260,Stein (AG),724,1985-09-30,Initial recording of the municipality Stein (AG)
4260,Stein (AG),710,1984-09-30,Initial recording of the municipality Stein (AG)
4260,Stein (AG),695,1983-09-30,Initial recording of the municipality Stein (AG)
4260,Stein (AG),676,1982-09-30,Initial recording of the municipality Stein (AG)
4260,Stein (AG),643,1981-09-30,Initial recording of the municipality Stein (AG)
4260,Stein (AG),618,1980-09-30,Initial recording of the municipality Stein (AG)
4260,Stein (AG),604,1979-09-30,Initial recording of the municipality Stein (AG)
4260,Stein (AG),562,1978-09-30,Initial recording of the municipality Stein (AG)
4260,Stein (AG),549,1977-09-30,Initial recording of the municipality Stein (AG)
4260,Stein (AG),524,1976-09-30,Initial recording of the municipality Stein (AG)
4041,Stetten (AG),1743,2025-09-30,Initial recording of the municipality Stetten (AG)
4041,Stetten (AG),1732,2024-09-30,Initial recording of the municipality Stetten (AG)
4041,Stetten (AG),1679,2023-09-30,Initial recording of the municipality Stetten (AG)
4041,Stetten (AG),1650,2022-09-30,Initial recording of the municipality Stetten (AG)
4041,Stetten (AG),1580,2021-09-30,Initial recording of the municipality Stetten (AG)
4041,Stetten (AG),1530,2020-09-30,Initial recording of the municipality Stetten (AG)
4041,Stetten (AG),1476,2019-09-30,Initial recording of the municipality Stetten (AG)
4041,Stetten (AG),1432,2018-09-30,Initial recording of the municipality Stetten (AG)
4041,Stetten (AG),1436,2017-09-30,Initial recording of the municipality Stetten (AG)
4041,Stetten (AG),1401,2016-09-30,Initial recording of the municipality Stetten (AG)
4041,Stetten (AG),1306,2015-09-30,Initial recording of the municipality Stetten (AG)
4041,Stetten (AG),1268,2014-09-30,Initial recording of the municipality Stetten (AG)
4041,Stetten (AG),1254,2013-09-30,Initial recording of the municipality Stetten (AG)
4041,Stetten (AG),1095,2012-09-30,Initial recording of the municipality Stetten (AG)
4041,Stetten (AG),1063,2011-09-30,Initial recording of the municipality Stetten (AG)
4041,Stetten (AG),1031,2010-09-30,Initial recording of the municipality Stetten (AG)
4041,Stetten (AG),997,2009-09-30,Initial recording of the municipality Stetten (AG)
4041,Stetten (AG),964,2008-09-30,Initial recording of the municipality Stetten (AG)
4041,Stetten (AG),939,2007-09-30,Initial recording of the municipality Stetten (AG)
4041,Stetten (AG),931,2006-09-30,Initial recording of the municipality Stetten (AG)
4041,Stetten (AG),913,2005-09-30,Initial recording of the municipality Stetten (AG)
4041,Stetten (AG),905,2004-09-30,Initial recording of the municipality Stetten (AG)
4041,Stetten (AG),906,2003-09-30,Initial recording of the municipality Stetten (AG)
4041,Stetten (AG),887,2002-09-30,Initial recording of the municipality Stetten (AG)
4041,Stetten (AG),895,2001-09-30,Initial recording of the municipality Stetten (AG)
4041,Stetten (AG),882,2000-09-30,Initial recording of the municipality Stetten (AG)
4041,Stetten (AG),851,1999-09-30,Initial recording of the municipality Stetten (AG)
4041,Stetten (AG),831,1998-09-30,Initial recording of the municipality Stetten (AG)
4041,Stetten (AG),803,1997-09-30,Initial recording of the municipality Stetten (AG)
4041,Stetten (AG),822,1996-09-30,Initial recording of the municipality Stetten (AG)
4041,Stetten (AG),774,1995-09-30,Initial recording of the municipality Stetten (AG)
4041,Stetten (AG),772,1994-09-30,Initial recording of the municipality Stetten (AG)
4041,Stetten (AG),755,1993-09-30,Initial recording of the municipality Stetten (AG)
4041,Stetten (AG),712,1992-09-30,Initial recording of the municipality Stetten (AG)
4041,Stetten (AG),708,1991-09-30,Initial recording of the municipality Stetten (AG)
4041,Stetten (AG),674,1990-09-30,Initial recording of the municipality Stetten (AG)
4041,Stetten (AG),662,1989-09-30,Initial recording of the municipality Stetten (AG)
4041,Stetten (AG),643,1988-09-30,Initial recording of the municipality Stetten (AG)
4041,Stetten (AG),616,1987-09-30,Initial recording of the municipality Stetten (AG)
4041,Stetten (AG),600,1986-09-30,Initial recording of the municipality Stetten (AG)
4041,Stetten (AG),530,1985-09-30,Initial recording of the municipality Stetten (AG)
4041,Stetten (AG),457,1984-09-30,Initial recording of the municipality Stetten (AG)
4041,Stetten (AG),423,1983-09-30,Initial recording of the municipality Stetten (AG)
4041,Stetten (AG),432,1982-09-30,Initial recording of the municipality Stetten (AG)
4041,Stetten (AG),429,1981-09-30,Initial recording of the municipality Stetten (AG)
4041,Stetten (AG),422,1980-09-30,Initial recording of the municipality Stetten (AG)
4041,Stetten (AG),409,1979-09-30,Initial recording of the municipality Stetten (AG)
4041,Stetten (AG),370,1978-09-30,Initial recording of the municipality Stetten (AG)
4041,Stetten (AG),356,1977-09-30,Initial recording of the municipality Stetten (AG)
4041,Stetten (AG),326,1976-09-30,Initial recording of the municipality Stetten (AG)
4116,Stilli,246,2005-09-30,Initial recording of the municipality Stilli
4116,Stilli,227,2004-09-30,Initial recording of the municipality Stilli
4116,Stilli,214,2003-09-30,Initial recording of the municipality Stilli
4116,Stilli,206,2002-09-30,Initial recording of the municipality Stilli
4116,Stilli,190,2001-09-30,Initial recording of the municipality Stilli
4116,Stilli,190,2000-09-30,Initial recording of the municipality Stilli
4116,Stilli,180,1999-09-30,Initial recording of the municipality Stilli
4116,Stilli,190,1998-09-30,Initial recording of the municipality Stilli
4116,Stilli,193,1997-09-30,Initial recording of the municipality Stilli
4116,Stilli,193,1996-09-30,Initial recording of the municipality Stilli
4116,Stilli,199,1995-09-30,Initial recording of the municipality Stilli
4116,Stilli,206,1994-09-30,Initial recording of the municipality Stilli
4116,Stilli,208,1993-09-30,Initial recording of the municipality Stilli
4116,Stilli,207,1992-09-30,Initial recording of the municipality Stilli
4116,Stilli,212,1991-09-30,Initial recording of the municipality Stilli
4116,Stilli,202,1990-09-30,Initial recording of the municipality Stilli
4116,Stilli,189,1989-09-30,Initial recording of the municipality Stilli
4116,Stilli,199,1988-09-30,Initial recording of the municipality Stilli
4116,Stilli,190,1987-09-30,Initial recording of the municipality Stilli
4116,Stilli,199,1986-09-30,Initial recording of the municipality Stilli
4116,Stilli,190,1985-09-30,Initial recording of the municipality Stilli
4116,Stilli,187,1984-09-30,Initial recording of the municipality Stilli
4116,Stilli,183,1983-09-30,Initial recording of the municipality Stilli
4116,Stilli,194,1982-09-30,Initial recording of the municipality Stilli
4116,Stilli,188,1981-09-30,Initial recording of the municipality Stilli
4116,Stilli,185,1980-09-30,Initial recording of the municipality Stilli
4116,Stilli,181,1979-09-30,Initial recording of the municipality Stilli
4116,Stilli,168,1978-09-30,Initial recording of the municipality Stilli
4116,Stilli,159,1977-09-30,Initial recording of the municipality Stilli
4116,Stilli,158,1976-09-30,Initial recording of the municipality Stilli
4285,Strengelbach,3018,2025-09-30,Initial recording of the municipality Strengelbach
4285,Strengelbach,2958,2024-09-30,Initial recording of the municipality Strengelbach
4285,Strengelbach,2912,2023-09-30,Initial recording of the municipality Strengelbach
4285,Strengelbach,2865,2022-09-30,Initial recording of the municipality Strengelbach
4285,Strengelbach,2771,2021-09-30,Initial recording of the municipality Strengelbach
4285,Strengelbach,2769,2020-09-30,Initial recording of the municipality Strengelbach
4285,Strengelbach,2761,2019-09-30,Initial recording of the municipality Strengelbach
4285,Strengelbach,2779,2018-09-30,Initial recording of the municipality Strengelbach
4285,Strengelbach,2745,2017-09-30,Initial recording of the municipality Strengelbach
4285,Strengelbach,2601,2016-09-30,Initial recording of the municipality Strengelbach
4285,Strengelbach,2613,2015-09-30,Initial recording of the municipality Strengelbach
4285,Strengelbach,2562,2014-09-30,Initial recording of the municipality Strengelbach
4285,Strengelbach,2556,2013-09-30,Initial recording of the municipality Strengelbach
4285,Strengelbach,2535,2012-09-30,Initial recording of the municipality Strengelbach
4285,Strengelbach,2478,2011-09-30,Initial recording of the municipality Strengelbach
4285,Strengelbach,2434,2010-09-30,Initial recording of the municipality Strengelbach
4285,Strengelbach,2363,2009-09-30,Initial recording of the municipality Strengelbach
4285,Strengelbach,2308,2008-09-30,Initial recording of the municipality Strengelbach
4285,Strengelbach,2260,2007-09-30,Initial recording of the municipality Strengelbach
4285,Strengelbach,2227,2006-09-30,Initial recording of the municipality Strengelbach
4285,Strengelbach,2165,2005-09-30,Initial recording of the municipality Strengelbach
4285,Strengelbach,2127,2004-09-30,Initial recording of the municipality Strengelbach
4285,Strengelbach,2097,2003-09-30,Initial recording of the municipality Strengelbach
4285,Strengelbach,2065,2002-09-30,Initial recording of the municipality Strengelbach
4285,Strengelbach,2013,2001-09-30,Initial recording of the municipality Strengelbach
4285,Strengelbach,1962,2000-09-30,Initial recording of the municipality Strengelbach
4285,Strengelbach,1914,1999-09-30,Initial recording of the municipality Strengelbach
4285,Strengelbach,1848,1998-09-30,Initial recording of the municipality Strengelbach
4285,Strengelbach,1826,1997-09-30,Initial recording of the municipality Strengelbach
4285,Strengelbach,1820,1996-09-30,Initial recording of the municipality Strengelbach
4285,Strengelbach,1741,1995-09-30,Initial recording of the municipality Strengelbach
4285,Strengelbach,1710,1994-09-30,Initial recording of the municipality Strengelbach
4285,Strengelbach,1698,1993-09-30,Initial recording of the municipality Strengelbach
4285,Strengelbach,1730,1992-09-30,Initial recording of the municipality Strengelbach
4285,Strengelbach,1721,1991-09-30,Initial recording of the municipality Strengelbach
4285,Strengelbach,1648,1990-09-30,Initial recording of the municipality Strengelbach
4285,Strengelbach,1596,1989-09-30,Initial recording of the municipality Strengelbach
4285,Strengelbach,1543,1988-09-30,Initial recording of the municipality Strengelbach
4285,Strengelbach,1503,1987-09-30,Initial recording of the municipality Strengelbach
4285,Strengelbach,1476,1986-09-30,Initial recording of the municipality Strengelbach
4285,Strengelbach,1409,1985-09-30,Initial recording of the municipality Strengelbach
4285,Strengelbach,1364,1984-09-30,Initial recording of the municipality Strengelbach
4285,Strengelbach,1335,1983-09-30,Initial recording of the municipality Strengelbach
4285,Strengelbach,1293,1982-09-30,Initial recording of the municipality Strengelbach
4285,Strengelbach,1247,1981-09-30,Initial recording of the municipality Strengelbach
4285,Strengelbach,1227,1980-09-30,Initial recording of the municipality Strengelbach
4285,Strengelbach,1159,1979-09-30,Initial recording of the municipality Strengelbach
4285,Strengelbach,1139,1978-09-30,Initial recording of the municipality Strengelbach
4285,Strengelbach,1092,1977-09-30,Initial recording of the municipality Strengelbach
4285,Strengelbach,1092,1976-09-30,Initial recording of the municipality Strengelbach
4012,Suhr,5295,2025-09-30,Initial recording of the municipality Suhr
4012,Suhr,5228,2024-09-30,Initial recording of the municipality Suhr
4012,Suhr,5089,2023-09-30,Initial recording of the municipality Suhr
4012,Suhr,5031,2022-09-30,Initial recording of the municipality Suhr
4012,Suhr,5034,2021-09-30,Initial recording of the municipality Suhr
4012,Suhr,4941,2020-09-30,Initial recording of the municipality Suhr
4012,Suhr,4894,2019-09-30,Initial recording of the municipality Suhr
4012,Suhr,4879,2018-09-30,Initial recording of the municipality Suhr
4012,Suhr,4762,2017-09-30,Initial recording of the municipality Suhr
4012,Suhr,4752,2016-09-30,Initial recording of the municipality Suhr
4012,Suhr,4789,2015-09-30,Initial recording of the municipality Suhr
4012,Suhr,4786,2014-09-30,Initial recording of the municipality Suhr
4012,Suhr,4754,2013-09-30,Initial recording of the municipality Suhr
4012,Suhr,4706,2012-09-30,Initial recording of the municipality Suhr
4012,Suhr,4653,2011-09-30,Initial recording of the municipality Suhr
4012,Suhr,4602,2010-09-30,Initial recording of the municipality Suhr
4012,Suhr,4496,2009-09-30,Initial recording of the municipality Suhr
4012,Suhr,4508,2008-09-30,Initial recording of the municipality Suhr
4012,Suhr,4478,2007-09-30,Initial recording of the municipality Suhr
4012,Suhr,4413,2006-09-30,Initial recording of the municipality Suhr
4012,Suhr,4330,2005-09-30,Initial recording of the municipality Suhr
4012,Suhr,4331,2004-09-30,Initial recording of the municipality Suhr
4012,Suhr,4277,2003-09-30,Initial recording of the municipality Suhr
4012,Suhr,4115,2002-09-30,Initial recording of the municipality Suhr
4012,Suhr,3982,2001-09-30,Initial recording of the municipality Suhr
4012,Suhr,3841,2000-09-30,Initial recording of the municipality Suhr
4012,Suhr,3787,1999-09-30,Initial recording of the municipality Suhr
4012,Suhr,3704,1998-09-30,Initial recording of the municipality Suhr
4012,Suhr,3615,1997-09-30,Initial recording of the municipality Suhr
4012,Suhr,3528,1996-09-30,Initial recording of the municipality Suhr
4012,Suhr,3494,1995-09-30,Initial recording of the municipality Suhr
4012,Suhr,3544,1994-09-30,Initial recording of the municipality Suhr
4012,Suhr,3543,1993-09-30,Initial recording of the municipality Suhr
4012,Suhr,3499,1992-09-30,Initial recording of the municipality Suhr
4012,Suhr,3505,1991-09-30,Initial recording of the municipality Suhr
4012,Suhr,3436,1990-09-30,Initial recording of the municipality Suhr
4012,Suhr,3306,1989-09-30,Initial recording of the municipality Suhr
4012,Suhr,3147,1988-09-30,Initial recording of the municipality Suhr
4012,Suhr,2931,1987-09-30,Initial recording of the municipality Suhr
4012,Suhr,2746,1986-09-30,Initial recording of the municipality Suhr
4012,Suhr,2697,1985-09-30,Initial recording of the municipality Suhr
4012,Suhr,2648,1984-09-30,Initial recording of the municipality Suhr
4012,Suhr,2679,1983-09-30,Initial recording of the municipality Suhr
4012,Suhr,2611,1982-09-30,Initial recording of the municipality Suhr
4012,Suhr,2551,1981-09-30,Initial recording of the municipality Suhr
4012,Suhr,2465,1980-09-30,Initial recording of the municipality Suhr
4012,Suhr,2396,1979-09-30,Initial recording of the municipality Suhr
4012,Suhr,2310,1978-09-30,Initial recording of the municipality Suhr
4012,Suhr,2226,1977-09-30,Initial recording of the municipality Suhr
4012,Suhr,2175,1976-09-30,Initial recording of the municipality Suhr
4178,Sulz,729,2009-09-30,Initial recording of the municipality Sulz (AG)
4178,Sulz,743,2008-09-30,Initial recording of the municipality Sulz (AG)
4178,Sulz,743,2007-09-30,Initial recording of the municipality Sulz (AG)
4178,Sulz,715,2006-09-30,Initial recording of the municipality Sulz (AG)
4178,Sulz,710,2005-09-30,Initial recording of the municipality Sulz (AG)
4178,Sulz,707,2004-09-30,Initial recording of the municipality Sulz (AG)
4178,Sulz,678,2003-09-30,Initial recording of the municipality Sulz (AG)
4178,Sulz,641,2002-09-30,Initial recording of the municipality Sulz (AG)
4178,Sulz,634,2001-09-30,Initial recording of the municipality Sulz (AG)
4178,Sulz,609,2000-09-30,Initial recording of the municipality Sulz (AG)
4178,Sulz,614,1999-09-30,Initial recording of the municipality Sulz (AG)
4178,Sulz,596,1998-09-30,Initial recording of the municipality Sulz (AG)
4178,Sulz,573,1997-09-30,Initial recording of the municipality Sulz (AG)
4178,Sulz,549,1996-09-30,Initial recording of the municipality Sulz (AG)
4178,Sulz,511,1995-09-30,Initial recording of the municipality Sulz (AG)
4178,Sulz,487,1994-09-30,Initial recording of the municipality Sulz (AG)
4178,Sulz,484,1993-09-30,Initial recording of the municipality Sulz (AG)
4178,Sulz,467,1992-09-30,Initial recording of the municipality Sulz (AG)
4178,Sulz,457,1991-09-30,Initial recording of the municipality Sulz (AG)
4178,Sulz,451,1990-09-30,Initial recording of the municipality Sulz (AG)
4178,Sulz,434,1989-09-30,Initial recording of the municipality Sulz (AG)
4178,Sulz,420,1988-09-30,Initial recording of the municipality Sulz (AG)
4178,Sulz,407,1987-09-30,Initial recording of the municipality Sulz (AG)
4178,Sulz,394,1986-09-30,Initial recording of the municipality Sulz (AG)
4178,Sulz,400,1985-09-30,Initial recording of the municipality Sulz (AG)
4178,Sulz,370,1984-09-30,Initial recording of the municipality Sulz (AG)
4178,Sulz,354,1983-09-30,Initial recording of the municipality Sulz (AG)
4178,Sulz,342,1982-09-30,Initial recording of the municipality Sulz (AG)
4178,Sulz,323,1981-09-30,Initial recording of the municipality Sulz (AG)
4178,Sulz,313,1980-09-30,Initial recording of the municipality Sulz (AG)
4178,Sulz,309,1979-09-30,Initial recording of the municipality Sulz (AG)
4178,Sulz,274,1978-09-30,Initial recording of the municipality Sulz (AG)
4178,Sulz,267,1977-09-30,Initial recording of the municipality Sulz (AG)
4178,Sulz,259,1976-09-30,Initial recording of the municipality Sulz (AG)
4320,Tegerfelden,911,2025-09-30,Initial recording of the municipality Tegerfelden
4320,Tegerfelden,903,2024-09-30,Initial recording of the municipality Tegerfelden
4320,Tegerfelden,885,2023-09-30,Initial recording of the municipality Tegerfelden
4320,Tegerfelden,869,2022-09-30,Initial recording of the municipality Tegerfelden
4320,Tegerfelden,843,2021-09-30,Initial recording of the municipality Tegerfelden
4320,Tegerfelden,814,2020-09-30,Initial recording of the municipality Tegerfelden
4320,Tegerfelden,811,2019-09-30,Initial recording of the municipality Tegerfelden
4320,Tegerfelden,794,2018-09-30,Initial recording of the municipality Tegerfelden
4320,Tegerfelden,789,2017-09-30,Initial recording of the municipality Tegerfelden
4320,Tegerfelden,800,2016-09-30,Initial recording of the municipality Tegerfelden
4320,Tegerfelden,750,2015-09-30,Initial recording of the municipality Tegerfelden
4320,Tegerfelden,720,2014-09-30,Initial recording of the municipality Tegerfelden
4320,Tegerfelden,698,2013-09-30,Initial recording of the municipality Tegerfelden
4320,Tegerfelden,689,2012-09-30,Initial recording of the municipality Tegerfelden
4320,Tegerfelden,660,2011-09-30,Initial recording of the municipality Tegerfelden
4320,Tegerfelden,656,2010-09-30,Initial recording of the municipality Tegerfelden
4320,Tegerfelden,635,2009-09-30,Initial recording of the municipality Tegerfelden
4320,Tegerfelden,621,2008-09-30,Initial recording of the municipality Tegerfelden
4320,Tegerfelden,596,2007-09-30,Initial recording of the municipality Tegerfelden
4320,Tegerfelden,607,2006-09-30,Initial recording of the municipality Tegerfelden
4320,Tegerfelden,598,2005-09-30,Initial recording of the municipality Tegerfelden
4320,Tegerfelden,565,2004-09-30,Initial recording of the municipality Tegerfelden
4320,Tegerfelden,569,2003-09-30,Initial recording of the municipality Tegerfelden
4320,Tegerfelden,558,2002-09-30,Initial recording of the municipality Tegerfelden
4320,Tegerfelden,542,2001-09-30,Initial recording of the municipality Tegerfelden
4320,Tegerfelden,543,2000-09-30,Initial recording of the municipality Tegerfelden
4320,Tegerfelden,541,1999-09-30,Initial recording of the municipality Tegerfelden
4320,Tegerfelden,506,1998-09-30,Initial recording of the municipality Tegerfelden
4320,Tegerfelden,495,1997-09-30,Initial recording of the municipality Tegerfelden
4320,Tegerfelden,476,1996-09-30,Initial recording of the municipality Tegerfelden
4320,Tegerfelden,467,1995-09-30,Initial recording of the municipality Tegerfelden
4320,Tegerfelden,452,1994-09-30,Initial recording of the municipality Tegerfelden
4320,Tegerfelden,427,1993-09-30,Initial recording of the municipality Tegerfelden
4320,Tegerfelden,429,1992-09-30,Initial recording of the municipality Tegerfelden
4320,Tegerfelden,419,1991-09-30,Initial recording of the municipality Tegerfelden
4320,Tegerfelden,400,1990-09-30,Initial recording of the municipality Tegerfelden
4320,Tegerfelden,389,1989-09-30,Initial recording of the municipality Tegerfelden
4320,Tegerfelden,355,1988-09-30,Initial recording of the municipality Tegerfelden
4320,Tegerfelden,343,1987-09-30,Initial recording of the municipality Tegerfelden
4320,Tegerfelden,342,1986-09-30,Initial recording of the municipality Tegerfelden
4320,Tegerfelden,323,1985-09-30,Initial recording of the municipality Tegerfelden
4320,Tegerfelden,288,1984-09-30,Initial recording of the municipality Tegerfelden
4320,Tegerfelden,281,1983-09-30,Initial recording of the municipality Tegerfelden
4320,Tegerfelden,256,1982-09-30,Initial recording of the municipality Tegerfelden
4320,Tegerfelden,252,1981-09-30,Initial recording of the municipality Tegerfelden
4320,Tegerfelden,240,1980-09-30,Initial recording of the municipality Tegerfelden
4320,Tegerfelden,228,1979-09-30,Initial recording of the municipality Tegerfelden
4320,Tegerfelden,206,1978-09-30,Initial recording of the municipality Tegerfelden
4320,Tegerfelden,184,1977-09-30,Initial recording of the municipality Tegerfelden
4320,Tegerfelden,155,1976-09-30,Initial recording of the municipality Tegerfelden
4145,Teufenthal (AG),1173,2025-09-30,Initial recording of the municipality Teufenthal (AG)
4145,Teufenthal (AG),1139,2024-09-30,Initial recording of the municipality Teufenthal (AG)
4145,Teufenthal (AG),1152,2023-09-30,Initial recording of the municipality Teufenthal (AG)
4145,Teufenthal (AG),1157,2022-09-30,Initial recording of the municipality Teufenthal (AG)
4145,Teufenthal (AG),1155,2021-09-30,Initial recording of the municipality Teufenthal (AG)
4145,Teufenthal (AG),1121,2020-09-30,Initial recording of the municipality Teufenthal (AG)
4145,Teufenthal (AG),1137,2019-09-30,Initial recording of the municipality Teufenthal (AG)
4145,Teufenthal (AG),1103,2018-09-30,Initial recording of the municipality Teufenthal (AG)
4145,Teufenthal (AG),1053,2017-09-30,Initial recording of the municipality Teufenthal (AG)
4145,Teufenthal (AG),1025,2016-09-30,Initial recording of the municipality Teufenthal (AG)
4145,Teufenthal (AG),985,2015-09-30,Initial recording of the municipality Teufenthal (AG)
4145,Teufenthal (AG),971,2014-09-30,Initial recording of the municipality Teufenthal (AG)
4145,Teufenthal (AG),951,2013-09-30,Initial recording of the municipality Teufenthal (AG)
4145,Teufenthal (AG),975,2012-09-30,Initial recording of the municipality Teufenthal (AG)
4145,Teufenthal (AG),972,2011-09-30,Initial recording of the municipality Teufenthal (AG)
4145,Teufenthal (AG),959,2010-09-30,Initial recording of the municipality Teufenthal (AG)
4145,Teufenthal (AG),949,2009-09-30,Initial recording of the municipality Teufenthal (AG)
4145,Teufenthal (AG),916,2008-09-30,Initial recording of the municipality Teufenthal (AG)
4145,Teufenthal (AG),889,2007-09-30,Initial recording of the municipality Teufenthal (AG)
4145,Teufenthal (AG),890,2006-09-30,Initial recording of the municipality Teufenthal (AG)
4145,Teufenthal (AG),884,2005-09-30,Initial recording of the municipality Teufenthal (AG)
4145,Teufenthal (AG),866,2004-09-30,Initial recording of the municipality Teufenthal (AG)
4145,Teufenthal (AG),872,2003-09-30,Initial recording of the municipality Teufenthal (AG)
4145,Teufenthal (AG),848,2002-09-30,Initial recording of the municipality Teufenthal (AG)
4145,Teufenthal (AG),841,2001-09-30,Initial recording of the municipality Teufenthal (AG)
4145,Teufenthal (AG),821,2000-09-30,Initial recording of the municipality Teufenthal (AG)
4145,Teufenthal (AG),804,1999-09-30,Initial recording of the municipality Teufenthal (AG)
4145,Teufenthal (AG),808,1998-09-30,Initial recording of the municipality Teufenthal (AG)
4145,Teufenthal (AG),797,1997-09-30,Initial recording of the municipality Teufenthal (AG)
4145,Teufenthal (AG),788,1996-09-30,Initial recording of the municipality Teufenthal (AG)
4145,Teufenthal (AG),758,1995-09-30,Initial recording of the municipality Teufenthal (AG)
4145,Teufenthal (AG),760,1994-09-30,Initial recording of the municipality Teufenthal (AG)
4145,Teufenthal (AG),752,1993-09-30,Initial recording of the municipality Teufenthal (AG)
4145,Teufenthal (AG),730,1992-09-30,Initial recording of the municipality Teufenthal (AG)
4145,Teufenthal (AG),718,1991-09-30,Initial recording of the municipality Teufenthal (AG)
4145,Teufenthal (AG),703,1990-09-30,Initial recording of the municipality Teufenthal (AG)
4145,Teufenthal (AG),695,1989-09-30,Initial recording of the municipality Teufenthal (AG)
4145,Teufenthal (AG),696,1988-09-30,Initial recording of the municipality Teufenthal (AG)
4145,Teufenthal (AG),664,1987-09-30,Initial recording of the municipality Teufenthal (AG)
4145,Teufenthal (AG),664,1986-09-30,Initial recording of the municipality Teufenthal (AG)
4145,Teufenthal (AG),646,1985-09-30,Initial recording of the municipality Teufenthal (AG)
4145,Teufenthal (AG),622,1984-09-30,Initial recording of the municipality Teufenthal (AG)
4145,Teufenthal (AG),607,1983-09-30,Initial recording of the municipality Teufenthal (AG)
4145,Teufenthal (AG),587,1982-09-30,Initial recording of the municipality Teufenthal (AG)
4145,Teufenthal (AG),567,1981-09-30,Initial recording of the municipality Teufenthal (AG)
4145,Teufenthal (AG),515,1980-09-30,Initial recording of the municipality Teufenthal (AG)
4145,Teufenthal (AG),524,1979-09-30,Initial recording of the municipality Teufenthal (AG)
4145,Teufenthal (AG),508,1978-09-30,Initial recording of the municipality Teufenthal (AG)
4145,Teufenthal (AG),471,1977-09-30,Initial recording of the municipality Teufenthal (AG)
4145,Teufenthal (AG),440,1976-09-30,Initial recording of the municipality Teufenthal (AG)
4117,Thalheim (AG),682,2025-09-30,Initial recording of the municipality Thalheim (AG)
4117,Thalheim (AG),658,2024-09-30,Initial recording of the municipality Thalheim (AG)
4117,Thalheim (AG),645,2023-09-30,Initial recording of the municipality Thalheim (AG)
4117,Thalheim (AG),609,2022-09-30,Initial recording of the municipality Thalheim (AG)
4117,Thalheim (AG),579,2021-09-30,Initial recording of the municipality Thalheim (AG)
4117,Thalheim (AG),557,2020-09-30,Initial recording of the municipality Thalheim (AG)
4117,Thalheim (AG),562,2019-09-30,Initial recording of the municipality Thalheim (AG)
4117,Thalheim (AG),572,2018-09-30,Initial recording of the municipality Thalheim (AG)
4117,Thalheim (AG),598,2017-09-30,Initial recording of the municipality Thalheim (AG)
4117,Thalheim (AG),592,2016-09-30,Initial recording of the municipality Thalheim (AG)
4117,Thalheim (AG),580,2015-09-30,Initial recording of the municipality Thalheim (AG)
4117,Thalheim (AG),569,2014-09-30,Initial recording of the municipality Thalheim (AG)
4117,Thalheim (AG),538,2013-09-30,Initial recording of the municipality Thalheim (AG)
4117,Thalheim (AG),522,2012-09-30,Initial recording of the municipality Thalheim (AG)
4117,Thalheim (AG),519,2011-09-30,Initial recording of the municipality Thalheim (AG)
4117,Thalheim (AG),511,2010-09-30,Initial recording of the municipality Thalheim (AG)
4117,Thalheim (AG),512,2009-09-30,Initial recording of the municipality Thalheim (AG)
4117,Thalheim (AG),502,2008-09-30,Initial recording of the municipality Thalheim (AG)
4117,Thalheim (AG),502,2007-09-30,Initial recording of the municipality Thalheim (AG)
4117,Thalheim (AG),490,2006-09-30,Initial recording of the municipality Thalheim (AG)
4117,Thalheim (AG),490,2005-09-30,Initial recording of the municipality Thalheim (AG)
4117,Thalheim (AG),499,2004-09-30,Initial recording of the municipality Thalheim (AG)
4117,Thalheim (AG),480,2003-09-30,Initial recording of the municipality Thalheim (AG)
4117,Thalheim (AG),447,2002-09-30,Initial recording of the municipality Thalheim (AG)
4117,Thalheim (AG),441,2001-09-30,Initial recording of the municipality Thalheim (AG)
4117,Thalheim (AG),429,2000-09-30,Initial recording of the municipality Thalheim (AG)
4117,Thalheim (AG),424,1999-09-30,Initial recording of the municipality Thalheim (AG)
4117,Thalheim (AG),413,1998-09-30,Initial recording of the municipality Thalheim (AG)
4117,Thalheim (AG),403,1997-09-30,Initial recording of the municipality Thalheim (AG)
4117,Thalheim (AG),391,1996-09-30,Initial recording of the municipality Thalheim (AG)
4117,Thalheim (AG),377,1995-09-30,Initial recording of the municipality Thalheim (AG)
4117,Thalheim (AG),370,1994-09-30,Initial recording of the municipality Thalheim (AG)
4117,Thalheim (AG),373,1993-09-30,Initial recording of the municipality Thalheim (AG)
4117,Thalheim (AG),346,1992-09-30,Initial recording of the municipality Thalheim (AG)
4117,Thalheim (AG),323,1991-09-30,Initial recording of the municipality Thalheim (AG)
4117,Thalheim (AG),311,1990-09-30,Initial recording of the municipality Thalheim (AG)
4117,Thalheim (AG),296,1989-09-30,Initial recording of the municipality Thalheim (AG)
4117,Thalheim (AG),287,1988-09-30,Initial recording of the municipality Thalheim (AG)
4117,Thalheim (AG),282,1987-09-30,Initial recording of the municipality Thalheim (AG)
4117,Thalheim (AG),271,1986-09-30,Initial recording of the municipality Thalheim (AG)
4117,Thalheim (AG),269,1985-09-30,Initial recording of the municipality Thalheim (AG)
4117,Thalheim (AG),252,1984-09-30,Initial recording of the municipality Thalheim (AG)
4117,Thalheim (AG),246,1983-09-30,Initial recording of the municipality Thalheim (AG)
4117,Thalheim (AG),236,1982-09-30,Initial recording of the municipality Thalheim (AG)
4117,Thalheim (AG),229,1981-09-30,Initial recording of the municipality Thalheim (AG)
4117,Thalheim (AG),218,1980-09-30,Initial recording of the municipality Thalheim (AG)
4117,Thalheim (AG),211,1979-09-30,Initial recording of the municipality Thalheim (AG)
4117,Thalheim (AG),196,1978-09-30,Initial recording of the municipality Thalheim (AG)
4117,Thalheim (AG),184,1977-09-30,Initial recording of the municipality Thalheim (AG)
4117,Thalheim (AG),162,1976-09-30,Initial recording of the municipality Thalheim (AG)
4042,Turgi,1469,2023-09-30,Initial recording of the municipality Turgi
4042,Turgi,1421,2022-09-30,Initial recording of the municipality Turgi
4042,Turgi,1436,2021-09-30,Initial recording of the municipality Turgi
4042,Turgi,1420,2020-09-30,Initial recording of the municipality Turgi
4042,Turgi,1445,2019-09-30,Initial recording of the municipality Turgi
4042,Turgi,1465,2018-09-30,Initial recording of the municipality Turgi
4042,Turgi,1456,2017-09-30,Initial recording of the municipality Turgi
4042,Turgi,1467,2016-09-30,Initial recording of the municipality Turgi
4042,Turgi,1426,2015-09-30,Initial recording of the municipality Turgi
4042,Turgi,1475,2014-09-30,Initial recording of the municipality Turgi
4042,Turgi,1464,2013-09-30,Initial recording of the municipality Turgi
4042,Turgi,1444,2012-09-30,Initial recording of the municipality Turgi
4042,Turgi,1768,2011-09-30,Initial recording of the municipality Turgi
4042,Turgi,1803,2010-09-30,Initial recording of the municipality Turgi
4042,Turgi,1612,2009-09-30,Initial recording of the municipality Turgi
4042,Turgi,1549,2008-09-30,Initial recording of the municipality Turgi
4042,Turgi,1527,2007-09-30,Initial recording of the municipality Turgi
4042,Turgi,1491,2006-09-30,Initial recording of the municipality Turgi
4042,Turgi,1472,2005-09-30,Initial recording of the municipality Turgi
4042,Turgi,1410,2004-09-30,Initial recording of the municipality Turgi
4042,Turgi,1389,2003-09-30,Initial recording of the municipality Turgi
4042,Turgi,1347,2002-09-30,Initial recording of the municipality Turgi
4042,Turgi,1198,2001-09-30,Initial recording of the municipality Turgi
4042,Turgi,1140,2000-09-30,Initial recording of the municipality Turgi
4042,Turgi,1124,1999-09-30,Initial recording of the municipality Turgi
4042,Turgi,1102,1998-09-30,Initial recording of the municipality Turgi
4042,Turgi,1100,1997-09-30,Initial recording of the municipality Turgi
4042,Turgi,1140,1996-09-30,Initial recording of the municipality Turgi
4042,Turgi,1155,1995-09-30,Initial recording of the municipality Turgi
4042,Turgi,1193,1994-09-30,Initial recording of the municipality Turgi
4042,Turgi,1187,1993-09-30,Initial recording of the municipality Turgi
4042,Turgi,1272,1992-09-30,Initial recording of the municipality Turgi
4042,Turgi,1351,1991-09-30,Initial recording of the municipality Turgi
4042,Turgi,1340,1990-09-30,Initial recording of the municipality Turgi
4042,Turgi,1339,1989-09-30,Initial recording of the municipality Turgi
4042,Turgi,1310,1988-09-30,Initial recording of the municipality Turgi
4042,Turgi,1259,1987-09-30,Initial recording of the municipality Turgi
4042,Turgi,1261,1986-09-30,Initial recording of the municipality Turgi
4042,Turgi,1202,1985-09-30,Initial recording of the municipality Turgi
4042,Turgi,1186,1984-09-30,Initial recording of the municipality Turgi
4042,Turgi,1183,1983-09-30,Initial recording of the municipality Turgi
4042,Turgi,1154,1982-09-30,Initial recording of the municipality Turgi
4042,Turgi,1142,1981-09-30,Initial recording of the municipality Turgi
4042,Turgi,1114,1980-09-30,Initial recording of the municipality Turgi
4042,Turgi,1084,1979-09-30,Initial recording of the municipality Turgi
4042,Turgi,1024,1978-09-30,Initial recording of the municipality Turgi
4042,Turgi,963,1977-09-30,Initial recording of the municipality Turgi
4042,Turgi,961,1976-09-30,Initial recording of the municipality Turgi
4077,Tägerig,921,2025-09-30,Initial recording of the municipality Tägerig
4077,Tägerig,911,2024-09-30,Initial recording of the municipality Tägerig
4077,Tägerig,909,2023-09-30,Initial recording of the municipality Tägerig
4077,Tägerig,895,2022-09-30,Initial recording of the municipality Tägerig
4077,Tägerig,883,2021-09-30,Initial recording of the municipality Tägerig
4077,Tägerig,861,2020-09-30,Initial recording of the municipality Tägerig
4077,Tägerig,880,2019-09-30,Initial recording of the municipality Tägerig
4077,Tägerig,877,2018-09-30,Initial recording of the municipality Tägerig
4077,Tägerig,881,2017-09-30,Initial recording of the municipality Tägerig
4077,Tägerig,871,2016-09-30,Initial recording of the municipality Tägerig
4077,Tägerig,852,2015-09-30,Initial recording of the municipality Tägerig
4077,Tägerig,825,2014-09-30,Initial recording of the municipality Tägerig
4077,Tägerig,802,2013-09-30,Initial recording of the municipality Tägerig
4077,Tägerig,782,2012-09-30,Initial recording of the municipality Tägerig
4077,Tägerig,780,2011-09-30,Initial recording of the municipality Tägerig
4077,Tägerig,787,2010-09-30,Initial recording of the municipality Tägerig
4077,Tägerig,779,2009-09-30,Initial recording of the municipality Tägerig
4077,Tägerig,762,2008-09-30,Initial recording of the municipality Tägerig
4077,Tägerig,773,2007-09-30,Initial recording of the municipality Tägerig
4077,Tägerig,751,2006-09-30,Initial recording of the municipality Tägerig
4077,Tägerig,721,2005-09-30,Initial recording of the municipality Tägerig
4077,Tägerig,703,2004-09-30,Initial recording of the municipality Tägerig
4077,Tägerig,684,2003-09-30,Initial recording of the municipality Tägerig
4077,Tägerig,689,2002-09-30,Initial recording of the municipality Tägerig
4077,Tägerig,661,2001-09-30,Initial recording of the municipality Tägerig
4077,Tägerig,642,2000-09-30,Initial recording of the municipality Tägerig
4077,Tägerig,624,1999-09-30,Initial recording of the municipality Tägerig
4077,Tägerig,601,1998-09-30,Initial recording of the municipality Tägerig
4077,Tägerig,582,1997-09-30,Initial recording of the municipality Tägerig
4077,Tägerig,557,1996-09-30,Initial recording of the municipality Tägerig
4077,Tägerig,564,1995-09-30,Initial recording of the municipality Tägerig
4077,Tägerig,544,1994-09-30,Initial recording of the municipality Tägerig
4077,Tägerig,512,1993-09-30,Initial recording of the municipality Tägerig
4077,Tägerig,485,1992-09-30,Initial recording of the municipality Tägerig
4077,Tägerig,486,1991-09-30,Initial recording of the municipality Tägerig
4077,Tägerig,483,1990-09-30,Initial recording of the municipality Tägerig
4077,Tägerig,478,1989-09-30,Initial recording of the municipality Tägerig
4077,Tägerig,445,1988-09-30,Initial recording of the municipality Tägerig
4077,Tägerig,417,1987-09-30,Initial recording of the municipality Tägerig
4077,Tägerig,408,1986-09-30,Initial recording of the municipality Tägerig
4077,Tägerig,403,1985-09-30,Initial recording of the municipality Tägerig
4077,Tägerig,367,1984-09-30,Initial recording of the municipality Tägerig
4077,Tägerig,344,1983-09-30,Initial recording of the municipality Tägerig
4077,Tägerig,342,1982-09-30,Initial recording of the municipality Tägerig
4077,Tägerig,334,1981-09-30,Initial recording of the municipality Tägerig
4077,Tägerig,320,1980-09-30,Initial recording of the municipality Tägerig
4077,Tägerig,294,1979-09-30,Initial recording of the municipality Tägerig
4077,Tägerig,268,1978-09-30,Initial recording of the municipality Tägerig
4077,Tägerig,249,1977-09-30,Initial recording of the municipality Tägerig
4077,Tägerig,235,1976-09-30,Initial recording of the municipality Tägerig
4179,Ueken,638,2022-09-30,Initial recording of the municipality Ueken
4179,Ueken,625,2021-09-30,Initial recording of the municipality Ueken
4179,Ueken,586,2020-09-30,Initial recording of the municipality Ueken
4179,Ueken,564,2019-09-30,Initial recording of the municipality Ueken
4179,Ueken,568,2018-09-30,Initial recording of the municipality Ueken
4179,Ueken,574,2017-09-30,Initial recording of the municipality Ueken
4179,Ueken,563,2016-09-30,Initial recording of the municipality Ueken
4179,Ueken,553,2015-09-30,Initial recording of the municipality Ueken
4179,Ueken,526,2014-09-30,Initial recording of the municipality Ueken
4179,Ueken,518,2013-09-30,Initial recording of the municipality Ueken
4179,Ueken,532,2012-09-30,Initial recording of the municipality Ueken
4179,Ueken,514,2011-09-30,Initial recording of the municipality Ueken
4179,Ueken,498,2010-09-30,Initial recording of the municipality Ueken
4179,Ueken,480,2009-09-30,Initial recording of the municipality Ueken
4179,Ueken,487,2008-09-30,Initial recording of the municipality Ueken
4179,Ueken,476,2007-09-30,Initial recording of the municipality Ueken
4179,Ueken,483,2006-09-30,Initial recording of the municipality Ueken
4179,Ueken,448,2005-09-30,Initial recording of the municipality Ueken
4179,Ueken,413,2004-09-30,Initial recording of the municipality Ueken
4179,Ueken,405,2003-09-30,Initial recording of the municipality Ueken
4179,Ueken,408,2002-09-30,Initial recording of the municipality Ueken
4179,Ueken,403,2001-09-30,Initial recording of the municipality Ueken
4179,Ueken,384,2000-09-30,Initial recording of the municipality Ueken
4179,Ueken,363,1999-09-30,Initial recording of the municipality Ueken
4179,Ueken,349,1998-09-30,Initial recording of the municipality Ueken
4179,Ueken,347,1997-09-30,Initial recording of the municipality Ueken
4179,Ueken,332,1996-09-30,Initial recording of the municipality Ueken
4179,Ueken,320,1995-09-30,Initial recording of the municipality Ueken
4179,Ueken,306,1994-09-30,Initial recording of the municipality Ueken
4179,Ueken,253,1993-09-30,Initial recording of the municipality Ueken
4179,Ueken,243,1992-09-30,Initial recording of the municipality Ueken
4179,Ueken,239,1991-09-30,Initial recording of the municipality Ueken
4179,Ueken,225,1990-09-30,Initial recording of the municipality Ueken
4179,Ueken,214,1989-09-30,Initial recording of the municipality Ueken
4179,Ueken,188,1988-09-30,Initial recording of the municipality Ueken
4179,Ueken,178,1987-09-30,Initial recording of the municipality Ueken
4179,Ueken,168,1986-09-30,Initial recording of the municipality Ueken
4179,Ueken,158,1985-09-30,Initial recording of the municipality Ueken
4179,Ueken,133,1984-09-30,Initial recording of the municipality Ueken
4179,Ueken,135,1983-09-30,Initial recording of the municipality Ueken
4179,Ueken,126,1982-09-30,Initial recording of the municipality Ueken
4179,Ueken,124,1981-09-30,Initial recording of the municipality Ueken
4179,Ueken,119,1980-09-30,Initial recording of the municipality Ueken
4179,Ueken,117,1979-09-30,Initial recording of the municipality Ueken
4179,Ueken,107,1978-09-30,Initial recording of the municipality Ueken
4179,Ueken,99,1977-09-30,Initial recording of the municipality Ueken
4179,Ueken,88,1976-09-30,Initial recording of the municipality Ueken
4286,Uerkheim,1010,2025-09-30,Initial recording of the municipality Uerkheim
4286,Uerkheim,1012,2024-09-30,Initial recording of the municipality Uerkheim
4286,Uerkheim,967,2023-09-30,Initial recording of the municipality Uerkheim
4286,Uerkheim,930,2022-09-30,Initial recording of the municipality Uerkheim
4286,Uerkheim,929,2021-09-30,Initial recording of the municipality Uerkheim
4286,Uerkheim,911,2020-09-30,Initial recording of the municipality Uerkheim
4286,Uerkheim,889,2019-09-30,Initial recording of the municipality Uerkheim
4286,Uerkheim,894,2018-09-30,Initial recording of the municipality Uerkheim
4286,Uerkheim,895,2017-09-30,Initial recording of the municipality Uerkheim
4286,Uerkheim,917,2016-09-30,Initial recording of the municipality Uerkheim
4286,Uerkheim,900,2015-09-30,Initial recording of the municipality Uerkheim
4286,Uerkheim,858,2014-09-30,Initial recording of the municipality Uerkheim
4286,Uerkheim,847,2013-09-30,Initial recording of the municipality Uerkheim
4286,Uerkheim,819,2012-09-30,Initial recording of the municipality Uerkheim
4286,Uerkheim,780,2011-09-30,Initial recording of the municipality Uerkheim
4286,Uerkheim,766,2010-09-30,Initial recording of the municipality Uerkheim
4286,Uerkheim,766,2009-09-30,Initial recording of the municipality Uerkheim
4286,Uerkheim,779,2008-09-30,Initial recording of the municipality Uerkheim
4286,Uerkheim,767,2007-09-30,Initial recording of the municipality Uerkheim
4286,Uerkheim,770,2006-09-30,Initial recording of the municipality Uerkheim
4286,Uerkheim,761,2005-09-30,Initial recording of the municipality Uerkheim
4286,Uerkheim,754,2004-09-30,Initial recording of the municipality Uerkheim
4286,Uerkheim,760,2003-09-30,Initial recording of the municipality Uerkheim
4286,Uerkheim,741,2002-09-30,Initial recording of the municipality Uerkheim
4286,Uerkheim,723,2001-09-30,Initial recording of the municipality Uerkheim
4286,Uerkheim,700,2000-09-30,Initial recording of the municipality Uerkheim
4286,Uerkheim,714,1999-09-30,Initial recording of the municipality Uerkheim
4286,Uerkheim,700,1998-09-30,Initial recording of the municipality Uerkheim
4286,Uerkheim,677,1997-09-30,Initial recording of the municipality Uerkheim
4286,Uerkheim,679,1996-09-30,Initial recording of the municipality Uerkheim
4286,Uerkheim,642,1995-09-30,Initial recording of the municipality Uerkheim
4286,Uerkheim,609,1994-09-30,Initial recording of the municipality Uerkheim
4286,Uerkheim,594,1993-09-30,Initial recording of the municipality Uerkheim
4286,Uerkheim,583,1992-09-30,Initial recording of the municipality Uerkheim
4286,Uerkheim,584,1991-09-30,Initial recording of the municipality Uerkheim
4286,Uerkheim,587,1990-09-30,Initial recording of the municipality Uerkheim
4286,Uerkheim,557,1989-09-30,Initial recording of the municipality Uerkheim
4286,Uerkheim,535,1988-09-30,Initial recording of the municipality Uerkheim
4286,Uerkheim,521,1987-09-30,Initial recording of the municipality Uerkheim
4286,Uerkheim,505,1986-09-30,Initial recording of the municipality Uerkheim
4286,Uerkheim,484,1985-09-30,Initial recording of the municipality Uerkheim
4286,Uerkheim,485,1984-09-30,Initial recording of the municipality Uerkheim
4286,Uerkheim,456,1983-09-30,Initial recording of the municipality Uerkheim
4286,Uerkheim,457,1982-09-30,Initial recording of the municipality Uerkheim
4286,Uerkheim,426,1981-09-30,Initial recording of the municipality Uerkheim
4286,Uerkheim,414,1980-09-30,Initial recording of the municipality Uerkheim
4286,Uerkheim,390,1979-09-30,Initial recording of the municipality Uerkheim
4286,Uerkheim,358,1978-09-30,Initial recording of the municipality Uerkheim
4286,Uerkheim,337,1977-09-30,Initial recording of the municipality Uerkheim
4286,Uerkheim,298,1976-09-30,Initial recording of the municipality Uerkheim
4078,Uezwil,359,2025-09-30,Initial recording of the municipality Uezwil
4078,Uezwil,369,2024-09-30,Initial recording of the municipality Uezwil
4078,Uezwil,350,2023-09-30,Initial recording of the municipality Uezwil
4078,Uezwil,330,2022-09-30,Initial recording of the municipality Uezwil
4078,Uezwil,329,2021-09-30,Initial recording of the municipality Uezwil
4078,Uezwil,332,2020-09-30,Initial recording of the municipality Uezwil
4078,Uezwil,314,2019-09-30,Initial recording of the municipality Uezwil
4078,Uezwil,320,2018-09-30,Initial recording of the municipality Uezwil
4078,Uezwil,302,2017-09-30,Initial recording of the municipality Uezwil
4078,Uezwil,287,2016-09-30,Initial recording of the municipality Uezwil
4078,Uezwil,282,2015-09-30,Initial recording of the municipality Uezwil
4078,Uezwil,280,2014-09-30,Initial recording of the municipality Uezwil
4078,Uezwil,253,2013-09-30,Initial recording of the municipality Uezwil
4078,Uezwil,256,2012-09-30,Initial recording of the municipality Uezwil
4078,Uezwil,253,2011-09-30,Initial recording of the municipality Uezwil
4078,Uezwil,240,2010-09-30,Initial recording of the municipality Uezwil
4078,Uezwil,185,2009-09-30,Initial recording of the municipality Uezwil
4078,Uezwil,184,2008-09-30,Initial recording of the municipality Uezwil
4078,Uezwil,184,2007-09-30,Initial recording of the municipality Uezwil
4078,Uezwil,196,2006-09-30,Initial recording of the municipality Uezwil
4078,Uezwil,190,2005-09-30,Initial recording of the municipality Uezwil
4078,Uezwil,199,2004-09-30,Initial recording of the municipality Uezwil
4078,Uezwil,204,2003-09-30,Initial recording of the municipality Uezwil
4078,Uezwil,204,2002-09-30,Initial recording of the municipality Uezwil
4078,Uezwil,197,2001-09-30,Initial recording of the municipality Uezwil
4078,Uezwil,187,2000-09-30,Initial recording of the municipality Uezwil
4078,Uezwil,176,1999-09-30,Initial recording of the municipality Uezwil
4078,Uezwil,165,1998-09-30,Initial recording of the municipality Uezwil
4078,Uezwil,161,1997-09-30,Initial recording of the municipality Uezwil
4078,Uezwil,166,1996-09-30,Initial recording of the municipality Uezwil
4078,Uezwil,159,1995-09-30,Initial recording of the municipality Uezwil
4078,Uezwil,151,1994-09-30,Initial recording of the municipality Uezwil
4078,Uezwil,150,1993-09-30,Initial recording of the municipality Uezwil
4078,Uezwil,141,1992-09-30,Initial recording of the municipality Uezwil
4078,Uezwil,135,1991-09-30,Initial recording of the municipality Uezwil
4078,Uezwil,133,1990-09-30,Initial recording of the municipality Uezwil
4078,Uezwil,139,1989-09-30,Initial recording of the municipality Uezwil
4078,Uezwil,132,1988-09-30,Initial recording of the municipality Uezwil
4078,Uezwil,124,1987-09-30,Initial recording of the municipality Uezwil
4078,Uezwil,121,1986-09-30,Initial recording of the municipality Uezwil
4078,Uezwil,115,1985-09-30,Initial recording of the municipality Uezwil
4078,Uezwil,103,1984-09-30,Initial recording of the municipality Uezwil
4078,Uezwil,92,1983-09-30,Initial recording of the municipality Uezwil
4078,Uezwil,86,1982-09-30,Initial recording of the municipality Uezwil
4078,Uezwil,82,1981-09-30,Initial recording of the municipality Uezwil
4078,Uezwil,80,1980-09-30,Initial recording of the municipality Uezwil
4078,Uezwil,72,1979-09-30,Initial recording of the municipality Uezwil
4078,Uezwil,69,1978-09-30,Initial recording of the municipality Uezwil
4078,Uezwil,57,1977-09-30,Initial recording of the municipality Uezwil
4078,Uezwil,55,1976-09-30,Initial recording of the municipality Uezwil
4118,Umiken,533,2009-09-30,Initial recording of the municipality Umiken
4118,Umiken,535,2008-09-30,Initial recording of the municipality Umiken
4118,Umiken,544,2007-09-30,Initial recording of the municipality Umiken
4118,Umiken,538,2006-09-30,Initial recording of the municipality Umiken
4118,Umiken,554,2005-09-30,Initial recording of the municipality Umiken
4118,Umiken,540,2004-09-30,Initial recording of the municipality Umiken
4118,Umiken,532,2003-09-30,Initial recording of the municipality Umiken
4118,Umiken,510,2002-09-30,Initial recording of the municipality Umiken
4118,Umiken,501,2001-09-30,Initial recording of the municipality Umiken
4118,Umiken,485,2000-09-30,Initial recording of the municipality Umiken
4118,Umiken,504,1999-09-30,Initial recording of the municipality Umiken
4118,Umiken,488,1998-09-30,Initial recording of the municipality Umiken
4118,Umiken,470,1997-09-30,Initial recording of the municipality Umiken
4118,Umiken,451,1996-09-30,Initial recording of the municipality Umiken
4118,Umiken,432,1995-09-30,Initial recording of the municipality Umiken
4118,Umiken,369,1994-09-30,Initial recording of the municipality Umiken
4118,Umiken,373,1993-09-30,Initial recording of the municipality Umiken
4118,Umiken,394,1992-09-30,Initial recording of the municipality Umiken
4118,Umiken,378,1991-09-30,Initial recording of the municipality Umiken
4118,Umiken,362,1990-09-30,Initial recording of the municipality Umiken
4118,Umiken,363,1989-09-30,Initial recording of the municipality Umiken
4118,Umiken,366,1988-09-30,Initial recording of the municipality Umiken
4118,Umiken,362,1987-09-30,Initial recording of the municipality Umiken
4118,Umiken,352,1986-09-30,Initial recording of the municipality Umiken
4118,Umiken,353,1985-09-30,Initial recording of the municipality Umiken
4118,Umiken,333,1984-09-30,Initial recording of the municipality Umiken
4118,Umiken,326,1983-09-30,Initial recording of the municipality Umiken
4118,Umiken,318,1982-09-30,Initial recording of the municipality Umiken
4118,Umiken,313,1981-09-30,Initial recording of the municipality Umiken
4118,Umiken,307,1980-09-30,Initial recording of the municipality Umiken
4118,Umiken,292,1979-09-30,Initial recording of the municipality Umiken
4118,Umiken,280,1978-09-30,Initial recording of the municipality Umiken
4118,Umiken,269,1977-09-30,Initial recording of the municipality Umiken
4118,Umiken,263,1976-09-30,Initial recording of the municipality Umiken
4119,Unterbözberg,469,2012-09-30,Initial recording of the municipality Unterbözberg
4119,Unterbözberg,458,2011-09-30,Initial recording of the municipality Unterbözberg
4119,Unterbözberg,448,2010-09-30,Initial recording of the municipality Unterbözberg
4119,Unterbözberg,469,2009-09-30,Initial recording of the municipality Unterbözberg
4119,Unterbözberg,457,2008-09-30,Initial recording of the municipality Unterbözberg
4119,Unterbözberg,453,2007-09-30,Initial recording of the municipality Unterbözberg
4119,Unterbözberg,455,2006-09-30,Initial recording of the municipality Unterbözberg
4119,Unterbözberg,449,2005-09-30,Initial recording of the municipality Unterbözberg
4119,Unterbözberg,421,2004-09-30,Initial recording of the municipality Unterbözberg
4119,Unterbözberg,416,2003-09-30,Initial recording of the municipality Unterbözberg
4119,Unterbözberg,410,2002-09-30,Initial recording of the municipality Unterbözberg
4119,Unterbözberg,389,2001-09-30,Initial recording of the municipality Unterbözberg
4119,Unterbözberg,388,2000-09-30,Initial recording of the municipality Unterbözberg
4119,Unterbözberg,392,1999-09-30,Initial recording of the municipality Unterbözberg
4119,Unterbözberg,375,1998-09-30,Initial recording of the municipality Unterbözberg
4119,Unterbözberg,361,1997-09-30,Initial recording of the municipality Unterbözberg
4119,Unterbözberg,345,1996-09-30,Initial recording of the municipality Unterbözberg
4119,Unterbözberg,333,1995-09-30,Initial recording of the municipality Unterbözberg
4119,Unterbözberg,321,1994-09-30,Initial recording of the municipality Unterbözberg
4119,Unterbözberg,314,1993-09-30,Initial recording of the municipality Unterbözberg
4119,Unterbözberg,310,1992-09-30,Initial recording of the municipality Unterbözberg
4119,Unterbözberg,325,1991-09-30,Initial recording of the municipality Unterbözberg
4119,Unterbözberg,329,1990-09-30,Initial recording of the municipality Unterbözberg
4119,Unterbözberg,325,1989-09-30,Initial recording of the municipality Unterbözberg
4119,Unterbözberg,316,1988-09-30,Initial recording of the municipality Unterbözberg
4119,Unterbözberg,295,1987-09-30,Initial recording of the municipality Unterbözberg
4119,Unterbözberg,282,1986-09-30,Initial recording of the municipality Unterbözberg
4119,Unterbözberg,263,1985-09-30,Initial recording of the municipality Unterbözberg
4119,Unterbözberg,266,1984-09-30,Initial recording of the municipality Unterbözberg
4119,Unterbözberg,256,1983-09-30,Initial recording of the municipality Unterbözberg
4119,Unterbözberg,254,1982-09-30,Initial recording of the municipality Unterbözberg
4119,Unterbözberg,254,1981-09-30,Initial recording of the municipality Unterbözberg
4119,Unterbözberg,247,1980-09-30,Initial recording of the municipality Unterbözberg
4119,Unterbözberg,234,1979-09-30,Initial recording of the municipality Unterbözberg
4119,Unterbözberg,231,1978-09-30,Initial recording of the municipality Unterbözberg
4119,Unterbözberg,224,1977-09-30,Initial recording of the municipality Unterbözberg
4119,Unterbözberg,203,1976-09-30,Initial recording of the municipality Unterbözberg
4043,Unterehrendingen,671,2005-09-30,Initial recording of the municipality Unterehrendingen
4043,Unterehrendingen,878,2004-09-30,Initial recording of the municipality Unterehrendingen
4043,Unterehrendingen,880,2003-09-30,Initial recording of the municipality Unterehrendingen
4043,Unterehrendingen,851,2002-09-30,Initial recording of the municipality Unterehrendingen
4043,Unterehrendingen,832,2001-09-30,Initial recording of the municipality Unterehrendingen
4043,Unterehrendingen,791,2000-09-30,Initial recording of the municipality Unterehrendingen
4043,Unterehrendingen,810,1999-09-30,Initial recording of the municipality Unterehrendingen
4043,Unterehrendingen,754,1998-09-30,Initial recording of the municipality Unterehrendingen
4043,Unterehrendingen,718,1997-09-30,Initial recording of the municipality Unterehrendingen
4043,Unterehrendingen,700,1996-09-30,Initial recording of the municipality Unterehrendingen
4043,Unterehrendingen,710,1995-09-30,Initial recording of the municipality Unterehrendingen
4043,Unterehrendingen,700,1994-09-30,Initial recording of the municipality Unterehrendingen
4043,Unterehrendingen,670,1993-09-30,Initial recording of the municipality Unterehrendingen
4043,Unterehrendingen,665,1992-09-30,Initial recording of the municipality Unterehrendingen
4043,Unterehrendingen,644,1991-09-30,Initial recording of the municipality Unterehrendingen
4043,Unterehrendingen,639,1990-09-30,Initial recording of the municipality Unterehrendingen
4043,Unterehrendingen,616,1989-09-30,Initial recording of the municipality Unterehrendingen
4043,Unterehrendingen,592,1988-09-30,Initial recording of the municipality Unterehrendingen
4043,Unterehrendingen,549,1987-09-30,Initial recording of the municipality Unterehrendingen
4043,Unterehrendingen,537,1986-09-30,Initial recording of the municipality Unterehrendingen
4043,Unterehrendingen,499,1985-09-30,Initial recording of the municipality Unterehrendingen
4043,Unterehrendingen,467,1984-09-30,Initial recording of the municipality Unterehrendingen
4043,Unterehrendingen,452,1983-09-30,Initial recording of the municipality Unterehrendingen
4043,Unterehrendingen,436,1982-09-30,Initial recording of the municipality Unterehrendingen
4043,Unterehrendingen,399,1981-09-30,Initial recording of the municipality Unterehrendingen
4043,Unterehrendingen,369,1980-09-30,Initial recording of the municipality Unterehrendingen
4043,Unterehrendingen,350,1979-09-30,Initial recording of the municipality Unterehrendingen
4043,Unterehrendingen,348,1978-09-30,Initial recording of the municipality Unterehrendingen
4043,Unterehrendingen,315,1977-09-30,Initial recording of the municipality Unterehrendingen
4043,Unterehrendingen,290,1976-09-30,Initial recording of the municipality Unterehrendingen
4321,Unterendingen,228,2013-09-30,Initial recording of the municipality Unterendingen
4321,Unterendingen,228,2012-09-30,Initial recording of the municipality Unterendingen
4321,Unterendingen,236,2011-09-30,Initial recording of the municipality Unterendingen
4321,Unterendingen,239,2010-09-30,Initial recording of the municipality Unterendingen
4321,Unterendingen,232,2009-09-30,Initial recording of the municipality Unterendingen
4321,Unterendingen,233,2008-09-30,Initial recording of the municipality Unterendingen
4321,Unterendingen,225,2007-09-30,Initial recording of the municipality Unterendingen
4321,Unterendingen,213,2006-09-30,Initial recording of the municipality Unterendingen
4321,Unterendingen,215,2005-09-30,Initial recording of the municipality Unterendingen
4321,Unterendingen,215,2004-09-30,Initial recording of the municipality Unterendingen
4321,Unterendingen,216,2003-09-30,Initial recording of the municipality Unterendingen
4321,Unterendingen,219,2002-09-30,Initial recording of the municipality Unterendingen
4321,Unterendingen,216,2001-09-30,Initial recording of the municipality Unterendingen
4321,Unterendingen,219,2000-09-30,Initial recording of the municipality Unterendingen
4321,Unterendingen,205,1999-09-30,Initial recording of the municipality Unterendingen
4321,Unterendingen,195,1998-09-30,Initial recording of the municipality Unterendingen
4321,Unterendingen,199,1997-09-30,Initial recording of the municipality Unterendingen
4321,Unterendingen,195,1996-09-30,Initial recording of the municipality Unterendingen
4321,Unterendingen,190,1995-09-30,Initial recording of the municipality Unterendingen
4321,Unterendingen,176,1994-09-30,Initial recording of the municipality Unterendingen
4321,Unterendingen,164,1993-09-30,Initial recording of the municipality Unterendingen
4321,Unterendingen,168,1992-09-30,Initial recording of the municipality Unterendingen
4321,Unterendingen,170,1991-09-30,Initial recording of the municipality Unterendingen
4321,Unterendingen,163,1990-09-30,Initial recording of the municipality Unterendingen
4321,Unterendingen,152,1989-09-30,Initial recording of the municipality Unterendingen
4321,Unterendingen,150,1988-09-30,Initial recording of the municipality Unterendingen
4321,Unterendingen,150,1987-09-30,Initial recording of the municipality Unterendingen
4321,Unterendingen,137,1986-09-30,Initial recording of the municipality Unterendingen
4321,Unterendingen,130,1985-09-30,Initial recording of the municipality Unterendingen
4321,Unterendingen,114,1984-09-30,Initial recording of the municipality Unterendingen
4321,Unterendingen,97,1983-09-30,Initial recording of the municipality Unterendingen
4321,Unterendingen,80,1982-09-30,Initial recording of the municipality Unterendingen
4321,Unterendingen,76,1981-09-30,Initial recording of the municipality Unterendingen
4321,Unterendingen,76,1980-09-30,Initial recording of the municipality Unterendingen
4321,Unterendingen,65,1979-09-30,Initial recording of the municipality Unterendingen
4321,Unterendingen,63,1978-09-30,Initial recording of the municipality Unterendingen
4321,Unterendingen,53,1977-09-30,Initial recording of the municipality Unterendingen
4321,Unterendingen,39,1976-09-30,Initial recording of the municipality Unterendingen
4013,Unterentfelden,2403,2025-09-30,Initial recording of the municipality Unterentfelden
4013,Unterentfelden,2404,2024-09-30,Initial recording of the municipality Unterentfelden
4013,Unterentfelden,2400,2023-09-30,Initial recording of the municipality Unterentfelden
4013,Unterentfelden,2371,2022-09-30,Initial recording of the municipality Unterentfelden
4013,Unterentfelden,2402,2021-09-30,Initial recording of the municipality Unterentfelden
4013,Unterentfelden,2370,2020-09-30,Initial recording of the municipality Unterentfelden
4013,Unterentfelden,2230,2019-09-30,Initial recording of the municipality Unterentfelden
4013,Unterentfelden,2202,2018-09-30,Initial recording of the municipality Unterentfelden
4013,Unterentfelden,2236,2017-09-30,Initial recording of the municipality Unterentfelden
4013,Unterentfelden,2247,2016-09-30,Initial recording of the municipality Unterentfelden
4013,Unterentfelden,2207,2015-09-30,Initial recording of the municipality Unterentfelden
4013,Unterentfelden,2209,2014-09-30,Initial recording of the municipality Unterentfelden
4013,Unterentfelden,2200,2013-09-30,Initial recording of the municipality Unterentfelden
4013,Unterentfelden,2135,2012-09-30,Initial recording of the municipality Unterentfelden
4013,Unterentfelden,2063,2011-09-30,Initial recording of the municipality Unterentfelden
4013,Unterentfelden,2034,2010-09-30,Initial recording of the municipality Unterentfelden
4013,Unterentfelden,2081,2009-09-30,Initial recording of the municipality Unterentfelden
4013,Unterentfelden,2066,2008-09-30,Initial recording of the municipality Unterentfelden
4013,Unterentfelden,2058,2007-09-30,Initial recording of the municipality Unterentfelden
4013,Unterentfelden,2062,2006-09-30,Initial recording of the municipality Unterentfelden
4013,Unterentfelden,1965,2005-09-30,Initial recording of the municipality Unterentfelden
4013,Unterentfelden,1875,2004-09-30,Initial recording of the municipality Unterentfelden
4013,Unterentfelden,1781,2003-09-30,Initial recording of the municipality Unterentfelden
4013,Unterentfelden,1722,2002-09-30,Initial recording of the municipality Unterentfelden
4013,Unterentfelden,1726,2001-09-30,Initial recording of the municipality Unterentfelden
4013,Unterentfelden,1682,2000-09-30,Initial recording of the municipality Unterentfelden
4013,Unterentfelden,1696,1999-09-30,Initial recording of the municipality Unterentfelden
4013,Unterentfelden,1662,1998-09-30,Initial recording of the municipality Unterentfelden
4013,Unterentfelden,1625,1997-09-30,Initial recording of the municipality Unterentfelden
4013,Unterentfelden,1644,1996-09-30,Initial recording of the municipality Unterentfelden
4013,Unterentfelden,1668,1995-09-30,Initial recording of the municipality Unterentfelden
4013,Unterentfelden,1664,1994-09-30,Initial recording of the municipality Unterentfelden
4013,Unterentfelden,1641,1993-09-30,Initial recording of the municipality Unterentfelden
4013,Unterentfelden,1662,1992-09-30,Initial recording of the municipality Unterentfelden
4013,Unterentfelden,1616,1991-09-30,Initial recording of the municipality Unterentfelden
4013,Unterentfelden,1609,1990-09-30,Initial recording of the municipality Unterentfelden
4013,Unterentfelden,1535,1989-09-30,Initial recording of the municipality Unterentfelden
4013,Unterentfelden,1538,1988-09-30,Initial recording of the municipality Unterentfelden
4013,Unterentfelden,1478,1987-09-30,Initial recording of the municipality Unterentfelden
4013,Unterentfelden,1450,1986-09-30,Initial recording of the municipality Unterentfelden
4013,Unterentfelden,1409,1985-09-30,Initial recording of the municipality Unterentfelden
4013,Unterentfelden,1343,1984-09-30,Initial recording of the municipality Unterentfelden
4013,Unterentfelden,1313,1983-09-30,Initial recording of the municipality Unterentfelden
4013,Unterentfelden,1248,1982-09-30,Initial recording of the municipality Unterentfelden
4013,Unterentfelden,1210,1981-09-30,Initial recording of the municipality Unterentfelden
4013,Unterentfelden,1138,1980-09-30,Initial recording of the municipality Unterentfelden
4013,Unterentfelden,1114,1979-09-30,Initial recording of the municipality Unterentfelden
4013,Unterentfelden,1076,1978-09-30,Initial recording of the municipality Unterentfelden
4013,Unterentfelden,1045,1977-09-30,Initial recording of the municipality Unterentfelden
4013,Unterentfelden,1010,1976-09-30,Initial recording of the municipality Unterentfelden
4146,Unterkulm,2230,2025-09-30,Initial recording of the municipality Unterkulm
4146,Unterkulm,2091,2024-09-30,Initial recording of the municipality Unterkulm
4146,Unterkulm,2050,2023-09-30,Initial recording of the municipality Unterkulm
4146,Unterkulm,2008,2022-09-30,Initial recording of the municipality Unterkulm
4146,Unterkulm,1984,2021-09-30,Initial recording of the municipality Unterkulm
4146,Unterkulm,1915,2020-09-30,Initial recording of the municipality Unterkulm
4146,Unterkulm,1802,2019-09-30,Initial recording of the municipality Unterkulm
4146,Unterkulm,1755,2018-09-30,Initial recording of the municipality Unterkulm
4146,Unterkulm,1764,2017-09-30,Initial recording of the municipality Unterkulm
4146,Unterkulm,1691,2016-09-30,Initial recording of the municipality Unterkulm
4146,Unterkulm,1670,2015-09-30,Initial recording of the municipality Unterkulm
4146,Unterkulm,1643,2014-09-30,Initial recording of the municipality Unterkulm
4146,Unterkulm,1619,2013-09-30,Initial recording of the municipality Unterkulm
4146,Unterkulm,1614,2012-09-30,Initial recording of the municipality Unterkulm
4146,Unterkulm,1577,2011-09-30,Initial recording of the municipality Unterkulm
4146,Unterkulm,1554,2010-09-30,Initial recording of the municipality Unterkulm
4146,Unterkulm,1526,2009-09-30,Initial recording of the municipality Unterkulm
4146,Unterkulm,1514,2008-09-30,Initial recording of the municipality Unterkulm
4146,Unterkulm,1515,2007-09-30,Initial recording of the municipality Unterkulm
4146,Unterkulm,1493,2006-09-30,Initial recording of the municipality Unterkulm
4146,Unterkulm,1501,2005-09-30,Initial recording of the municipality Unterkulm
4146,Unterkulm,1495,2004-09-30,Initial recording of the municipality Unterkulm
4146,Unterkulm,1444,2003-09-30,Initial recording of the municipality Unterkulm
4146,Unterkulm,1377,2002-09-30,Initial recording of the municipality Unterkulm
4146,Unterkulm,1352,2001-09-30,Initial recording of the municipality Unterkulm
4146,Unterkulm,1331,2000-09-30,Initial recording of the municipality Unterkulm
4146,Unterkulm,1313,1999-09-30,Initial recording of the municipality Unterkulm
4146,Unterkulm,1286,1998-09-30,Initial recording of the municipality Unterkulm
4146,Unterkulm,1267,1997-09-30,Initial recording of the municipality Unterkulm
4146,Unterkulm,1249,1996-09-30,Initial recording of the municipality Unterkulm
4146,Unterkulm,1237,1995-09-30,Initial recording of the municipality Unterkulm
4146,Unterkulm,1235,1994-09-30,Initial recording of the municipality Unterkulm
4146,Unterkulm,1148,1993-09-30,Initial recording of the municipality Unterkulm
4146,Unterkulm,1116,1992-09-30,Initial recording of the municipality Unterkulm
4146,Unterkulm,1116,1991-09-30,Initial recording of the municipality Unterkulm
4146,Unterkulm,1110,1990-09-30,Initial recording of the municipality Unterkulm
4146,Unterkulm,1049,1989-09-30,Initial recording of the municipality Unterkulm
4146,Unterkulm,1044,1988-09-30,Initial recording of the municipality Unterkulm
4146,Unterkulm,1001,1987-09-30,Initial recording of the municipality Unterkulm
4146,Unterkulm,975,1986-09-30,Initial recording of the municipality Unterkulm
4146,Unterkulm,956,1985-09-30,Initial recording of the municipality Unterkulm
4146,Unterkulm,910,1984-09-30,Initial recording of the municipality Unterkulm
4146,Unterkulm,909,1983-09-30,Initial recording of the municipality Unterkulm
4146,Unterkulm,871,1982-09-30,Initial recording of the municipality Unterkulm
4146,Unterkulm,858,1981-09-30,Initial recording of the municipality Unterkulm
4146,Unterkulm,834,1980-09-30,Initial recording of the municipality Unterkulm
4146,Unterkulm,812,1979-09-30,Initial recording of the municipality Unterkulm
4146,Unterkulm,786,1978-09-30,Initial recording of the municipality Unterkulm
4146,Unterkulm,763,1977-09-30,Initial recording of the municipality Unterkulm
4146,Unterkulm,711,1976-09-30,Initial recording of the municipality Unterkulm
4079,Unterlunkhofen,1143,2025-09-30,Initial recording of the municipality Unterlunkhofen
4079,Unterlunkhofen,1128,2024-09-30,Initial recording of the municipality Unterlunkhofen
4079,Unterlunkhofen,1068,2023-09-30,Initial recording of the municipality Unterlunkhofen
4079,Unterlunkhofen,1053,2022-09-30,Initial recording of the municipality Unterlunkhofen
4079,Unterlunkhofen,1039,2021-09-30,Initial recording of the municipality Unterlunkhofen
4079,Unterlunkhofen,1038,2020-09-30,Initial recording of the municipality Unterlunkhofen
4079,Unterlunkhofen,1007,2019-09-30,Initial recording of the municipality Unterlunkhofen
4079,Unterlunkhofen,949,2018-09-30,Initial recording of the municipality Unterlunkhofen
4079,Unterlunkhofen,893,2017-09-30,Initial recording of the municipality Unterlunkhofen
4079,Unterlunkhofen,882,2016-09-30,Initial recording of the municipality Unterlunkhofen
4079,Unterlunkhofen,844,2015-09-30,Initial recording of the municipality Unterlunkhofen
4079,Unterlunkhofen,816,2014-09-30,Initial recording of the municipality Unterlunkhofen
4079,Unterlunkhofen,843,2013-09-30,Initial recording of the municipality Unterlunkhofen
4079,Unterlunkhofen,827,2012-09-30,Initial recording of the municipality Unterlunkhofen
4079,Unterlunkhofen,823,2011-09-30,Initial recording of the municipality Unterlunkhofen
4079,Unterlunkhofen,810,2010-09-30,Initial recording of the municipality Unterlunkhofen
4079,Unterlunkhofen,783,2009-09-30,Initial recording of the municipality Unterlunkhofen
4079,Unterlunkhofen,769,2008-09-30,Initial recording of the municipality Unterlunkhofen
4079,Unterlunkhofen,753,2007-09-30,Initial recording of the municipality Unterlunkhofen
4079,Unterlunkhofen,756,2006-09-30,Initial recording of the municipality Unterlunkhofen
4079,Unterlunkhofen,741,2005-09-30,Initial recording of the municipality Unterlunkhofen
4079,Unterlunkhofen,717,2004-09-30,Initial recording of the municipality Unterlunkhofen
4079,Unterlunkhofen,731,2003-09-30,Initial recording of the municipality Unterlunkhofen
4079,Unterlunkhofen,708,2002-09-30,Initial recording of the municipality Unterlunkhofen
4079,Unterlunkhofen,702,2001-09-30,Initial recording of the municipality Unterlunkhofen
4079,Unterlunkhofen,685,2000-09-30,Initial recording of the municipality Unterlunkhofen
4079,Unterlunkhofen,629,1999-09-30,Initial recording of the municipality Unterlunkhofen
4079,Unterlunkhofen,580,1998-09-30,Initial recording of the municipality Unterlunkhofen
4079,Unterlunkhofen,561,1997-09-30,Initial recording of the municipality Unterlunkhofen
4079,Unterlunkhofen,545,1996-09-30,Initial recording of the municipality Unterlunkhofen
4079,Unterlunkhofen,498,1995-09-30,Initial recording of the municipality Unterlunkhofen
4079,Unterlunkhofen,483,1994-09-30,Initial recording of the municipality Unterlunkhofen
4079,Unterlunkhofen,468,1993-09-30,Initial recording of the municipality Unterlunkhofen
4079,Unterlunkhofen,420,1992-09-30,Initial recording of the municipality Unterlunkhofen
4079,Unterlunkhofen,396,1991-09-30,Initial recording of the municipality Unterlunkhofen
4079,Unterlunkhofen,385,1990-09-30,Initial recording of the municipality Unterlunkhofen
4079,Unterlunkhofen,361,1989-09-30,Initial recording of the municipality Unterlunkhofen
4079,Unterlunkhofen,350,1988-09-30,Initial recording of the municipality Unterlunkhofen
4079,Unterlunkhofen,313,1987-09-30,Initial recording of the municipality Unterlunkhofen
4079,Unterlunkhofen,291,1986-09-30,Initial recording of the municipality Unterlunkhofen
4079,Unterlunkhofen,273,1985-09-30,Initial recording of the municipality Unterlunkhofen
4079,Unterlunkhofen,249,1984-09-30,Initial recording of the municipality Unterlunkhofen
4079,Unterlunkhofen,228,1983-09-30,Initial recording of the municipality Unterlunkhofen
4079,Unterlunkhofen,195,1982-09-30,Initial recording of the municipality Unterlunkhofen
4079,Unterlunkhofen,161,1981-09-30,Initial recording of the municipality Unterlunkhofen
4079,Unterlunkhofen,153,1980-09-30,Initial recording of the municipality Unterlunkhofen
4079,Unterlunkhofen,139,1979-09-30,Initial recording of the municipality Unterlunkhofen
4079,Unterlunkhofen,138,1978-09-30,Initial recording of the municipality Unterlunkhofen
4079,Unterlunkhofen,128,1977-09-30,Initial recording of the municipality Unterlunkhofen
4079,Unterlunkhofen,110,1976-09-30,Initial recording of the municipality Unterlunkhofen
4044,Untersiggenthal,4047,2025-09-30,Initial recording of the municipality Untersiggenthal
4044,Untersiggenthal,3963,2024-09-30,Initial recording of the municipality Untersiggenthal
4044,Untersiggenthal,3883,2023-09-30,Initial recording of the municipality Untersiggenthal
4044,Untersiggenthal,3846,2022-09-30,Initial recording of the municipality Untersiggenthal
4044,Untersiggenthal,3789,2021-09-30,Initial recording of the municipality Untersiggenthal
4044,Untersiggenthal,3764,2020-09-30,Initial recording of the municipality Untersiggenthal
4044,Untersiggenthal,3683,2019-09-30,Initial recording of the municipality Untersiggenthal
4044,Untersiggenthal,3685,2018-09-30,Initial recording of the municipality Untersiggenthal
4044,Untersiggenthal,3728,2017-09-30,Initial recording of the municipality Untersiggenthal
4044,Untersiggenthal,3762,2016-09-30,Initial recording of the municipality Untersiggenthal
4044,Untersiggenthal,3768,2015-09-30,Initial recording of the municipality Untersiggenthal
4044,Untersiggenthal,3698,2014-09-30,Initial recording of the municipality Untersiggenthal
4044,Untersiggenthal,3661,2013-09-30,Initial recording of the municipality Untersiggenthal
4044,Untersiggenthal,3573,2012-09-30,Initial recording of the municipality Untersiggenthal
4044,Untersiggenthal,3277,2011-09-30,Initial recording of the municipality Untersiggenthal
4044,Untersiggenthal,3218,2010-09-30,Initial recording of the municipality Untersiggenthal
4044,Untersiggenthal,3056,2009-09-30,Initial recording of the municipality Untersiggenthal
4044,Untersiggenthal,3023,2008-09-30,Initial recording of the municipality Untersiggenthal
4044,Untersiggenthal,2926,2007-09-30,Initial recording of the municipality Untersiggenthal
4044,Untersiggenthal,2916,2006-09-30,Initial recording of the municipality Untersiggenthal
4044,Untersiggenthal,2862,2005-09-30,Initial recording of the municipality Untersiggenthal
4044,Untersiggenthal,2915,2004-09-30,Initial recording of the municipality Untersiggenthal
4044,Untersiggenthal,2860,2003-09-30,Initial recording of the municipality Untersiggenthal
4044,Untersiggenthal,2756,2002-09-30,Initial recording of the municipality Untersiggenthal
4044,Untersiggenthal,2650,2001-09-30,Initial recording of the municipality Untersiggenthal
4044,Untersiggenthal,2555,2000-09-30,Initial recording of the municipality Untersiggenthal
4044,Untersiggenthal,2526,1999-09-30,Initial recording of the municipality Untersiggenthal
4044,Untersiggenthal,2449,1998-09-30,Initial recording of the municipality Untersiggenthal
4044,Untersiggenthal,2331,1997-09-30,Initial recording of the municipality Untersiggenthal
4044,Untersiggenthal,2290,1996-09-30,Initial recording of the municipality Untersiggenthal
4044,Untersiggenthal,2279,1995-09-30,Initial recording of the municipality Untersiggenthal
4044,Untersiggenthal,2246,1994-09-30,Initial recording of the municipality Untersiggenthal
4044,Untersiggenthal,2228,1993-09-30,Initial recording of the municipality Untersiggenthal
4044,Untersiggenthal,2162,1992-09-30,Initial recording of the municipality Untersiggenthal
4044,Untersiggenthal,2002,1991-09-30,Initial recording of the municipality Untersiggenthal
4044,Untersiggenthal,1967,1990-09-30,Initial recording of the municipality Untersiggenthal
4044,Untersiggenthal,1914,1989-09-30,Initial recording of the municipality Untersiggenthal
4044,Untersiggenthal,1848,1988-09-30,Initial recording of the municipality Untersiggenthal
4044,Untersiggenthal,1796,1987-09-30,Initial recording of the municipality Untersiggenthal
4044,Untersiggenthal,1705,1986-09-30,Initial recording of the municipality Untersiggenthal
4044,Untersiggenthal,1680,1985-09-30,Initial recording of the municipality Untersiggenthal
4044,Untersiggenthal,1659,1984-09-30,Initial recording of the municipality Untersiggenthal
4044,Untersiggenthal,1614,1983-09-30,Initial recording of the municipality Untersiggenthal
4044,Untersiggenthal,1602,1982-09-30,Initial recording of the municipality Untersiggenthal
4044,Untersiggenthal,1560,1981-09-30,Initial recording of the municipality Untersiggenthal
4044,Untersiggenthal,1482,1980-09-30,Initial recording of the municipality Untersiggenthal
4044,Untersiggenthal,1409,1979-09-30,Initial recording of the municipality Untersiggenthal
4044,Untersiggenthal,1264,1978-09-30,Initial recording of the municipality Untersiggenthal
4044,Untersiggenthal,1228,1977-09-30,Initial recording of the municipality Untersiggenthal
4044,Untersiggenthal,1208,1976-09-30,Initial recording of the municipality Untersiggenthal
4120,Veltheim (AG),1056,2025-09-30,Initial recording of the municipality Veltheim (AG)
4120,Veltheim (AG),1035,2024-09-30,Initial recording of the municipality Veltheim (AG)
4120,Veltheim (AG),1017,2023-09-30,Initial recording of the municipality Veltheim (AG)
4120,Veltheim (AG),981,2022-09-30,Initial recording of the municipality Veltheim (AG)
4120,Veltheim (AG),997,2021-09-30,Initial recording of the municipality Veltheim (AG)
4120,Veltheim (AG),1004,2020-09-30,Initial recording of the municipality Veltheim (AG)
4120,Veltheim (AG),968,2019-09-30,Initial recording of the municipality Veltheim (AG)
4120,Veltheim (AG),938,2018-09-30,Initial recording of the municipality Veltheim (AG)
4120,Veltheim (AG),924,2017-09-30,Initial recording of the municipality Veltheim (AG)
4120,Veltheim (AG),915,2016-09-30,Initial recording of the municipality Veltheim (AG)
4120,Veltheim (AG),906,2015-09-30,Initial recording of the municipality Veltheim (AG)
4120,Veltheim (AG),902,2014-09-30,Initial recording of the municipality Veltheim (AG)
4120,Veltheim (AG),868,2013-09-30,Initial recording of the municipality Veltheim (AG)
4120,Veltheim (AG),856,2012-09-30,Initial recording of the municipality Veltheim (AG)
4120,Veltheim (AG),823,2011-09-30,Initial recording of the municipality Veltheim (AG)
4120,Veltheim (AG),749,2010-09-30,Initial recording of the municipality Veltheim (AG)
4120,Veltheim (AG),689,2009-09-30,Initial recording of the municipality Veltheim (AG)
4120,Veltheim (AG),719,2008-09-30,Initial recording of the municipality Veltheim (AG)
4120,Veltheim (AG),739,2007-09-30,Initial recording of the municipality Veltheim (AG)
4120,Veltheim (AG),722,2006-09-30,Initial recording of the municipality Veltheim (AG)
4120,Veltheim (AG),722,2005-09-30,Initial recording of the municipality Veltheim (AG)
4120,Veltheim (AG),719,2004-09-30,Initial recording of the municipality Veltheim (AG)
4120,Veltheim (AG),709,2003-09-30,Initial recording of the municipality Veltheim (AG)
4120,Veltheim (AG),711,2002-09-30,Initial recording of the municipality Veltheim (AG)
4120,Veltheim (AG),692,2001-09-30,Initial recording of the municipality Veltheim (AG)
4120,Veltheim (AG),665,2000-09-30,Initial recording of the municipality Veltheim (AG)
4120,Veltheim (AG),620,1999-09-30,Initial recording of the municipality Veltheim (AG)
4120,Veltheim (AG),615,1998-09-30,Initial recording of the municipality Veltheim (AG)
4120,Veltheim (AG),598,1997-09-30,Initial recording of the municipality Veltheim (AG)
4120,Veltheim (AG),562,1996-09-30,Initial recording of the municipality Veltheim (AG)
4120,Veltheim (AG),545,1995-09-30,Initial recording of the municipality Veltheim (AG)
4120,Veltheim (AG),528,1994-09-30,Initial recording of the municipality Veltheim (AG)
4120,Veltheim (AG),539,1993-09-30,Initial recording of the municipality Veltheim (AG)
4120,Veltheim (AG),518,1992-09-30,Initial recording of the municipality Veltheim (AG)
4120,Veltheim (AG),523,1991-09-30,Initial recording of the municipality Veltheim (AG)
4120,Veltheim (AG),473,1990-09-30,Initial recording of the municipality Veltheim (AG)
4120,Veltheim (AG),416,1989-09-30,Initial recording of the municipality Veltheim (AG)
4120,Veltheim (AG),406,1988-09-30,Initial recording of the municipality Veltheim (AG)
4120,Veltheim (AG),374,1987-09-30,Initial recording of the municipality Veltheim (AG)
4120,Veltheim (AG),367,1986-09-30,Initial recording of the municipality Veltheim (AG)
4120,Veltheim (AG),355,1985-09-30,Initial recording of the municipality Veltheim (AG)
4120,Veltheim (AG),342,1984-09-30,Initial recording of the municipality Veltheim (AG)
4120,Veltheim (AG),352,1983-09-30,Initial recording of the municipality Veltheim (AG)
4120,Veltheim (AG),336,1982-09-30,Initial recording of the municipality Veltheim (AG)
4120,Veltheim (AG),314,1981-09-30,Initial recording of the municipality Veltheim (AG)
4120,Veltheim (AG),308,1980-09-30,Initial recording of the municipality Veltheim (AG)
4120,Veltheim (AG),285,1979-09-30,Initial recording of the municipality Veltheim (AG)
4120,Veltheim (AG),272,1978-09-30,Initial recording of the municipality Veltheim (AG)
4120,Veltheim (AG),256,1977-09-30,Initial recording of the municipality Veltheim (AG)
4120,Veltheim (AG),240,1976-09-30,Initial recording of the municipality Veltheim (AG)
4121,Villigen,1486,2025-09-30,Incorporation of Stilli into Villigen
4121,Villigen,1438,2024-09-30,Incorporation of Stilli into Villigen
4121,Villigen,1374,2023-09-30,Incorporation of Stilli into Villigen
4121,Villigen,1405,2022-09-30,Incorporation of Stilli into Villigen
4121,Villigen,1401,2021-09-30,Incorporation of Stilli into Villigen
4121,Villigen,1379,2020-09-30,Incorporation of Stilli into Villigen
4121,Villigen,1372,2019-09-30,Incorporation of Stilli into Villigen
4121,Villigen,1345,2018-09-30,Incorporation of Stilli into Villigen
4121,Villigen,1347,2017-09-30,Incorporation of Stilli into Villigen
4121,Villigen,1331,2016-09-30,Incorporation of Stilli into Villigen
4121,Villigen,1317,2015-09-30,Incorporation of Stilli into Villigen
4121,Villigen,1275,2014-09-30,Incorporation of Stilli into Villigen
4121,Villigen,1257,2013-09-30,Incorporation of Stilli into Villigen
4121,Villigen,1243,2012-09-30,Incorporation of Stilli into Villigen
4121,Villigen,1242,2011-09-30,Incorporation of Stilli into Villigen
4121,Villigen,1217,2010-09-30,Incorporation of Stilli into Villigen
4121,Villigen,1210,2009-09-30,Incorporation of Stilli into Villigen
4121,Villigen,1156,2008-09-30,Incorporation of Stilli into Villigen
4121,Villigen,1157,2007-09-30,Incorporation of Stilli into Villigen
4121,Villigen,1131,2006-09-30,Incorporation of Stilli into Villigen
4121,Villigen,870,2005-09-30,Initial recording of the municipality Villigen
4121,Villigen,876,2004-09-30,Initial recording of the municipality Villigen
4121,Villigen,870,2003-09-30,Initial recording of the municipality Villigen
4121,Villigen,835,2002-09-30,Initial recording of the municipality Villigen
4121,Villigen,821,2001-09-30,Initial recording of the municipality Villigen
4121,Villigen,782,2000-09-30,Initial recording of the municipality Villigen
4121,Villigen,775,1999-09-30,Initial recording of the municipality Villigen
4121,Villigen,768,1998-09-30,Initial recording of the municipality Villigen
4121,Villigen,749,1997-09-30,Initial recording of the municipality Villigen
4121,Villigen,716,1996-09-30,Initial recording of the municipality Villigen
4121,Villigen,678,1995-09-30,Initial recording of the municipality Villigen
4121,Villigen,649,1994-09-30,Initial recording of the municipality Villigen
4121,Villigen,614,1993-09-30,Initial recording of the municipality Villigen
4121,Villigen,607,1992-09-30,Initial recording of the municipality Villigen
4121,Villigen,580,1991-09-30,Initial recording of the municipality Villigen
4121,Villigen,576,1990-09-30,Initial recording of the municipality Villigen
4121,Villigen,573,1989-09-30,Initial recording of the municipality Villigen
4121,Villigen,552,1988-09-30,Initial recording of the municipality Villigen
4121,Villigen,505,1987-09-30,Initial recording of the municipality Villigen
4121,Villigen,474,1986-09-30,Initial recording of the municipality Villigen
4121,Villigen,459,1985-09-30,Initial recording of the municipality Villigen
4121,Villigen,421,1984-09-30,Initial recording of the municipality Villigen
4121,Villigen,386,1983-09-30,Initial recording of the municipality Villigen
4121,Villigen,386,1982-09-30,Initial recording of the municipality Villigen
4121,Villigen,367,1981-09-30,Initial recording of the municipality Villigen
4121,Villigen,348,1980-09-30,Initial recording of the municipality Villigen
4121,Villigen,344,1979-09-30,Initial recording of the municipality Villigen
4121,Villigen,319,1978-09-30,Initial recording of the municipality Villigen
4121,Villigen,303,1977-09-30,Initial recording of the municipality Villigen
4121,Villigen,285,1976-09-30,Initial recording of the municipality Villigen
4080,Villmergen,4425,2025-09-30,Incorporation of Hilfikon into Villmergen
4080,Villmergen,5047,2024-09-30,Incorporation of Hilfikon into Villmergen
4080,Villmergen,4969,2023-09-30,Incorporation of Hilfikon into Villmergen
4080,Villmergen,4851,2022-09-30,Incorporation of Hilfikon into Villmergen
4080,Villmergen,4799,2021-09-30,Incorporation of Hilfikon into Villmergen
4080,Villmergen,4751,2020-09-30,Incorporation of Hilfikon into Villmergen
4080,Villmergen,4629,2019-09-30,Incorporation of Hilfikon into Villmergen
4080,Villmergen,4669,2018-09-30,Incorporation of Hilfikon into Villmergen
4080,Villmergen,4630,2017-09-30,Incorporation of Hilfikon into Villmergen
4080,Villmergen,4554,2016-09-30,Incorporation of Hilfikon into Villmergen
4080,Villmergen,4435,2015-09-30,Incorporation of Hilfikon into Villmergen
4080,Villmergen,4389,2014-09-30,Incorporation of Hilfikon into Villmergen
4080,Villmergen,4277,2013-09-30,Incorporation of Hilfikon into Villmergen
4080,Villmergen,3489,2012-09-30,Incorporation of Hilfikon into Villmergen
4080,Villmergen,3265,2011-09-30,Incorporation of Hilfikon into Villmergen
4080,Villmergen,3119,2010-09-30,Incorporation of Hilfikon into Villmergen
4080,Villmergen,2932,2009-09-30,Initial recording of the municipality Villmergen
4080,Villmergen,2787,2008-09-30,Initial recording of the municipality Villmergen
4080,Villmergen,2725,2007-09-30,Initial recording of the municipality Villmergen
4080,Villmergen,2716,2006-09-30,Initial recording of the municipality Villmergen
4080,Villmergen,2700,2005-09-30,Initial recording of the municipality Villmergen
4080,Villmergen,2636,2004-09-30,Initial recording of the municipality Villmergen
4080,Villmergen,2611,2003-09-30,Initial recording of the municipality Villmergen
4080,Villmergen,2547,2002-09-30,Initial recording of the municipality Villmergen
4080,Villmergen,2471,2001-09-30,Initial recording of the municipality Villmergen
4080,Villmergen,2421,2000-09-30,Initial recording of the municipality Villmergen
4080,Villmergen,2393,1999-09-30,Initial recording of the municipality Villmergen
4080,Villmergen,2327,1998-09-30,Initial recording of the municipality Villmergen
4080,Villmergen,2272,1997-09-30,Initial recording of the municipality Villmergen
4080,Villmergen,2243,1996-09-30,Initial recording of the municipality Villmergen
4080,Villmergen,2136,1995-09-30,Initial recording of the municipality Villmergen
4080,Villmergen,2095,1994-09-30,Initial recording of the municipality Villmergen
4080,Villmergen,2080,1993-09-30,Initial recording of the municipality Villmergen
4080,Villmergen,2061,1992-09-30,Initial recording of the municipality Villmergen
4080,Villmergen,2054,1991-09-30,Initial recording of the municipality Villmergen
4080,Villmergen,1999,1990-09-30,Initial recording of the municipality Villmergen
4080,Villmergen,1906,1989-09-30,Initial recording of the municipality Villmergen
4080,Villmergen,1818,1988-09-30,Initial recording of the municipality Villmergen
4080,Villmergen,1688,1987-09-30,Initial recording of the municipality Villmergen
4080,Villmergen,1605,1986-09-30,Initial recording of the municipality Villmergen
4080,Villmergen,1527,1985-09-30,Initial recording of the municipality Villmergen
4080,Villmergen,1463,1984-09-30,Initial recording of the municipality Villmergen
4080,Villmergen,1435,1983-09-30,Initial recording of the municipality Villmergen
4080,Villmergen,1412,1982-09-30,Initial recording of the municipality Villmergen
4080,Villmergen,1361,1981-09-30,Initial recording of the municipality Villmergen
4080,Villmergen,1317,1980-09-30,Initial recording of the municipality Villmergen
4080,Villmergen,1251,1979-09-30,Initial recording of the municipality Villmergen
4080,Villmergen,1155,1978-09-30,Initial recording of the municipality Villmergen
4080,Villmergen,1104,1977-09-30,Initial recording of the municipality Villmergen
4080,Villmergen,1061,1976-09-30,Initial recording of the municipality Villmergen
4122,Villnachern,1034,2025-09-30,Initial recording of the municipality Villnachern
4122,Villnachern,992,2024-09-30,Initial recording of the municipality Villnachern
4122,Villnachern,956,2023-09-30,Initial recording of the municipality Villnachern
4122,Villnachern,941,2022-09-30,Initial recording of the municipality Villnachern
4122,Villnachern,957,2021-09-30,Initial recording of the municipality Villnachern
4122,Villnachern,940,2020-09-30,Initial recording of the municipality Villnachern
4122,Villnachern,936,2019-09-30,Initial recording of the municipality Villnachern
4122,Villnachern,953,2018-09-30,Initial recording of the municipality Villnachern
4122,Villnachern,952,2017-09-30,Initial recording of the municipality Villnachern
4122,Villnachern,944,2016-09-30,Initial recording of the municipality Villnachern
4122,Villnachern,906,2015-09-30,Initial recording of the municipality Villnachern
4122,Villnachern,896,2014-09-30,Initial recording of the municipality Villnachern
4122,Villnachern,915,2013-09-30,Initial recording of the municipality Villnachern
4122,Villnachern,894,2012-09-30,Initial recording of the municipality Villnachern
4122,Villnachern,874,2011-09-30,Initial recording of the municipality Villnachern
4122,Villnachern,855,2010-09-30,Initial recording of the municipality Villnachern
4122,Villnachern,825,2009-09-30,Initial recording of the municipality Villnachern
4122,Villnachern,816,2008-09-30,Initial recording of the municipality Villnachern
4122,Villnachern,786,2007-09-30,Initial recording of the municipality Villnachern
4122,Villnachern,778,2006-09-30,Initial recording of the municipality Villnachern
4122,Villnachern,769,2005-09-30,Initial recording of the municipality Villnachern
4122,Villnachern,746,2004-09-30,Initial recording of the municipality Villnachern
4122,Villnachern,726,2003-09-30,Initial recording of the municipality Villnachern
4122,Villnachern,690,2002-09-30,Initial recording of the municipality Villnachern
4122,Villnachern,683,2001-09-30,Initial recording of the municipality Villnachern
4122,Villnachern,664,2000-09-30,Initial recording of the municipality Villnachern
4122,Villnachern,664,1999-09-30,Initial recording of the municipality Villnachern
4122,Villnachern,642,1998-09-30,Initial recording of the municipality Villnachern
4122,Villnachern,620,1997-09-30,Initial recording of the municipality Villnachern
4122,Villnachern,603,1996-09-30,Initial recording of the municipality Villnachern
4122,Villnachern,597,1995-09-30,Initial recording of the municipality Villnachern
4122,Villnachern,605,1994-09-30,Initial recording of the municipality Villnachern
4122,Villnachern,584,1993-09-30,Initial recording of the municipality Villnachern
4122,Villnachern,579,1992-09-30,Initial recording of the municipality Villnachern
4122,Villnachern,587,1991-09-30,Initial recording of the municipality Villnachern
4122,Villnachern,588,1990-09-30,Initial recording of the municipality Villnachern
4122,Villnachern,567,1989-09-30,Initial recording of the municipality Villnachern
4122,Villnachern,561,1988-09-30,Initial recording of the municipality Villnachern
4122,Villnachern,528,1987-09-30,Initial recording of the municipality Villnachern
4122,Villnachern,518,1986-09-30,Initial recording of the municipality Villnachern
4122,Villnachern,525,1985-09-30,Initial recording of the municipality Villnachern
4122,Villnachern,493,1984-09-30,Initial recording of the municipality Villnachern
4122,Villnachern,466,1983-09-30,Initial recording of the municipality Villnachern
4122,Villnachern,445,1982-09-30,Initial recording of the municipality Villnachern
4122,Villnachern,421,1981-09-30,Initial recording of the municipality Villnachern
4122,Villnachern,399,1980-09-30,Initial recording of the municipality Villnachern
4122,Villnachern,387,1979-09-30,Initial recording of the municipality Villnachern
4122,Villnachern,347,1978-09-30,Initial recording of the municipality Villnachern
4122,Villnachern,323,1977-09-30,Initial recording of the municipality Villnachern
4122,Villnachern,295,1976-09-30,Initial recording of the municipality Villnachern
4287,Vordemwald,1238,2025-09-30,Initial recording of the municipality Vordemwald
4287,Vordemwald,1238,2024-09-30,Initial recording of the municipality Vordemwald
4287,Vordemwald,1252,2023-09-30,Initial recording of the municipality Vordemwald
4287,Vordemwald,1236,2022-09-30,Initial recording of the municipality Vordemwald
4287,Vordemwald,1258,2021-09-30,Initial recording of the municipality Vordemwald
4287,Vordemwald,1270,2020-09-30,Initial recording of the municipality Vordemwald
4287,Vordemwald,1263,2019-09-30,Initial recording of the municipality Vordemwald
4287,Vordemwald,1204,2018-09-30,Initial recording of the municipality Vordemwald
4287,Vordemwald,1225,2017-09-30,Initial recording of the municipality Vordemwald
4287,Vordemwald,1203,2016-09-30,Initial recording of the municipality Vordemwald
4287,Vordemwald,1168,2015-09-30,Initial recording of the municipality Vordemwald
4287,Vordemwald,1140,2014-09-30,Initial recording of the municipality Vordemwald
4287,Vordemwald,1067,2013-09-30,Initial recording of the municipality Vordemwald
4287,Vordemwald,1047,2012-09-30,Initial recording of the municipality Vordemwald
4287,Vordemwald,1030,2011-09-30,Initial recording of the municipality Vordemwald
4287,Vordemwald,995,2010-09-30,Initial recording of the municipality Vordemwald
4287,Vordemwald,986,2009-09-30,Initial recording of the municipality Vordemwald
4287,Vordemwald,981,2008-09-30,Initial recording of the municipality Vordemwald
4287,Vordemwald,993,2007-09-30,Initial recording of the municipality Vordemwald
4287,Vordemwald,966,2006-09-30,Initial recording of the municipality Vordemwald
4287,Vordemwald,972,2005-09-30,Initial recording of the municipality Vordemwald
4287,Vordemwald,950,2004-09-30,Initial recording of the municipality Vordemwald
4287,Vordemwald,937,2003-09-30,Initial recording of the municipality Vordemwald
4287,Vordemwald,942,2002-09-30,Initial recording of the municipality Vordemwald
4287,Vordemwald,921,2001-09-30,Initial recording of the municipality Vordemwald
4287,Vordemwald,901,2000-09-30,Initial recording of the municipality Vordemwald
4287,Vordemwald,871,1999-09-30,Initial recording of the municipality Vordemwald
4287,Vordemwald,853,1998-09-30,Initial recording of the municipality Vordemwald
4287,Vordemwald,811,1997-09-30,Initial recording of the municipality Vordemwald
4287,Vordemwald,775,1996-09-30,Initial recording of the municipality Vordemwald
4287,Vordemwald,752,1995-09-30,Initial recording of the municipality Vordemwald
4287,Vordemwald,734,1994-09-30,Initial recording of the municipality Vordemwald
4287,Vordemwald,713,1993-09-30,Initial recording of the municipality Vordemwald
4287,Vordemwald,692,1992-09-30,Initial recording of the municipality Vordemwald
4287,Vordemwald,667,1991-09-30,Initial recording of the municipality Vordemwald
4287,Vordemwald,658,1990-09-30,Initial recording of the municipality Vordemwald
4287,Vordemwald,620,1989-09-30,Initial recording of the municipality Vordemwald
4287,Vordemwald,630,1988-09-30,Initial recording of the municipality Vordemwald
4287,Vordemwald,609,1987-09-30,Initial recording of the municipality Vordemwald
4287,Vordemwald,600,1986-09-30,Initial recording of the municipality Vordemwald
4287,Vordemwald,572,1985-09-30,Initial recording of the municipality Vordemwald
4287,Vordemwald,551,1984-09-30,Initial recording of the municipality Vordemwald
4287,Vordemwald,550,1983-09-30,Initial recording of the municipality Vordemwald
4287,Vordemwald,530,1982-09-30,Initial recording of the municipality Vordemwald
4287,Vordemwald,498,1981-09-30,Initial recording of the municipality Vordemwald
4287,Vordemwald,466,1980-09-30,Initial recording of the municipality Vordemwald
4287,Vordemwald,440,1979-09-30,Initial recording of the municipality Vordemwald
4287,Vordemwald,425,1978-09-30,Initial recording of the municipality Vordemwald
4287,Vordemwald,412,1977-09-30,Initial recording of the municipality Vordemwald
4287,Vordemwald,347,1976-09-30,Initial recording of the municipality Vordemwald
4261,Wallbach,1398,2025-09-30,Initial recording of the municipality Wallbach
4261,Wallbach,1392,2024-09-30,Initial recording of the municipality Wallbach
4261,Wallbach,1385,2023-09-30,Initial recording of the municipality Wallbach
4261,Wallbach,1362,2022-09-30,Initial recording of the municipality Wallbach
4261,Wallbach,1389,2021-09-30,Initial recording of the municipality Wallbach
4261,Wallbach,1372,2020-09-30,Initial recording of the municipality Wallbach
4261,Wallbach,1346,2019-09-30,Initial recording of the municipality Wallbach
4261,Wallbach,1335,2018-09-30,Initial recording of the municipality Wallbach
4261,Wallbach,1341,2017-09-30,Initial recording of the municipality Wallbach
4261,Wallbach,1310,2016-09-30,Initial recording of the municipality Wallbach
4261,Wallbach,1294,2015-09-30,Initial recording of the municipality Wallbach
4261,Wallbach,1233,2014-09-30,Initial recording of the municipality Wallbach
4261,Wallbach,1214,2013-09-30,Initial recording of the municipality Wallbach
4261,Wallbach,1201,2012-09-30,Initial recording of the municipality Wallbach
4261,Wallbach,1182,2011-09-30,Initial recording of the municipality Wallbach
4261,Wallbach,1146,2010-09-30,Initial recording of the municipality Wallbach
4261,Wallbach,1080,2009-09-30,Initial recording of the municipality Wallbach
4261,Wallbach,1054,2008-09-30,Initial recording of the municipality Wallbach
4261,Wallbach,1009,2007-09-30,Initial recording of the municipality Wallbach
4261,Wallbach,998,2006-09-30,Initial recording of the municipality Wallbach
4261,Wallbach,970,2005-09-30,Initial recording of the municipality Wallbach
4261,Wallbach,953,2004-09-30,Initial recording of the municipality Wallbach
4261,Wallbach,958,2003-09-30,Initial recording of the municipality Wallbach
4261,Wallbach,918,2002-09-30,Initial recording of the municipality Wallbach
4261,Wallbach,899,2001-09-30,Initial recording of the municipality Wallbach
4261,Wallbach,883,2000-09-30,Initial recording of the municipality Wallbach
4261,Wallbach,847,1999-09-30,Initial recording of the municipality Wallbach
4261,Wallbach,827,1998-09-30,Initial recording of the municipality Wallbach
4261,Wallbach,814,1997-09-30,Initial recording of the municipality Wallbach
4261,Wallbach,782,1996-09-30,Initial recording of the municipality Wallbach
4261,Wallbach,761,1995-09-30,Initial recording of the municipality Wallbach
4261,Wallbach,729,1994-09-30,Initial recording of the municipality Wallbach
4261,Wallbach,693,1993-09-30,Initial recording of the municipality Wallbach
4261,Wallbach,664,1992-09-30,Initial recording of the municipality Wallbach
4261,Wallbach,659,1991-09-30,Initial recording of the municipality Wallbach
4261,Wallbach,659,1990-09-30,Initial recording of the municipality Wallbach
4261,Wallbach,625,1989-09-30,Initial recording of the municipality Wallbach
4261,Wallbach,568,1988-09-30,Initial recording of the municipality Wallbach
4261,Wallbach,525,1987-09-30,Initial recording of the municipality Wallbach
4261,Wallbach,506,1986-09-30,Initial recording of the municipality Wallbach
4261,Wallbach,508,1985-09-30,Initial recording of the municipality Wallbach
4261,Wallbach,480,1984-09-30,Initial recording of the municipality Wallbach
4261,Wallbach,464,1983-09-30,Initial recording of the municipality Wallbach
4261,Wallbach,473,1982-09-30,Initial recording of the municipality Wallbach
4261,Wallbach,445,1981-09-30,Initial recording of the municipality Wallbach
4261,Wallbach,418,1980-09-30,Initial recording of the municipality Wallbach
4261,Wallbach,390,1979-09-30,Initial recording of the municipality Wallbach
4261,Wallbach,384,1978-09-30,Initial recording of the municipality Wallbach
4261,Wallbach,361,1977-09-30,Initial recording of the municipality Wallbach
4261,Wallbach,348,1976-09-30,Initial recording of the municipality Wallbach
4240,Waltenschwil,2138,2025-09-30,Initial recording of the municipality Waltenschwil
4240,Waltenschwil,2106,2024-09-30,Initial recording of the municipality Waltenschwil
4240,Waltenschwil,2092,2023-09-30,Initial recording of the municipality Waltenschwil
4240,Waltenschwil,2024,2022-09-30,Initial recording of the municipality Waltenschwil
4240,Waltenschwil,2062,2021-09-30,Initial recording of the municipality Waltenschwil
4240,Waltenschwil,2015,2020-09-30,Initial recording of the municipality Waltenschwil
4240,Waltenschwil,1955,2019-09-30,Initial recording of the municipality Waltenschwil
4240,Waltenschwil,1923,2018-09-30,Initial recording of the municipality Waltenschwil
4240,Waltenschwil,1841,2017-09-30,Initial recording of the municipality Waltenschwil
4240,Waltenschwil,1814,2016-09-30,Initial recording of the municipality Waltenschwil
4240,Waltenschwil,1755,2015-09-30,Initial recording of the municipality Waltenschwil
4240,Waltenschwil,1663,2014-09-30,Initial recording of the municipality Waltenschwil
4240,Waltenschwil,1645,2013-09-30,Initial recording of the municipality Waltenschwil
4240,Waltenschwil,1626,2012-09-30,Initial recording of the municipality Waltenschwil
4240,Waltenschwil,1562,2011-09-30,Initial recording of the municipality Waltenschwil
4240,Waltenschwil,1519,2010-09-30,Initial recording of the municipality Waltenschwil
4240,Waltenschwil,1460,2009-09-30,Initial recording of the municipality Waltenschwil
4240,Waltenschwil,1399,2008-09-30,Initial recording of the municipality Waltenschwil
4240,Waltenschwil,1368,2007-09-30,Initial recording of the municipality Waltenschwil
4240,Waltenschwil,1366,2006-09-30,Initial recording of the municipality Waltenschwil
4240,Waltenschwil,1345,2005-09-30,Initial recording of the municipality Waltenschwil
4240,Waltenschwil,1315,2004-09-30,Initial recording of the municipality Waltenschwil
4240,Waltenschwil,1269,2003-09-30,Initial recording of the municipality Waltenschwil
4240,Waltenschwil,1241,2002-09-30,Initial recording of the municipality Waltenschwil
4240,Waltenschwil,1196,2001-09-30,Initial recording of the municipality Waltenschwil
4240,Waltenschwil,1128,2000-09-30,Initial recording of the municipality Waltenschwil
4240,Waltenschwil,1093,1999-09-30,Initial recording of the municipality Waltenschwil
4240,Waltenschwil,1063,1998-09-30,Initial recording of the municipality Waltenschwil
4240,Waltenschwil,1038,1997-09-30,Initial recording of the municipality Waltenschwil
4240,Waltenschwil,996,1996-09-30,Initial recording of the municipality Waltenschwil
4240,Waltenschwil,969,1995-09-30,Initial recording of the municipality Waltenschwil
4240,Waltenschwil,941,1994-09-30,Initial recording of the municipality Waltenschwil
4240,Waltenschwil,925,1993-09-30,Initial recording of the municipality Waltenschwil
4240,Waltenschwil,913,1992-09-30,Initial recording of the municipality Waltenschwil
4240,Waltenschwil,893,1991-09-30,Initial recording of the municipality Waltenschwil
4240,Waltenschwil,815,1990-09-30,Initial recording of the municipality Waltenschwil
4240,Waltenschwil,777,1989-09-30,Initial recording of the municipality Waltenschwil
4240,Waltenschwil,762,1988-09-30,Initial recording of the municipality Waltenschwil
4240,Waltenschwil,685,1987-09-30,Initial recording of the municipality Waltenschwil
4240,Waltenschwil,678,1986-09-30,Initial recording of the municipality Waltenschwil
4240,Waltenschwil,649,1985-09-30,Initial recording of the municipality Waltenschwil
4240,Waltenschwil,615,1984-09-30,Initial recording of the municipality Waltenschwil
4240,Waltenschwil,596,1983-09-30,Initial recording of the municipality Waltenschwil
4240,Waltenschwil,547,1982-09-30,Initial recording of the municipality Waltenschwil
4240,Waltenschwil,478,1981-09-30,Initial recording of the municipality Waltenschwil
4240,Waltenschwil,438,1980-09-30,Initial recording of the municipality Waltenschwil
4240,Waltenschwil,392,1979-09-30,Initial recording of the municipality Waltenschwil
4240,Waltenschwil,375,1978-09-30,Initial recording of the municipality Waltenschwil
4240,Waltenschwil,351,1977-09-30,Initial recording of the municipality Waltenschwil
4240,Waltenschwil,324,1976-09-30,Initial recording of the municipality Waltenschwil
4262,Wegenstetten,684,2025-09-30,Initial recording of the municipality Wegenstetten
4262,Wegenstetten,683,2024-09-30,Initial recording of the municipality Wegenstetten
4262,Wegenstetten,668,2023-09-30,Initial recording of the municipality Wegenstetten
4262,Wegenstetten,672,2022-09-30,Initial recording of the municipality Wegenstetten
4262,Wegenstetten,674,2021-09-30,Initial recording of the municipality Wegenstetten
4262,Wegenstetten,679,2020-09-30,Initial recording of the municipality Wegenstetten
4262,Wegenstetten,664,2019-09-30,Initial recording of the municipality Wegenstetten
4262,Wegenstetten,674,2018-09-30,Initial recording of the municipality Wegenstetten
4262,Wegenstetten,685,2017-09-30,Initial recording of the municipality Wegenstetten
4262,Wegenstetten,678,2016-09-30,Initial recording of the municipality Wegenstetten
4262,Wegenstetten,651,2015-09-30,Initial recording of the municipality Wegenstetten
4262,Wegenstetten,645,2014-09-30,Initial recording of the municipality Wegenstetten
4262,Wegenstetten,638,2013-09-30,Initial recording of the municipality Wegenstetten
4262,Wegenstetten,639,2012-09-30,Initial recording of the municipality Wegenstetten
4262,Wegenstetten,657,2011-09-30,Initial recording of the municipality Wegenstetten
4262,Wegenstetten,623,2010-09-30,Initial recording of the municipality Wegenstetten
4262,Wegenstetten,621,2009-09-30,Initial recording of the municipality Wegenstetten
4262,Wegenstetten,628,2008-09-30,Initial recording of the municipality Wegenstetten
4262,Wegenstetten,616,2007-09-30,Initial recording of the municipality Wegenstetten
4262,Wegenstetten,599,2006-09-30,Initial recording of the municipality Wegenstetten
4262,Wegenstetten,583,2005-09-30,Initial recording of the municipality Wegenstetten
4262,Wegenstetten,573,2004-09-30,Initial recording of the municipality Wegenstetten
4262,Wegenstetten,553,2003-09-30,Initial recording of the municipality Wegenstetten
4262,Wegenstetten,540,2002-09-30,Initial recording of the municipality Wegenstetten
4262,Wegenstetten,539,2001-09-30,Initial recording of the municipality Wegenstetten
4262,Wegenstetten,526,2000-09-30,Initial recording of the municipality Wegenstetten
4262,Wegenstetten,513,1999-09-30,Initial recording of the municipality Wegenstetten
4262,Wegenstetten,510,1998-09-30,Initial recording of the municipality Wegenstetten
4262,Wegenstetten,492,1997-09-30,Initial recording of the municipality Wegenstetten
4262,Wegenstetten,488,1996-09-30,Initial recording of the municipality Wegenstetten
4262,Wegenstetten,459,1995-09-30,Initial recording of the municipality Wegenstetten
4262,Wegenstetten,440,1994-09-30,Initial recording of the municipality Wegenstetten
4262,Wegenstetten,427,1993-09-30,Initial recording of the municipality Wegenstetten
4262,Wegenstetten,409,1992-09-30,Initial recording of the municipality Wegenstetten
4262,Wegenstetten,394,1991-09-30,Initial recording of the municipality Wegenstetten
4262,Wegenstetten,390,1990-09-30,Initial recording of the municipality Wegenstetten
4262,Wegenstetten,376,1989-09-30,Initial recording of the municipality Wegenstetten
4262,Wegenstetten,362,1988-09-30,Initial recording of the municipality Wegenstetten
4262,Wegenstetten,339,1987-09-30,Initial recording of the municipality Wegenstetten
4262,Wegenstetten,333,1986-09-30,Initial recording of the municipality Wegenstetten
4262,Wegenstetten,304,1985-09-30,Initial recording of the municipality Wegenstetten
4262,Wegenstetten,277,1984-09-30,Initial recording of the municipality Wegenstetten
4262,Wegenstetten,261,1983-09-30,Initial recording of the municipality Wegenstetten
4262,Wegenstetten,242,1982-09-30,Initial recording of the municipality Wegenstetten
4262,Wegenstetten,229,1981-09-30,Initial recording of the municipality Wegenstetten
4262,Wegenstetten,217,1980-09-30,Initial recording of the municipality Wegenstetten
4262,Wegenstetten,198,1979-09-30,Initial recording of the municipality Wegenstetten
4262,Wegenstetten,186,1978-09-30,Initial recording of the municipality Wegenstetten
4262,Wegenstetten,172,1977-09-30,Initial recording of the municipality Wegenstetten
4262,Wegenstetten,154,1976-09-30,Initial recording of the municipality Wegenstetten
4045,Wettingen,10369,2025-09-30,Initial recording of the municipality Wettingen
4045,Wettingen,10277,2024-09-30,Initial recording of the municipality Wettingen
4045,Wettingen,10198,2023-09-30,Initial recording of the municipality Wettingen
4045,Wettingen,10205,2022-09-30,Initial recording of the municipality Wettingen
4045,Wettingen,10267,2021-09-30,Initial recording of the municipality Wettingen
4045,Wettingen,10371,2020-09-30,Initial recording of the municipality Wettingen
4045,Wettingen,10228,2019-09-30,Initial recording of the municipality Wettingen
4045,Wettingen,10220,2018-09-30,Initial recording of the municipality Wettingen
4045,Wettingen,10215,2017-09-30,Initial recording of the municipality Wettingen
4045,Wettingen,10062,2016-09-30,Initial recording of the municipality Wettingen
4045,Wettingen,9970,2015-09-30,Initial recording of the municipality Wettingen
4045,Wettingen,9919,2014-09-30,Initial recording of the municipality Wettingen
4045,Wettingen,9961,2013-09-30,Initial recording of the municipality Wettingen
4045,Wettingen,9898,2012-09-30,Initial recording of the municipality Wettingen
4045,Wettingen,9765,2011-09-30,Initial recording of the municipality Wettingen
4045,Wettingen,9606,2010-09-30,Initial recording of the municipality Wettingen
4045,Wettingen,9460,2009-09-30,Initial recording of the municipality Wettingen
4045,Wettingen,9417,2008-09-30,Initial recording of the municipality Wettingen
4045,Wettingen,9244,2007-09-30,Initial recording of the municipality Wettingen
4045,Wettingen,8985,2006-09-30,Initial recording of the municipality Wettingen
4045,Wettingen,8941,2005-09-30,Initial recording of the municipality Wettingen
4045,Wettingen,8911,2004-09-30,Initial recording of the municipality Wettingen
4045,Wettingen,8835,2003-09-30,Initial recording of the municipality Wettingen
4045,Wettingen,8725,2002-09-30,Initial recording of the municipality Wettingen
4045,Wettingen,8534,2001-09-30,Initial recording of the municipality Wettingen
4045,Wettingen,8352,2000-09-30,Initial recording of the municipality Wettingen
4045,Wettingen,8143,1999-09-30,Initial recording of the municipality Wettingen
4045,Wettingen,8067,1998-09-30,Initial recording of the municipality Wettingen
4045,Wettingen,7920,1997-09-30,Initial recording of the municipality Wettingen
4045,Wettingen,7866,1996-09-30,Initial recording of the municipality Wettingen
4045,Wettingen,7706,1995-09-30,Initial recording of the municipality Wettingen
4045,Wettingen,7689,1994-09-30,Initial recording of the municipality Wettingen
4045,Wettingen,7577,1993-09-30,Initial recording of the municipality Wettingen
4045,Wettingen,7486,1992-09-30,Initial recording of the municipality Wettingen
4045,Wettingen,7481,1991-09-30,Initial recording of the municipality Wettingen
4045,Wettingen,7366,1990-09-30,Initial recording of the municipality Wettingen
4045,Wettingen,7223,1989-09-30,Initial recording of the municipality Wettingen
4045,Wettingen,7035,1988-09-30,Initial recording of the municipality Wettingen
4045,Wettingen,6873,1987-09-30,Initial recording of the municipality Wettingen
4045,Wettingen,6785,1986-09-30,Initial recording of the municipality Wettingen
4045,Wettingen,6673,1985-09-30,Initial recording of the municipality Wettingen
4045,Wettingen,6577,1984-09-30,Initial recording of the municipality Wettingen
4045,Wettingen,6475,1983-09-30,Initial recording of the municipality Wettingen
4045,Wettingen,6306,1982-09-30,Initial recording of the municipality Wettingen
4045,Wettingen,6056,1981-09-30,Initial recording of the municipality Wettingen
4045,Wettingen,5921,1980-09-30,Initial recording of the municipality Wettingen
4045,Wettingen,5744,1979-09-30,Initial recording of the municipality Wettingen
4045,Wettingen,5482,1978-09-30,Initial recording of the municipality Wettingen
4045,Wettingen,5369,1977-09-30,Initial recording of the municipality Wettingen
4045,Wettingen,5408,1976-09-30,Initial recording of the municipality Wettingen
4081,Widen,2211,2025-09-30,Initial recording of the municipality Widen
4081,Widen,2195,2024-09-30,Initial recording of the municipality Widen
4081,Widen,2226,2023-09-30,Initial recording of the municipality Widen
4081,Widen,2268,2022-09-30,Initial recording of the municipality Widen
4081,Widen,2263,2021-09-30,Initial recording of the municipality Widen
4081,Widen,2207,2020-09-30,Initial recording of the municipality Widen
4081,Widen,2185,2019-09-30,Initial recording of the municipality Widen
4081,Widen,2155,2018-09-30,Initial recording of the municipality Widen
4081,Widen,2186,2017-09-30,Initial recording of the municipality Widen
4081,Widen,2157,2016-09-30,Initial recording of the municipality Widen
4081,Widen,2129,2015-09-30,Initial recording of the municipality Widen
4081,Widen,2126,2014-09-30,Initial recording of the municipality Widen
4081,Widen,2148,2013-09-30,Initial recording of the municipality Widen
4081,Widen,2166,2012-09-30,Initial recording of the municipality Widen
4081,Widen,2134,2011-09-30,Initial recording of the municipality Widen
4081,Widen,2142,2010-09-30,Initial recording of the municipality Widen
4081,Widen,2123,2009-09-30,Initial recording of the municipality Widen
4081,Widen,2120,2008-09-30,Initial recording of the municipality Widen
4081,Widen,2131,2007-09-30,Initial recording of the municipality Widen
4081,Widen,2084,2006-09-30,Initial recording of the municipality Widen
4081,Widen,2105,2005-09-30,Initial recording of the municipality Widen
4081,Widen,2155,2004-09-30,Initial recording of the municipality Widen
4081,Widen,2131,2003-09-30,Initial recording of the municipality Widen
4081,Widen,2069,2002-09-30,Initial recording of the municipality Widen
4081,Widen,2053,2001-09-30,Initial recording of the municipality Widen
4081,Widen,2051,2000-09-30,Initial recording of the municipality Widen
4081,Widen,2041,1999-09-30,Initial recording of the municipality Widen
4081,Widen,2037,1998-09-30,Initial recording of the municipality Widen
4081,Widen,2020,1997-09-30,Initial recording of the municipality Widen
4081,Widen,2021,1996-09-30,Initial recording of the municipality Widen
4081,Widen,1981,1995-09-30,Initial recording of the municipality Widen
4081,Widen,1963,1994-09-30,Initial recording of the municipality Widen
4081,Widen,1980,1993-09-30,Initial recording of the municipality Widen
4081,Widen,1987,1992-09-30,Initial recording of the municipality Widen
4081,Widen,1998,1991-09-30,Initial recording of the municipality Widen
4081,Widen,1996,1990-09-30,Initial recording of the municipality Widen
4081,Widen,2013,1989-09-30,Initial recording of the municipality Widen
4081,Widen,1984,1988-09-30,Initial recording of the municipality Widen
4081,Widen,1883,1987-09-30,Initial recording of the municipality Widen
4081,Widen,1824,1986-09-30,Initial recording of the municipality Widen
4081,Widen,1722,1985-09-30,Initial recording of the municipality Widen
4081,Widen,1669,1984-09-30,Initial recording of the municipality Widen
4081,Widen,1544,1983-09-30,Initial recording of the municipality Widen
4081,Widen,1376,1982-09-30,Initial recording of the municipality Widen
4081,Widen,1282,1981-09-30,Initial recording of the municipality Widen
4081,Widen,1145,1980-09-30,Initial recording of the municipality Widen
4081,Widen,1009,1979-09-30,Initial recording of the municipality Widen
4081,Widen,958,1978-09-30,Initial recording of the municipality Widen
4081,Widen,845,1977-09-30,Initial recording of the municipality Widen
4081,Widen,774,1976-09-30,Initial recording of the municipality Widen
4180,Wil,372,2009-09-30,Initial recording of the municipality Wil (AG)
4180,Wil,376,2008-09-30,Initial recording of the municipality Wil (AG)
4180,Wil,365,2007-09-30,Initial recording of the municipality Wil (AG)
4180,Wil,360,2006-09-30,Initial recording of the municipality Wil (AG)
4180,Wil,361,2005-09-30,Initial recording of the municipality Wil (AG)
4180,Wil,357,2004-09-30,Initial recording of the municipality Wil (AG)
4180,Wil,368,2003-09-30,Initial recording of the municipality Wil (AG)
4180,Wil,378,2002-09-30,Initial recording of the municipality Wil (AG)
4180,Wil,365,2001-09-30,Initial recording of the municipality Wil (AG)
4180,Wil,353,2000-09-30,Initial recording of the municipality Wil (AG)
4180,Wil,336,1999-09-30,Initial recording of the municipality Wil (AG)
4180,Wil,321,1998-09-30,Initial recording of the municipality Wil (AG)
4180,Wil,314,1997-09-30,Initial recording of the municipality Wil (AG)
4180,Wil,310,1996-09-30,Initial recording of the municipality Wil (AG)
4180,Wil,293,1995-09-30,Initial recording of the municipality Wil (AG)
4180,Wil,273,1994-09-30,Initial recording of the municipality Wil (AG)
4180,Wil,265,1993-09-30,Initial recording of the municipality Wil (AG)
4180,Wil,250,1992-09-30,Initial recording of the municipality Wil (AG)
4180,Wil,242,1991-09-30,Initial recording of the municipality Wil (AG)
4180,Wil,219,1990-09-30,Initial recording of the municipality Wil (AG)
4180,Wil,213,1989-09-30,Initial recording of the municipality Wil (AG)
4180,Wil,203,1988-09-30,Initial recording of the municipality Wil (AG)
4180,Wil,195,1987-09-30,Initial recording of the municipality Wil (AG)
4180,Wil,192,1986-09-30,Initial recording of the municipality Wil (AG)
4180,Wil,194,1985-09-30,Initial recording of the municipality Wil (AG)
4180,Wil,182,1984-09-30,Initial recording of the municipality Wil (AG)
4180,Wil,177,1983-09-30,Initial recording of the municipality Wil (AG)
4180,Wil,180,1982-09-30,Initial recording of the municipality Wil (AG)
4180,Wil,173,1981-09-30,Initial recording of the municipality Wil (AG)
4180,Wil,155,1980-09-30,Initial recording of the municipality Wil (AG)
4180,Wil,155,1979-09-30,Initial recording of the municipality Wil (AG)
4180,Wil,150,1978-09-30,Initial recording of the municipality Wil (AG)
4180,Wil,137,1977-09-30,Initial recording of the municipality Wil (AG)
4180,Wil,129,1976-09-30,Initial recording of the municipality Wil (AG)
4288,Wiliberg,129,2025-09-30,Initial recording of the municipality Wiliberg
4288,Wiliberg,129,2024-09-30,Initial recording of the municipality Wiliberg
4288,Wiliberg,128,2023-09-30,Initial recording of the municipality Wiliberg
4288,Wiliberg,130,2022-09-30,Initial recording of the municipality Wiliberg
4288,Wiliberg,127,2021-09-30,Initial recording of the municipality Wiliberg
4288,Wiliberg,127,2020-09-30,Initial recording of the municipality Wiliberg
4288,Wiliberg,128,2019-09-30,Initial recording of the municipality Wiliberg
4288,Wiliberg,123,2018-09-30,Initial recording of the municipality Wiliberg
4288,Wiliberg,126,2017-09-30,Initial recording of the municipality Wiliberg
4288,Wiliberg,124,2016-09-30,Initial recording of the municipality Wiliberg
4288,Wiliberg,119,2015-09-30,Initial recording of the municipality Wiliberg
4288,Wiliberg,120,2014-09-30,Initial recording of the municipality Wiliberg
4288,Wiliberg,116,2013-09-30,Initial recording of the municipality Wiliberg
4288,Wiliberg,115,2012-09-30,Initial recording of the municipality Wiliberg
4288,Wiliberg,107,2011-09-30,Initial recording of the municipality Wiliberg
4288,Wiliberg,96,2010-09-30,Initial recording of the municipality Wiliberg
4288,Wiliberg,97,2009-09-30,Initial recording of the municipality Wiliberg
4288,Wiliberg,99,2008-09-30,Initial recording of the municipality Wiliberg
4288,Wiliberg,100,2007-09-30,Initial recording of the municipality Wiliberg
4288,Wiliberg,97,2006-09-30,Initial recording of the municipality Wiliberg
4288,Wiliberg,96,2005-09-30,Initial recording of the municipality Wiliberg
4288,Wiliberg,95,2004-09-30,Initial recording of the municipality Wiliberg
4288,Wiliberg,94,2003-09-30,Initial recording of the municipality Wiliberg
4288,Wiliberg,85,2002-09-30,Initial recording of the municipality Wiliberg
4288,Wiliberg,88,2001-09-30,Initial recording of the municipality Wiliberg
4288,Wiliberg,88,2000-09-30,Initial recording of the municipality Wiliberg
4288,Wiliberg,90,1999-09-30,Initial recording of the municipality Wiliberg
4288,Wiliberg,82,1998-09-30,Initial recording of the municipality Wiliberg
4288,Wiliberg,78,1997-09-30,Initial recording of the municipality Wiliberg
4288,Wiliberg,78,1996-09-30,Initial recording of the municipality Wiliberg
4288,Wiliberg,80,1995-09-30,Initial recording of the municipality Wiliberg
4288,Wiliberg,73,1994-09-30,Initial recording of the municipality Wiliberg
4288,Wiliberg,70,1993-09-30,Initial recording of the municipality Wiliberg
4288,Wiliberg,65,1992-09-30,Initial recording of the municipality Wiliberg
4288,Wiliberg,66,1991-09-30,Initial recording of the municipality Wiliberg
4288,Wiliberg,63,1990-09-30,Initial recording of the municipality Wiliberg
4288,Wiliberg,58,1989-09-30,Initial recording of the municipality Wiliberg
4288,Wiliberg,58,1988-09-30,Initial recording of the municipality Wiliberg
4288,Wiliberg,50,1987-09-30,Initial recording of the municipality Wiliberg
4288,Wiliberg,50,1986-09-30,Initial recording of the municipality Wiliberg
4288,Wiliberg,48,1985-09-30,Initial recording of the municipality Wiliberg
4288,Wiliberg,45,1984-09-30,Initial recording of the municipality Wiliberg
4288,Wiliberg,43,1983-09-30,Initial recording of the municipality Wiliberg
4288,Wiliberg,49,1982-09-30,Initial recording of the municipality Wiliberg
4288,Wiliberg,46,1981-09-30,Initial recording of the municipality Wiliberg
4288,Wiliberg,45,1980-09-30,Initial recording of the municipality Wiliberg
4288,Wiliberg,42,1979-09-30,Initial recording of the municipality Wiliberg
4288,Wiliberg,43,1978-09-30,Initial recording of the municipality Wiliberg
4288,Wiliberg,33,1977-09-30,Initial recording of the municipality Wiliberg
4288,Wiliberg,25,1976-09-30,Initial recording of the municipality Wiliberg
4123,Windisch,3734,2025-09-30,Initial recording of the municipality Windisch
4123,Windisch,3658,2024-09-30,Initial recording of the municipality Windisch
4123,Windisch,3640,2023-09-30,Initial recording of the municipality Windisch
4123,Windisch,3590,2022-09-30,Initial recording of the municipality Windisch
4123,Windisch,3521,2021-09-30,Initial recording of the municipality Windisch
4123,Windisch,3479,2020-09-30,Initial recording of the municipality Windisch
4123,Windisch,3456,2019-09-30,Initial recording of the municipality Windisch
4123,Windisch,3490,2018-09-30,Initial recording of the municipality Windisch
4123,Windisch,3470,2017-09-30,Initial recording of the municipality Windisch
4123,Windisch,3437,2016-09-30,Initial recording of the municipality Windisch
4123,Windisch,3345,2015-09-30,Initial recording of the municipality Windisch
4123,Windisch,3220,2014-09-30,Initial recording of the municipality Windisch
4123,Windisch,3090,2013-09-30,Initial recording of the municipality Windisch
4123,Windisch,3026,2012-09-30,Initial recording of the municipality Windisch
4123,Windisch,2939,2011-09-30,Initial recording of the municipality Windisch
4123,Windisch,2923,2010-09-30,Initial recording of the municipality Windisch
4123,Windisch,2873,2009-09-30,Initial recording of the municipality Windisch
4123,Windisch,2886,2008-09-30,Initial recording of the municipality Windisch
4123,Windisch,2911,2007-09-30,Initial recording of the municipality Windisch
4123,Windisch,2905,2006-09-30,Initial recording of the municipality Windisch
4123,Windisch,2848,2005-09-30,Initial recording of the municipality Windisch
4123,Windisch,2827,2004-09-30,Initial recording of the municipality Windisch
4123,Windisch,2825,2003-09-30,Initial recording of the municipality Windisch
4123,Windisch,2750,2002-09-30,Initial recording of the municipality Windisch
4123,Windisch,2722,2001-09-30,Initial recording of the municipality Windisch
4123,Windisch,2677,2000-09-30,Initial recording of the municipality Windisch
4123,Windisch,2664,1999-09-30,Initial recording of the municipality Windisch
4123,Windisch,2572,1998-09-30,Initial recording of the municipality Windisch
4123,Windisch,2567,1997-09-30,Initial recording of the municipality Windisch
4123,Windisch,2576,1996-09-30,Initial recording of the municipality Windisch
4123,Windisch,2569,1995-09-30,Initial recording of the municipality Windisch
4123,Windisch,2544,1994-09-30,Initial recording of the municipality Windisch
4123,Windisch,2570,1993-09-30,Initial recording of the municipality Windisch
4123,Windisch,2587,1992-09-30,Initial recording of the municipality Windisch
4123,Windisch,2558,1991-09-30,Initial recording of the municipality Windisch
4123,Windisch,2512,1990-09-30,Initial recording of the municipality Windisch
4123,Windisch,2433,1989-09-30,Initial recording of the municipality Windisch
4123,Windisch,2418,1988-09-30,Initial recording of the municipality Windisch
4123,Windisch,2451,1987-09-30,Initial recording of the municipality Windisch
4123,Windisch,2438,1986-09-30,Initial recording of the municipality Windisch
4123,Windisch,2387,1985-09-30,Initial recording of the municipality Windisch
4123,Windisch,2409,1984-09-30,Initial recording of the municipality Windisch
4123,Windisch,2381,1983-09-30,Initial recording of the municipality Windisch
4123,Windisch,2320,1982-09-30,Initial recording of the municipality Windisch
4123,Windisch,2263,1981-09-30,Initial recording of the municipality Windisch
4123,Windisch,2141,1980-09-30,Initial recording of the municipality Windisch
4123,Windisch,2087,1979-09-30,Initial recording of the municipality Windisch
4123,Windisch,1989,1978-09-30,Initial recording of the municipality Windisch
4123,Windisch,1938,1977-09-30,Initial recording of the municipality Windisch
4123,Windisch,1894,1976-09-30,Initial recording of the municipality Windisch
4322,Wislikofen,237,2021-09-30,Initial recording of the municipality Wislikofen
4322,Wislikofen,225,2020-09-30,Initial recording of the municipality Wislikofen
4322,Wislikofen,223,2019-09-30,Initial recording of the municipality Wislikofen
4322,Wislikofen,227,2018-09-30,Initial recording of the municipality Wislikofen
4322,Wislikofen,232,2017-09-30,Initial recording of the municipality Wislikofen
4322,Wislikofen,235,2016-09-30,Initial recording of the municipality Wislikofen
4322,Wislikofen,235,2015-09-30,Initial recording of the municipality Wislikofen
4322,Wislikofen,219,2014-09-30,Initial recording of the municipality Wislikofen
4322,Wislikofen,218,2013-09-30,Initial recording of the municipality Wislikofen
4322,Wislikofen,219,2012-09-30,Initial recording of the municipality Wislikofen
4322,Wislikofen,209,2011-09-30,Initial recording of the municipality Wislikofen
4322,Wislikofen,206,2010-09-30,Initial recording of the municipality Wislikofen
4322,Wislikofen,197,2009-09-30,Initial recording of the municipality Wislikofen
4322,Wislikofen,192,2008-09-30,Initial recording of the municipality Wislikofen
4322,Wislikofen,197,2007-09-30,Initial recording of the municipality Wislikofen
4322,Wislikofen,197,2006-09-30,Initial recording of the municipality Wislikofen
4322,Wislikofen,194,2005-09-30,Initial recording of the municipality Wislikofen
4322,Wislikofen,197,2004-09-30,Initial recording of the municipality Wislikofen
4322,Wislikofen,197,2003-09-30,Initial recording of the municipality Wislikofen
4322,Wislikofen,189,2002-09-30,Initial recording of the municipality Wislikofen
4322,Wislikofen,187,2001-09-30,Initial recording of the municipality Wislikofen
4322,Wislikofen,193,2000-09-30,Initial recording of the municipality Wislikofen
4322,Wislikofen,191,1999-09-30,Initial recording of the municipality Wislikofen
4322,Wislikofen,192,1998-09-30,Initial recording of the municipality Wislikofen
4322,Wislikofen,167,1997-09-30,Initial recording of the municipality Wislikofen
4322,Wislikofen,174,1996-09-30,Initial recording of the municipality Wislikofen
4322,Wislikofen,173,1995-09-30,Initial recording of the municipality Wislikofen
4322,Wislikofen,170,1994-09-30,Initial recording of the municipality Wislikofen
4322,Wislikofen,174,1993-09-30,Initial recording of the municipality Wislikofen
4322,Wislikofen,161,1992-09-30,Initial recording of the municipality Wislikofen
4322,Wislikofen,177,1991-09-30,Initial recording of the municipality Wislikofen
4322,Wislikofen,170,1990-09-30,Initial recording of the municipality Wislikofen
4322,Wislikofen,165,1989-09-30,Initial recording of the municipality Wislikofen
4322,Wislikofen,156,1988-09-30,Initial recording of the municipality Wislikofen
4322,Wislikofen,153,1987-09-30,Initial recording of the municipality Wislikofen
4322,Wislikofen,139,1986-09-30,Initial recording of the municipality Wislikofen
4322,Wislikofen,128,1985-09-30,Initial recording of the municipality Wislikofen
4322,Wislikofen,124,1984-09-30,Initial recording of the municipality Wislikofen
4322,Wislikofen,125,1983-09-30,Initial recording of the municipality Wislikofen
4322,Wislikofen,116,1982-09-30,Initial recording of the municipality Wislikofen
4322,Wislikofen,109,1981-09-30,Initial recording of the municipality Wislikofen
4322,Wislikofen,100,1980-09-30,Initial recording of the municipality Wislikofen
4322,Wislikofen,97,1979-09-30,Initial recording of the municipality Wislikofen
4322,Wislikofen,90,1978-09-30,Initial recording of the municipality Wislikofen
4322,Wislikofen,88,1977-09-30,Initial recording of the municipality Wislikofen
4322,Wislikofen,76,1976-09-30,Initial recording of the municipality Wislikofen
4181,Wittnau,931,2025-09-30,Initial recording of the municipality Wittnau
4181,Wittnau,930,2024-09-30,Initial recording of the municipality Wittnau
4181,Wittnau,928,2023-09-30,Initial recording of the municipality Wittnau
4181,Wittnau,928,2022-09-30,Initial recording of the municipality Wittnau
4181,Wittnau,908,2021-09-30,Initial recording of the municipality Wittnau
4181,Wittnau,867,2020-09-30,Initial recording of the municipality Wittnau
4181,Wittnau,857,2019-09-30,Initial recording of the municipality Wittnau
4181,Wittnau,844,2018-09-30,Initial recording of the municipality Wittnau
4181,Wittnau,822,2017-09-30,Initial recording of the municipality Wittnau
4181,Wittnau,771,2016-09-30,Initial recording of the municipality Wittnau
4181,Wittnau,766,2015-09-30,Initial recording of the municipality Wittnau
4181,Wittnau,768,2014-09-30,Initial recording of the municipality Wittnau
4181,Wittnau,750,2013-09-30,Initial recording of the municipality Wittnau
4181,Wittnau,726,2012-09-30,Initial recording of the municipality Wittnau
4181,Wittnau,704,2011-09-30,Initial recording of the municipality Wittnau
4181,Wittnau,673,2010-09-30,Initial recording of the municipality Wittnau
4181,Wittnau,659,2009-09-30,Initial recording of the municipality Wittnau
4181,Wittnau,631,2008-09-30,Initial recording of the municipality Wittnau
4181,Wittnau,608,2007-09-30,Initial recording of the municipality Wittnau
4181,Wittnau,609,2006-09-30,Initial recording of the municipality Wittnau
4181,Wittnau,592,2005-09-30,Initial recording of the municipality Wittnau
4181,Wittnau,585,2004-09-30,Initial recording of the municipality Wittnau
4181,Wittnau,578,2003-09-30,Initial recording of the municipality Wittnau
4181,Wittnau,560,2002-09-30,Initial recording of the municipality Wittnau
4181,Wittnau,556,2001-09-30,Initial recording of the municipality Wittnau
4181,Wittnau,555,2000-09-30,Initial recording of the municipality Wittnau
4181,Wittnau,556,1999-09-30,Initial recording of the municipality Wittnau
4181,Wittnau,535,1998-09-30,Initial recording of the municipality Wittnau
4181,Wittnau,490,1997-09-30,Initial recording of the municipality Wittnau
4181,Wittnau,474,1996-09-30,Initial recording of the municipality Wittnau
4181,Wittnau,440,1995-09-30,Initial recording of the municipality Wittnau
4181,Wittnau,427,1994-09-30,Initial recording of the municipality Wittnau
4181,Wittnau,405,1993-09-30,Initial recording of the municipality Wittnau
4181,Wittnau,400,1992-09-30,Initial recording of the municipality Wittnau
4181,Wittnau,383,1991-09-30,Initial recording of the municipality Wittnau
4181,Wittnau,360,1990-09-30,Initial recording of the municipality Wittnau
4181,Wittnau,342,1989-09-30,Initial recording of the municipality Wittnau
4181,Wittnau,337,1988-09-30,Initial recording of the municipality Wittnau
4181,Wittnau,337,1987-09-30,Initial recording of the municipality Wittnau
4181,Wittnau,316,1986-09-30,Initial recording of the municipality Wittnau
4181,Wittnau,301,1985-09-30,Initial recording of the municipality Wittnau
4181,Wittnau,291,1984-09-30,Initial recording of the municipality Wittnau
4181,Wittnau,284,1983-09-30,Initial recording of the municipality Wittnau
4181,Wittnau,288,1982-09-30,Initial recording of the municipality Wittnau
4181,Wittnau,268,1981-09-30,Initial recording of the municipality Wittnau
4181,Wittnau,250,1980-09-30,Initial recording of the municipality Wittnau
4181,Wittnau,249,1979-09-30,Initial recording of the municipality Wittnau
4181,Wittnau,240,1978-09-30,Initial recording of the municipality Wittnau
4181,Wittnau,230,1977-09-30,Initial recording of the municipality Wittnau
4181,Wittnau,220,1976-09-30,Initial recording of the municipality Wittnau
4082,Wohlen (AG),10455,2025-09-30,Initial recording of the municipality Wohlen (AG)
4082,Wohlen (AG),10188,2024-09-30,Initial recording of the municipality Wohlen (AG)
4082,Wohlen (AG),9987,2023-09-30,Initial recording of the municipality Wohlen (AG)
4082,Wohlen (AG),9849,2022-09-30,Initial recording of the municipality Wohlen (AG)
4082,Wohlen (AG),9871,2021-09-30,Initial recording of the municipality Wohlen (AG)
4082,Wohlen (AG),9769,2020-09-30,Initial recording of the municipality Wohlen (AG)
4082,Wohlen (AG),9630,2019-09-30,Initial recording of the municipality Wohlen (AG)
4082,Wohlen (AG),9486,2018-09-30,Initial recording of the municipality Wohlen (AG)
4082,Wohlen (AG),9236,2017-09-30,Initial recording of the municipality Wohlen (AG)
4082,Wohlen (AG),9058,2016-09-30,Initial recording of the municipality Wohlen (AG)
4082,Wohlen (AG),8918,2015-09-30,Initial recording of the municipality Wohlen (AG)
4082,Wohlen (AG),8748,2014-09-30,Initial recording of the municipality Wohlen (AG)
4082,Wohlen (AG),8603,2013-09-30,Initial recording of the municipality Wohlen (AG)
4082,Wohlen (AG),8428,2012-09-30,Initial recording of the municipality Wohlen (AG)
4082,Wohlen (AG),8256,2011-09-30,Initial recording of the municipality Wohlen (AG)
4082,Wohlen (AG),8052,2010-09-30,Initial recording of the municipality Wohlen (AG)
4082,Wohlen (AG),7960,2009-09-30,Initial recording of the municipality Wohlen (AG)
4082,Wohlen (AG),7908,2008-09-30,Initial recording of the municipality Wohlen (AG)
4082,Wohlen (AG),7835,2007-09-30,Initial recording of the municipality Wohlen (AG)
4082,Wohlen (AG),7827,2006-09-30,Initial recording of the municipality Wohlen (AG)
4082,Wohlen (AG),7670,2005-09-30,Initial recording of the municipality Wohlen (AG)
4082,Wohlen (AG),7540,2004-09-30,Initial recording of the municipality Wohlen (AG)
4082,Wohlen (AG),7476,2003-09-30,Initial recording of the municipality Wohlen (AG)
4082,Wohlen (AG),7307,2002-09-30,Initial recording of the municipality Wohlen (AG)
4082,Wohlen (AG),7104,2001-09-30,Initial recording of the municipality Wohlen (AG)
4082,Wohlen (AG),6873,2000-09-30,Initial recording of the municipality Wohlen (AG)
4082,Wohlen (AG),6724,1999-09-30,Initial recording of the municipality Wohlen (AG)
4082,Wohlen (AG),6485,1998-09-30,Initial recording of the municipality Wohlen (AG)
4082,Wohlen (AG),6425,1997-09-30,Initial recording of the municipality Wohlen (AG)
4082,Wohlen (AG),6391,1996-09-30,Initial recording of the municipality Wohlen (AG)
4082,Wohlen (AG),6333,1995-09-30,Initial recording of the municipality Wohlen (AG)
4082,Wohlen (AG),6255,1994-09-30,Initial recording of the municipality Wohlen (AG)
4082,Wohlen (AG),6118,1993-09-30,Initial recording of the municipality Wohlen (AG)
4082,Wohlen (AG),6036,1992-09-30,Initial recording of the municipality Wohlen (AG)
4082,Wohlen (AG),6013,1991-09-30,Initial recording of the municipality Wohlen (AG)
4082,Wohlen (AG),5842,1990-09-30,Initial recording of the municipality Wohlen (AG)
4082,Wohlen (AG),5696,1989-09-30,Initial recording of the municipality Wohlen (AG)
4082,Wohlen (AG),5447,1988-09-30,Initial recording of the municipality Wohlen (AG)
4082,Wohlen (AG),5120,1987-09-30,Initial recording of the municipality Wohlen (AG)
4082,Wohlen (AG),4864,1986-09-30,Initial recording of the municipality Wohlen (AG)
4082,Wohlen (AG),4701,1985-09-30,Initial recording of the municipality Wohlen (AG)
4082,Wohlen (AG),4520,1984-09-30,Initial recording of the municipality Wohlen (AG)
4082,Wohlen (AG),4414,1983-09-30,Initial recording of the municipality Wohlen (AG)
4082,Wohlen (AG),4270,1982-09-30,Initial recording of the municipality Wohlen (AG)
4082,Wohlen (AG),4178,1981-09-30,Initial recording of the municipality Wohlen (AG)
4082,Wohlen (AG),4032,1980-09-30,Initial recording of the municipality Wohlen (AG)
4082,Wohlen (AG),3838,1979-09-30,Initial recording of the municipality Wohlen (AG)
4082,Wohlen (AG),3638,1978-09-30,Initial recording of the municipality Wohlen (AG)
4082,Wohlen (AG),3475,1977-09-30,Initial recording of the municipality Wohlen (AG)
4082,Wohlen (AG),3427,1976-09-30,Initial recording of the municipality Wohlen (AG)
4046,Wohlenschwil,1147,2025-09-30,Initial recording of the municipality Wohlenschwil
4046,Wohlenschwil,1140,2024-09-30,Initial recording of the municipality Wohlenschwil
4046,Wohlenschwil,1139,2023-09-30,Initial recording of the municipality Wohlenschwil
4046,Wohlenschwil,1111,2022-09-30,Initial recording of the municipality Wohlenschwil
4046,Wohlenschwil,1085,2021-09-30,Initial recording of the municipality Wohlenschwil
4046,Wohlenschwil,1015,2020-09-30,Initial recording of the municipality Wohlenschwil
4046,Wohlenschwil,953,2019-09-30,Initial recording of the municipality Wohlenschwil
4046,Wohlenschwil,952,2018-09-30,Initial recording of the municipality Wohlenschwil
4046,Wohlenschwil,924,2017-09-30,Initial recording of the municipality Wohlenschwil
4046,Wohlenschwil,924,2016-09-30,Initial recording of the municipality Wohlenschwil
4046,Wohlenschwil,921,2015-09-30,Initial recording of the municipality Wohlenschwil
4046,Wohlenschwil,893,2014-09-30,Initial recording of the municipality Wohlenschwil
4046,Wohlenschwil,859,2013-09-30,Initial recording of the municipality Wohlenschwil
4046,Wohlenschwil,849,2012-09-30,Initial recording of the municipality Wohlenschwil
4046,Wohlenschwil,835,2011-09-30,Initial recording of the municipality Wohlenschwil
4046,Wohlenschwil,801,2010-09-30,Initial recording of the municipality Wohlenschwil
4046,Wohlenschwil,755,2009-09-30,Initial recording of the municipality Wohlenschwil
4046,Wohlenschwil,753,2008-09-30,Initial recording of the municipality Wohlenschwil
4046,Wohlenschwil,761,2007-09-30,Initial recording of the municipality Wohlenschwil
4046,Wohlenschwil,746,2006-09-30,Initial recording of the municipality Wohlenschwil
4046,Wohlenschwil,743,2005-09-30,Initial recording of the municipality Wohlenschwil
4046,Wohlenschwil,721,2004-09-30,Initial recording of the municipality Wohlenschwil
4046,Wohlenschwil,703,2003-09-30,Initial recording of the municipality Wohlenschwil
4046,Wohlenschwil,676,2002-09-30,Initial recording of the municipality Wohlenschwil
4046,Wohlenschwil,687,2001-09-30,Initial recording of the municipality Wohlenschwil
4046,Wohlenschwil,664,2000-09-30,Initial recording of the municipality Wohlenschwil
4046,Wohlenschwil,656,1999-09-30,Initial recording of the municipality Wohlenschwil
4046,Wohlenschwil,628,1998-09-30,Initial recording of the municipality Wohlenschwil
4046,Wohlenschwil,606,1997-09-30,Initial recording of the municipality Wohlenschwil
4046,Wohlenschwil,582,1996-09-30,Initial recording of the municipality Wohlenschwil
4046,Wohlenschwil,565,1995-09-30,Initial recording of the municipality Wohlenschwil
4046,Wohlenschwil,555,1994-09-30,Initial recording of the municipality Wohlenschwil
4046,Wohlenschwil,546,1993-09-30,Initial recording of the municipality Wohlenschwil
4046,Wohlenschwil,544,1992-09-30,Initial recording of the municipality Wohlenschwil
4046,Wohlenschwil,536,1991-09-30,Initial recording of the municipality Wohlenschwil
4046,Wohlenschwil,522,1990-09-30,Initial recording of the municipality Wohlenschwil
4046,Wohlenschwil,476,1989-09-30,Initial recording of the municipality Wohlenschwil
4046,Wohlenschwil,459,1988-09-30,Initial recording of the municipality Wohlenschwil
4046,Wohlenschwil,425,1987-09-30,Initial recording of the municipality Wohlenschwil
4046,Wohlenschwil,415,1986-09-30,Initial recording of the municipality Wohlenschwil
4046,Wohlenschwil,413,1985-09-30,Initial recording of the municipality Wohlenschwil
4046,Wohlenschwil,388,1984-09-30,Initial recording of the municipality Wohlenschwil
4046,Wohlenschwil,367,1983-09-30,Initial recording of the municipality Wohlenschwil
4046,Wohlenschwil,335,1982-09-30,Initial recording of the municipality Wohlenschwil
4046,Wohlenschwil,312,1981-09-30,Initial recording of the municipality Wohlenschwil
4046,Wohlenschwil,281,1980-09-30,Initial recording of the municipality Wohlenschwil
4046,Wohlenschwil,262,1979-09-30,Initial recording of the municipality Wohlenschwil
4046,Wohlenschwil,230,1978-09-30,Initial recording of the municipality Wohlenschwil
4046,Wohlenschwil,227,1977-09-30,Initial recording of the municipality Wohlenschwil
4046,Wohlenschwil,213,1976-09-30,Initial recording of the municipality Wohlenschwil
4182,Wölflinswil,724,2025-09-30,Initial recording of the municipality Wölflinswil
4182,Wölflinswil,662,2024-09-30,Initial recording of the municipality Wölflinswil
4182,Wölflinswil,670,2023-09-30,Initial recording of the municipality Wölflinswil
4182,Wölflinswil,677,2022-09-30,Initial recording of the municipality Wölflinswil
4182,Wölflinswil,680,2021-09-30,Initial recording of the municipality Wölflinswil
4182,Wölflinswil,669,2020-09-30,Initial recording of the municipality Wölflinswil
4182,Wölflinswil,654,2019-09-30,Initial recording of the municipality Wölflinswil
4182,Wölflinswil,671,2018-09-30,Initial recording of the municipality Wölflinswil
4182,Wölflinswil,659,2017-09-30,Initial recording of the municipality Wölflinswil
4182,Wölflinswil,641,2016-09-30,Initial recording of the municipality Wölflinswil
4182,Wölflinswil,635,2015-09-30,Initial recording of the municipality Wölflinswil
4182,Wölflinswil,616,2014-09-30,Initial recording of the municipality Wölflinswil
4182,Wölflinswil,622,2013-09-30,Initial recording of the municipality Wölflinswil
4182,Wölflinswil,601,2012-09-30,Initial recording of the municipality Wölflinswil
4182,Wölflinswil,593,2011-09-30,Initial recording of the municipality Wölflinswil
4182,Wölflinswil,571,2010-09-30,Initial recording of the municipality Wölflinswil
4182,Wölflinswil,536,2009-09-30,Initial recording of the municipality Wölflinswil
4182,Wölflinswil,505,2008-09-30,Initial recording of the municipality Wölflinswil
4182,Wölflinswil,493,2007-09-30,Initial recording of the municipality Wölflinswil
4182,Wölflinswil,493,2006-09-30,Initial recording of the municipality Wölflinswil
4182,Wölflinswil,508,2005-09-30,Initial recording of the municipality Wölflinswil
4182,Wölflinswil,487,2004-09-30,Initial recording of the municipality Wölflinswil
4182,Wölflinswil,484,2003-09-30,Initial recording of the municipality Wölflinswil
4182,Wölflinswil,455,2002-09-30,Initial recording of the municipality Wölflinswil
4182,Wölflinswil,441,2001-09-30,Initial recording of the municipality Wölflinswil
4182,Wölflinswil,437,2000-09-30,Initial recording of the municipality Wölflinswil
4182,Wölflinswil,420,1999-09-30,Initial recording of the municipality Wölflinswil
4182,Wölflinswil,421,1998-09-30,Initial recording of the municipality Wölflinswil
4182,Wölflinswil,396,1997-09-30,Initial recording of the municipality Wölflinswil
4182,Wölflinswil,388,1996-09-30,Initial recording of the municipality Wölflinswil
4182,Wölflinswil,372,1995-09-30,Initial recording of the municipality Wölflinswil
4182,Wölflinswil,351,1994-09-30,Initial recording of the municipality Wölflinswil
4182,Wölflinswil,339,1993-09-30,Initial recording of the municipality Wölflinswil
4182,Wölflinswil,340,1992-09-30,Initial recording of the municipality Wölflinswil
4182,Wölflinswil,350,1991-09-30,Initial recording of the municipality Wölflinswil
4182,Wölflinswil,329,1990-09-30,Initial recording of the municipality Wölflinswil
4182,Wölflinswil,311,1989-09-30,Initial recording of the municipality Wölflinswil
4182,Wölflinswil,320,1988-09-30,Initial recording of the municipality Wölflinswil
4182,Wölflinswil,309,1987-09-30,Initial recording of the municipality Wölflinswil
4182,Wölflinswil,296,1986-09-30,Initial recording of the municipality Wölflinswil
4182,Wölflinswil,300,1985-09-30,Initial recording of the municipality Wölflinswil
4182,Wölflinswil,295,1984-09-30,Initial recording of the municipality Wölflinswil
4182,Wölflinswil,279,1983-09-30,Initial recording of the municipality Wölflinswil
4182,Wölflinswil,273,1982-09-30,Initial recording of the municipality Wölflinswil
4182,Wölflinswil,273,1981-09-30,Initial recording of the municipality Wölflinswil
4182,Wölflinswil,270,1980-09-30,Initial recording of the municipality Wölflinswil
4182,Wölflinswil,251,1979-09-30,Initial recording of the municipality Wölflinswil
4182,Wölflinswil,237,1978-09-30,Initial recording of the municipality Wölflinswil
4182,Wölflinswil,232,1977-09-30,Initial recording of the municipality Wölflinswil
4182,Wölflinswil,211,1976-09-30,Initial recording of the municipality Wölflinswil
4047,Würenlingen,3153,2025-09-30,Initial recording of the municipality Würenlingen
4047,Würenlingen,3060,2024-09-30,Initial recording of the municipality Würenlingen
4047,Würenlingen,3068,2023-09-30,Initial recording of the municipality Würenlingen
4047,Würenlingen,3035,2022-09-30,Initial recording of the municipality Würenlingen
4047,Würenlingen,2995,2021-09-30,Initial recording of the municipality Würenlingen
4047,Würenlingen,2941,2020-09-30,Initial recording of the municipality Würenlingen
4047,Würenlingen,2888,2019-09-30,Initial recording of the municipality Würenlingen
4047,Würenlingen,2843,2018-09-30,Initial recording of the municipality Würenlingen
4047,Würenlingen,2823,2017-09-30,Initial recording of the municipality Würenlingen
4047,Würenlingen,2722,2016-09-30,Initial recording of the municipality Würenlingen
4047,Würenlingen,2650,2015-09-30,Initial recording of the municipality Würenlingen
4047,Würenlingen,2523,2014-09-30,Initial recording of the municipality Würenlingen
4047,Würenlingen,2454,2013-09-30,Initial recording of the municipality Würenlingen
4047,Würenlingen,2352,2012-09-30,Initial recording of the municipality Würenlingen
4047,Würenlingen,2346,2011-09-30,Initial recording of the municipality Würenlingen
4047,Würenlingen,2299,2010-09-30,Initial recording of the municipality Würenlingen
4047,Würenlingen,2360,2009-09-30,Initial recording of the municipality Würenlingen
4047,Würenlingen,2208,2008-09-30,Initial recording of the municipality Würenlingen
4047,Würenlingen,2154,2007-09-30,Initial recording of the municipality Würenlingen
4047,Würenlingen,2116,2006-09-30,Initial recording of the municipality Würenlingen
4047,Würenlingen,2105,2005-09-30,Initial recording of the municipality Würenlingen
4047,Würenlingen,2012,2004-09-30,Initial recording of the municipality Würenlingen
4047,Würenlingen,2011,2003-09-30,Initial recording of the municipality Würenlingen
4047,Würenlingen,2119,2002-09-30,Initial recording of the municipality Würenlingen
4047,Würenlingen,2140,2001-09-30,Initial recording of the municipality Würenlingen
4047,Würenlingen,2100,2000-09-30,Initial recording of the municipality Würenlingen
4047,Würenlingen,2038,1999-09-30,Initial recording of the municipality Würenlingen
4047,Würenlingen,1959,1998-09-30,Initial recording of the municipality Würenlingen
4047,Würenlingen,1914,1997-09-30,Initial recording of the municipality Würenlingen
4047,Würenlingen,1846,1996-09-30,Initial recording of the municipality Würenlingen
4047,Würenlingen,1820,1995-09-30,Initial recording of the municipality Würenlingen
4047,Würenlingen,1813,1994-09-30,Initial recording of the municipality Würenlingen
4047,Würenlingen,1735,1993-09-30,Initial recording of the municipality Würenlingen
4047,Würenlingen,1705,1992-09-30,Initial recording of the municipality Würenlingen
4047,Würenlingen,1696,1991-09-30,Initial recording of the municipality Würenlingen
4047,Würenlingen,1551,1990-09-30,Initial recording of the municipality Würenlingen
4047,Würenlingen,1519,1989-09-30,Initial recording of the municipality Würenlingen
4047,Würenlingen,1508,1988-09-30,Initial recording of the municipality Würenlingen
4047,Würenlingen,1386,1987-09-30,Initial recording of the municipality Würenlingen
4047,Würenlingen,1351,1986-09-30,Initial recording of the municipality Würenlingen
4047,Würenlingen,1267,1985-09-30,Initial recording of the municipality Würenlingen
4047,Würenlingen,1174,1984-09-30,Initial recording of the municipality Würenlingen
4047,Würenlingen,1121,1983-09-30,Initial recording of the municipality Würenlingen
4047,Würenlingen,1063,1982-09-30,Initial recording of the municipality Würenlingen
4047,Würenlingen,1026,1981-09-30,Initial recording of the municipality Würenlingen
4047,Würenlingen,962,1980-09-30,Initial recording of the municipality Würenlingen
4047,Würenlingen,911,1979-09-30,Initial recording of the municipality Würenlingen
4047,Würenlingen,856,1978-09-30,Initial recording of the municipality Würenlingen
4047,Würenlingen,779,1977-09-30,Initial recording of the municipality Würenlingen
4047,Würenlingen,717,1976-09-30,Initial recording of the municipality Würenlingen
4048,Würenlos,3933,2025-09-30,Initial recording of the municipality Würenlos
4048,Würenlos,3884,2024-09-30,Initial recording of the municipality Würenlos
4048,Würenlos,3835,2023-09-30,Initial recording of the municipality Würenlos
4048,Würenlos,3770,2022-09-30,Initial recording of the municipality Würenlos
4048,Würenlos,3720,2021-09-30,Initial recording of the municipality Würenlos
4048,Würenlos,3711,2020-09-30,Initial recording of the municipality Würenlos
4048,Würenlos,3699,2019-09-30,Initial recording of the municipality Würenlos
4048,Würenlos,3642,2018-09-30,Initial recording of the municipality Würenlos
4048,Würenlos,3559,2017-09-30,Initial recording of the municipality Würenlos
4048,Würenlos,3525,2016-09-30,Initial recording of the municipality Würenlos
4048,Würenlos,3385,2015-09-30,Initial recording of the municipality Würenlos
4048,Würenlos,3334,2014-09-30,Initial recording of the municipality Würenlos
4048,Würenlos,3262,2013-09-30,Initial recording of the municipality Würenlos
4048,Würenlos,3240,2012-09-30,Initial recording of the municipality Würenlos
4048,Würenlos,3186,2011-09-30,Initial recording of the municipality Würenlos
4048,Würenlos,3035,2010-09-30,Initial recording of the municipality Würenlos
4048,Würenlos,2894,2009-09-30,Initial recording of the municipality Würenlos
4048,Würenlos,2876,2008-09-30,Initial recording of the municipality Würenlos
4048,Würenlos,2905,2007-09-30,Initial recording of the municipality Würenlos
4048,Würenlos,2917,2006-09-30,Initial recording of the municipality Würenlos
4048,Würenlos,2913,2005-09-30,Initial recording of the municipality Würenlos
4048,Würenlos,2800,2004-09-30,Initial recording of the municipality Würenlos
4048,Würenlos,2707,2003-09-30,Initial recording of the municipality Würenlos
4048,Würenlos,2647,2002-09-30,Initial recording of the municipality Würenlos
4048,Würenlos,2612,2001-09-30,Initial recording of the municipality Würenlos
4048,Würenlos,2562,2000-09-30,Initial recording of the municipality Würenlos
4048,Würenlos,2523,1999-09-30,Initial recording of the municipality Würenlos
4048,Würenlos,2410,1998-09-30,Initial recording of the municipality Würenlos
4048,Würenlos,2320,1997-09-30,Initial recording of the municipality Würenlos
4048,Würenlos,2242,1996-09-30,Initial recording of the municipality Würenlos
4048,Würenlos,2139,1995-09-30,Initial recording of the municipality Würenlos
4048,Würenlos,2095,1994-09-30,Initial recording of the municipality Würenlos
4048,Würenlos,2048,1993-09-30,Initial recording of the municipality Würenlos
4048,Würenlos,2032,1992-09-30,Initial recording of the municipality Würenlos
4048,Würenlos,2021,1991-09-30,Initial recording of the municipality Würenlos
4048,Würenlos,1967,1990-09-30,Initial recording of the municipality Würenlos
4048,Würenlos,1940,1989-09-30,Initial recording of the municipality Würenlos
4048,Würenlos,1863,1988-09-30,Initial recording of the municipality Würenlos
4048,Würenlos,1739,1987-09-30,Initial recording of the municipality Würenlos
4048,Würenlos,1669,1986-09-30,Initial recording of the municipality Würenlos
4048,Würenlos,1507,1985-09-30,Initial recording of the municipality Würenlos
4048,Würenlos,1429,1984-09-30,Initial recording of the municipality Würenlos
4048,Würenlos,1343,1983-09-30,Initial recording of the municipality Würenlos
4048,Würenlos,1293,1982-09-30,Initial recording of the municipality Würenlos
4048,Würenlos,1259,1981-09-30,Initial recording of the municipality Würenlos
4048,Würenlos,1238,1980-09-30,Initial recording of the municipality Würenlos
4048,Würenlos,1211,1979-09-30,Initial recording of the municipality Würenlos
4048,Würenlos,1115,1978-09-30,Initial recording of the municipality Würenlos
4048,Würenlos,1072,1977-09-30,Initial recording of the municipality Würenlos
4048,Würenlos,1025,1976-09-30,Initial recording of the municipality Würenlos
4183,Zeihen,815,2025-09-30,Initial recording of the municipality Zeihen
4183,Zeihen,829,2024-09-30,Initial recording of the municipality Zeihen
4183,Zeihen,839,2023-09-30,Initial recording of the municipality Zeihen
4183,Zeihen,822,2022-09-30,Initial recording of the municipality Zeihen
4183,Zeihen,801,2021-09-30,Initial recording of the municipality Zeihen
4183,Zeihen,797,2020-09-30,Initial recording of the municipality Zeihen
4183,Zeihen,820,2019-09-30,Initial recording of the municipality Zeihen
4183,Zeihen,808,2018-09-30,Initial recording of the municipality Zeihen
4183,Zeihen,801,2017-09-30,Initial recording of the municipality Zeihen
4183,Zeihen,767,2016-09-30,Initial recording of the municipality Zeihen
4183,Zeihen,755,2015-09-30,Initial recording of the municipality Zeihen
4183,Zeihen,722,2014-09-30,Initial recording of the municipality Zeihen
4183,Zeihen,707,2013-09-30,Initial recording of the municipality Zeihen
4183,Zeihen,653,2012-09-30,Initial recording of the municipality Zeihen
4183,Zeihen,630,2011-09-30,Initial recording of the municipality Zeihen
4183,Zeihen,589,2010-09-30,Initial recording of the municipality Zeihen
4183,Zeihen,559,2009-09-30,Initial recording of the municipality Zeihen
4183,Zeihen,554,2008-09-30,Initial recording of the municipality Zeihen
4183,Zeihen,524,2007-09-30,Initial recording of the municipality Zeihen
4183,Zeihen,516,2006-09-30,Initial recording of the municipality Zeihen
4183,Zeihen,491,2005-09-30,Initial recording of the municipality Zeihen
4183,Zeihen,475,2004-09-30,Initial recording of the municipality Zeihen
4183,Zeihen,445,2003-09-30,Initial recording of the municipality Zeihen
4183,Zeihen,431,2002-09-30,Initial recording of the municipality Zeihen
4183,Zeihen,437,2001-09-30,Initial recording of the municipality Zeihen
4183,Zeihen,420,2000-09-30,Initial recording of the municipality Zeihen
4183,Zeihen,396,1999-09-30,Initial recording of the municipality Zeihen
4183,Zeihen,376,1998-09-30,Initial recording of the municipality Zeihen
4183,Zeihen,338,1997-09-30,Initial recording of the municipality Zeihen
4183,Zeihen,316,1996-09-30,Initial recording of the municipality Zeihen
4183,Zeihen,297,1995-09-30,Initial recording of the municipality Zeihen
4183,Zeihen,301,1994-09-30,Initial recording of the municipality Zeihen
4183,Zeihen,287,1993-09-30,Initial recording of the municipality Zeihen
4183,Zeihen,277,1992-09-30,Initial recording of the municipality Zeihen
4183,Zeihen,291,1991-09-30,Initial recording of the municipality Zeihen
4183,Zeihen,292,1990-09-30,Initial recording of the municipality Zeihen
4183,Zeihen,280,1989-09-30,Initial recording of the municipality Zeihen
4183,Zeihen,273,1988-09-30,Initial recording of the municipality Zeihen
4183,Zeihen,249,1987-09-30,Initial recording of the municipality Zeihen
4183,Zeihen,247,1986-09-30,Initial recording of the municipality Zeihen
4183,Zeihen,253,1985-09-30,Initial recording of the municipality Zeihen
4183,Zeihen,244,1984-09-30,Initial recording of the municipality Zeihen
4183,Zeihen,242,1983-09-30,Initial recording of the municipality Zeihen
4183,Zeihen,233,1982-09-30,Initial recording of the municipality Zeihen
4183,Zeihen,215,1981-09-30,Initial recording of the municipality Zeihen
4183,Zeihen,208,1980-09-30,Initial recording of the municipality Zeihen
4183,Zeihen,200,1979-09-30,Initial recording of the municipality Zeihen
4183,Zeihen,198,1978-09-30,Initial recording of the municipality Zeihen
4183,Zeihen,173,1977-09-30,Initial recording of the municipality Zeihen
4183,Zeihen,158,1976-09-30,Initial recording of the municipality Zeihen
4263,Zeiningen,1750,2025-09-30,Initial recording of the municipality Zeiningen
4263,Zeiningen,1703,2024-09-30,Initial recording of the municipality Zeiningen
4263,Zeiningen,1668,2023-09-30,Initial recording of the municipality Zeiningen
4263,Zeiningen,1668,2022-09-30,Initial recording of the municipality Zeiningen
4263,Zeiningen,1610,2021-09-30,Initial recording of the municipality Zeiningen
4263,Zeiningen,1589,2020-09-30,Initial recording of the municipality Zeiningen
4263,Zeiningen,1583,2019-09-30,Initial recording of the municipality Zeiningen
4263,Zeiningen,1557,2018-09-30,Initial recording of the municipality Zeiningen
4263,Zeiningen,1527,2017-09-30,Initial recording of the municipality Zeiningen
4263,Zeiningen,1497,2016-09-30,Initial recording of the municipality Zeiningen
4263,Zeiningen,1505,2015-09-30,Initial recording of the municipality Zeiningen
4263,Zeiningen,1464,2014-09-30,Initial recording of the municipality Zeiningen
4263,Zeiningen,1408,2013-09-30,Initial recording of the municipality Zeiningen
4263,Zeiningen,1384,2012-09-30,Initial recording of the municipality Zeiningen
4263,Zeiningen,1376,2011-09-30,Initial recording of the municipality Zeiningen
4263,Zeiningen,1345,2010-09-30,Initial recording of the municipality Zeiningen
4263,Zeiningen,1322,2009-09-30,Initial recording of the municipality Zeiningen
4263,Zeiningen,1323,2008-09-30,Initial recording of the municipality Zeiningen
4263,Zeiningen,1274,2007-09-30,Initial recording of the municipality Zeiningen
4263,Zeiningen,1228,2006-09-30,Initial recording of the municipality Zeiningen
4263,Zeiningen,1199,2005-09-30,Initial recording of the municipality Zeiningen
4263,Zeiningen,1136,2004-09-30,Initial recording of the municipality Zeiningen
4263,Zeiningen,1109,2003-09-30,Initial recording of the municipality Zeiningen
4263,Zeiningen,1067,2002-09-30,Initial recording of the municipality Zeiningen
4263,Zeiningen,1010,2001-09-30,Initial recording of the municipality Zeiningen
4263,Zeiningen,988,2000-09-30,Initial recording of the municipality Zeiningen
4263,Zeiningen,943,1999-09-30,Initial recording of the municipality Zeiningen
4263,Zeiningen,910,1998-09-30,Initial recording of the municipality Zeiningen
4263,Zeiningen,881,1997-09-30,Initial recording of the municipality Zeiningen
4263,Zeiningen,843,1996-09-30,Initial recording of the municipality Zeiningen
4263,Zeiningen,840,1995-09-30,Initial recording of the municipality Zeiningen
4263,Zeiningen,805,1994-09-30,Initial recording of the municipality Zeiningen
4263,Zeiningen,780,1993-09-30,Initial recording of the municipality Zeiningen
4263,Zeiningen,768,1992-09-30,Initial recording of the municipality Zeiningen
4263,Zeiningen,761,1991-09-30,Initial recording of the municipality Zeiningen
4263,Zeiningen,748,1990-09-30,Initial recording of the municipality Zeiningen
4263,Zeiningen,707,1989-09-30,Initial recording of the municipality Zeiningen
4263,Zeiningen,679,1988-09-30,Initial recording of the municipality Zeiningen
4263,Zeiningen,657,1987-09-30,Initial recording of the municipality Zeiningen
4263,Zeiningen,634,1986-09-30,Initial recording of the municipality Zeiningen
4263,Zeiningen,596,1985-09-30,Initial recording of the municipality Zeiningen
4263,Zeiningen,575,1984-09-30,Initial recording of the municipality Zeiningen
4263,Zeiningen,526,1983-09-30,Initial recording of the municipality Zeiningen
4263,Zeiningen,528,1982-09-30,Initial recording of the municipality Zeiningen
4263,Zeiningen,494,1981-09-30,Initial recording of the municipality Zeiningen
4263,Zeiningen,457,1980-09-30,Initial recording of the municipality Zeiningen
4263,Zeiningen,439,1979-09-30,Initial recording of the municipality Zeiningen
4263,Zeiningen,414,1978-09-30,Initial recording of the municipality Zeiningen
4263,Zeiningen,377,1977-09-30,Initial recording of the municipality Zeiningen
4263,Zeiningen,360,1976-09-30,Initial recording of the municipality Zeiningen
4147,Zetzwil,905,2025-09-30,Initial recording of the municipality Zetzwil
4147,Zetzwil,899,2024-09-30,Initial recording of the municipality Zetzwil
4147,Zetzwil,916,2023-09-30,Initial recording of the municipality Zetzwil
4147,Zetzwil,921,2022-09-30,Initial recording of the municipality Zetzwil
4147,Zetzwil,937,2021-09-30,Initial recording of the municipality Zetzwil
4147,Zetzwil,918,2020-09-30,Initial recording of the municipality Zetzwil
4147,Zetzwil,915,2019-09-30,Initial recording of the municipality Zetzwil
4147,Zetzwil,895,2018-09-30,Initial recording of the municipality Zetzwil
4147,Zetzwil,917,2017-09-30,Initial recording of the municipality Zetzwil
4147,Zetzwil,915,2016-09-30,Initial recording of the municipality Zetzwil
4147,Zetzwil,892,2015-09-30,Initial recording of the municipality Zetzwil
4147,Zetzwil,894,2014-09-30,Initial recording of the municipality Zetzwil
4147,Zetzwil,879,2013-09-30,Initial recording of the municipality Zetzwil
4147,Zetzwil,862,2012-09-30,Initial recording of the municipality Zetzwil
4147,Zetzwil,843,2011-09-30,Initial recording of the municipality Zetzwil
4147,Zetzwil,813,2010-09-30,Initial recording of the municipality Zetzwil
4147,Zetzwil,804,2009-09-30,Initial recording of the municipality Zetzwil
4147,Zetzwil,803,2008-09-30,Initial recording of the municipality Zetzwil
4147,Zetzwil,772,2007-09-30,Initial recording of the municipality Zetzwil
4147,Zetzwil,773,2006-09-30,Initial recording of the municipality Zetzwil
4147,Zetzwil,767,2005-09-30,Initial recording of the municipality Zetzwil
4147,Zetzwil,755,2004-09-30,Initial recording of the municipality Zetzwil
4147,Zetzwil,733,2003-09-30,Initial recording of the municipality Zetzwil
4147,Zetzwil,716,2002-09-30,Initial recording of the municipality Zetzwil
4147,Zetzwil,711,2001-09-30,Initial recording of the municipality Zetzwil
4147,Zetzwil,655,2000-09-30,Initial recording of the municipality Zetzwil
4147,Zetzwil,641,1999-09-30,Initial recording of the municipality Zetzwil
4147,Zetzwil,628,1998-09-30,Initial recording of the municipality Zetzwil
4147,Zetzwil,580,1997-09-30,Initial recording of the municipality Zetzwil
4147,Zetzwil,569,1996-09-30,Initial recording of the municipality Zetzwil
4147,Zetzwil,569,1995-09-30,Initial recording of the municipality Zetzwil
4147,Zetzwil,553,1994-09-30,Initial recording of the municipality Zetzwil
4147,Zetzwil,557,1993-09-30,Initial recording of the municipality Zetzwil
4147,Zetzwil,542,1992-09-30,Initial recording of the municipality Zetzwil
4147,Zetzwil,563,1991-09-30,Initial recording of the municipality Zetzwil
4147,Zetzwil,525,1990-09-30,Initial recording of the municipality Zetzwil
4147,Zetzwil,512,1989-09-30,Initial recording of the municipality Zetzwil
4147,Zetzwil,501,1988-09-30,Initial recording of the municipality Zetzwil
4147,Zetzwil,474,1987-09-30,Initial recording of the municipality Zetzwil
4147,Zetzwil,459,1986-09-30,Initial recording of the municipality Zetzwil
4147,Zetzwil,409,1985-09-30,Initial recording of the municipality Zetzwil
4147,Zetzwil,395,1984-09-30,Initial recording of the municipality Zetzwil
4147,Zetzwil,370,1983-09-30,Initial recording of the municipality Zetzwil
4147,Zetzwil,330,1982-09-30,Initial recording of the municipality Zetzwil
4147,Zetzwil,303,1981-09-30,Initial recording of the municipality Zetzwil
4147,Zetzwil,287,1980-09-30,Initial recording of the municipality Zetzwil
4147,Zetzwil,277,1979-09-30,Initial recording of the municipality Zetzwil
4147,Zetzwil,275,1978-09-30,Initial recording of the municipality Zetzwil
4147,Zetzwil,262,1977-09-30,Initial recording of the municipality Zetzwil
4147,Zetzwil,233,1976-09-30,Initial recording of the municipality Zetzwil
4289,Zofingen,7226,2025-09-30,Incorporation of Mühlethal into Zofingen
4289,Zofingen,7112,2024-09-30,Incorporation of Mühlethal into Zofingen
4289,Zofingen,7064,2023-09-30,Incorporation of Mühlethal into Zofingen
4289,Zofingen,6964,2022-09-30,Incorporation of Mühlethal into Zofingen
4289,Zofingen,6928,2021-09-30,Incorporation of Mühlethal into Zofingen
4289,Zofingen,6761,2020-09-30,Incorporation of Mühlethal into Zofingen
4289,Zofingen,6643,2019-09-30,Incorporation of Mühlethal into Zofingen
4289,Zofingen,6537,2018-09-30,Incorporation of Mühlethal into Zofingen
4289,Zofingen,6444,2017-09-30,Incorporation of Mühlethal into Zofingen
4289,Zofingen,6470,2016-09-30,Incorporation of Mühlethal into Zofingen
4289,Zofingen,6366,2015-09-30,Incorporation of Mühlethal into Zofingen
4289,Zofingen,6238,2014-09-30,Incorporation of Mühlethal into Zofingen
4289,Zofingen,6050,2013-09-30,Incorporation of Mühlethal into Zofingen
4289,Zofingen,5926,2012-09-30,Incorporation of Mühlethal into Zofingen
4289,Zofingen,5850,2011-09-30,Incorporation of Mühlethal into Zofingen
4289,Zofingen,5786,2010-09-30,Incorporation of Mühlethal into Zofingen
4289,Zofingen,5728,2009-09-30,Incorporation of Mühlethal into Zofingen
4289,Zofingen,5689,2008-09-30,Incorporation of Mühlethal into Zofingen
4289,Zofingen,5645,2007-09-30,Incorporation of Mühlethal into Zofingen
4289,Zofingen,5539,2006-09-30,Incorporation of Mühlethal into Zofingen
4289,Zofingen,5479,2005-09-30,Incorporation of Mühlethal into Zofingen
4289,Zofingen,5371,2004-09-30,Incorporation of Mühlethal into Zofingen
4289,Zofingen,5270,2003-09-30,Incorporation of Mühlethal into Zofingen
4289,Zofingen,5086,2002-09-30,Incorporation of Mühlethal into Zofingen
4289,Zofingen,4461,2001-09-30,Initial recording of the municipality Zofingen
4289,Zofingen,4318,2000-09-30,Initial recording of the municipality Zofingen
4289,Zofingen,4215,1999-09-30,Initial recording of the municipality Zofingen
4289,Zofingen,4073,1998-09-30,Initial recording of the municipality Zofingen
4289,Zofingen,4094,1997-09-30,Initial recording of the municipality Zofingen
4289,Zofingen,4066,1996-09-30,Initial recording of the municipality Zofingen
4289,Zofingen,3978,1995-09-30,Initial recording of the municipality Zofingen
4289,Zofingen,3968,1994-09-30,Initial recording of the municipality Zofingen
4289,Zofingen,3884,1993-09-30,Initial recording of the municipality Zofingen
4289,Zofingen,4033,1992-09-30,Initial recording of the municipality Zofingen
4289,Zofingen,4143,1991-09-30,Initial recording of the municipality Zofingen
4289,Zofingen,4111,1990-09-30,Initial recording of the municipality Zofingen
4289,Zofingen,4020,1989-09-30,Initial recording of the municipality Zofingen
4289,Zofingen,3954,1988-09-30,Initial recording of the municipality Zofingen
4289,Zofingen,3857,1987-09-30,Initial recording of the municipality Zofingen
4289,Zofingen,3729,1986-09-30,Initial recording of the municipality Zofingen
4289,Zofingen,3604,1985-09-30,Initial recording of the municipality Zofingen
4289,Zofingen,3529,1984-09-30,Initial recording of the municipality Zofingen
4289,Zofingen,3528,1983-09-30,Initial recording of the municipality Zofingen
4289,Zofingen,3507,1982-09-30,Initial recording of the municipality Zofingen
4289,Zofingen,3432,1981-09-30,Initial recording of the municipality Zofingen
4289,Zofingen,3326,1980-09-30,Initial recording of the municipality Zofingen
4289,Zofingen,3225,1979-09-30,Initial recording of the municipality Zofingen
4289,Zofingen,3078,1978-09-30,Initial recording of the municipality Zofingen
4289,Zofingen,2955,1977-09-30,Initial recording of the municipality Zofingen
4289,Zofingen,2942,1976-09-30,Initial recording of the municipality Zofingen
4083,Zufikon,2873,2025-09-30,Initial recording of the municipality Zufikon
4083,Zufikon,2887,2024-09-30,Initial recording of the municipality Zufikon
4083,Zufikon,2773,2023-09-30,Initial recording of the municipality Zufikon
4083,Zufikon,2753,2022-09-30,Initial recording of the municipality Zufikon
4083,Zufikon,2750,2021-09-30,Initial recording of the municipality Zufikon
4083,Zufikon,2655,2020-09-30,Initial recording of the municipality Zufikon
4083,Zufikon,2638,2019-09-30,Initial recording of the municipality Zufikon
4083,Zufikon,2656,2018-09-30,Initial recording of the municipality Zufikon
4083,Zufikon,2653,2017-09-30,Initial recording of the municipality Zufikon
4083,Zufikon,2653,2016-09-30,Initial recording of the municipality Zufikon
4083,Zufikon,2598,2015-09-30,Initial recording of the municipality Zufikon
4083,Zufikon,2573,2014-09-30,Initial recording of the municipality Zufikon
4083,Zufikon,2550,2013-09-30,Initial recording of the municipality Zufikon
4083,Zufikon,2516,2012-09-30,Initial recording of the municipality Zufikon
4083,Zufikon,2448,2011-09-30,Initial recording of the municipality Zufikon
4083,Zufikon,2381,2010-09-30,Initial recording of the municipality Zufikon
4083,Zufikon,2302,2009-09-30,Initial recording of the municipality Zufikon
4083,Zufikon,2258,2008-09-30,Initial recording of the municipality Zufikon
4083,Zufikon,2230,2007-09-30,Initial recording of the municipality Zufikon
4083,Zufikon,2200,2006-09-30,Initial recording of the municipality Zufikon
4083,Zufikon,2073,2005-09-30,Initial recording of the municipality Zufikon
4083,Zufikon,2088,2004-09-30,Initial recording of the municipality Zufikon
4083,Zufikon,2052,2003-09-30,Initial recording of the municipality Zufikon
4083,Zufikon,2027,2002-09-30,Initial recording of the municipality Zufikon
4083,Zufikon,1965,2001-09-30,Initial recording of the municipality Zufikon
4083,Zufikon,1939,2000-09-30,Initial recording of the municipality Zufikon
4083,Zufikon,1898,1999-09-30,Initial recording of the municipality Zufikon
4083,Zufikon,1837,1998-09-30,Initial recording of the municipality Zufikon
4083,Zufikon,1813,1997-09-30,Initial recording of the municipality Zufikon
4083,Zufikon,1788,1996-09-30,Initial recording of the municipality Zufikon
4083,Zufikon,1753,1995-09-30,Initial recording of the municipality Zufikon
4083,Zufikon,1744,1994-09-30,Initial recording of the municipality Zufikon
4083,Zufikon,1722,1993-09-30,Initial recording of the municipality Zufikon
4083,Zufikon,1709,1992-09-30,Initial recording of the municipality Zufikon
4083,Zufikon,1715,1991-09-30,Initial recording of the municipality Zufikon
4083,Zufikon,1714,1990-09-30,Initial recording of the municipality Zufikon
4083,Zufikon,1677,1989-09-30,Initial recording of the municipality Zufikon
4083,Zufikon,1630,1988-09-30,Initial recording of the municipality Zufikon
4083,Zufikon,1570,1987-09-30,Initial recording of the municipality Zufikon
4083,Zufikon,1529,1986-09-30,Initial recording of the municipality Zufikon
4083,Zufikon,1419,1985-09-30,Initial recording of the municipality Zufikon
4083,Zufikon,1331,1984-09-30,Initial recording of the municipality Zufikon
4083,Zufikon,1240,1983-09-30,Initial recording of the municipality Zufikon
4083,Zufikon,1107,1982-09-30,Initial recording of the municipality Zufikon
4083,Zufikon,988,1981-09-30,Initial recording of the municipality Zufikon
4083,Zufikon,904,1980-09-30,Initial recording of the municipality Zufikon
4083,Zufikon,839,1979-09-30,Initial recording of the municipality Zufikon
4083,Zufikon,753,1978-09-30,Initial recording of the municipality Zufikon
4083,Zufikon,672,1977-09-30,Initial recording of the municipality Zufikon
4083,Zufikon,591,1976-09-30,Initial recording of the municipality Zufikon
4324,Zurzach,5033,2025-09-30,"Fusion of Bad Zurzach, Baldingen, Böbikon, Kaiserstuhl, Rekingen (AG), Rietheim, Rümikon and Wislikofen into Zurzach"
4324,Zurzach,4992,2024-09-30,"Fusion of Bad Zurzach, Baldingen, Böbikon, Kaiserstuhl, Rekingen (AG), Rietheim, Rümikon and Wislikofen into Zurzach"
4324,Zurzach,4914,2023-09-30,"Fusion of Bad Zurzach, Baldingen, Böbikon, Kaiserstuhl, Rekingen (AG), Rietheim, Rümikon and Wislikofen into Zurzach"
4324,Zurzach,4780,2022-09-30,"Fusion of Bad Zurzach, Baldingen, Böbikon, Kaiserstuhl, Rekingen (AG), Rietheim, Rümikon and Wislikofen into Zurzach"
4264,Zuzgen,623,2025-09-30,Initial recording of the municipality Zuzgen
4264,Zuzgen,594,2024-09-30,Initial recording of the municipality Zuzgen
4264,Zuzgen,610,2023-09-30,Initial recording of the municipality Zuzgen
4264,Zuzgen,600,2022-09-30,Initial recording of the municipality Zuzgen
4264,Zuzgen,596,2021-09-30,Initial recording of the municipality Zuzgen
4264,Zuzgen,585,2020-09-30,Initial recording of the municipality Zuzgen
4264,Zuzgen,594,2019-09-30,Initial recording of the municipality Zuzgen
4264,Zuzgen,582,2018-09-30,Initial recording of the municipality Zuzgen
4264,Zuzgen,587,2017-09-30,Initial recording of the municipality Zuzgen
4264,Zuzgen,567,2016-09-30,Initial recording of the municipality Zuzgen
4264,Zuzgen,552,2015-09-30,Initial recording of the municipality Zuzgen
4264,Zuzgen,522,2014-09-30,Initial recording of the municipality Zuzgen
4264,Zuzgen,518,2013-09-30,Initial recording of the municipality Zuzgen
4264,Zuzgen,507,2012-09-30,Initial recording of the municipality Zuzgen
4264,Zuzgen,493,2011-09-30,Initial recording of the municipality Zuzgen
4264,Zuzgen,490,2010-09-30,Initial recording of the municipality Zuzgen
4264,Zuzgen,484,2009-09-30,Initial recording of the municipality Zuzgen
4264,Zuzgen,467,2008-09-30,Initial recording of the municipality Zuzgen
4264,Zuzgen,456,2007-09-30,Initial recording of the municipality Zuzgen
4264,Zuzgen,469,2006-09-30,Initial recording of the municipality Zuzgen
4264,Zuzgen,457,2005-09-30,Initial recording of the municipality Zuzgen
4264,Zuzgen,432,2004-09-30,Initial recording of the municipality Zuzgen
4264,Zuzgen,439,2003-09-30,Initial recording of the municipality Zuzgen
4264,Zuzgen,426,2002-09-30,Initial recording of the municipality Zuzgen
4264,Zuzgen,397,2001-09-30,Initial recording of the municipality Zuzgen
4264,Zuzgen,377,2000-09-30,Initial recording of the municipality Zuzgen
4264,Zuzgen,386,1999-09-30,Initial recording of the municipality Zuzgen
4264,Zuzgen,370,1998-09-30,Initial recording of the municipality Zuzgen
4264,Zuzgen,347,1997-09-30,Initial recording of the municipality Zuzgen
4264,Zuzgen,318,1996-09-30,Initial recording of the municipality Zuzgen
4264,Zuzgen,302,1995-09-30,Initial recording of the municipality Zuzgen
4264,Zuzgen,294,1994-09-30,Initial recording of the municipality Zuzgen
4264,Zuzgen,299,1993-09-30,Initial recording of the municipality Zuzgen
4264,Zuzgen,288,1992-09-30,Initial recording of the municipality Zuzgen
4264,Zuzgen,276,1991-09-30,Initial recording of the municipality Zuzgen
4264,Zuzgen,270,1990-09-30,Initial recording of the municipality Zuzgen
4264,Zuzgen,277,1989-09-30,Initial recording of the municipality Zuzgen
4264,Zuzgen,266,1988-09-30,Initial recording of the municipality Zuzgen
4264,Zuzgen,246,1987-09-30,Initial recording of the municipality Zuzgen
4264,Zuzgen,233,1986-09-30,Initial recording of the municipality Zuzgen
4264,Zuzgen,221,1985-09-30,Initial recording of the municipality Zuzgen
4264,Zuzgen,217,1984-09-30,Initial recording of the municipality Zuzgen
4264,Zuzgen,204,1983-09-30,Initial recording of the municipality Zuzgen
4264,Zuzgen,191,1982-09-30,Initial recording of the municipality Zuzgen
4264,Zuzgen,199,1981-09-30,Initial recording of the municipality Zuzgen
4264,Zuzgen,180,1980-09-30,Initial recording of the municipality Zuzgen
4264,Zuzgen,173,1979-09-30,Initial recording of the municipality Zuzgen
4264,Zuzgen,166,1978-09-30,Initial recording of the municipality Zuzgen
4264,Zuzgen,161,1977-09-30,Initial recording of the municipality Zuzgen
4264,Zuzgen,148,1976-09-30,Initial recording of the municipality Zuzgen
